{
  "type": "Feature",
  "id": "0549d25d-4432-4e4f-abd4-c968e10ba54a",
  "properties": {
    "id": "0549d25d-4432-4e4f-abd4-c968e10ba54a",
    "name": "Вело 1. Софи Упала",
    "color": "#ff3300",
    "routeType": "Twiter Gravel V1",
    "isSelected": false
  },
  "geometry": {
    "type": "MultiLineString",
    "coordinates": [
      [
        [
          37.51059,
          56.3376299
        ],
        [
          37.51059,
          56.33761
        ],
        [
          37.5105799,
          56.33759
        ],
        [
          37.5105699,
          56.3375699
        ],
        [
          37.5105699,
          56.33755
        ],
        [
          37.5105699,
          56.33753
        ],
        [
          37.51056,
          56.3375099
        ],
        [
          37.51055,
          56.33749
        ],
        [
          37.51053,
          56.3374699
        ],
        [
          37.51052,
          56.33745
        ],
        [
          37.51052,
          56.33743
        ],
        [
          37.51052,
          56.3373999
        ],
        [
          37.5105099,
          56.3373699
        ],
        [
          37.5105,
          56.33735
        ],
        [
          37.51049,
          56.33733
        ],
        [
          37.51049,
          56.33733
        ],
        [
          37.5104799,
          56.3373
        ],
        [
          37.5104799,
          56.3372799
        ],
        [
          37.5104799,
          56.33726
        ],
        [
          37.5104799,
          56.3372399
        ],
        [
          37.5104799,
          56.3372399
        ],
        [
          37.5105,
          56.33723
        ],
        [
          37.5105,
          56.33723
        ],
        [
          37.51052,
          56.33722
        ],
        [
          37.5105399,
          56.33722
        ],
        [
          37.5105399,
          56.3372099
        ],
        [
          37.5105399,
          56.3372099
        ],
        [
          37.5105399,
          56.3372099
        ],
        [
          37.5105799,
          56.3372099
        ],
        [
          37.5105699,
          56.33722
        ],
        [
          37.51056,
          56.3372399
        ],
        [
          37.51052,
          56.3372799
        ],
        [
          37.5105099,
          56.3373
        ],
        [
          37.51049,
          56.33732
        ],
        [
          37.5105,
          56.33735
        ],
        [
          37.51052,
          56.3373699
        ],
        [
          37.5105399,
          56.33739
        ],
        [
          37.5105399,
          56.33742
        ],
        [
          37.51053,
          56.33745
        ],
        [
          37.51053,
          56.33748
        ],
        [
          37.51053,
          56.33748
        ],
        [
          37.5105399,
          56.3375099
        ],
        [
          37.5105399,
          56.3375399
        ],
        [
          37.51056,
          56.33758
        ],
        [
          37.5105799,
          56.33761
        ],
        [
          37.5106099,
          56.3376399
        ],
        [
          37.51062,
          56.3376699
        ],
        [
          37.5106399,
          56.33771
        ],
        [
          37.51066,
          56.3377399
        ],
        [
          37.51069,
          56.33776
        ],
        [
          37.5107399,
          56.3377699
        ],
        [
          37.51079,
          56.33776
        ],
        [
          37.5108399,
          56.33775
        ],
        [
          37.51086,
          56.3377299
        ],
        [
          37.51088,
          56.33771
        ],
        [
          37.5108699,
          56.3376999
        ],
        [
          37.5108699,
          56.33769
        ],
        [
          37.51086,
          56.33769
        ],
        [
          37.51086,
          56.33769
        ],
        [
          37.51086,
          56.33769
        ],
        [
          37.51086,
          56.33769
        ],
        [
          37.51086,
          56.33769
        ],
        [
          37.51086,
          56.33769
        ],
        [
          37.51086,
          56.33769
        ],
        [
          37.51086,
          56.33769
        ],
        [
          37.51086,
          56.33769
        ],
        [
          37.51086,
          56.33769
        ],
        [
          37.51086,
          56.33769
        ],
        [
          37.51086,
          56.33769
        ],
        [
          37.51086,
          56.33769
        ],
        [
          37.51086,
          56.33769
        ],
        [
          37.51086,
          56.33769
        ],
        [
          37.51086,
          56.33769
        ],
        [
          37.51086,
          56.33769
        ],
        [
          37.51086,
          56.33769
        ],
        [
          37.51086,
          56.33769
        ],
        [
          37.51086,
          56.33769
        ],
        [
          37.51086,
          56.33769
        ],
        [
          37.51086,
          56.33769
        ],
        [
          37.51086,
          56.33769
        ],
        [
          37.51086,
          56.33769
        ],
        [
          37.51085,
          56.33768
        ],
        [
          37.5108999,
          56.3376399
        ],
        [
          37.5108999,
          56.3376399
        ],
        [
          37.51096,
          56.33761
        ],
        [
          37.51101,
          56.33758
        ],
        [
          37.5110599,
          56.33756
        ],
        [
          37.51109,
          56.33756
        ],
        [
          37.51112,
          56.3375399
        ],
        [
          37.5111599,
          56.3375399
        ],
        [
          37.5111699,
          56.33753
        ],
        [
          37.5111699,
          56.3375099
        ],
        [
          37.5111599,
          56.3375099
        ],
        [
          37.5111599,
          56.3374999
        ],
        [
          37.5111599,
          56.3374999
        ],
        [
          37.5111599,
          56.3374999
        ],
        [
          37.5111599,
          56.3374999
        ],
        [
          37.5111599,
          56.3374999
        ],
        [
          37.5111599,
          56.3374999
        ],
        [
          37.5111599,
          56.3374999
        ],
        [
          37.5111599,
          56.3374999
        ],
        [
          37.5111599,
          56.3374999
        ],
        [
          37.5111599,
          56.3374999
        ],
        [
          37.5111599,
          56.3374999
        ],
        [
          37.5111599,
          56.3374999
        ],
        [
          37.5111599,
          56.3374999
        ],
        [
          37.5111599,
          56.3374999
        ],
        [
          37.5111599,
          56.3374999
        ],
        [
          37.5111599,
          56.3374999
        ],
        [
          37.5111599,
          56.3374999
        ],
        [
          37.5111599,
          56.3374999
        ],
        [
          37.5111599,
          56.3374999
        ],
        [
          37.5111599,
          56.3374999
        ],
        [
          37.5111599,
          56.3374999
        ],
        [
          37.5111599,
          56.3374999
        ],
        [
          37.5111599,
          56.3374999
        ],
        [
          37.5111599,
          56.3374999
        ],
        [
          37.5111599,
          56.3374999
        ],
        [
          37.51114,
          56.3374699
        ],
        [
          37.51114,
          56.3374699
        ],
        [
          37.51112,
          56.33746
        ],
        [
          37.51109,
          56.33746
        ],
        [
          37.5110699,
          56.33746
        ],
        [
          37.5110399,
          56.33746
        ],
        [
          37.51101,
          56.33748
        ],
        [
          37.5109999,
          56.3374999
        ],
        [
          37.51101,
          56.33752
        ],
        [
          37.51102,
          56.3375399
        ],
        [
          37.51105,
          56.33756
        ],
        [
          37.5110699,
          56.33758
        ],
        [
          37.5110999,
          56.33759
        ],
        [
          37.51112,
          56.33761
        ],
        [
          37.51115,
          56.3376299
        ],
        [
          37.5111999,
          56.3376699
        ],
        [
          37.51121,
          56.33768
        ],
        [
          37.5112299,
          56.3376999
        ],
        [
          37.5112299,
          56.33771
        ],
        [
          37.51125,
          56.33772
        ],
        [
          37.5112599,
          56.3377399
        ],
        [
          37.51128,
          56.33775
        ],
        [
          37.51128,
          56.33775
        ],
        [
          37.5112999,
          56.33775
        ],
        [
          37.5113299,
          56.33776
        ],
        [
          37.51134,
          56.33778
        ],
        [
          37.51135,
          56.3377999
        ],
        [
          37.51135,
          56.33781
        ],
        [
          37.5113599,
          56.3378299
        ],
        [
          37.5113899,
          56.3378299
        ],
        [
          37.51141,
          56.3378299
        ],
        [
          37.5114299,
          56.3378299
        ],
        [
          37.51145,
          56.33782
        ],
        [
          37.51147,
          56.33782
        ],
        [
          37.5115,
          56.33781
        ],
        [
          37.5115299,
          56.3377999
        ],
        [
          37.5116,
          56.33779
        ],
        [
          37.51164,
          56.33779
        ],
        [
          37.51164,
          56.33779
        ],
        [
          37.5117199,
          56.33778
        ],
        [
          37.5117599,
          56.3377699
        ],
        [
          37.5118,
          56.33776
        ],
        [
          37.5118499,
          56.33775
        ],
        [
          37.5118899,
          56.3377399
        ],
        [
          37.51194,
          56.3377399
        ],
        [
          37.51194,
          56.3377399
        ],
        [
          37.5119899,
          56.3377299
        ],
        [
          37.51204,
          56.3377299
        ],
        [
          37.5120799,
          56.33772
        ],
        [
          37.51213,
          56.33771
        ],
        [
          37.5121799,
          56.3376999
        ],
        [
          37.51223,
          56.33769
        ],
        [
          37.5122799,
          56.33769
        ],
        [
          37.51233,
          56.33768
        ],
        [
          37.51237,
          56.3376699
        ],
        [
          37.51242,
          56.33766
        ],
        [
          37.5124799,
          56.33766
        ],
        [
          37.51253,
          56.33765
        ],
        [
          37.5125799,
          56.3376399
        ],
        [
          37.51263,
          56.3376299
        ],
        [
          37.5126799,
          56.33762
        ],
        [
          37.51278,
          56.33761
        ],
        [
          37.51283,
          56.3375999
        ],
        [
          37.51288,
          56.33759
        ],
        [
          37.5129399,
          56.33758
        ],
        [
          37.5129399,
          56.33758
        ],
        [
          37.5130399,
          56.33759
        ],
        [
          37.51309,
          56.33761
        ],
        [
          37.5131399,
          56.3376299
        ],
        [
          37.51318,
          56.3376399
        ],
        [
          37.51324,
          56.33765
        ],
        [
          37.5132999,
          56.33765
        ],
        [
          37.5133599,
          56.33765
        ],
        [
          37.5133599,
          56.33765
        ],
        [
          37.51342,
          56.33765
        ],
        [
          37.51348,
          56.33765
        ],
        [
          37.51354,
          56.33765
        ],
        [
          37.51361,
          56.33765
        ],
        [
          37.51368,
          56.33765
        ],
        [
          37.51374,
          56.33765
        ],
        [
          37.51381,
          56.33766
        ],
        [
          37.51388,
          56.33766
        ],
        [
          37.51394,
          56.3376699
        ],
        [
          37.5139899,
          56.33769
        ],
        [
          37.51404,
          56.33772
        ],
        [
          37.5140799,
          56.33775
        ],
        [
          37.5141199,
          56.33779
        ],
        [
          37.51416,
          56.33782
        ],
        [
          37.5142,
          56.33785
        ],
        [
          37.51424,
          56.33788
        ],
        [
          37.5143199,
          56.33795
        ],
        [
          37.5143199,
          56.33795
        ],
        [
          37.5144099,
          56.3380299
        ],
        [
          37.5144499,
          56.3380599
        ],
        [
          37.5145,
          56.3380899
        ],
        [
          37.5145399,
          56.33812
        ],
        [
          37.5145799,
          56.3381599
        ],
        [
          37.5146099,
          56.3381899
        ],
        [
          37.5146399,
          56.3382199
        ],
        [
          37.5146799,
          56.33825
        ],
        [
          37.51472,
          56.33828
        ],
        [
          37.51475,
          56.33831
        ],
        [
          37.51475,
          56.33831
        ],
        [
          37.51479,
          56.33834
        ],
        [
          37.51482,
          56.33837
        ],
        [
          37.5148699,
          56.3384
        ],
        [
          37.5149,
          56.3384299
        ],
        [
          37.51493,
          56.3384599
        ],
        [
          37.5149699,
          56.3384899
        ],
        [
          37.5150099,
          56.33851
        ],
        [
          37.51505,
          56.33854
        ],
        [
          37.51509,
          56.33857
        ],
        [
          37.51512,
          56.3386
        ],
        [
          37.5151399,
          56.33864
        ],
        [
          37.5151699,
          56.33867
        ],
        [
          37.51521,
          56.33871
        ],
        [
          37.5152399,
          56.3387499
        ],
        [
          37.51526,
          56.3387799
        ],
        [
          37.51529,
          56.3388199
        ],
        [
          37.51535,
          56.3389
        ],
        [
          37.5153699,
          56.33894
        ],
        [
          37.5153999,
          56.3389799
        ],
        [
          37.51542,
          56.3390199
        ],
        [
          37.51545,
          56.33906
        ],
        [
          37.5154599,
          56.3391099
        ],
        [
          37.51548,
          56.3391499
        ],
        [
          37.51551,
          56.33919
        ],
        [
          37.51551,
          56.33919
        ],
        [
          37.5155299,
          56.3392399
        ],
        [
          37.51555,
          56.33927
        ],
        [
          37.51558,
          56.3393
        ],
        [
          37.5155999,
          56.33932
        ],
        [
          37.51562,
          56.3393399
        ],
        [
          37.5156299,
          56.33935
        ],
        [
          37.5156299,
          56.33936
        ],
        [
          37.5156299,
          56.33936
        ],
        [
          37.5156899,
          56.33939
        ],
        [
          37.51571,
          56.3394099
        ],
        [
          37.51572,
          56.33943
        ],
        [
          37.51574,
          56.33946
        ],
        [
          37.51577,
          56.3394799
        ],
        [
          37.51578,
          56.3395099
        ],
        [
          37.51577,
          56.33953
        ],
        [
          37.51578,
          56.33956
        ],
        [
          37.5158,
          56.33958
        ],
        [
          37.5158199,
          56.3395999
        ],
        [
          37.51587,
          56.33968
        ],
        [
          37.5159,
          56.33972
        ],
        [
          37.5159299,
          56.33976
        ],
        [
          37.5159599,
          56.33981
        ],
        [
          37.516,
          56.33986
        ],
        [
          37.51603,
          56.33991
        ],
        [
          37.51603,
          56.33991
        ],
        [
          37.5160599,
          56.33995
        ],
        [
          37.5161,
          56.3399999
        ],
        [
          37.51613,
          56.34005
        ],
        [
          37.5161599,
          56.3400999
        ],
        [
          37.5162,
          56.34015
        ],
        [
          37.51624,
          56.34021
        ],
        [
          37.5162899,
          56.3402599
        ],
        [
          37.5163199,
          56.34031
        ],
        [
          37.51636,
          56.3403599
        ],
        [
          37.5164,
          56.34041
        ],
        [
          37.51643,
          56.34047
        ],
        [
          37.5164499,
          56.3405199
        ],
        [
          37.51646,
          56.34057
        ],
        [
          37.51649,
          56.34063
        ],
        [
          37.5165199,
          56.34068
        ],
        [
          37.5165499,
          56.34073
        ],
        [
          37.5165799,
          56.34078
        ],
        [
          37.5166,
          56.34083
        ],
        [
          37.5166099,
          56.3408799
        ],
        [
          37.5166099,
          56.34093
        ],
        [
          37.5166399,
          56.3409799
        ],
        [
          37.51667,
          56.3410199
        ],
        [
          37.5167,
          56.34107
        ],
        [
          37.51672,
          56.3411199
        ],
        [
          37.51667,
          56.3412099
        ],
        [
          37.5166399,
          56.34126
        ],
        [
          37.5166499,
          56.3413
        ],
        [
          37.5166499,
          56.3413
        ],
        [
          37.51669,
          56.3413399
        ],
        [
          37.51676,
          56.34136
        ],
        [
          37.51683,
          56.3413799
        ],
        [
          37.5169,
          56.3414
        ],
        [
          37.51696,
          56.34143
        ],
        [
          37.5170099,
          56.3414499
        ],
        [
          37.51706,
          56.3414799
        ],
        [
          37.5171099,
          56.3415
        ],
        [
          37.5171399,
          56.3415399
        ],
        [
          37.5171699,
          56.3415799
        ],
        [
          37.51718,
          56.34162
        ],
        [
          37.5171999,
          56.3416699
        ],
        [
          37.51723,
          56.3417099
        ],
        [
          37.5172999,
          56.3418099
        ],
        [
          37.5172999,
          56.3418099
        ],
        [
          37.51735,
          56.34186
        ],
        [
          37.5174299,
          56.34195
        ],
        [
          37.51746,
          56.3419999
        ],
        [
          37.51749,
          56.34205
        ],
        [
          37.51749,
          56.34205
        ],
        [
          37.5175299,
          56.3420999
        ],
        [
          37.5175599,
          56.34215
        ],
        [
          37.5175999,
          56.3421999
        ],
        [
          37.5176299,
          56.34225
        ],
        [
          37.51765,
          56.3422999
        ],
        [
          37.51769,
          56.34235
        ],
        [
          37.51772,
          56.3423899
        ],
        [
          37.51774,
          56.34244
        ],
        [
          37.5177599,
          56.3424899
        ],
        [
          37.5177899,
          56.3425299
        ],
        [
          37.5178299,
          56.34257
        ],
        [
          37.51785,
          56.34261
        ],
        [
          37.5178599,
          56.34265
        ],
        [
          37.51788,
          56.3426899
        ],
        [
          37.5178899,
          56.3427299
        ],
        [
          37.51791,
          56.34277
        ],
        [
          37.51792,
          56.34281
        ],
        [
          37.51792,
          56.3428599
        ],
        [
          37.5179299,
          56.3429
        ],
        [
          37.51794,
          56.3429499
        ],
        [
          37.51792,
          56.34304
        ],
        [
          37.5178999,
          56.3430899
        ],
        [
          37.5178899,
          56.34314
        ],
        [
          37.5178599,
          56.34319
        ],
        [
          37.5178299,
          56.34324
        ],
        [
          37.5177999,
          56.3433
        ],
        [
          37.5177999,
          56.3433
        ],
        [
          37.5177899,
          56.3433499
        ],
        [
          37.51778,
          56.3434
        ],
        [
          37.51778,
          56.34346
        ],
        [
          37.51778,
          56.3435099
        ],
        [
          37.5177599,
          56.34357
        ],
        [
          37.51774,
          56.34363
        ],
        [
          37.5176999,
          56.3436799
        ],
        [
          37.5176699,
          56.3437399
        ],
        [
          37.51764,
          56.3438
        ],
        [
          37.5176299,
          56.34386
        ],
        [
          37.51764,
          56.34392
        ],
        [
          37.51765,
          56.3440399
        ],
        [
          37.5176599,
          56.34411
        ],
        [
          37.51769,
          56.3441699
        ],
        [
          37.51772,
          56.34422
        ],
        [
          37.51775,
          56.34428
        ],
        [
          37.51778,
          56.34434
        ],
        [
          37.51781,
          56.3443999
        ],
        [
          37.51784,
          56.3444599
        ],
        [
          37.51787,
          56.34452
        ],
        [
          37.51787,
          56.34452
        ],
        [
          37.5178899,
          56.3445899
        ],
        [
          37.51791,
          56.34464
        ],
        [
          37.51791,
          56.34471
        ],
        [
          37.51791,
          56.34477
        ],
        [
          37.5178999,
          56.3448299
        ],
        [
          37.5178999,
          56.3449
        ],
        [
          37.51791,
          56.3449599
        ],
        [
          37.5179299,
          56.3450199
        ],
        [
          37.5179599,
          56.34508
        ],
        [
          37.518,
          56.34514
        ],
        [
          37.51804,
          56.3452
        ],
        [
          37.51808,
          56.34526
        ],
        [
          37.5181299,
          56.3453199
        ],
        [
          37.5182,
          56.34536
        ],
        [
          37.5182599,
          56.3454199
        ],
        [
          37.5183,
          56.34547
        ],
        [
          37.5183,
          56.34553
        ],
        [
          37.51828,
          56.34559
        ],
        [
          37.5182199,
          56.34563
        ],
        [
          37.5181,
          56.34572
        ],
        [
          37.5181,
          56.34572
        ],
        [
          37.51807,
          56.3457699
        ],
        [
          37.5181,
          56.3458699
        ],
        [
          37.5181199,
          56.34592
        ],
        [
          37.51814,
          56.3459699
        ],
        [
          37.51814,
          56.3459699
        ],
        [
          37.5181499,
          56.34602
        ],
        [
          37.51817,
          56.3460699
        ],
        [
          37.51818,
          56.34612
        ],
        [
          37.5182,
          56.3461699
        ],
        [
          37.51823,
          56.3462299
        ],
        [
          37.5182499,
          56.34628
        ],
        [
          37.51828,
          56.3463299
        ],
        [
          37.5183,
          56.34639
        ],
        [
          37.51831,
          56.34644
        ],
        [
          37.5183199,
          56.3464999
        ],
        [
          37.51833,
          56.34655
        ],
        [
          37.51834,
          56.3465999
        ],
        [
          37.51834,
          56.34665
        ],
        [
          37.5183499,
          56.3466999
        ],
        [
          37.51837,
          56.34675
        ],
        [
          37.5183799,
          56.3467999
        ],
        [
          37.51841,
          56.34685
        ],
        [
          37.51843,
          56.3469
        ],
        [
          37.51847,
          56.34701
        ],
        [
          37.51847,
          56.34701
        ],
        [
          37.5185,
          56.34711
        ],
        [
          37.5185,
          56.34711
        ],
        [
          37.5185199,
          56.3472
        ],
        [
          37.5185199,
          56.3472
        ],
        [
          37.5185499,
          56.3472599
        ],
        [
          37.51856,
          56.3472899
        ],
        [
          37.51856,
          56.3472899
        ],
        [
          37.51856,
          56.34731
        ],
        [
          37.51854,
          56.34733
        ],
        [
          37.5185199,
          56.34734
        ],
        [
          37.5185199,
          56.34734
        ],
        [
          37.5185499,
          56.3473899
        ],
        [
          37.51856,
          56.34741
        ],
        [
          37.5185799,
          56.3474199
        ],
        [
          37.5186,
          56.3474499
        ],
        [
          37.5186099,
          56.34747
        ],
        [
          37.51863,
          56.3475
        ],
        [
          37.5186499,
          56.34754
        ],
        [
          37.5187,
          56.3476199
        ],
        [
          37.51873,
          56.34767
        ],
        [
          37.5187499,
          56.3477099
        ],
        [
          37.5187799,
          56.34776
        ],
        [
          37.5188099,
          56.3478099
        ],
        [
          37.5188399,
          56.34787
        ],
        [
          37.51889,
          56.3479099
        ],
        [
          37.5189399,
          56.34796
        ],
        [
          37.5189399,
          56.34796
        ],
        [
          37.5189799,
          56.34802
        ],
        [
          37.5190099,
          56.3480699
        ],
        [
          37.51905,
          56.34812
        ],
        [
          37.5190799,
          56.3481699
        ],
        [
          37.51912,
          56.3482099
        ],
        [
          37.5191399,
          56.34825
        ],
        [
          37.51916,
          56.34829
        ],
        [
          37.51915,
          56.3483099
        ],
        [
          37.51912,
          56.34833
        ],
        [
          37.5190799,
          56.34833
        ],
        [
          37.51905,
          56.3483399
        ],
        [
          37.51903,
          56.34836
        ],
        [
          37.5190399,
          56.34838
        ],
        [
          37.5190699,
          56.34841
        ],
        [
          37.5190799,
          56.3484299
        ],
        [
          37.5191,
          56.34846
        ],
        [
          37.5191099,
          56.34849
        ],
        [
          37.51912,
          56.34852
        ],
        [
          37.51912,
          56.34855
        ],
        [
          37.5191,
          56.3485999
        ],
        [
          37.5191,
          56.3485999
        ],
        [
          37.5191,
          56.34862
        ],
        [
          37.5191,
          56.34862
        ],
        [
          37.5191,
          56.34862
        ],
        [
          37.5191,
          56.34862
        ],
        [
          37.5193099,
          56.34872
        ],
        [
          37.5193099,
          56.34872
        ],
        [
          37.5193099,
          56.34872
        ],
        [
          37.5193099,
          56.34872
        ],
        [
          37.5193099,
          56.34872
        ],
        [
          37.5193099,
          56.34872
        ],
        [
          37.5193099,
          56.34872
        ],
        [
          37.5193099,
          56.34872
        ],
        [
          37.5193099,
          56.34872
        ],
        [
          37.5193099,
          56.34872
        ],
        [
          37.5193099,
          56.34872
        ],
        [
          37.5193099,
          56.34872
        ],
        [
          37.5193099,
          56.34872
        ],
        [
          37.5193099,
          56.34872
        ],
        [
          37.5193099,
          56.34872
        ],
        [
          37.5193099,
          56.34872
        ],
        [
          37.5193099,
          56.34872
        ],
        [
          37.5193099,
          56.34872
        ],
        [
          37.5193099,
          56.34872
        ],
        [
          37.5193099,
          56.34872
        ],
        [
          37.5193099,
          56.34872
        ],
        [
          37.5193099,
          56.34872
        ],
        [
          37.5193099,
          56.34872
        ],
        [
          37.5193099,
          56.34872
        ],
        [
          37.5193099,
          56.34872
        ],
        [
          37.5193099,
          56.34872
        ],
        [
          37.5193099,
          56.34872
        ],
        [
          37.5193099,
          56.34872
        ],
        [
          37.5193099,
          56.34872
        ],
        [
          37.5193099,
          56.34872
        ],
        [
          37.5193099,
          56.34872
        ],
        [
          37.5193099,
          56.34872
        ],
        [
          37.5193099,
          56.34872
        ],
        [
          37.5193099,
          56.34872
        ],
        [
          37.5193099,
          56.34872
        ],
        [
          37.5193099,
          56.34872
        ],
        [
          37.5193099,
          56.34872
        ],
        [
          37.5193099,
          56.34872
        ],
        [
          37.5193099,
          56.34872
        ],
        [
          37.5193099,
          56.34872
        ],
        [
          37.5193099,
          56.34872
        ],
        [
          37.5193099,
          56.34872
        ],
        [
          37.5193099,
          56.34872
        ],
        [
          37.5193099,
          56.34872
        ],
        [
          37.5193099,
          56.34872
        ],
        [
          37.5193099,
          56.34872
        ],
        [
          37.5192999,
          56.3487299
        ],
        [
          37.5192999,
          56.3487299
        ],
        [
          37.5192999,
          56.3487299
        ],
        [
          37.5192999,
          56.3487299
        ],
        [
          37.5192999,
          56.3487299
        ],
        [
          37.5192999,
          56.3487299
        ],
        [
          37.5192999,
          56.3487299
        ],
        [
          37.5192999,
          56.3487299
        ],
        [
          37.5192999,
          56.3487299
        ],
        [
          37.5192999,
          56.3487299
        ],
        [
          37.5192999,
          56.3487299
        ],
        [
          37.5192999,
          56.3487299
        ],
        [
          37.5192999,
          56.3487299
        ],
        [
          37.5192999,
          56.3487299
        ],
        [
          37.5192999,
          56.3487299
        ],
        [
          37.5192999,
          56.3487299
        ],
        [
          37.5192999,
          56.3487299
        ],
        [
          37.5192999,
          56.3487299
        ],
        [
          37.5192999,
          56.3487299
        ],
        [
          37.5192999,
          56.3487299
        ],
        [
          37.5192999,
          56.3487299
        ],
        [
          37.5192999,
          56.3487299
        ],
        [
          37.5192999,
          56.3487299
        ],
        [
          37.5192999,
          56.3487299
        ],
        [
          37.5192999,
          56.3487299
        ],
        [
          37.5192999,
          56.3487299
        ],
        [
          37.5192699,
          56.34874
        ],
        [
          37.51925,
          56.34874
        ],
        [
          37.51923,
          56.34874
        ],
        [
          37.51923,
          56.34874
        ],
        [
          37.5191799,
          56.34874
        ],
        [
          37.5191799,
          56.34874
        ],
        [
          37.51915,
          56.3487299
        ],
        [
          37.51913,
          56.34872
        ],
        [
          37.51912,
          56.34871
        ],
        [
          37.5191099,
          56.34869
        ],
        [
          37.5191,
          56.3486699
        ],
        [
          37.5191,
          56.3486599
        ],
        [
          37.51912,
          56.34865
        ],
        [
          37.51913,
          56.34864
        ],
        [
          37.51915,
          56.3486299
        ],
        [
          37.51915,
          56.34862
        ],
        [
          37.5191699,
          56.34862
        ],
        [
          37.51919,
          56.34861
        ],
        [
          37.5192,
          56.34862
        ],
        [
          37.5192099,
          56.34862
        ],
        [
          37.51923,
          56.34862
        ],
        [
          37.51925,
          56.34862
        ],
        [
          37.51925,
          56.34862
        ],
        [
          37.51929,
          56.34862
        ],
        [
          37.5193099,
          56.34862
        ],
        [
          37.5193099,
          56.34862
        ],
        [
          37.51936,
          56.34861
        ],
        [
          37.51938,
          56.34862
        ],
        [
          37.5193999,
          56.3486299
        ],
        [
          37.5194099,
          56.34865
        ],
        [
          37.5194099,
          56.3486599
        ],
        [
          37.51942,
          56.34868
        ],
        [
          37.51942,
          56.34868
        ],
        [
          37.51943,
          56.3486999
        ],
        [
          37.5194399,
          56.34872
        ],
        [
          37.51946,
          56.34874
        ],
        [
          37.5194699,
          56.3487599
        ],
        [
          37.5194699,
          56.3487599
        ],
        [
          37.5194999,
          56.34881
        ],
        [
          37.51952,
          56.34882
        ],
        [
          37.5195399,
          56.34885
        ],
        [
          37.51955,
          56.34887
        ],
        [
          37.5195699,
          56.3488899
        ],
        [
          37.5195999,
          56.3488999
        ],
        [
          37.51962,
          56.3489299
        ],
        [
          37.5196299,
          56.34895
        ],
        [
          37.51965,
          56.34898
        ],
        [
          37.5196599,
          56.349
        ],
        [
          37.51968,
          56.3490299
        ],
        [
          37.51969,
          56.34905
        ],
        [
          37.5197299,
          56.3491
        ],
        [
          37.5197299,
          56.3491
        ],
        [
          37.51974,
          56.3491299
        ],
        [
          37.51974,
          56.3491299
        ],
        [
          37.51981,
          56.3492
        ],
        [
          37.51982,
          56.3492199
        ],
        [
          37.51984,
          56.34924
        ],
        [
          37.51984,
          56.34924
        ],
        [
          37.51988,
          56.3492899
        ],
        [
          37.51988,
          56.3492899
        ],
        [
          37.5198999,
          56.34931
        ],
        [
          37.51991,
          56.34933
        ],
        [
          37.5199299,
          56.3493499
        ],
        [
          37.51994,
          56.34937
        ],
        [
          37.51997,
          56.3493899
        ],
        [
          37.51998,
          56.34941
        ],
        [
          37.5199899,
          56.34943
        ],
        [
          37.5199999,
          56.3494499
        ],
        [
          37.5199999,
          56.3494499
        ],
        [
          37.52002,
          56.3494799
        ],
        [
          37.5200299,
          56.34953
        ],
        [
          37.52004,
          56.3495499
        ],
        [
          37.52005,
          56.34957
        ],
        [
          37.52007,
          56.3495899
        ],
        [
          37.5201,
          56.34961
        ],
        [
          37.52011,
          56.34964
        ],
        [
          37.52014,
          56.34969
        ],
        [
          37.5201599,
          56.34973
        ],
        [
          37.52017,
          56.34976
        ],
        [
          37.52017,
          56.34976
        ],
        [
          37.5202,
          56.3498099
        ],
        [
          37.5202299,
          56.3498399
        ],
        [
          37.5202299,
          56.3498399
        ],
        [
          37.5202599,
          56.34989
        ],
        [
          37.52028,
          56.34992
        ],
        [
          37.52028,
          56.34992
        ],
        [
          37.5203,
          56.3499399
        ],
        [
          37.5203199,
          56.34997
        ],
        [
          37.52033,
          56.35
        ],
        [
          37.52034,
          56.35002
        ],
        [
          37.5203599,
          56.3500499
        ],
        [
          37.52038,
          56.3500799
        ],
        [
          37.5203899,
          56.3501
        ],
        [
          37.52041,
          56.35012
        ],
        [
          37.52041,
          56.3501399
        ],
        [
          37.5204199,
          56.35016
        ],
        [
          37.5204199,
          56.3501799
        ],
        [
          37.5204199,
          56.3502
        ],
        [
          37.5204199,
          56.3502
        ],
        [
          37.52041,
          56.3502399
        ],
        [
          37.5203899,
          56.35026
        ],
        [
          37.5203599,
          56.3502699
        ],
        [
          37.52031,
          56.3502999
        ],
        [
          37.52027,
          56.3503099
        ],
        [
          37.52024,
          56.3503099
        ],
        [
          37.5202,
          56.3503099
        ],
        [
          37.52017,
          56.3503099
        ],
        [
          37.52017,
          56.3503099
        ],
        [
          37.5201599,
          56.35032
        ],
        [
          37.5201599,
          56.3503399
        ],
        [
          37.5201599,
          56.35035
        ],
        [
          37.5201599,
          56.35035
        ],
        [
          37.5201599,
          56.35035
        ],
        [
          37.52018,
          56.35039
        ],
        [
          37.5201899,
          56.3503999
        ],
        [
          37.5201899,
          56.3503999
        ],
        [
          37.5202,
          56.35043
        ],
        [
          37.52021,
          56.3504399
        ],
        [
          37.5202199,
          56.35045
        ],
        [
          37.5202299,
          56.35046
        ],
        [
          37.52024,
          56.3504699
        ],
        [
          37.52025,
          56.35048
        ],
        [
          37.52025,
          56.3504999
        ],
        [
          37.5202599,
          56.35051
        ],
        [
          37.5202599,
          56.35051
        ],
        [
          37.5202899,
          56.35056
        ],
        [
          37.52031,
          56.3505699
        ],
        [
          37.52031,
          56.35059
        ],
        [
          37.52033,
          56.35061
        ],
        [
          37.52033,
          56.35061
        ],
        [
          37.52034,
          56.3506399
        ],
        [
          37.5203499,
          56.35066
        ],
        [
          37.5203499,
          56.35068
        ],
        [
          37.5203499,
          56.35069
        ],
        [
          37.5203499,
          56.35069
        ],
        [
          37.5203499,
          56.35071
        ],
        [
          37.5203499,
          56.35072
        ],
        [
          37.52043,
          56.35084
        ],
        [
          37.52044,
          56.35085
        ],
        [
          37.5204499,
          56.3508599
        ],
        [
          37.52047,
          56.3508699
        ],
        [
          37.5204899,
          56.3508999
        ],
        [
          37.5205,
          56.35091
        ],
        [
          37.5205,
          56.35092
        ],
        [
          37.52047,
          56.3509299
        ],
        [
          37.52047,
          56.3509299
        ],
        [
          37.5204499,
          56.35092
        ],
        [
          37.52047,
          56.35089
        ],
        [
          37.52048,
          56.35088
        ],
        [
          37.52048,
          56.3508699
        ],
        [
          37.52048,
          56.35085
        ],
        [
          37.52047,
          56.35085
        ],
        [
          37.5204499,
          56.35084
        ],
        [
          37.52043,
          56.35084
        ],
        [
          37.52041,
          56.35084
        ],
        [
          37.5204,
          56.35084
        ],
        [
          37.5203899,
          56.35084
        ],
        [
          37.52038,
          56.35084
        ],
        [
          37.52038,
          56.35084
        ],
        [
          37.52038,
          56.35084
        ],
        [
          37.52038,
          56.35084
        ],
        [
          37.52038,
          56.35084
        ],
        [
          37.52038,
          56.35084
        ],
        [
          37.52038,
          56.35084
        ],
        [
          37.52038,
          56.35084
        ],
        [
          37.52038,
          56.35084
        ],
        [
          37.52038,
          56.35084
        ],
        [
          37.52043,
          56.35079
        ],
        [
          37.5204599,
          56.35078
        ],
        [
          37.5204899,
          56.3507699
        ],
        [
          37.52053,
          56.3507699
        ],
        [
          37.52056,
          56.35078
        ],
        [
          37.5206,
          56.35078
        ],
        [
          37.52063,
          56.35078
        ],
        [
          37.5206799,
          56.3507699
        ],
        [
          37.5207199,
          56.3507599
        ],
        [
          37.52076,
          56.35074
        ],
        [
          37.5208099,
          56.35074
        ],
        [
          37.5208499,
          56.35075
        ],
        [
          37.52087,
          56.3507699
        ],
        [
          37.52089,
          56.3507999
        ],
        [
          37.5209,
          56.3508299
        ],
        [
          37.5209099,
          56.3508599
        ],
        [
          37.5209399,
          56.3508999
        ],
        [
          37.52099,
          56.3509599
        ],
        [
          37.52099,
          56.3509599
        ],
        [
          37.5210499,
          56.3510299
        ],
        [
          37.5210499,
          56.3510299
        ],
        [
          37.52109,
          56.3510999
        ],
        [
          37.5211099,
          56.3511299
        ],
        [
          37.52113,
          56.3511599
        ],
        [
          37.5211399,
          56.35117
        ],
        [
          37.5211399,
          56.35117
        ],
        [
          37.52116,
          56.3511899
        ],
        [
          37.5211799,
          56.3511899
        ],
        [
          37.5211799,
          56.3511899
        ],
        [
          37.5211799,
          56.3511899
        ],
        [
          37.52119,
          56.3512299
        ],
        [
          37.52119,
          56.3512299
        ],
        [
          37.5211799,
          56.35125
        ],
        [
          37.5211799,
          56.35125
        ],
        [
          37.5211699,
          56.35127
        ],
        [
          37.5211699,
          56.35128
        ],
        [
          37.52116,
          56.3512899
        ],
        [
          37.5211399,
          56.3513
        ],
        [
          37.52112,
          56.3513
        ],
        [
          37.52109,
          56.35131
        ],
        [
          37.5210499,
          56.3513199
        ],
        [
          37.521,
          56.3513299
        ],
        [
          37.5209499,
          56.35134
        ],
        [
          37.5209,
          56.3513499
        ],
        [
          37.52084,
          56.3513499
        ],
        [
          37.52079,
          56.3513499
        ],
        [
          37.5207199,
          56.3513499
        ],
        [
          37.52066,
          56.3513599
        ],
        [
          37.5205899,
          56.35137
        ],
        [
          37.5205199,
          56.35138
        ],
        [
          37.5204499,
          56.3514
        ],
        [
          37.5203199,
          56.35144
        ],
        [
          37.52025,
          56.3514599
        ],
        [
          37.52025,
          56.3514599
        ],
        [
          37.52018,
          56.35148
        ],
        [
          37.5200299,
          56.3515
        ],
        [
          37.5200299,
          56.3515
        ],
        [
          37.5199599,
          56.3514899
        ],
        [
          37.5198899,
          56.3515
        ],
        [
          37.51981,
          56.35151
        ],
        [
          37.51974,
          56.3515199
        ],
        [
          37.5196699,
          56.35154
        ],
        [
          37.5195999,
          56.3515499
        ],
        [
          37.5195299,
          56.35157
        ],
        [
          37.51946,
          56.3515899
        ],
        [
          37.51939,
          56.35161
        ],
        [
          37.51932,
          56.3516199
        ],
        [
          37.51925,
          56.35164
        ],
        [
          37.51909,
          56.35167
        ],
        [
          37.5190099,
          56.3516899
        ],
        [
          37.5189399,
          56.3517
        ],
        [
          37.51886,
          56.3517199
        ],
        [
          37.51886,
          56.3517199
        ],
        [
          37.51886,
          56.3517199
        ],
        [
          37.51873,
          56.3517499
        ],
        [
          37.5186799,
          56.35177
        ],
        [
          37.51863,
          56.3517799
        ],
        [
          37.5186,
          56.35179
        ],
        [
          37.51856,
          56.3518
        ],
        [
          37.51853,
          56.3518099
        ],
        [
          37.5185,
          56.3518199
        ],
        [
          37.5185,
          56.3518199
        ],
        [
          37.5184499,
          56.35184
        ],
        [
          37.5184199,
          56.3518499
        ],
        [
          37.5183799,
          56.35187
        ],
        [
          37.51834,
          56.35189
        ],
        [
          37.5182899,
          56.3519
        ],
        [
          37.51824,
          56.3519099
        ],
        [
          37.5182,
          56.3519199
        ],
        [
          37.5181599,
          56.35193
        ],
        [
          37.5181199,
          56.35194
        ],
        [
          37.5180899,
          56.3519499
        ],
        [
          37.51805,
          56.3519499
        ],
        [
          37.51801,
          56.35196
        ],
        [
          37.51801,
          56.35196
        ],
        [
          37.51794,
          56.3519799
        ],
        [
          37.51791,
          56.3519799
        ],
        [
          37.51791,
          56.3519799
        ],
        [
          37.51778,
          56.352
        ],
        [
          37.51778,
          56.352
        ],
        [
          37.51774,
          56.3520099
        ],
        [
          37.5176999,
          56.35203
        ],
        [
          37.5176699,
          56.3520399
        ],
        [
          37.5176299,
          56.3520499
        ],
        [
          37.51759,
          56.35207
        ],
        [
          37.51754,
          56.3520799
        ],
        [
          37.51749,
          56.35209
        ],
        [
          37.5174299,
          56.3521099
        ],
        [
          37.5173699,
          56.3521099
        ],
        [
          37.51731,
          56.35212
        ],
        [
          37.5172399,
          56.3521399
        ],
        [
          37.5171699,
          56.35216
        ],
        [
          37.51709,
          56.35217
        ],
        [
          37.51702,
          56.35219
        ],
        [
          37.51695,
          56.3522
        ],
        [
          37.5168699,
          56.35222
        ],
        [
          37.5168,
          56.35223
        ],
        [
          37.5167399,
          56.3522399
        ],
        [
          37.51669,
          56.3522399
        ],
        [
          37.51663,
          56.35223
        ],
        [
          37.5165799,
          56.35222
        ],
        [
          37.51653,
          56.35219
        ],
        [
          37.51649,
          56.35217
        ],
        [
          37.51647,
          56.3521399
        ],
        [
          37.51646,
          56.3521099
        ],
        [
          37.51643,
          56.35209
        ],
        [
          37.51637,
          56.35209
        ],
        [
          37.51637,
          56.35209
        ],
        [
          37.51633,
          56.35209
        ],
        [
          37.5163199,
          56.3521499
        ],
        [
          37.51633,
          56.3521799
        ],
        [
          37.5163499,
          56.3522099
        ],
        [
          37.51637,
          56.35225
        ],
        [
          37.51637,
          56.35225
        ],
        [
          37.51637,
          56.3522799
        ],
        [
          37.5163199,
          56.35233
        ],
        [
          37.51627,
          56.35235
        ],
        [
          37.51623,
          56.35236
        ],
        [
          37.51617,
          56.3523799
        ],
        [
          37.5161199,
          56.3523799
        ],
        [
          37.5161199,
          56.3523799
        ],
        [
          37.5160199,
          56.35239
        ],
        [
          37.51598,
          56.35239
        ],
        [
          37.51595,
          56.3524
        ],
        [
          37.51591,
          56.3524099
        ],
        [
          37.5158599,
          56.35242
        ],
        [
          37.51581,
          56.35243
        ],
        [
          37.5157599,
          56.3524399
        ],
        [
          37.5156999,
          56.35245
        ],
        [
          37.51564,
          56.35246
        ],
        [
          37.51558,
          56.35248
        ],
        [
          37.5154599,
          56.3525099
        ],
        [
          37.5153999,
          56.35252
        ],
        [
          37.51535,
          56.35253
        ],
        [
          37.51535,
          56.35253
        ],
        [
          37.51529,
          56.3525399
        ],
        [
          37.5152399,
          56.35255
        ],
        [
          37.5151999,
          56.35256
        ],
        [
          37.5151699,
          56.35258
        ],
        [
          37.5151399,
          56.3525999
        ],
        [
          37.5151099,
          56.3526099
        ],
        [
          37.5150699,
          56.35262
        ],
        [
          37.51502,
          56.35263
        ],
        [
          37.51498,
          56.3526399
        ],
        [
          37.51493,
          56.3526399
        ],
        [
          37.51489,
          56.35265
        ],
        [
          37.5148399,
          56.3526699
        ],
        [
          37.51479,
          56.35268
        ],
        [
          37.5147399,
          56.35269
        ],
        [
          37.5147,
          56.35269
        ],
        [
          37.5146499,
          56.35271
        ],
        [
          37.5146099,
          56.3527299
        ],
        [
          37.5145799,
          56.35275
        ],
        [
          37.51453,
          56.35276
        ],
        [
          37.5144799,
          56.3527699
        ],
        [
          37.51444,
          56.35278
        ],
        [
          37.5144,
          56.35278
        ],
        [
          37.51436,
          56.3527699
        ],
        [
          37.51433,
          56.35278
        ],
        [
          37.5143199,
          56.3527999
        ],
        [
          37.5143099,
          56.35281
        ],
        [
          37.5142799,
          56.35282
        ],
        [
          37.5142499,
          56.35282
        ],
        [
          37.51423,
          56.35282
        ],
        [
          37.51421,
          56.35282
        ],
        [
          37.5141799,
          56.35282
        ],
        [
          37.5141499,
          56.3528299
        ],
        [
          37.5141199,
          56.3528399
        ],
        [
          37.5140799,
          56.35285
        ],
        [
          37.51404,
          56.3528599
        ],
        [
          37.514,
          56.3528699
        ],
        [
          37.5139499,
          56.35288
        ],
        [
          37.5139499,
          56.35288
        ],
        [
          37.5137899,
          56.35291
        ],
        [
          37.51374,
          56.35292
        ],
        [
          37.51374,
          56.35292
        ],
        [
          37.51365,
          56.35294
        ],
        [
          37.51365,
          56.35294
        ],
        [
          37.51355,
          56.3529599
        ],
        [
          37.51355,
          56.3529599
        ],
        [
          37.5134999,
          56.35298
        ],
        [
          37.51344,
          56.35299
        ],
        [
          37.51339,
          56.35301
        ],
        [
          37.51332,
          56.35302
        ],
        [
          37.5132599,
          56.35302
        ],
        [
          37.51319,
          56.3530299
        ],
        [
          37.5131299,
          56.35304
        ],
        [
          37.5130699,
          56.35305
        ],
        [
          37.51302,
          56.3530599
        ],
        [
          37.51295,
          56.35308
        ],
        [
          37.51289,
          56.3530899
        ],
        [
          37.51283,
          56.35311
        ],
        [
          37.51276,
          56.35312
        ],
        [
          37.51269,
          56.35312
        ],
        [
          37.51263,
          56.35314
        ],
        [
          37.51256,
          56.35315
        ],
        [
          37.51249,
          56.3531599
        ],
        [
          37.5124099,
          56.35317
        ],
        [
          37.5123399,
          56.3531899
        ],
        [
          37.5122799,
          56.3531999
        ],
        [
          37.51216,
          56.3532299
        ],
        [
          37.51216,
          56.3532299
        ],
        [
          37.51216,
          56.3532299
        ],
        [
          37.5120499,
          56.35325
        ],
        [
          37.51194,
          56.35327
        ],
        [
          37.5118899,
          56.35328
        ],
        [
          37.5118899,
          56.35328
        ],
        [
          37.51184,
          56.3532899
        ],
        [
          37.5117899,
          56.3533
        ],
        [
          37.51174,
          56.35331
        ],
        [
          37.51174,
          56.35331
        ],
        [
          37.5116199,
          56.3533299
        ],
        [
          37.51155,
          56.35334
        ],
        [
          37.5114899,
          56.35335
        ],
        [
          37.5114299,
          56.3533599
        ],
        [
          37.51138,
          56.35337
        ],
        [
          37.5113299,
          56.3533899
        ],
        [
          37.51128,
          56.35341
        ],
        [
          37.51124,
          56.3534199
        ],
        [
          37.5111999,
          56.3534299
        ],
        [
          37.5111599,
          56.35345
        ],
        [
          37.51111,
          56.3534599
        ],
        [
          37.5110699,
          56.35348
        ],
        [
          37.51102,
          56.3534899
        ],
        [
          37.51096,
          56.3534899
        ],
        [
          37.51091,
          56.35351
        ],
        [
          37.51086,
          56.3535199
        ],
        [
          37.51076,
          56.35354
        ],
        [
          37.5106999,
          56.3535599
        ],
        [
          37.51065,
          56.35357
        ],
        [
          37.5106,
          56.35358
        ],
        [
          37.5105399,
          56.3535899
        ],
        [
          37.51049,
          56.3536
        ],
        [
          37.51043,
          56.35361
        ],
        [
          37.51043,
          56.35361
        ],
        [
          37.5103799,
          56.3536199
        ],
        [
          37.51033,
          56.35364
        ],
        [
          37.5102799,
          56.35364
        ],
        [
          37.51023,
          56.3536499
        ],
        [
          37.5101799,
          56.35367
        ],
        [
          37.51014,
          56.35367
        ],
        [
          37.51009,
          56.35368
        ],
        [
          37.51007,
          56.3536899
        ],
        [
          37.51004,
          56.3537
        ],
        [
          37.51003,
          56.3537
        ],
        [
          37.5100099,
          56.35371
        ],
        [
          37.5099799,
          56.3537199
        ],
        [
          37.50996,
          56.3537199
        ],
        [
          37.5099199,
          56.35373
        ],
        [
          37.5098799,
          56.35374
        ],
        [
          37.50983,
          56.3537499
        ],
        [
          37.5097899,
          56.35376
        ],
        [
          37.50974,
          56.35376
        ],
        [
          37.50964,
          56.3537799
        ],
        [
          37.50964,
          56.3537799
        ],
        [
          37.50954,
          56.35381
        ],
        [
          37.50954,
          56.35381
        ],
        [
          37.5094899,
          56.3538199
        ],
        [
          37.5094199,
          56.35383
        ],
        [
          37.50937,
          56.35384
        ],
        [
          37.5092999,
          56.3538499
        ],
        [
          37.50925,
          56.35386
        ],
        [
          37.5091999,
          56.35386
        ],
        [
          37.50915,
          56.35387
        ],
        [
          37.50909,
          56.3538799
        ],
        [
          37.5090299,
          56.3538899
        ],
        [
          37.50898,
          56.3539
        ],
        [
          37.5089299,
          56.35391
        ],
        [
          37.50888,
          56.35393
        ],
        [
          37.5088399,
          56.35394
        ],
        [
          37.50879,
          56.3539499
        ],
        [
          37.50875,
          56.35396
        ],
        [
          37.50872,
          56.35397
        ],
        [
          37.5086399,
          56.3539799
        ],
        [
          37.50859,
          56.35399
        ],
        [
          37.50859,
          56.35399
        ],
        [
          37.50849,
          56.354
        ],
        [
          37.50849,
          56.354
        ],
        [
          37.50843,
          56.3540199
        ],
        [
          37.5083699,
          56.35403
        ],
        [
          37.5083,
          56.3540499
        ],
        [
          37.5082399,
          56.35407
        ],
        [
          37.50816,
          56.3540799
        ],
        [
          37.5080799,
          56.3541
        ],
        [
          37.50799,
          56.3541199
        ],
        [
          37.5079099,
          56.35413
        ],
        [
          37.5078499,
          56.3541499
        ],
        [
          37.5078499,
          56.3541499
        ],
        [
          37.5077899,
          56.35416
        ],
        [
          37.5077199,
          56.35417
        ],
        [
          37.5076899,
          56.3541799
        ],
        [
          37.5076499,
          56.3541799
        ],
        [
          37.5076499,
          56.3541799
        ],
        [
          37.5076,
          56.35417
        ],
        [
          37.50758,
          56.35416
        ],
        [
          37.5075599,
          56.35417
        ],
        [
          37.50754,
          56.35417
        ],
        [
          37.50751,
          56.3541799
        ],
        [
          37.5074499,
          56.35419
        ],
        [
          37.5074499,
          56.35419
        ],
        [
          37.50741,
          56.3542
        ],
        [
          37.5073199,
          56.35422
        ],
        [
          37.50727,
          56.35423
        ],
        [
          37.5072199,
          56.3542399
        ],
        [
          37.5072199,
          56.3542399
        ],
        [
          37.50717,
          56.3542499
        ],
        [
          37.50717,
          56.3542499
        ],
        [
          37.5070599,
          56.35427
        ],
        [
          37.5069999,
          56.3542799
        ],
        [
          37.50694,
          56.3543
        ],
        [
          37.50689,
          56.3543099
        ],
        [
          37.5068299,
          56.35432
        ],
        [
          37.5067699,
          56.35433
        ],
        [
          37.5067299,
          56.3543399
        ],
        [
          37.50668,
          56.3543499
        ],
        [
          37.50665,
          56.35436
        ],
        [
          37.50665,
          56.35436
        ],
        [
          37.50662,
          56.3543799
        ],
        [
          37.50662,
          56.3543799
        ],
        [
          37.5065999,
          56.35439
        ],
        [
          37.5065399,
          56.35442
        ],
        [
          37.5065099,
          56.35442
        ],
        [
          37.5064699,
          56.35443
        ],
        [
          37.5064699,
          56.35443
        ],
        [
          37.50642,
          56.3544399
        ],
        [
          37.50632,
          56.35446
        ],
        [
          37.5062099,
          56.35449
        ],
        [
          37.5061399,
          56.3545
        ],
        [
          37.5060799,
          56.35452
        ],
        [
          37.5060799,
          56.35452
        ],
        [
          37.50597,
          56.35455
        ],
        [
          37.50597,
          56.35455
        ],
        [
          37.5059099,
          56.35456
        ],
        [
          37.5059099,
          56.35456
        ],
        [
          37.5058199,
          56.3545799
        ],
        [
          37.50577,
          56.35459
        ],
        [
          37.5057199,
          56.3545999
        ],
        [
          37.50567,
          56.3546099
        ],
        [
          37.50563,
          56.35463
        ],
        [
          37.5056,
          56.35465
        ],
        [
          37.50557,
          56.35468
        ],
        [
          37.50557,
          56.3547099
        ],
        [
          37.50557,
          56.35475
        ],
        [
          37.5055799,
          56.35479
        ],
        [
          37.5056,
          56.3548399
        ],
        [
          37.5056199,
          56.35489
        ],
        [
          37.5056499,
          56.3549299
        ],
        [
          37.5056499,
          56.3549299
        ],
        [
          37.50573,
          56.3550299
        ],
        [
          37.5057799,
          56.35508
        ],
        [
          37.5057799,
          56.35508
        ],
        [
          37.5058499,
          56.35519
        ],
        [
          37.5059499,
          56.35531
        ],
        [
          37.5060099,
          56.3553599
        ],
        [
          37.5060799,
          56.35542
        ],
        [
          37.50615,
          56.35547
        ],
        [
          37.5062099,
          56.3555199
        ],
        [
          37.5062099,
          56.3555199
        ],
        [
          37.5062699,
          56.35557
        ],
        [
          37.50632,
          56.3556299
        ],
        [
          37.5063699,
          56.3556899
        ],
        [
          37.5063699,
          56.3556899
        ],
        [
          37.50645,
          56.3557899
        ],
        [
          37.50648,
          56.3558499
        ],
        [
          37.5064999,
          56.3559
        ],
        [
          37.50655,
          56.35594
        ],
        [
          37.5065999,
          56.3559899
        ],
        [
          37.5066299,
          56.35603
        ],
        [
          37.50666,
          56.3560799
        ],
        [
          37.50666,
          56.3560799
        ],
        [
          37.50672,
          56.3561799
        ],
        [
          37.5067399,
          56.35623
        ],
        [
          37.5067699,
          56.3562799
        ],
        [
          37.5067999,
          56.35633
        ],
        [
          37.5068299,
          56.3563799
        ],
        [
          37.50688,
          56.35643
        ],
        [
          37.50694,
          56.35647
        ],
        [
          37.50702,
          56.3564799
        ],
        [
          37.50718,
          56.35647
        ],
        [
          37.50727,
          56.35646
        ],
        [
          37.50735,
          56.3564499
        ],
        [
          37.50735,
          56.3564499
        ],
        [
          37.50744,
          56.35643
        ],
        [
          37.50753,
          56.3564099
        ],
        [
          37.5076199,
          56.3564
        ],
        [
          37.50771,
          56.3563799
        ],
        [
          37.5078,
          56.35636
        ],
        [
          37.50789,
          56.35633
        ],
        [
          37.5079799,
          56.3563099
        ],
        [
          37.50807,
          56.35629
        ],
        [
          37.5081499,
          56.35627
        ],
        [
          37.5081499,
          56.35627
        ],
        [
          37.50833,
          56.35624
        ],
        [
          37.50842,
          56.3562199
        ],
        [
          37.50842,
          56.3562199
        ],
        [
          37.5085999,
          56.3562
        ],
        [
          37.5087699,
          56.35617
        ],
        [
          37.5087699,
          56.35617
        ],
        [
          37.50886,
          56.35616
        ],
        [
          37.50895,
          56.3561499
        ],
        [
          37.50895,
          56.3561499
        ],
        [
          37.50924,
          56.3561
        ],
        [
          37.50924,
          56.3561
        ],
        [
          37.50924,
          56.3561
        ],
        [
          37.5093299,
          56.35609
        ],
        [
          37.5094299,
          56.3560799
        ],
        [
          37.5095299,
          56.35609
        ],
        [
          37.50963,
          56.3561
        ],
        [
          37.5097199,
          56.3561199
        ],
        [
          37.5097799,
          56.3561499
        ],
        [
          37.5098799,
          56.3562199
        ],
        [
          37.5098799,
          56.3562199
        ],
        [
          37.50991,
          56.35626
        ],
        [
          37.50994,
          56.3562799
        ],
        [
          37.50999,
          56.3563
        ],
        [
          37.51003,
          56.3563099
        ],
        [
          37.5101099,
          56.35632
        ],
        [
          37.5101099,
          56.35632
        ],
        [
          37.51013,
          56.35633
        ],
        [
          37.5101499,
          56.3563499
        ],
        [
          37.5101799,
          56.35637
        ],
        [
          37.5102,
          56.3563799
        ],
        [
          37.51022,
          56.3564
        ],
        [
          37.51022,
          56.3564099
        ],
        [
          37.5102099,
          56.3564499
        ],
        [
          37.5102099,
          56.35647
        ],
        [
          37.51022,
          56.3565
        ],
        [
          37.51022,
          56.35652
        ],
        [
          37.51023,
          56.35655
        ],
        [
          37.51023,
          56.35655
        ],
        [
          37.5102399,
          56.3565799
        ],
        [
          37.5102499,
          56.35662
        ],
        [
          37.5102499,
          56.35666
        ],
        [
          37.51027,
          56.3567
        ],
        [
          37.51027,
          56.3567399
        ],
        [
          37.51029,
          56.35679
        ],
        [
          37.5103,
          56.35683
        ],
        [
          37.5103099,
          56.35688
        ],
        [
          37.51032,
          56.35693
        ],
        [
          37.51033,
          56.35698
        ],
        [
          37.5103499,
          56.3570299
        ],
        [
          37.51036,
          56.35709
        ],
        [
          37.51037,
          56.3571399
        ],
        [
          37.51039,
          56.3571999
        ],
        [
          37.5104099,
          56.3572599
        ],
        [
          37.51042,
          56.35732
        ],
        [
          37.5104399,
          56.35738
        ],
        [
          37.51045,
          56.35744
        ],
        [
          37.51046,
          56.3574999
        ],
        [
          37.51049,
          56.3576299
        ],
        [
          37.51049,
          56.3576299
        ],
        [
          37.5105099,
          56.3577599
        ],
        [
          37.51052,
          56.3578199
        ],
        [
          37.5105399,
          56.3578899
        ],
        [
          37.5105399,
          56.3579599
        ],
        [
          37.51055,
          56.35803
        ],
        [
          37.51056,
          56.3580899
        ],
        [
          37.51056,
          56.35816
        ],
        [
          37.51056,
          56.35816
        ],
        [
          37.5105699,
          56.35823
        ],
        [
          37.5105699,
          56.3583
        ],
        [
          37.5105799,
          56.35837
        ],
        [
          37.51059,
          56.35843
        ],
        [
          37.51059,
          56.3585099
        ],
        [
          37.5106,
          56.3585799
        ],
        [
          37.5106,
          56.3586499
        ],
        [
          37.5106,
          56.35872
        ],
        [
          37.5106,
          56.35879
        ],
        [
          37.5106099,
          56.35885
        ],
        [
          37.51062,
          56.35892
        ],
        [
          37.5106399,
          56.35899
        ],
        [
          37.51065,
          56.35906
        ],
        [
          37.5106699,
          56.35919
        ],
        [
          37.5106699,
          56.35919
        ],
        [
          37.51068,
          56.35926
        ],
        [
          37.5106999,
          56.3593999
        ],
        [
          37.5106999,
          56.3594599
        ],
        [
          37.51072,
          56.3595899
        ],
        [
          37.51072,
          56.3596599
        ],
        [
          37.51072,
          56.3596599
        ],
        [
          37.51073,
          56.3597899
        ],
        [
          37.51073,
          56.3597899
        ],
        [
          37.51073,
          56.3598599
        ],
        [
          37.51073,
          56.3599299
        ],
        [
          37.51073,
          56.3599899
        ],
        [
          37.51075,
          56.3600599
        ],
        [
          37.51076,
          56.36013
        ],
        [
          37.5107699,
          56.3602
        ],
        [
          37.5107699,
          56.36026
        ],
        [
          37.51078,
          56.3603199
        ],
        [
          37.51079,
          56.3603799
        ],
        [
          37.5107999,
          56.36044
        ],
        [
          37.5107999,
          56.36044
        ],
        [
          37.5107999,
          56.3605099
        ],
        [
          37.5108099,
          56.36057
        ],
        [
          37.5108099,
          56.3606399
        ],
        [
          37.5108099,
          56.3607
        ],
        [
          37.5108299,
          56.36083
        ],
        [
          37.5108299,
          56.3609
        ],
        [
          37.5108399,
          56.3609699
        ],
        [
          37.5108399,
          56.3610399
        ],
        [
          37.5108399,
          56.3610399
        ],
        [
          37.5108399,
          56.3610999
        ],
        [
          37.51086,
          56.3611699
        ],
        [
          37.51088,
          56.36123
        ],
        [
          37.51088,
          56.36129
        ],
        [
          37.51089,
          56.36136
        ],
        [
          37.51089,
          56.36142
        ],
        [
          37.51089,
          56.36149
        ],
        [
          37.51089,
          56.36155
        ],
        [
          37.51089,
          56.36162
        ],
        [
          37.51089,
          56.36168
        ],
        [
          37.51089,
          56.36175
        ],
        [
          37.51089,
          56.36181
        ],
        [
          37.51089,
          56.36188
        ],
        [
          37.5108999,
          56.36194
        ],
        [
          37.51089,
          56.36201
        ],
        [
          37.51089,
          56.36208
        ],
        [
          37.51089,
          56.36221
        ],
        [
          37.51089,
          56.36228
        ],
        [
          37.51088,
          56.36234
        ],
        [
          37.51089,
          56.36241
        ],
        [
          37.51089,
          56.36247
        ],
        [
          37.51089,
          56.36254
        ],
        [
          37.51089,
          56.3626099
        ],
        [
          37.51089,
          56.36267
        ],
        [
          37.51089,
          56.36267
        ],
        [
          37.51088,
          56.36274
        ],
        [
          37.51088,
          56.3628099
        ],
        [
          37.51088,
          56.36287
        ],
        [
          37.5108699,
          56.3629399
        ],
        [
          37.51086,
          56.363
        ],
        [
          37.51085,
          56.3630699
        ],
        [
          37.51085,
          56.3631399
        ],
        [
          37.51085,
          56.3632099
        ],
        [
          37.51085,
          56.3632699
        ],
        [
          37.51085,
          56.3633399
        ],
        [
          37.51085,
          56.36341
        ],
        [
          37.51085,
          56.3634699
        ],
        [
          37.5108399,
          56.3635399
        ],
        [
          37.5108299,
          56.36361
        ],
        [
          37.5108299,
          56.3636699
        ],
        [
          37.51082,
          56.36374
        ],
        [
          37.51082,
          56.3637999
        ],
        [
          37.5108099,
          56.36387
        ],
        [
          37.5108099,
          56.3639299
        ],
        [
          37.5108099,
          56.3639999
        ],
        [
          37.51079,
          56.3641299
        ],
        [
          37.51078,
          56.3641899
        ],
        [
          37.51076,
          56.3642599
        ],
        [
          37.51076,
          56.3642599
        ],
        [
          37.5107399,
          56.3643899
        ],
        [
          37.51073,
          56.3644499
        ],
        [
          37.51072,
          56.36451
        ],
        [
          37.51072,
          56.3645799
        ],
        [
          37.51072,
          56.3645799
        ],
        [
          37.5107099,
          56.36464
        ],
        [
          37.5106999,
          56.3646899
        ],
        [
          37.5106999,
          56.3647499
        ],
        [
          37.51069,
          56.3648
        ],
        [
          37.5106699,
          56.3648499
        ],
        [
          37.51066,
          56.3649099
        ],
        [
          37.51065,
          56.36496
        ],
        [
          37.51065,
          56.36502
        ],
        [
          37.5106399,
          56.36507
        ],
        [
          37.51063,
          56.36513
        ],
        [
          37.5106099,
          56.3651799
        ],
        [
          37.5106099,
          56.3652399
        ],
        [
          37.5106,
          56.3653
        ],
        [
          37.5106,
          56.36535
        ],
        [
          37.5105799,
          56.3654099
        ],
        [
          37.5105699,
          56.36546
        ],
        [
          37.5105699,
          56.36552
        ],
        [
          37.51056,
          56.36558
        ],
        [
          37.51055,
          56.3656299
        ],
        [
          37.51053,
          56.36575
        ],
        [
          37.51053,
          56.36575
        ],
        [
          37.5105,
          56.3658599
        ],
        [
          37.51049,
          56.36591
        ],
        [
          37.51049,
          56.36591
        ],
        [
          37.51049,
          56.3659599
        ],
        [
          37.5104699,
          56.3659899
        ],
        [
          37.51046,
          56.36601
        ],
        [
          37.51046,
          56.36601
        ],
        [
          37.51045,
          56.3660899
        ],
        [
          37.51045,
          56.3661599
        ],
        [
          37.5104399,
          56.36621
        ],
        [
          37.51043,
          56.3662599
        ],
        [
          37.51042,
          56.36631
        ],
        [
          37.51042,
          56.36631
        ],
        [
          37.51042,
          56.36637
        ],
        [
          37.5104,
          56.36643
        ],
        [
          37.51039,
          56.3664899
        ],
        [
          37.51037,
          56.3665499
        ],
        [
          37.5103499,
          56.3666199
        ],
        [
          37.51033,
          56.3666899
        ],
        [
          37.5103099,
          56.3667499
        ],
        [
          37.51029,
          56.3668199
        ],
        [
          37.51027,
          56.3668799
        ],
        [
          37.5102499,
          56.3669499
        ],
        [
          37.51023,
          56.3670199
        ],
        [
          37.51022,
          56.36709
        ],
        [
          37.5101799,
          56.3672099
        ],
        [
          37.5101799,
          56.3672099
        ],
        [
          37.5101499,
          56.3673399
        ],
        [
          37.51013,
          56.3674
        ],
        [
          37.5101099,
          56.36746
        ],
        [
          37.5101099,
          56.36746
        ],
        [
          37.5101,
          56.36752
        ],
        [
          37.51009,
          56.36759
        ],
        [
          37.51007,
          56.3676399
        ],
        [
          37.51004,
          56.36771
        ],
        [
          37.51003,
          56.3677699
        ],
        [
          37.5100099,
          56.3678299
        ],
        [
          37.50999,
          56.36789
        ],
        [
          37.50997,
          56.3679599
        ],
        [
          37.5099499,
          56.36802
        ],
        [
          37.50994,
          56.36808
        ],
        [
          37.5099199,
          56.36815
        ],
        [
          37.5098899,
          56.36821
        ],
        [
          37.50987,
          56.36828
        ],
        [
          37.5098499,
          56.36834
        ],
        [
          37.50983,
          56.36841
        ],
        [
          37.5098199,
          56.36847
        ],
        [
          37.5098,
          56.36854
        ],
        [
          37.50977,
          56.3686
        ],
        [
          37.50974,
          56.36867
        ],
        [
          37.5097199,
          56.36874
        ],
        [
          37.5096899,
          56.3688
        ],
        [
          37.50967,
          56.36887
        ],
        [
          37.5096199,
          56.369
        ],
        [
          37.5096,
          56.36907
        ],
        [
          37.50957,
          56.36913
        ],
        [
          37.5095499,
          56.3692
        ],
        [
          37.5095499,
          56.3692
        ],
        [
          37.5095299,
          56.36927
        ],
        [
          37.5095,
          56.36933
        ],
        [
          37.50948,
          56.3694
        ],
        [
          37.5094599,
          56.3694699
        ],
        [
          37.5094299,
          56.3695399
        ],
        [
          37.50941,
          56.3696
        ],
        [
          37.50938,
          56.3696699
        ],
        [
          37.50935,
          56.3697399
        ],
        [
          37.5093199,
          56.3698099
        ],
        [
          37.5092999,
          56.3698699
        ],
        [
          37.50927,
          56.3699399
        ],
        [
          37.50924,
          56.3699999
        ],
        [
          37.50921,
          56.3700699
        ],
        [
          37.50918,
          56.37014
        ],
        [
          37.5091599,
          56.3701999
        ],
        [
          37.50912,
          56.3702699
        ],
        [
          37.50909,
          56.37034
        ],
        [
          37.5090599,
          56.3703999
        ],
        [
          37.5090299,
          56.37047
        ],
        [
          37.5089999,
          56.3705299
        ],
        [
          37.50894,
          56.3706599
        ],
        [
          37.5088999,
          56.37073
        ],
        [
          37.5088699,
          56.3707899
        ],
        [
          37.5088699,
          56.3707899
        ],
        [
          37.5087999,
          56.37093
        ],
        [
          37.5087699,
          56.371
        ],
        [
          37.5087399,
          56.37106
        ],
        [
          37.50871,
          56.37113
        ],
        [
          37.50871,
          56.37113
        ],
        [
          37.50868,
          56.3712
        ],
        [
          37.50866,
          56.37127
        ],
        [
          37.50863,
          56.37134
        ],
        [
          37.5085999,
          56.3714
        ],
        [
          37.50858,
          56.37147
        ],
        [
          37.50855,
          56.3715399
        ],
        [
          37.50852,
          56.3716099
        ],
        [
          37.50848,
          56.3716799
        ],
        [
          37.50846,
          56.3717399
        ],
        [
          37.50843,
          56.3718099
        ],
        [
          37.5084,
          56.37188
        ],
        [
          37.50836,
          56.3719399
        ],
        [
          37.50832,
          56.3720099
        ],
        [
          37.50829,
          56.3720699
        ],
        [
          37.50825,
          56.3721399
        ],
        [
          37.5082099,
          56.3721999
        ],
        [
          37.50817,
          56.3722699
        ],
        [
          37.50813,
          56.3723299
        ],
        [
          37.5080499,
          56.37248
        ],
        [
          37.5080499,
          56.37248
        ],
        [
          37.50797,
          56.3726299
        ],
        [
          37.50797,
          56.3726299
        ],
        [
          37.5078799,
          56.37278
        ],
        [
          37.50784,
          56.37285
        ],
        [
          37.5078,
          56.3729199
        ],
        [
          37.50776,
          56.3729899
        ],
        [
          37.50776,
          56.3729899
        ],
        [
          37.5077199,
          56.3730599
        ],
        [
          37.5076799,
          56.3731199
        ],
        [
          37.50764,
          56.3731899
        ],
        [
          37.5075899,
          56.37326
        ],
        [
          37.5075599,
          56.3733199
        ],
        [
          37.50753,
          56.37336
        ],
        [
          37.5075199,
          56.3733799
        ],
        [
          37.50751,
          56.37339
        ],
        [
          37.5075,
          56.3734
        ],
        [
          37.50748,
          56.3734099
        ],
        [
          37.50748,
          56.37343
        ],
        [
          37.50747,
          56.37346
        ],
        [
          37.5074499,
          56.3734799
        ],
        [
          37.50743,
          56.3735099
        ],
        [
          37.50741,
          56.37356
        ],
        [
          37.5073899,
          56.3736
        ],
        [
          37.5073599,
          56.3736399
        ],
        [
          37.5073,
          56.37372
        ],
        [
          37.50727,
          56.3737699
        ],
        [
          37.50724,
          56.3738099
        ],
        [
          37.50721,
          56.37386
        ],
        [
          37.50721,
          56.37386
        ],
        [
          37.50718,
          56.3739099
        ],
        [
          37.50715,
          56.37396
        ],
        [
          37.50711,
          56.3739999
        ],
        [
          37.50708,
          56.37405
        ],
        [
          37.50705,
          56.3740999
        ],
        [
          37.50702,
          56.37415
        ],
        [
          37.50698,
          56.3741999
        ],
        [
          37.50695,
          56.37425
        ],
        [
          37.50691,
          56.3742999
        ],
        [
          37.50688,
          56.37436
        ],
        [
          37.50684,
          56.37441
        ],
        [
          37.50681,
          56.3744699
        ],
        [
          37.5067699,
          56.3745299
        ],
        [
          37.50669,
          56.37464
        ],
        [
          37.50666,
          56.3746999
        ],
        [
          37.50662,
          56.3747599
        ],
        [
          37.50658,
          56.3748199
        ],
        [
          37.5065299,
          56.37488
        ],
        [
          37.5065299,
          56.37488
        ],
        [
          37.50649,
          56.3749299
        ],
        [
          37.50645,
          56.3749899
        ],
        [
          37.5064099,
          56.3750499
        ],
        [
          37.5063699,
          56.37511
        ],
        [
          37.5063399,
          56.37517
        ],
        [
          37.5063,
          56.37523
        ],
        [
          37.5062799,
          56.3752799
        ],
        [
          37.50625,
          56.37534
        ],
        [
          37.50623,
          56.37541
        ],
        [
          37.5062099,
          56.37547
        ],
        [
          37.5062,
          56.37553
        ],
        [
          37.5061799,
          56.37559
        ],
        [
          37.50616,
          56.37566
        ],
        [
          37.5061399,
          56.37572
        ],
        [
          37.50612,
          56.3757799
        ],
        [
          37.5061,
          56.3758399
        ],
        [
          37.50609,
          56.3759099
        ],
        [
          37.50607,
          56.37595
        ],
        [
          37.5060499,
          56.376
        ],
        [
          37.50603,
          56.37606
        ],
        [
          37.5060099,
          56.37609
        ],
        [
          37.506,
          56.37612
        ],
        [
          37.5059799,
          56.3761399
        ],
        [
          37.50596,
          56.37616
        ],
        [
          37.5059499,
          56.37619
        ],
        [
          37.50593,
          56.3762099
        ],
        [
          37.50593,
          56.3762099
        ],
        [
          37.50592,
          56.3762399
        ],
        [
          37.5059,
          56.3762699
        ],
        [
          37.50587,
          56.3763099
        ],
        [
          37.50586,
          56.3763399
        ],
        [
          37.50583,
          56.3763699
        ],
        [
          37.5058099,
          56.3763999
        ],
        [
          37.5057799,
          56.3764399
        ],
        [
          37.50576,
          56.3764699
        ],
        [
          37.50574,
          56.3764999
        ],
        [
          37.5057199,
          56.37654
        ],
        [
          37.50569,
          56.37658
        ],
        [
          37.50566,
          56.37661
        ],
        [
          37.50564,
          56.37665
        ],
        [
          37.50561,
          56.3766999
        ],
        [
          37.5055799,
          56.3767299
        ],
        [
          37.50556,
          56.37677
        ],
        [
          37.5055,
          56.37685
        ],
        [
          37.5054799,
          56.3768899
        ],
        [
          37.5054499,
          56.37694
        ],
        [
          37.5054499,
          56.37694
        ],
        [
          37.5054199,
          56.37697
        ],
        [
          37.5053599,
          56.3770599
        ],
        [
          37.50533,
          56.3771
        ],
        [
          37.5053,
          56.37714
        ],
        [
          37.5052599,
          56.37718
        ],
        [
          37.5052599,
          56.37718
        ],
        [
          37.50524,
          56.3772199
        ],
        [
          37.50521,
          56.3772599
        ],
        [
          37.50518,
          56.37731
        ],
        [
          37.50514,
          56.3773499
        ],
        [
          37.50511,
          56.3773899
        ],
        [
          37.50508,
          56.37744
        ],
        [
          37.50505,
          56.3774799
        ],
        [
          37.5050199,
          56.3775199
        ],
        [
          37.5049899,
          56.37757
        ],
        [
          37.5049599,
          56.3776099
        ],
        [
          37.50492,
          56.37766
        ],
        [
          37.5048899,
          56.3777099
        ],
        [
          37.5048599,
          56.37776
        ],
        [
          37.5048299,
          56.3778099
        ],
        [
          37.50479,
          56.3778499
        ],
        [
          37.50475,
          56.3779
        ],
        [
          37.50472,
          56.3779499
        ],
        [
          37.50468,
          56.378
        ],
        [
          37.50465,
          56.37805
        ],
        [
          37.50458,
          56.37815
        ],
        [
          37.50455,
          56.3782099
        ],
        [
          37.50452,
          56.37826
        ],
        [
          37.50449,
          56.3783099
        ],
        [
          37.50449,
          56.3783099
        ],
        [
          37.50442,
          56.3784099
        ],
        [
          37.50438,
          56.37846
        ],
        [
          37.50435,
          56.37851
        ],
        [
          37.50435,
          56.37851
        ],
        [
          37.5043099,
          56.37856
        ],
        [
          37.50428,
          56.37861
        ],
        [
          37.50426,
          56.3786699
        ],
        [
          37.50423,
          56.37872
        ],
        [
          37.5041999,
          56.3787699
        ],
        [
          37.5041699,
          56.3788299
        ],
        [
          37.5041399,
          56.37888
        ],
        [
          37.5041,
          56.3789299
        ],
        [
          37.5040699,
          56.37898
        ],
        [
          37.50403,
          56.3790299
        ],
        [
          37.50399,
          56.37908
        ],
        [
          37.50396,
          56.3791299
        ],
        [
          37.50392,
          56.3791899
        ],
        [
          37.5038799,
          56.37924
        ],
        [
          37.5038499,
          56.3792899
        ],
        [
          37.5038099,
          56.37934
        ],
        [
          37.5037799,
          56.3793899
        ],
        [
          37.5037,
          56.3795
        ],
        [
          37.50367,
          56.3795499
        ],
        [
          37.50363,
          56.37961
        ],
        [
          37.5036,
          56.37966
        ],
        [
          37.5036,
          56.37966
        ],
        [
          37.50356,
          56.37971
        ],
        [
          37.50353,
          56.37977
        ],
        [
          37.5034899,
          56.3798199
        ],
        [
          37.50346,
          56.37987
        ],
        [
          37.5034199,
          56.3799199
        ],
        [
          37.5033799,
          56.3799799
        ],
        [
          37.50334,
          56.38003
        ],
        [
          37.5033,
          56.3800799
        ],
        [
          37.5032599,
          56.38013
        ],
        [
          37.5032199,
          56.3801799
        ],
        [
          37.50318,
          56.3802399
        ],
        [
          37.5031,
          56.3803399
        ],
        [
          37.5030599,
          56.38039
        ],
        [
          37.5030299,
          56.3804399
        ],
        [
          37.5030299,
          56.3804399
        ],
        [
          37.5029599,
          56.38055
        ],
        [
          37.5029599,
          56.38055
        ],
        [
          37.50288,
          56.38065
        ],
        [
          37.50284,
          56.3806999
        ],
        [
          37.50284,
          56.3806999
        ],
        [
          37.5027999,
          56.38076
        ],
        [
          37.50277,
          56.38081
        ],
        [
          37.50274,
          56.3808699
        ],
        [
          37.5026999,
          56.3809299
        ],
        [
          37.50267,
          56.38098
        ],
        [
          37.50264,
          56.38104
        ],
        [
          37.50261,
          56.3810999
        ],
        [
          37.5025699,
          56.38115
        ],
        [
          37.50254,
          56.38121
        ],
        [
          37.5024999,
          56.38127
        ],
        [
          37.5024699,
          56.3813299
        ],
        [
          37.5024299,
          56.3813899
        ],
        [
          37.5023999,
          56.38144
        ],
        [
          37.50236,
          56.38151
        ],
        [
          37.50232,
          56.3815599
        ],
        [
          37.50229,
          56.3816199
        ],
        [
          37.5022099,
          56.38173
        ],
        [
          37.5021699,
          56.3817899
        ],
        [
          37.5021399,
          56.38184
        ],
        [
          37.5020999,
          56.3819
        ],
        [
          37.50206,
          56.38196
        ],
        [
          37.50203,
          56.3820199
        ],
        [
          37.50199,
          56.38207
        ],
        [
          37.50195,
          56.38213
        ],
        [
          37.5019099,
          56.3821799
        ],
        [
          37.5018699,
          56.3822399
        ],
        [
          37.50183,
          56.3823
        ],
        [
          37.50183,
          56.3823
        ],
        [
          37.50179,
          56.38236
        ],
        [
          37.5017399,
          56.38242
        ],
        [
          37.5017,
          56.3824699
        ],
        [
          37.50166,
          56.38253
        ],
        [
          37.50162,
          56.38259
        ],
        [
          37.5015799,
          56.38265
        ],
        [
          37.5015499,
          56.3827099
        ],
        [
          37.5015099,
          56.3827699
        ],
        [
          37.50147,
          56.3828299
        ],
        [
          37.50143,
          56.38288
        ],
        [
          37.5014,
          56.3829399
        ],
        [
          37.5013499,
          56.3829999
        ],
        [
          37.5013199,
          56.3830599
        ],
        [
          37.50127,
          56.38312
        ],
        [
          37.50123,
          56.38318
        ],
        [
          37.5011899,
          56.38324
        ],
        [
          37.5011499,
          56.3832899
        ],
        [
          37.50111,
          56.38335
        ],
        [
          37.50103,
          56.38347
        ],
        [
          37.5009899,
          56.3835299
        ],
        [
          37.5009499,
          56.38358
        ],
        [
          37.5009,
          56.38364
        ],
        [
          37.50087,
          56.3837
        ],
        [
          37.5008299,
          56.3837599
        ],
        [
          37.5007899,
          56.3838199
        ],
        [
          37.50075,
          56.3838799
        ],
        [
          37.50071,
          56.38394
        ],
        [
          37.50068,
          56.3839899
        ],
        [
          37.50068,
          56.3839899
        ],
        [
          37.50064,
          56.3840499
        ],
        [
          37.5005999,
          56.3841099
        ],
        [
          37.5005599,
          56.38417
        ],
        [
          37.50052,
          56.38423
        ],
        [
          37.50048,
          56.38429
        ],
        [
          37.50045,
          56.3843499
        ],
        [
          37.5003999,
          56.3844099
        ],
        [
          37.5003699,
          56.38447
        ],
        [
          37.50032,
          56.38452
        ],
        [
          37.50029,
          56.3845799
        ],
        [
          37.50025,
          56.3846399
        ],
        [
          37.50021,
          56.3846999
        ],
        [
          37.5001699,
          56.38476
        ],
        [
          37.5001299,
          56.38482
        ],
        [
          37.5000999,
          56.38488
        ],
        [
          37.50006,
          56.3849399
        ],
        [
          37.50002,
          56.3849999
        ],
        [
          37.49998,
          56.38506
        ],
        [
          37.4998999,
          56.38518
        ],
        [
          37.49986,
          56.38524
        ],
        [
          37.49982,
          56.38529
        ],
        [
          37.4997799,
          56.38535
        ],
        [
          37.4997399,
          56.38542
        ],
        [
          37.4997399,
          56.38542
        ],
        [
          37.4997099,
          56.38547
        ],
        [
          37.4996699,
          56.3855299
        ],
        [
          37.49963,
          56.3855899
        ],
        [
          37.49959,
          56.38565
        ],
        [
          37.4995499,
          56.38571
        ],
        [
          37.4995099,
          56.38577
        ],
        [
          37.4994799,
          56.38583
        ],
        [
          37.4994399,
          56.38588
        ],
        [
          37.49939,
          56.38594
        ],
        [
          37.49936,
          56.386
        ],
        [
          37.4993099,
          56.38606
        ],
        [
          37.49927,
          56.38611
        ],
        [
          37.49923,
          56.38617
        ],
        [
          37.49916,
          56.38629
        ],
        [
          37.4991199,
          56.3863499
        ],
        [
          37.4990799,
          56.3864099
        ],
        [
          37.49903,
          56.38647
        ],
        [
          37.4989899,
          56.38653
        ],
        [
          37.4989499,
          56.3865799
        ],
        [
          37.49891,
          56.3866399
        ],
        [
          37.49887,
          56.38669
        ],
        [
          37.49887,
          56.38669
        ],
        [
          37.49883,
          56.3867399
        ],
        [
          37.49881,
          56.3868
        ],
        [
          37.49878,
          56.38686
        ],
        [
          37.4987299,
          56.38692
        ],
        [
          37.4987,
          56.38698
        ],
        [
          37.4986599,
          56.3870399
        ],
        [
          37.4986199,
          56.3870999
        ],
        [
          37.49858,
          56.38716
        ],
        [
          37.49854,
          56.38722
        ],
        [
          37.4984999,
          56.38728
        ],
        [
          37.49847,
          56.3873299
        ],
        [
          37.4984299,
          56.38739
        ],
        [
          37.4983899,
          56.38745
        ],
        [
          37.49835,
          56.38751
        ],
        [
          37.49831,
          56.38757
        ],
        [
          37.4982599,
          56.38762
        ],
        [
          37.49822,
          56.38768
        ],
        [
          37.49818,
          56.38774
        ],
        [
          37.49811,
          56.3878599
        ],
        [
          37.49811,
          56.3878599
        ],
        [
          37.4980299,
          56.38798
        ],
        [
          37.49799,
          56.38804
        ],
        [
          37.49795,
          56.3881
        ],
        [
          37.4979099,
          56.38817
        ],
        [
          37.49788,
          56.38823
        ],
        [
          37.49783,
          56.3882899
        ],
        [
          37.49783,
          56.3882899
        ],
        [
          37.49779,
          56.3883499
        ],
        [
          37.49775,
          56.3884099
        ],
        [
          37.4977099,
          56.38847
        ],
        [
          37.4976699,
          56.3885199
        ],
        [
          37.49763,
          56.38859
        ],
        [
          37.49759,
          56.3886499
        ],
        [
          37.49755,
          56.3887099
        ],
        [
          37.4975099,
          56.38876
        ],
        [
          37.49747,
          56.38882
        ],
        [
          37.49742,
          56.3888799
        ],
        [
          37.49736,
          56.38893
        ],
        [
          37.4973,
          56.3889799
        ],
        [
          37.49723,
          56.38903
        ],
        [
          37.4971499,
          56.38908
        ],
        [
          37.49709,
          56.38913
        ],
        [
          37.4970199,
          56.38919
        ],
        [
          37.4969499,
          56.3892399
        ],
        [
          37.4968199,
          56.38935
        ],
        [
          37.4968199,
          56.38935
        ],
        [
          37.4966899,
          56.3894599
        ],
        [
          37.49663,
          56.38952
        ],
        [
          37.49663,
          56.38952
        ],
        [
          37.4965899,
          56.38958
        ],
        [
          37.49657,
          56.38964
        ],
        [
          37.49657,
          56.38977
        ],
        [
          37.49657,
          56.3898299
        ],
        [
          37.49657,
          56.3898299
        ],
        [
          37.49658,
          56.3898899
        ],
        [
          37.49658,
          56.38995
        ],
        [
          37.4965899,
          56.3900199
        ],
        [
          37.49657,
          56.39008
        ],
        [
          37.49655,
          56.3901499
        ],
        [
          37.4965199,
          56.39021
        ],
        [
          37.49648,
          56.39027
        ],
        [
          37.49644,
          56.39033
        ],
        [
          37.49641,
          56.3904
        ],
        [
          37.49637,
          56.39046
        ],
        [
          37.4963299,
          56.3905199
        ],
        [
          37.49628,
          56.3905799
        ],
        [
          37.49624,
          56.3906499
        ],
        [
          37.4961999,
          56.3907099
        ],
        [
          37.4961599,
          56.3907799
        ],
        [
          37.49612,
          56.3908399
        ],
        [
          37.49608,
          56.3909
        ],
        [
          37.4959999,
          56.39102
        ],
        [
          37.49596,
          56.3910699
        ],
        [
          37.49591,
          56.39113
        ],
        [
          37.49588,
          56.39119
        ],
        [
          37.4958399,
          56.39126
        ],
        [
          37.4958399,
          56.39126
        ],
        [
          37.4957999,
          56.39132
        ],
        [
          37.49575,
          56.39138
        ],
        [
          37.49572,
          56.3914399
        ],
        [
          37.4956699,
          56.3914999
        ],
        [
          37.49563,
          56.39156
        ],
        [
          37.49559,
          56.39161
        ],
        [
          37.49556,
          56.39168
        ],
        [
          37.49552,
          56.3917299
        ],
        [
          37.4954799,
          56.39179
        ],
        [
          37.4954399,
          56.39184
        ],
        [
          37.4954,
          56.3918999
        ],
        [
          37.49536,
          56.39194
        ],
        [
          37.49533,
          56.39197
        ],
        [
          37.49532,
          56.39198
        ],
        [
          37.49532,
          56.39198
        ],
        [
          37.49532,
          56.39198
        ],
        [
          37.49532,
          56.39198
        ],
        [
          37.49532,
          56.39198
        ],
        [
          37.49532,
          56.39198
        ],
        [
          37.49529,
          56.3920199
        ],
        [
          37.49527,
          56.39205
        ],
        [
          37.4952499,
          56.39208
        ],
        [
          37.4952499,
          56.39208
        ],
        [
          37.49522,
          56.39211
        ],
        [
          37.49519,
          56.39215
        ],
        [
          37.49517,
          56.3921899
        ],
        [
          37.4951399,
          56.39224
        ],
        [
          37.4951099,
          56.3922899
        ],
        [
          37.4950799,
          56.39234
        ],
        [
          37.49504,
          56.3923899
        ],
        [
          37.495,
          56.3924499
        ],
        [
          37.49496,
          56.3925
        ],
        [
          37.49493,
          56.39256
        ],
        [
          37.4948899,
          56.39263
        ],
        [
          37.4948499,
          56.39269
        ],
        [
          37.49481,
          56.3927499
        ],
        [
          37.49477,
          56.3928199
        ],
        [
          37.49473,
          56.39287
        ],
        [
          37.4946899,
          56.39292
        ],
        [
          37.4946499,
          56.39297
        ],
        [
          37.4946199,
          56.39302
        ],
        [
          37.4945899,
          56.39307
        ],
        [
          37.49453,
          56.3931699
        ],
        [
          37.49451,
          56.3932099
        ],
        [
          37.49448,
          56.39325
        ],
        [
          37.49445,
          56.3933
        ],
        [
          37.49441,
          56.39335
        ],
        [
          37.49438,
          56.3933999
        ],
        [
          37.49435,
          56.39345
        ],
        [
          37.49435,
          56.39345
        ],
        [
          37.4943199,
          56.3935099
        ],
        [
          37.49428,
          56.39356
        ],
        [
          37.49425,
          56.3935999
        ],
        [
          37.49422,
          56.39365
        ],
        [
          37.4941899,
          56.3936999
        ],
        [
          37.4941599,
          56.39375
        ],
        [
          37.49412,
          56.3937999
        ],
        [
          37.49408,
          56.39385
        ],
        [
          37.49405,
          56.3938999
        ],
        [
          37.49402,
          56.39395
        ],
        [
          37.49398,
          56.39401
        ],
        [
          37.49395,
          56.3940599
        ],
        [
          37.49392,
          56.39411
        ],
        [
          37.49388,
          56.39417
        ],
        [
          37.49384,
          56.3942199
        ],
        [
          37.4937999,
          56.39428
        ],
        [
          37.4937699,
          56.3943299
        ],
        [
          37.4937299,
          56.3943899
        ],
        [
          37.49369,
          56.39444
        ],
        [
          37.49366,
          56.3945
        ],
        [
          37.4936299,
          56.3945499
        ],
        [
          37.4935999,
          56.3946
        ],
        [
          37.4935699,
          56.39464
        ],
        [
          37.49355,
          56.3946799
        ],
        [
          37.49352,
          56.39471
        ],
        [
          37.4934699,
          56.3947799
        ],
        [
          37.49345,
          56.39481
        ],
        [
          37.49345,
          56.39481
        ],
        [
          37.49342,
          56.3948499
        ],
        [
          37.49339,
          56.3948799
        ],
        [
          37.49336,
          56.39493
        ],
        [
          37.49333,
          56.39497
        ],
        [
          37.49329,
          56.3950199
        ],
        [
          37.49326,
          56.3950799
        ],
        [
          37.49323,
          56.39513
        ],
        [
          37.49319,
          56.39519
        ],
        [
          37.49316,
          56.3952499
        ],
        [
          37.49313,
          56.3953
        ],
        [
          37.4931,
          56.39536
        ],
        [
          37.49306,
          56.3954099
        ],
        [
          37.49302,
          56.39546
        ],
        [
          37.4929799,
          56.3955099
        ],
        [
          37.4929499,
          56.39556
        ],
        [
          37.4929199,
          56.3956099
        ],
        [
          37.4928799,
          56.39566
        ],
        [
          37.4928099,
          56.39576
        ],
        [
          37.4927799,
          56.3957999
        ],
        [
          37.4927499,
          56.39585
        ],
        [
          37.4927199,
          56.39589
        ],
        [
          37.4926799,
          56.39594
        ],
        [
          37.4926799,
          56.39594
        ],
        [
          37.4926499,
          56.3959999
        ],
        [
          37.4926199,
          56.39605
        ],
        [
          37.4925799,
          56.3960999
        ],
        [
          37.49254,
          56.39614
        ],
        [
          37.49251,
          56.3961899
        ],
        [
          37.49248,
          56.39624
        ],
        [
          37.4924499,
          56.3962899
        ],
        [
          37.4924199,
          56.3963299
        ],
        [
          37.4923899,
          56.39638
        ],
        [
          37.4923599,
          56.3964299
        ],
        [
          37.4923199,
          56.39648
        ],
        [
          37.4922599,
          56.39658
        ],
        [
          37.4922599,
          56.39658
        ],
        [
          37.4922,
          56.39667
        ],
        [
          37.4922,
          56.39667
        ],
        [
          37.49214,
          56.39677
        ],
        [
          37.49214,
          56.39677
        ],
        [
          37.49207,
          56.39686
        ],
        [
          37.49204,
          56.39691
        ],
        [
          37.49201,
          56.39696
        ],
        [
          37.49201,
          56.39696
        ],
        [
          37.49198,
          56.3970099
        ],
        [
          37.49194,
          56.39706
        ],
        [
          37.49191,
          56.3971199
        ],
        [
          37.4918699,
          56.39717
        ],
        [
          37.49184,
          56.39722
        ],
        [
          37.4917999,
          56.39727
        ],
        [
          37.4917699,
          56.39732
        ],
        [
          37.4917299,
          56.39737
        ],
        [
          37.4916999,
          56.39743
        ],
        [
          37.49166,
          56.3974699
        ],
        [
          37.49162,
          56.39753
        ],
        [
          37.49158,
          56.3975799
        ],
        [
          37.49155,
          56.39763
        ],
        [
          37.49152,
          56.39768
        ],
        [
          37.49149,
          56.39773
        ],
        [
          37.49145,
          56.39778
        ],
        [
          37.49142,
          56.39782
        ],
        [
          37.49139,
          56.3978699
        ],
        [
          37.4913399,
          56.3979699
        ],
        [
          37.4913399,
          56.3979699
        ],
        [
          37.4912699,
          56.39808
        ],
        [
          37.49123,
          56.3981299
        ],
        [
          37.4912,
          56.39818
        ],
        [
          37.4912,
          56.39818
        ],
        [
          37.49113,
          56.3982899
        ],
        [
          37.49113,
          56.3982899
        ],
        [
          37.4911,
          56.39834
        ],
        [
          37.49106,
          56.3983999
        ],
        [
          37.49103,
          56.39845
        ],
        [
          37.49103,
          56.39845
        ],
        [
          37.49096,
          56.39855
        ],
        [
          37.49096,
          56.39855
        ],
        [
          37.49092,
          56.39861
        ],
        [
          37.4908399,
          56.39871
        ],
        [
          37.4908,
          56.39877
        ],
        [
          37.49076,
          56.3988199
        ],
        [
          37.49073,
          56.39887
        ],
        [
          37.49069,
          56.39893
        ],
        [
          37.49066,
          56.3989799
        ],
        [
          37.4906199,
          56.39903
        ],
        [
          37.4905799,
          56.3990899
        ],
        [
          37.4905799,
          56.3990899
        ],
        [
          37.4905,
          56.39919
        ],
        [
          37.49046,
          56.39924
        ],
        [
          37.4904199,
          56.39929
        ],
        [
          37.49037,
          56.3993399
        ],
        [
          37.49033,
          56.39939
        ],
        [
          37.49024,
          56.3994799
        ],
        [
          37.49024,
          56.3994799
        ],
        [
          37.49014,
          56.3995699
        ],
        [
          37.49008,
          56.3996099
        ],
        [
          37.4900199,
          56.39966
        ],
        [
          37.4900199,
          56.39966
        ],
        [
          37.48998,
          56.3997
        ],
        [
          37.48992,
          56.39975
        ],
        [
          37.48987,
          56.39979
        ],
        [
          37.48982,
          56.39983
        ],
        [
          37.48977,
          56.39988
        ],
        [
          37.48977,
          56.39988
        ],
        [
          37.4896699,
          56.39996
        ],
        [
          37.48961,
          56.40001
        ],
        [
          37.4895599,
          56.40005
        ],
        [
          37.48951,
          56.40009
        ],
        [
          37.48946,
          56.4001299
        ],
        [
          37.48941,
          56.40018
        ],
        [
          37.48936,
          56.40022
        ],
        [
          37.48932,
          56.4002699
        ],
        [
          37.48928,
          56.40032
        ],
        [
          37.48925,
          56.4003699
        ],
        [
          37.48922,
          56.40041
        ],
        [
          37.48919,
          56.4004599
        ],
        [
          37.48915,
          56.40051
        ],
        [
          37.48912,
          56.4005599
        ],
        [
          37.48906,
          56.4006599
        ],
        [
          37.48903,
          56.40071
        ],
        [
          37.48903,
          56.40071
        ],
        [
          37.48896,
          56.40081
        ],
        [
          37.48893,
          56.4008599
        ],
        [
          37.48889,
          56.4009
        ],
        [
          37.4888499,
          56.4009499
        ],
        [
          37.4888499,
          56.4009499
        ],
        [
          37.48882,
          56.401
        ],
        [
          37.48879,
          56.4010499
        ],
        [
          37.48879,
          56.4010499
        ],
        [
          37.48872,
          56.4011499
        ],
        [
          37.48869,
          56.4012
        ],
        [
          37.48866,
          56.4012499
        ],
        [
          37.48863,
          56.4013
        ],
        [
          37.4886,
          56.4013499
        ],
        [
          37.48857,
          56.4014099
        ],
        [
          37.48853,
          56.40146
        ],
        [
          37.48849,
          56.4015099
        ],
        [
          37.48846,
          56.40156
        ],
        [
          37.48843,
          56.4016099
        ],
        [
          37.4883899,
          56.40166
        ],
        [
          37.4883199,
          56.4017699
        ],
        [
          37.4882899,
          56.40182
        ],
        [
          37.4882499,
          56.4018699
        ],
        [
          37.4882199,
          56.40192
        ],
        [
          37.4882199,
          56.40192
        ],
        [
          37.48818,
          56.4019699
        ],
        [
          37.48814,
          56.40202
        ],
        [
          37.48811,
          56.4020699
        ],
        [
          37.4880599,
          56.40212
        ],
        [
          37.48803,
          56.4021699
        ],
        [
          37.48798,
          56.40222
        ],
        [
          37.48794,
          56.4022699
        ],
        [
          37.4878899,
          56.40231
        ],
        [
          37.48784,
          56.4023599
        ],
        [
          37.4877899,
          56.40241
        ],
        [
          37.48774,
          56.4024599
        ],
        [
          37.48771,
          56.40251
        ],
        [
          37.48771,
          56.40251
        ],
        [
          37.4876599,
          56.40262
        ],
        [
          37.48764,
          56.40268
        ],
        [
          37.4875899,
          56.4027899
        ],
        [
          37.4875699,
          56.40285
        ],
        [
          37.48755,
          56.40291
        ],
        [
          37.48752,
          56.4029599
        ],
        [
          37.4874999,
          56.4030199
        ],
        [
          37.4874999,
          56.4030199
        ],
        [
          37.48749,
          56.40308
        ],
        [
          37.4874699,
          56.40313
        ],
        [
          37.48745,
          56.4031899
        ],
        [
          37.4874299,
          56.4032499
        ],
        [
          37.48741,
          56.4033
        ],
        [
          37.48739,
          56.40336
        ],
        [
          37.4873699,
          56.4034199
        ],
        [
          37.48735,
          56.40347
        ],
        [
          37.4873399,
          56.40353
        ],
        [
          37.48732,
          56.40359
        ],
        [
          37.4872999,
          56.4036499
        ],
        [
          37.48728,
          56.4037
        ],
        [
          37.48726,
          56.40376
        ],
        [
          37.4872299,
          56.4038099
        ],
        [
          37.48721,
          56.4038699
        ],
        [
          37.48719,
          56.40393
        ],
        [
          37.4871699,
          56.40399
        ],
        [
          37.48715,
          56.4040399
        ],
        [
          37.48713,
          56.4040999
        ],
        [
          37.4870999,
          56.40415
        ],
        [
          37.48708,
          56.4042099
        ],
        [
          37.48702,
          56.40432
        ],
        [
          37.48702,
          56.40432
        ],
        [
          37.48699,
          56.4044299
        ],
        [
          37.4869699,
          56.40448
        ],
        [
          37.4869399,
          56.4045299
        ],
        [
          37.48692,
          56.40459
        ],
        [
          37.48692,
          56.40459
        ],
        [
          37.48689,
          56.40464
        ],
        [
          37.48686,
          56.40469
        ],
        [
          37.48686,
          56.40469
        ],
        [
          37.4868,
          56.4047999
        ],
        [
          37.4867799,
          56.4048599
        ],
        [
          37.4867399,
          56.40491
        ],
        [
          37.4867099,
          56.4049599
        ],
        [
          37.48667,
          56.40501
        ],
        [
          37.48663,
          56.4050599
        ],
        [
          37.48659,
          56.40511
        ],
        [
          37.4865499,
          56.4051599
        ],
        [
          37.48652,
          56.40521
        ],
        [
          37.4864799,
          56.4052599
        ],
        [
          37.48643,
          56.4053199
        ],
        [
          37.48639,
          56.40537
        ],
        [
          37.4863499,
          56.40543
        ],
        [
          37.4863099,
          56.4054799
        ],
        [
          37.48627,
          56.40554
        ],
        [
          37.48623,
          56.4056
        ],
        [
          37.4861499,
          56.4057099
        ],
        [
          37.4861499,
          56.4057099
        ],
        [
          37.48607,
          56.4058099
        ],
        [
          37.48603,
          56.40587
        ],
        [
          37.486,
          56.40592
        ],
        [
          37.48597,
          56.4059799
        ],
        [
          37.48594,
          56.40603
        ],
        [
          37.48594,
          56.40603
        ],
        [
          37.4859,
          56.40609
        ],
        [
          37.48587,
          56.40615
        ],
        [
          37.4858299,
          56.4062
        ],
        [
          37.4858,
          56.40626
        ],
        [
          37.4858,
          56.40626
        ],
        [
          37.4857299,
          56.40636
        ],
        [
          37.4856899,
          56.4064099
        ],
        [
          37.4856599,
          56.40646
        ],
        [
          37.48562,
          56.40651
        ],
        [
          37.4855899,
          56.40656
        ],
        [
          37.48557,
          56.4065999
        ],
        [
          37.4855299,
          56.40665
        ],
        [
          37.4854999,
          56.40669
        ],
        [
          37.48547,
          56.40674
        ],
        [
          37.48544,
          56.40679
        ],
        [
          37.48541,
          56.40684
        ],
        [
          37.48538,
          56.40688
        ],
        [
          37.48538,
          56.40688
        ],
        [
          37.48532,
          56.40698
        ],
        [
          37.48529,
          56.4070299
        ],
        [
          37.4852299,
          56.4071199
        ],
        [
          37.48519,
          56.4071599
        ],
        [
          37.48516,
          56.4072
        ],
        [
          37.4851299,
          56.40725
        ],
        [
          37.4851299,
          56.40725
        ],
        [
          37.4850999,
          56.4072899
        ],
        [
          37.4850699,
          56.40733
        ],
        [
          37.4850399,
          56.40738
        ],
        [
          37.48502,
          56.4074199
        ],
        [
          37.48499,
          56.40747
        ],
        [
          37.48495,
          56.40751
        ],
        [
          37.48492,
          56.40756
        ],
        [
          37.48489,
          56.4076
        ],
        [
          37.48486,
          56.40764
        ],
        [
          37.48483,
          56.4076899
        ],
        [
          37.4847999,
          56.40773
        ],
        [
          37.4847699,
          56.40777
        ],
        [
          37.4847399,
          56.4078199
        ],
        [
          37.4846799,
          56.4079
        ],
        [
          37.48465,
          56.4079499
        ],
        [
          37.48462,
          56.40799
        ],
        [
          37.4845799,
          56.4080399
        ],
        [
          37.4845799,
          56.4080399
        ],
        [
          37.4845499,
          56.40809
        ],
        [
          37.48452,
          56.40813
        ],
        [
          37.48449,
          56.4081799
        ],
        [
          37.4844499,
          56.40822
        ],
        [
          37.4844099,
          56.4082699
        ],
        [
          37.48437,
          56.40832
        ],
        [
          37.48434,
          56.40836
        ],
        [
          37.4843,
          56.4084099
        ],
        [
          37.48426,
          56.40846
        ],
        [
          37.48423,
          56.4084999
        ],
        [
          37.48419,
          56.40855
        ],
        [
          37.4841499,
          56.40859
        ],
        [
          37.4841199,
          56.4086399
        ],
        [
          37.4840799,
          56.40869
        ],
        [
          37.4840499,
          56.4087299
        ],
        [
          37.4839799,
          56.40881
        ],
        [
          37.4839799,
          56.40881
        ],
        [
          37.48391,
          56.4088999
        ],
        [
          37.48391,
          56.4088999
        ],
        [
          37.48384,
          56.40899
        ],
        [
          37.4838,
          56.40904
        ],
        [
          37.4838,
          56.40904
        ],
        [
          37.4837599,
          56.4090899
        ],
        [
          37.4837599,
          56.4090899
        ],
        [
          37.48368,
          56.40918
        ],
        [
          37.4836299,
          56.4092299
        ],
        [
          37.4835899,
          56.40928
        ],
        [
          37.48355,
          56.4093299
        ],
        [
          37.4835199,
          56.40937
        ],
        [
          37.48348,
          56.4094199
        ],
        [
          37.48344,
          56.40947
        ],
        [
          37.4833999,
          56.4095199
        ],
        [
          37.4833599,
          56.40957
        ],
        [
          37.48332,
          56.4096199
        ],
        [
          37.48328,
          56.40967
        ],
        [
          37.4832299,
          56.4097199
        ],
        [
          37.4831999,
          56.40977
        ],
        [
          37.48315,
          56.4098199
        ],
        [
          37.48311,
          56.40987
        ],
        [
          37.48306,
          56.4099099
        ],
        [
          37.48302,
          56.40996
        ],
        [
          37.48298,
          56.4100099
        ],
        [
          37.4828999,
          56.41012
        ],
        [
          37.48286,
          56.41017
        ],
        [
          37.48286,
          56.41017
        ],
        [
          37.48278,
          56.41027
        ],
        [
          37.48273,
          56.41032
        ],
        [
          37.4826999,
          56.4103799
        ],
        [
          37.4826999,
          56.4103799
        ],
        [
          37.48265,
          56.41042
        ],
        [
          37.4826099,
          56.4104699
        ],
        [
          37.48256,
          56.41052
        ],
        [
          37.48252,
          56.4105699
        ],
        [
          37.4824799,
          56.41062
        ],
        [
          37.48243,
          56.4106699
        ],
        [
          37.48239,
          56.4107099
        ],
        [
          37.4823399,
          56.41076
        ],
        [
          37.4823,
          56.41081
        ],
        [
          37.4822499,
          56.41086
        ],
        [
          37.4822099,
          56.41091
        ],
        [
          37.48216,
          56.4109599
        ],
        [
          37.4821199,
          56.41101
        ],
        [
          37.48207,
          56.4110599
        ],
        [
          37.48203,
          56.41111
        ],
        [
          37.48203,
          56.41111
        ],
        [
          37.4819799,
          56.4111599
        ],
        [
          37.4818799,
          56.4112599
        ],
        [
          37.4817899,
          56.4113599
        ],
        [
          37.4817499,
          56.41141
        ],
        [
          37.4817,
          56.41145
        ],
        [
          37.4816499,
          56.4115
        ],
        [
          37.4816,
          56.41155
        ],
        [
          37.4815599,
          56.4116
        ],
        [
          37.48151,
          56.4116499
        ],
        [
          37.48151,
          56.4116499
        ],
        [
          37.48147,
          56.4116899
        ],
        [
          37.4814199,
          56.41174
        ],
        [
          37.48137,
          56.4117899
        ],
        [
          37.48132,
          56.41184
        ],
        [
          37.48127,
          56.4118899
        ],
        [
          37.48122,
          56.41194
        ],
        [
          37.48117,
          56.4119799
        ],
        [
          37.4811299,
          56.41203
        ],
        [
          37.48108,
          56.4120799
        ],
        [
          37.4810299,
          56.41213
        ],
        [
          37.48098,
          56.4121799
        ],
        [
          37.4809299,
          56.41223
        ],
        [
          37.48088,
          56.41227
        ],
        [
          37.4808399,
          56.41232
        ],
        [
          37.48079,
          56.41237
        ],
        [
          37.48079,
          56.41237
        ],
        [
          37.48068,
          56.41246
        ],
        [
          37.48063,
          56.4125099
        ],
        [
          37.48058,
          56.41256
        ],
        [
          37.48053,
          56.4126099
        ],
        [
          37.4804799,
          56.41265
        ],
        [
          37.48042,
          56.4126999
        ],
        [
          37.4803699,
          56.41275
        ],
        [
          37.48026,
          56.4128399
        ],
        [
          37.4802099,
          56.41289
        ],
        [
          37.4802099,
          56.41289
        ],
        [
          37.4801,
          56.4129999
        ],
        [
          37.4800499,
          56.41305
        ],
        [
          37.4800499,
          56.41305
        ],
        [
          37.47999,
          56.4130999
        ],
        [
          37.47993,
          56.41315
        ],
        [
          37.47987,
          56.4131999
        ],
        [
          37.47981,
          56.41324
        ],
        [
          37.47976,
          56.4132999
        ],
        [
          37.47971,
          56.41335
        ],
        [
          37.47966,
          56.4133999
        ],
        [
          37.4796,
          56.41345
        ],
        [
          37.4795499,
          56.4134999
        ],
        [
          37.4794899,
          56.41355
        ],
        [
          37.47944,
          56.4136
        ],
        [
          37.47938,
          56.41365
        ],
        [
          37.4793199,
          56.4137
        ],
        [
          37.4792599,
          56.41375
        ],
        [
          37.47921,
          56.4138
        ],
        [
          37.4791599,
          56.4138499
        ],
        [
          37.4790999,
          56.4139
        ],
        [
          37.4789999,
          56.414
        ],
        [
          37.4789999,
          56.414
        ],
        [
          37.47894,
          56.4140499
        ],
        [
          37.47888,
          56.4141
        ],
        [
          37.47882,
          56.4141499
        ],
        [
          37.47875,
          56.4142
        ],
        [
          37.4786999,
          56.4142499
        ],
        [
          37.47865,
          56.4143
        ],
        [
          37.47859,
          56.4143499
        ],
        [
          37.47853,
          56.4144
        ],
        [
          37.4784699,
          56.4144499
        ],
        [
          37.4784099,
          56.4145
        ],
        [
          37.47835,
          56.4145399
        ],
        [
          37.47829,
          56.41459
        ],
        [
          37.47823,
          56.4146399
        ],
        [
          37.47816,
          56.41469
        ],
        [
          37.4781,
          56.4147399
        ],
        [
          37.47799,
          56.4148399
        ],
        [
          37.47793,
          56.41489
        ],
        [
          37.47793,
          56.41489
        ],
        [
          37.47787,
          56.41493
        ],
        [
          37.4778099,
          56.41498
        ],
        [
          37.4777499,
          56.41503
        ],
        [
          37.4777,
          56.41508
        ],
        [
          37.47764,
          56.41512
        ],
        [
          37.47764,
          56.41512
        ],
        [
          37.4775799,
          56.4151699
        ],
        [
          37.4775199,
          56.41522
        ],
        [
          37.4774599,
          56.4152699
        ],
        [
          37.47741,
          56.41531
        ],
        [
          37.4773499,
          56.4153599
        ],
        [
          37.4772899,
          56.4153999
        ],
        [
          37.4772299,
          56.41544
        ],
        [
          37.47717,
          56.4154899
        ],
        [
          37.47711,
          56.41554
        ],
        [
          37.47705,
          56.4155899
        ],
        [
          37.4769899,
          56.4156299
        ],
        [
          37.47692,
          56.41567
        ],
        [
          37.47688,
          56.41571
        ],
        [
          37.4768299,
          56.41575
        ],
        [
          37.4767299,
          56.4158199
        ],
        [
          37.47668,
          56.4158599
        ],
        [
          37.47664,
          56.4158899
        ],
        [
          37.4765999,
          56.4159199
        ],
        [
          37.4765999,
          56.4159199
        ],
        [
          37.47652,
          56.4159899
        ],
        [
          37.47652,
          56.4159899
        ],
        [
          37.4764699,
          56.4160199
        ],
        [
          37.4764299,
          56.4160599
        ],
        [
          37.47638,
          56.4160899
        ],
        [
          37.47632,
          56.41613
        ],
        [
          37.4762699,
          56.41616
        ],
        [
          37.47622,
          56.4162
        ],
        [
          37.47616,
          56.41623
        ],
        [
          37.4761,
          56.41626
        ],
        [
          37.4760399,
          56.4162899
        ],
        [
          37.47599,
          56.41633
        ],
        [
          37.47593,
          56.41636
        ],
        [
          37.47587,
          56.41639
        ],
        [
          37.4758099,
          56.41643
        ],
        [
          37.4757499,
          56.41646
        ],
        [
          37.4756799,
          56.4164799
        ],
        [
          37.4756099,
          56.4165099
        ],
        [
          37.4755199,
          56.41653
        ],
        [
          37.47544,
          56.4165499
        ],
        [
          37.47537,
          56.41656
        ],
        [
          37.4753,
          56.4165799
        ],
        [
          37.47523,
          56.4166
        ],
        [
          37.4751199,
          56.4166499
        ],
        [
          37.4751199,
          56.4166499
        ],
        [
          37.47504,
          56.4167
        ],
        [
          37.47504,
          56.4167
        ],
        [
          37.475,
          56.41673
        ],
        [
          37.47495,
          56.41679
        ],
        [
          37.47495,
          56.41679
        ],
        [
          37.4749199,
          56.41682
        ],
        [
          37.4749,
          56.41685
        ],
        [
          37.47487,
          56.4168799
        ],
        [
          37.47484,
          56.4169099
        ],
        [
          37.47482,
          56.4169399
        ],
        [
          37.4747899,
          56.4169699
        ],
        [
          37.47477,
          56.4169999
        ],
        [
          37.47475,
          56.4170399
        ],
        [
          37.47472,
          56.41708
        ],
        [
          37.4746999,
          56.4171099
        ],
        [
          37.47468,
          56.4171399
        ],
        [
          37.4746599,
          56.4171699
        ],
        [
          37.47464,
          56.4171999
        ],
        [
          37.47461,
          56.4172299
        ],
        [
          37.47459,
          56.41726
        ],
        [
          37.4745599,
          56.4172999
        ],
        [
          37.47451,
          56.4173699
        ],
        [
          37.47449,
          56.41741
        ],
        [
          37.4744599,
          56.41744
        ],
        [
          37.4744599,
          56.41744
        ],
        [
          37.4744299,
          56.41748
        ],
        [
          37.47439,
          56.41752
        ],
        [
          37.47435,
          56.4175599
        ],
        [
          37.47431,
          56.41759
        ],
        [
          37.47426,
          56.4176299
        ],
        [
          37.47422,
          56.4176599
        ],
        [
          37.4741699,
          56.4176999
        ],
        [
          37.47412,
          56.4177299
        ],
        [
          37.47409,
          56.4177599
        ],
        [
          37.47406,
          56.4177899
        ],
        [
          37.4740399,
          56.41781
        ],
        [
          37.4740399,
          56.41781
        ],
        [
          37.4740399,
          56.41781
        ],
        [
          37.4740099,
          56.41784
        ],
        [
          37.47399,
          56.41785
        ],
        [
          37.4739699,
          56.4178599
        ],
        [
          37.47395,
          56.41788
        ],
        [
          37.47392,
          56.4179
        ],
        [
          37.4739,
          56.4179199
        ],
        [
          37.4738699,
          56.41794
        ],
        [
          37.4738399,
          56.4179599
        ],
        [
          37.4738,
          56.4179899
        ],
        [
          37.47377,
          56.41801
        ],
        [
          37.4737399,
          56.4180299
        ],
        [
          37.4737,
          56.4180599
        ],
        [
          37.47366,
          56.41808
        ],
        [
          37.47363,
          56.41811
        ],
        [
          37.47359,
          56.41813
        ],
        [
          37.47356,
          56.4181599
        ],
        [
          37.4735199,
          56.4181899
        ],
        [
          37.4734799,
          56.4182199
        ],
        [
          37.47344,
          56.4182499
        ],
        [
          37.4734,
          56.4182799
        ],
        [
          37.4733499,
          56.41831
        ],
        [
          37.4733,
          56.41834
        ],
        [
          37.47321,
          56.41841
        ],
        [
          37.47317,
          56.4184499
        ],
        [
          37.4731199,
          56.4184899
        ],
        [
          37.4731199,
          56.4184899
        ],
        [
          37.47308,
          56.4185199
        ],
        [
          37.47303,
          56.41856
        ],
        [
          37.47298,
          56.41859
        ],
        [
          37.4729199,
          56.41863
        ],
        [
          37.47287,
          56.41867
        ],
        [
          37.4728199,
          56.4187099
        ],
        [
          37.4727599,
          56.4187499
        ],
        [
          37.47271,
          56.41879
        ],
        [
          37.4726599,
          56.4188399
        ],
        [
          37.4725999,
          56.41889
        ],
        [
          37.4725299,
          56.41893
        ],
        [
          37.4724699,
          56.4189699
        ],
        [
          37.4723999,
          56.41902
        ],
        [
          37.47234,
          56.41906
        ],
        [
          37.4722699,
          56.4191
        ],
        [
          37.47221,
          56.41915
        ],
        [
          37.47215,
          56.4191999
        ],
        [
          37.47202,
          56.41929
        ],
        [
          37.47202,
          56.41929
        ],
        [
          37.47195,
          56.4193399
        ],
        [
          37.47182,
          56.4194299
        ],
        [
          37.47175,
          56.41948
        ],
        [
          37.47175,
          56.41948
        ],
        [
          37.4716799,
          56.4195299
        ],
        [
          37.4716099,
          56.41958
        ],
        [
          37.4715499,
          56.4196299
        ],
        [
          37.4714799,
          56.41968
        ],
        [
          37.4714099,
          56.4197299
        ],
        [
          37.47134,
          56.41978
        ],
        [
          37.47127,
          56.4198299
        ],
        [
          37.4712,
          56.41988
        ],
        [
          37.4711199,
          56.4199299
        ],
        [
          37.4710499,
          56.41998
        ],
        [
          37.4709899,
          56.4200299
        ],
        [
          37.4709199,
          56.42008
        ],
        [
          37.4708499,
          56.4201299
        ],
        [
          37.47078,
          56.42018
        ],
        [
          37.47071,
          56.42023
        ],
        [
          37.4706299,
          56.42028
        ],
        [
          37.4705599,
          56.42033
        ],
        [
          37.4704899,
          56.42038
        ],
        [
          37.47041,
          56.42044
        ],
        [
          37.47034,
          56.4204899
        ],
        [
          37.4702599,
          56.42054
        ],
        [
          37.47012,
          56.4206499
        ],
        [
          37.47012,
          56.4206499
        ],
        [
          37.46999,
          56.4207499
        ],
        [
          37.4699099,
          56.4208099
        ],
        [
          37.4698399,
          56.4208499
        ],
        [
          37.46978,
          56.4209
        ],
        [
          37.46972,
          56.4209499
        ],
        [
          37.46972,
          56.4209499
        ],
        [
          37.46965,
          56.4210099
        ],
        [
          37.46959,
          56.42106
        ],
        [
          37.46952,
          56.4211
        ],
        [
          37.4694499,
          56.42116
        ],
        [
          37.46939,
          56.4212099
        ],
        [
          37.46933,
          56.42126
        ],
        [
          37.46926,
          56.4213099
        ],
        [
          37.46919,
          56.42136
        ],
        [
          37.4691199,
          56.4214099
        ],
        [
          37.4690499,
          56.42145
        ],
        [
          37.4689799,
          56.4214999
        ],
        [
          37.46891,
          56.42155
        ],
        [
          37.4688499,
          56.4215999
        ],
        [
          37.46878,
          56.42165
        ],
        [
          37.4687199,
          56.4216999
        ],
        [
          37.4686499,
          56.42175
        ],
        [
          37.46858,
          56.4217999
        ],
        [
          37.46851,
          56.42185
        ],
        [
          37.46845,
          56.4218999
        ],
        [
          37.46838,
          56.42194
        ],
        [
          37.46831,
          56.4219899
        ],
        [
          37.4681699,
          56.4220899
        ],
        [
          37.4680999,
          56.42214
        ],
        [
          37.4680299,
          56.4221899
        ],
        [
          37.46796,
          56.42224
        ],
        [
          37.46796,
          56.42224
        ],
        [
          37.4678999,
          56.4222899
        ],
        [
          37.4678299,
          56.42234
        ],
        [
          37.46776,
          56.4223899
        ],
        [
          37.46769,
          56.42244
        ],
        [
          37.46762,
          56.4224899
        ],
        [
          37.46756,
          56.4225499
        ],
        [
          37.46749,
          56.4226
        ],
        [
          37.4674099,
          56.4226499
        ],
        [
          37.4673399,
          56.4227
        ],
        [
          37.46727,
          56.4227499
        ],
        [
          37.4672,
          56.4228
        ],
        [
          37.46713,
          56.4228499
        ],
        [
          37.46706,
          56.4229
        ],
        [
          37.467,
          56.42294
        ],
        [
          37.46693,
          56.423
        ],
        [
          37.46686,
          56.4230499
        ],
        [
          37.4667899,
          56.42309
        ],
        [
          37.4667199,
          56.4231399
        ],
        [
          37.4666599,
          56.4232
        ],
        [
          37.4665899,
          56.42325
        ],
        [
          37.46651,
          56.4233
        ],
        [
          37.46644,
          56.4233399
        ],
        [
          37.4663599,
          56.42339
        ],
        [
          37.4662899,
          56.4234399
        ],
        [
          37.46614,
          56.4235399
        ],
        [
          37.4660699,
          56.42359
        ],
        [
          37.4659999,
          56.42363
        ],
        [
          37.4659999,
          56.42363
        ],
        [
          37.4659299,
          56.42368
        ],
        [
          37.4658599,
          56.4237399
        ],
        [
          37.46579,
          56.42379
        ],
        [
          37.46572,
          56.4238399
        ],
        [
          37.46565,
          56.42389
        ],
        [
          37.46558,
          56.4239299
        ],
        [
          37.46552,
          56.42398
        ],
        [
          37.46545,
          56.4240299
        ],
        [
          37.4653799,
          56.42408
        ],
        [
          37.4653099,
          56.4241299
        ],
        [
          37.46525,
          56.42418
        ],
        [
          37.4651799,
          56.42422
        ],
        [
          37.4651099,
          56.42427
        ],
        [
          37.4650499,
          56.4243199
        ],
        [
          37.4649199,
          56.42441
        ],
        [
          37.46486,
          56.4244599
        ],
        [
          37.46479,
          56.42451
        ],
        [
          37.46479,
          56.42451
        ],
        [
          37.4647199,
          56.4245499
        ],
        [
          37.46466,
          56.4246
        ],
        [
          37.4646,
          56.4246499
        ],
        [
          37.46453,
          56.4246899
        ],
        [
          37.46447,
          56.42474
        ],
        [
          37.46441,
          56.4247899
        ],
        [
          37.46434,
          56.42484
        ],
        [
          37.46428,
          56.4248799
        ],
        [
          37.46421,
          56.42493
        ],
        [
          37.46415,
          56.4249799
        ],
        [
          37.4640899,
          56.42503
        ],
        [
          37.46402,
          56.42507
        ],
        [
          37.4639599,
          56.4251199
        ],
        [
          37.4638999,
          56.42517
        ],
        [
          37.46384,
          56.42522
        ],
        [
          37.46378,
          56.42527
        ],
        [
          37.46371,
          56.4253099
        ],
        [
          37.46365,
          56.42536
        ],
        [
          37.46359,
          56.4254099
        ],
        [
          37.46352,
          56.42545
        ],
        [
          37.46346,
          56.4255
        ],
        [
          37.46339,
          56.42555
        ],
        [
          37.46326,
          56.4256399
        ],
        [
          37.4632,
          56.42569
        ],
        [
          37.46313,
          56.4257399
        ],
        [
          37.46313,
          56.4257399
        ],
        [
          37.4630699,
          56.42578
        ],
        [
          37.463,
          56.4258299
        ],
        [
          37.4629399,
          56.4258699
        ],
        [
          37.46287,
          56.42592
        ],
        [
          37.4628099,
          56.4259699
        ],
        [
          37.4627499,
          56.42602
        ],
        [
          37.4626799,
          56.4260699
        ],
        [
          37.46261,
          56.42612
        ],
        [
          37.4625499,
          56.4261699
        ],
        [
          37.4624799,
          56.42622
        ],
        [
          37.46241,
          56.42627
        ],
        [
          37.4623499,
          56.42632
        ],
        [
          37.46228,
          56.42637
        ],
        [
          37.46221,
          56.42642
        ],
        [
          37.46214,
          56.42647
        ],
        [
          37.46207,
          56.4265199
        ],
        [
          37.462,
          56.42657
        ],
        [
          37.4619299,
          56.4266199
        ],
        [
          37.4618599,
          56.42667
        ],
        [
          37.4617999,
          56.4267199
        ],
        [
          37.4617299,
          56.42677
        ],
        [
          37.4616599,
          56.4268199
        ],
        [
          37.4615299,
          56.4269199
        ],
        [
          37.4615299,
          56.4269199
        ],
        [
          37.4613999,
          56.42703
        ],
        [
          37.4613999,
          56.42703
        ],
        [
          37.46126,
          56.4271199
        ],
        [
          37.46126,
          56.4271199
        ],
        [
          37.46119,
          56.42717
        ],
        [
          37.46113,
          56.4272199
        ],
        [
          37.4610699,
          56.42727
        ],
        [
          37.46099,
          56.42732
        ],
        [
          37.46093,
          56.42737
        ],
        [
          37.46086,
          56.42742
        ],
        [
          37.46079,
          56.42747
        ],
        [
          37.46072,
          56.42752
        ],
        [
          37.46066,
          56.4275699
        ],
        [
          37.46059,
          56.42762
        ],
        [
          37.4605199,
          56.4276699
        ],
        [
          37.4604499,
          56.42772
        ],
        [
          37.4603799,
          56.4277699
        ],
        [
          37.4603199,
          56.42782
        ],
        [
          37.4602499,
          56.4278699
        ],
        [
          37.46017,
          56.42792
        ],
        [
          37.4601,
          56.42798
        ],
        [
          37.4600299,
          56.4280299
        ],
        [
          37.45997,
          56.42808
        ],
        [
          37.4599,
          56.42812
        ],
        [
          37.45982,
          56.4281699
        ],
        [
          37.4596899,
          56.42828
        ],
        [
          37.45962,
          56.42832
        ],
        [
          37.45955,
          56.42838
        ],
        [
          37.45948,
          56.4284299
        ],
        [
          37.45941,
          56.42848
        ],
        [
          37.45941,
          56.42848
        ],
        [
          37.4593399,
          56.4285299
        ],
        [
          37.4592699,
          56.42857
        ],
        [
          37.4591999,
          56.4286299
        ],
        [
          37.45913,
          56.42868
        ],
        [
          37.45905,
          56.4287199
        ],
        [
          37.4589699,
          56.4287599
        ],
        [
          37.4588699,
          56.4288
        ],
        [
          37.45879,
          56.42884
        ],
        [
          37.4587099,
          56.42888
        ],
        [
          37.45863,
          56.42893
        ],
        [
          37.45863,
          56.42893
        ],
        [
          37.4585199,
          56.42903
        ],
        [
          37.45846,
          56.4290899
        ],
        [
          37.4584,
          56.42914
        ],
        [
          37.45834,
          56.4291899
        ],
        [
          37.4582899,
          56.4292499
        ],
        [
          37.45823,
          56.4293
        ],
        [
          37.4581799,
          56.42936
        ],
        [
          37.4581199,
          56.4294099
        ],
        [
          37.4580599,
          56.42947
        ],
        [
          37.45801,
          56.42952
        ],
        [
          37.45794,
          56.42957
        ],
        [
          37.45787,
          56.42962
        ],
        [
          37.4577299,
          56.42972
        ],
        [
          37.4577299,
          56.42972
        ],
        [
          37.4576599,
          56.4297699
        ],
        [
          37.4575899,
          56.42983
        ],
        [
          37.45752,
          56.4298799
        ],
        [
          37.45745,
          56.42993
        ],
        [
          37.45739,
          56.4299699
        ],
        [
          37.45732,
          56.43002
        ],
        [
          37.45725,
          56.4300699
        ],
        [
          37.45718,
          56.43012
        ],
        [
          37.45712,
          56.4301699
        ],
        [
          37.45705,
          56.43022
        ],
        [
          37.45698,
          56.4302699
        ],
        [
          37.4569099,
          56.43032
        ],
        [
          37.4568399,
          56.43038
        ],
        [
          37.4567799,
          56.4304299
        ],
        [
          37.4567099,
          56.4304699
        ],
        [
          37.45663,
          56.43052
        ],
        [
          37.4565,
          56.43062
        ],
        [
          37.4565,
          56.43062
        ],
        [
          37.45636,
          56.4307299
        ],
        [
          37.45636,
          56.4307299
        ],
        [
          37.45629,
          56.43078
        ],
        [
          37.4562199,
          56.4308299
        ],
        [
          37.4561499,
          56.43088
        ],
        [
          37.4560899,
          56.4309199
        ],
        [
          37.4560199,
          56.43097
        ],
        [
          37.4559499,
          56.4310199
        ],
        [
          37.45588,
          56.43107
        ],
        [
          37.45581,
          56.4311199
        ],
        [
          37.4557499,
          56.43117
        ],
        [
          37.45568,
          56.4312199
        ],
        [
          37.4556199,
          56.43127
        ],
        [
          37.4555599,
          56.4313199
        ],
        [
          37.4554899,
          56.43137
        ],
        [
          37.45542,
          56.4314099
        ],
        [
          37.45535,
          56.43146
        ],
        [
          37.45529,
          56.4315099
        ],
        [
          37.45522,
          56.43156
        ],
        [
          37.45515,
          56.4316099
        ],
        [
          37.45509,
          56.43166
        ],
        [
          37.45502,
          56.4317099
        ],
        [
          37.45495,
          56.43176
        ],
        [
          37.45488,
          56.4318099
        ],
        [
          37.4548099,
          56.43186
        ],
        [
          37.45468,
          56.43195
        ],
        [
          37.4546099,
          56.432
        ],
        [
          37.4545399,
          56.43205
        ],
        [
          37.4545399,
          56.43205
        ],
        [
          37.4544699,
          56.4320999
        ],
        [
          37.4544099,
          56.43215
        ],
        [
          37.4543399,
          56.4321999
        ],
        [
          37.45427,
          56.43225
        ],
        [
          37.4542,
          56.4322999
        ],
        [
          37.45413,
          56.43235
        ],
        [
          37.45406,
          56.4323999
        ],
        [
          37.4539899,
          56.43245
        ],
        [
          37.4539199,
          56.4324999
        ],
        [
          37.45386,
          56.43255
        ],
        [
          37.4538,
          56.4325999
        ],
        [
          37.4537199,
          56.43265
        ],
        [
          37.4536599,
          56.4326899
        ],
        [
          37.4535899,
          56.43274
        ],
        [
          37.4535299,
          56.4327899
        ],
        [
          37.4535299,
          56.4327899
        ],
        [
          37.4533899,
          56.4328899
        ],
        [
          37.45332,
          56.4329299
        ],
        [
          37.45325,
          56.43298
        ],
        [
          37.4531899,
          56.4330299
        ],
        [
          37.45312,
          56.43308
        ],
        [
          37.45305,
          56.43313
        ],
        [
          37.45298,
          56.43318
        ],
        [
          37.4528399,
          56.43327
        ],
        [
          37.4527699,
          56.4333199
        ],
        [
          37.4527699,
          56.4333199
        ],
        [
          37.4526399,
          56.4334199
        ],
        [
          37.4526399,
          56.4334199
        ],
        [
          37.45256,
          56.43346
        ],
        [
          37.4525,
          56.43351
        ],
        [
          37.45243,
          56.43356
        ],
        [
          37.45236,
          56.4336099
        ],
        [
          37.45229,
          56.43366
        ],
        [
          37.45222,
          56.4337
        ],
        [
          37.45216,
          56.4337499
        ],
        [
          37.45209,
          56.4338
        ],
        [
          37.4520099,
          56.4338499
        ],
        [
          37.4519499,
          56.4339
        ],
        [
          37.4518799,
          56.4339499
        ],
        [
          37.4518199,
          56.434
        ],
        [
          37.4517499,
          56.43405
        ],
        [
          37.4516799,
          56.43409
        ],
        [
          37.45161,
          56.4341399
        ],
        [
          37.4515499,
          56.4341799
        ],
        [
          37.4514199,
          56.43428
        ],
        [
          37.45135,
          56.43433
        ],
        [
          37.45135,
          56.43433
        ],
        [
          37.45128,
          56.43438
        ],
        [
          37.45121,
          56.4344299
        ],
        [
          37.45114,
          56.4344699
        ],
        [
          37.45107,
          56.43452
        ],
        [
          37.4509999,
          56.43456
        ],
        [
          37.4509299,
          56.43461
        ],
        [
          37.4508599,
          56.4346699
        ],
        [
          37.4507999,
          56.43472
        ],
        [
          37.4507299,
          56.4347699
        ],
        [
          37.4506699,
          56.43482
        ],
        [
          37.45061,
          56.43487
        ],
        [
          37.45061,
          56.43487
        ],
        [
          37.45048,
          56.43497
        ],
        [
          37.4504099,
          56.43502
        ],
        [
          37.4503399,
          56.43507
        ],
        [
          37.4502699,
          56.4351199
        ],
        [
          37.4502699,
          56.4351199
        ],
        [
          37.45013,
          56.4352199
        ],
        [
          37.45013,
          56.4352199
        ],
        [
          37.4499199,
          56.43537
        ],
        [
          37.44986,
          56.43543
        ],
        [
          37.44979,
          56.43548
        ],
        [
          37.44971,
          56.43553
        ],
        [
          37.44971,
          56.43553
        ],
        [
          37.4496499,
          56.4355799
        ],
        [
          37.4495799,
          56.43563
        ],
        [
          37.4495799,
          56.43563
        ],
        [
          37.44944,
          56.43573
        ],
        [
          37.44937,
          56.4357799
        ],
        [
          37.4493,
          56.43583
        ],
        [
          37.4492299,
          56.4358799
        ],
        [
          37.4491599,
          56.43593
        ],
        [
          37.4490899,
          56.4359799
        ],
        [
          37.4490899,
          56.4359799
        ],
        [
          37.44895,
          56.4360799
        ],
        [
          37.44888,
          56.43613
        ],
        [
          37.44881,
          56.4361799
        ],
        [
          37.44875,
          56.43623
        ],
        [
          37.44868,
          56.4362799
        ],
        [
          37.44861,
          56.43633
        ],
        [
          37.4485399,
          56.43638
        ],
        [
          37.4484699,
          56.43643
        ],
        [
          37.4484099,
          56.43648
        ],
        [
          37.44833,
          56.43653
        ],
        [
          37.44833,
          56.43653
        ],
        [
          37.44813,
          56.43668
        ],
        [
          37.44813,
          56.43668
        ],
        [
          37.44799,
          56.43678
        ],
        [
          37.44799,
          56.43678
        ],
        [
          37.44792,
          56.4368299
        ],
        [
          37.4478499,
          56.43689
        ],
        [
          37.4478499,
          56.43689
        ],
        [
          37.4477199,
          56.43699
        ],
        [
          37.4477199,
          56.43699
        ],
        [
          37.4476499,
          56.43704
        ],
        [
          37.44751,
          56.43714
        ],
        [
          37.44744,
          56.4371899
        ],
        [
          37.44736,
          56.43724
        ],
        [
          37.4473,
          56.4372899
        ],
        [
          37.44723,
          56.43734
        ],
        [
          37.4471599,
          56.4373899
        ],
        [
          37.4470899,
          56.43744
        ],
        [
          37.4470299,
          56.4374899
        ],
        [
          37.4469599,
          56.43754
        ],
        [
          37.4468899,
          56.4375899
        ],
        [
          37.4468899,
          56.4375899
        ],
        [
          37.44682,
          56.43763
        ],
        [
          37.44675,
          56.4376799
        ],
        [
          37.44662,
          56.4377899
        ],
        [
          37.44648,
          56.43789
        ],
        [
          37.44642,
          56.43794
        ],
        [
          37.44635,
          56.43799
        ],
        [
          37.44628,
          56.43804
        ],
        [
          37.4462099,
          56.43809
        ],
        [
          37.4462099,
          56.43809
        ],
        [
          37.4461399,
          56.4381399
        ],
        [
          37.44608,
          56.43819
        ],
        [
          37.4460099,
          56.4382399
        ],
        [
          37.4460099,
          56.4382399
        ],
        [
          37.4458799,
          56.4383399
        ],
        [
          37.4458099,
          56.43839
        ],
        [
          37.4457399,
          56.4384399
        ],
        [
          37.44567,
          56.43849
        ],
        [
          37.4456,
          56.4385399
        ],
        [
          37.44553,
          56.43858
        ],
        [
          37.44547,
          56.43863
        ],
        [
          37.4454,
          56.43869
        ],
        [
          37.44534,
          56.4387399
        ],
        [
          37.44534,
          56.4387399
        ],
        [
          37.4452,
          56.4388399
        ],
        [
          37.44513,
          56.43889
        ],
        [
          37.44507,
          56.43894
        ],
        [
          37.445,
          56.43899
        ],
        [
          37.44494,
          56.43904
        ],
        [
          37.44487,
          56.43909
        ],
        [
          37.4448,
          56.43914
        ],
        [
          37.4448,
          56.43914
        ],
        [
          37.44467,
          56.43924
        ],
        [
          37.4445299,
          56.4393299
        ],
        [
          37.4445299,
          56.4393299
        ],
        [
          37.4444699,
          56.43938
        ],
        [
          37.44439,
          56.4394299
        ],
        [
          37.44432,
          56.43948
        ],
        [
          37.44426,
          56.4395299
        ],
        [
          37.44419,
          56.43958
        ],
        [
          37.44412,
          56.43963
        ],
        [
          37.44405,
          56.43968
        ],
        [
          37.44399,
          56.4397199
        ],
        [
          37.44392,
          56.43977
        ],
        [
          37.44385,
          56.4398199
        ],
        [
          37.4437799,
          56.43987
        ],
        [
          37.44372,
          56.4399199
        ],
        [
          37.4436499,
          56.43997
        ],
        [
          37.4435799,
          56.4400199
        ],
        [
          37.4434499,
          56.4401099
        ],
        [
          37.4433799,
          56.44016
        ],
        [
          37.4433099,
          56.4402099
        ],
        [
          37.4433099,
          56.4402099
        ],
        [
          37.44324,
          56.44026
        ],
        [
          37.44317,
          56.4403099
        ],
        [
          37.4431,
          56.4403499
        ],
        [
          37.44304,
          56.4404
        ],
        [
          37.44304,
          56.4404
        ],
        [
          37.4429,
          56.4405
        ],
        [
          37.4428299,
          56.44055
        ],
        [
          37.4427599,
          56.4406
        ],
        [
          37.4427599,
          56.4406
        ],
        [
          37.4426199,
          56.44069
        ],
        [
          37.44255,
          56.4407399
        ],
        [
          37.4424899,
          56.4407999
        ],
        [
          37.44244,
          56.44085
        ],
        [
          37.4423699,
          56.4408999
        ],
        [
          37.4422999,
          56.44095
        ],
        [
          37.44222,
          56.4409999
        ],
        [
          37.44215,
          56.44105
        ],
        [
          37.44209,
          56.44109
        ],
        [
          37.44202,
          56.44114
        ],
        [
          37.4419399,
          56.44119
        ],
        [
          37.4417999,
          56.44129
        ],
        [
          37.44173,
          56.44134
        ],
        [
          37.44166,
          56.4413899
        ],
        [
          37.4416,
          56.44144
        ],
        [
          37.4415399,
          56.4414899
        ],
        [
          37.4415399,
          56.4414899
        ],
        [
          37.44147,
          56.44154
        ],
        [
          37.4414,
          56.4415899
        ],
        [
          37.44133,
          56.44164
        ],
        [
          37.44126,
          56.4416899
        ],
        [
          37.44119,
          56.44174
        ],
        [
          37.4411199,
          56.4417899
        ],
        [
          37.44106,
          56.44184
        ],
        [
          37.4409899,
          56.4418899
        ],
        [
          37.44093,
          56.44194
        ],
        [
          37.4408599,
          56.4419899
        ],
        [
          37.4407899,
          56.44204
        ],
        [
          37.4407199,
          56.4420899
        ],
        [
          37.4407199,
          56.4420899
        ],
        [
          37.4405899,
          56.44219
        ],
        [
          37.4405299,
          56.44223
        ],
        [
          37.4404599,
          56.4422799
        ],
        [
          37.4403899,
          56.44233
        ],
        [
          37.4403299,
          56.4423799
        ],
        [
          37.4402599,
          56.44243
        ],
        [
          37.4401999,
          56.4424799
        ],
        [
          37.4401299,
          56.44252
        ],
        [
          37.4400599,
          56.44257
        ],
        [
          37.43999,
          56.44262
        ],
        [
          37.4399299,
          56.4426699
        ],
        [
          37.43986,
          56.44272
        ],
        [
          37.4397399,
          56.44282
        ],
        [
          37.4396699,
          56.44286
        ],
        [
          37.4395999,
          56.4429099
        ],
        [
          37.4395999,
          56.4429099
        ],
        [
          37.4395999,
          56.4429099
        ],
        [
          37.4394699,
          56.4430099
        ],
        [
          37.4394,
          56.44305
        ],
        [
          37.43933,
          56.4430999
        ],
        [
          37.43926,
          56.44315
        ],
        [
          37.43919,
          56.4431999
        ],
        [
          37.43913,
          56.44325
        ],
        [
          37.43906,
          56.4432999
        ],
        [
          37.43899,
          56.44335
        ],
        [
          37.4389199,
          56.4433999
        ],
        [
          37.4388499,
          56.44345
        ],
        [
          37.4387899,
          56.4434999
        ],
        [
          37.4387199,
          56.44355
        ],
        [
          37.4386499,
          56.4435999
        ],
        [
          37.43858,
          56.44365
        ],
        [
          37.4385199,
          56.4437
        ],
        [
          37.4385199,
          56.4437
        ],
        [
          37.43838,
          56.4438
        ],
        [
          37.43831,
          56.44385
        ],
        [
          37.43824,
          56.4438899
        ],
        [
          37.43818,
          56.44394
        ],
        [
          37.43811,
          56.4439899
        ],
        [
          37.4379699,
          56.4440899
        ],
        [
          37.4379699,
          56.4440899
        ],
        [
          37.4378399,
          56.4441799
        ],
        [
          37.4377699,
          56.44423
        ],
        [
          37.4377699,
          56.44423
        ],
        [
          37.43771,
          56.4442799
        ],
        [
          37.4376399,
          56.44433
        ],
        [
          37.4376399,
          56.44433
        ],
        [
          37.4374999,
          56.44443
        ],
        [
          37.4374999,
          56.44443
        ],
        [
          37.43736,
          56.44453
        ],
        [
          37.4373,
          56.4445799
        ],
        [
          37.43723,
          56.44463
        ],
        [
          37.43716,
          56.4446799
        ],
        [
          37.43709,
          56.44473
        ],
        [
          37.4370199,
          56.4447799
        ],
        [
          37.4369499,
          56.44483
        ],
        [
          37.43689,
          56.4448799
        ],
        [
          37.4368199,
          56.44492
        ],
        [
          37.4367499,
          56.4449699
        ],
        [
          37.4366899,
          56.44502
        ],
        [
          37.4366199,
          56.4450699
        ],
        [
          37.4365499,
          56.44512
        ],
        [
          37.4364899,
          56.4451699
        ],
        [
          37.4364199,
          56.44522
        ],
        [
          37.4363599,
          56.4452699
        ],
        [
          37.4362199,
          56.44536
        ],
        [
          37.4362199,
          56.44536
        ],
        [
          37.43615,
          56.44541
        ],
        [
          37.4360899,
          56.4454599
        ],
        [
          37.43602,
          56.44551
        ],
        [
          37.4359599,
          56.4455599
        ],
        [
          37.43589,
          56.4455999
        ],
        [
          37.43582,
          56.44565
        ],
        [
          37.4357599,
          56.4456999
        ],
        [
          37.43569,
          56.44575
        ],
        [
          37.43562,
          56.4457999
        ],
        [
          37.43556,
          56.44584
        ],
        [
          37.43549,
          56.4458899
        ],
        [
          37.43542,
          56.44594
        ],
        [
          37.43536,
          56.4459899
        ],
        [
          37.4352999,
          56.44604
        ],
        [
          37.43523,
          56.4460899
        ],
        [
          37.43516,
          56.44614
        ],
        [
          37.43509,
          56.4461899
        ],
        [
          37.43496,
          56.4462899
        ],
        [
          37.43496,
          56.4462899
        ],
        [
          37.43489,
          56.44634
        ],
        [
          37.43489,
          56.44634
        ],
        [
          37.43476,
          56.44643
        ],
        [
          37.43476,
          56.44643
        ],
        [
          37.43463,
          56.44653
        ],
        [
          37.43456,
          56.44657
        ],
        [
          37.4345,
          56.4466199
        ],
        [
          37.4345,
          56.4466199
        ],
        [
          37.43443,
          56.44667
        ],
        [
          37.4343,
          56.44676
        ],
        [
          37.43423,
          56.4468099
        ],
        [
          37.43417,
          56.4468499
        ],
        [
          37.43411,
          56.4469
        ],
        [
          37.4340599,
          56.4469399
        ],
        [
          37.43401,
          56.4469799
        ],
        [
          37.43395,
          56.44702
        ],
        [
          37.4338999,
          56.44705
        ],
        [
          37.43385,
          56.4470799
        ],
        [
          37.4337999,
          56.4471099
        ],
        [
          37.4337599,
          56.44715
        ],
        [
          37.43372,
          56.44718
        ],
        [
          37.43368,
          56.4472099
        ],
        [
          37.43364,
          56.44725
        ],
        [
          37.4335999,
          56.44728
        ],
        [
          37.4335999,
          56.44728
        ],
        [
          37.43345,
          56.44738
        ],
        [
          37.43341,
          56.44742
        ],
        [
          37.43341,
          56.44742
        ],
        [
          37.43336,
          56.44745
        ],
        [
          37.43332,
          56.44749
        ],
        [
          37.43332,
          56.44749
        ],
        [
          37.43322,
          56.44755
        ],
        [
          37.4331699,
          56.44759
        ],
        [
          37.43312,
          56.44762
        ],
        [
          37.4330799,
          56.4476599
        ],
        [
          37.43303,
          56.44769
        ],
        [
          37.4329799,
          56.4477299
        ],
        [
          37.4329399,
          56.44777
        ],
        [
          37.43289,
          56.4477999
        ],
        [
          37.4328399,
          56.44784
        ],
        [
          37.43279,
          56.44787
        ],
        [
          37.4327399,
          56.44791
        ],
        [
          37.43269,
          56.44794
        ],
        [
          37.4326499,
          56.44798
        ],
        [
          37.4326099,
          56.44801
        ],
        [
          37.43256,
          56.44804
        ],
        [
          37.43253,
          56.44807
        ],
        [
          37.4325,
          56.4481
        ],
        [
          37.43246,
          56.4481199
        ],
        [
          37.4324199,
          56.44814
        ],
        [
          37.4323499,
          56.4482
        ],
        [
          37.4323499,
          56.4482
        ],
        [
          37.43228,
          56.4482599
        ],
        [
          37.43224,
          56.4482899
        ],
        [
          37.43224,
          56.4482899
        ],
        [
          37.43224,
          56.4482899
        ],
        [
          37.4321599,
          56.44834
        ],
        [
          37.4321199,
          56.44837
        ],
        [
          37.4320899,
          56.4484
        ],
        [
          37.4320899,
          56.4484
        ],
        [
          37.43201,
          56.44846
        ],
        [
          37.43197,
          56.4484799
        ],
        [
          37.4319299,
          56.44851
        ],
        [
          37.4319,
          56.44854
        ],
        [
          37.4318599,
          56.4485799
        ],
        [
          37.43182,
          56.44861
        ],
        [
          37.43178,
          56.44864
        ],
        [
          37.43174,
          56.44867
        ],
        [
          37.4316999,
          56.4487
        ],
        [
          37.43165,
          56.44873
        ],
        [
          37.43161,
          56.44877
        ],
        [
          37.4315699,
          56.4488
        ],
        [
          37.4315299,
          56.44883
        ],
        [
          37.43148,
          56.44887
        ],
        [
          37.43144,
          56.4489
        ],
        [
          37.43135,
          56.44897
        ],
        [
          37.43131,
          56.449
        ],
        [
          37.43131,
          56.449
        ],
        [
          37.43126,
          56.44903
        ],
        [
          37.43122,
          56.4490699
        ],
        [
          37.43118,
          56.4491
        ],
        [
          37.43113,
          56.44913
        ],
        [
          37.43108,
          56.44916
        ],
        [
          37.43103,
          56.44919
        ],
        [
          37.43099,
          56.44922
        ],
        [
          37.43095,
          56.44925
        ],
        [
          37.4309099,
          56.44928
        ],
        [
          37.4308699,
          56.44932
        ],
        [
          37.4308399,
          56.44935
        ],
        [
          37.4308399,
          56.44935
        ],
        [
          37.43076,
          56.4494099
        ],
        [
          37.4307099,
          56.44943
        ],
        [
          37.4307099,
          56.44943
        ],
        [
          37.43067,
          56.44946
        ],
        [
          37.43059,
          56.4495299
        ],
        [
          37.4305499,
          56.44956
        ],
        [
          37.4305499,
          56.44956
        ],
        [
          37.43047,
          56.44962
        ],
        [
          37.4304199,
          56.44965
        ],
        [
          37.4304199,
          56.44965
        ],
        [
          37.43033,
          56.44972
        ],
        [
          37.43033,
          56.44972
        ],
        [
          37.4301899,
          56.44982
        ],
        [
          37.4301499,
          56.44985
        ],
        [
          37.4301499,
          56.44985
        ],
        [
          37.4301,
          56.44988
        ],
        [
          37.4301,
          56.44988
        ],
        [
          37.4300499,
          56.44991
        ],
        [
          37.43001,
          56.44995
        ],
        [
          37.4299599,
          56.44998
        ],
        [
          37.42991,
          56.45002
        ],
        [
          37.42987,
          56.45005
        ],
        [
          37.42977,
          56.4501199
        ],
        [
          37.4297299,
          56.45015
        ],
        [
          37.42968,
          56.4501899
        ],
        [
          37.42968,
          56.4501899
        ],
        [
          37.4296299,
          56.4502199
        ],
        [
          37.42957,
          56.4502599
        ],
        [
          37.42952,
          56.4502899
        ],
        [
          37.42942,
          56.4503599
        ],
        [
          37.42942,
          56.4503599
        ],
        [
          37.4293299,
          56.45043
        ],
        [
          37.4292699,
          56.45047
        ],
        [
          37.42922,
          56.45051
        ],
        [
          37.42922,
          56.45051
        ],
        [
          37.4291299,
          56.4505799
        ],
        [
          37.4291299,
          56.4505799
        ],
        [
          37.4290399,
          56.4506499
        ],
        [
          37.4290399,
          56.4506499
        ],
        [
          37.42899,
          56.4506799
        ],
        [
          37.4288399,
          56.4507799
        ],
        [
          37.4288399,
          56.4507799
        ],
        [
          37.42879,
          56.4508199
        ],
        [
          37.42876,
          56.45086
        ],
        [
          37.42876,
          56.45086
        ],
        [
          37.4287099,
          56.45089
        ],
        [
          37.42863,
          56.4509499
        ],
        [
          37.42863,
          56.4509499
        ],
        [
          37.42859,
          56.45097
        ],
        [
          37.42852,
          56.45103
        ],
        [
          37.42852,
          56.45103
        ],
        [
          37.42849,
          56.45106
        ],
        [
          37.4284499,
          56.45109
        ],
        [
          37.4284099,
          56.45112
        ],
        [
          37.4283799,
          56.4511399
        ],
        [
          37.42834,
          56.45117
        ],
        [
          37.4283,
          56.4512
        ],
        [
          37.42826,
          56.45122
        ],
        [
          37.4282199,
          56.45125
        ],
        [
          37.4281899,
          56.4512699
        ],
        [
          37.42816,
          56.4513
        ],
        [
          37.42813,
          56.45133
        ],
        [
          37.4280899,
          56.45135
        ],
        [
          37.42806,
          56.4513799
        ],
        [
          37.4280199,
          56.4514099
        ],
        [
          37.42794,
          56.45146
        ],
        [
          37.42794,
          56.45146
        ],
        [
          37.42787,
          56.4515099
        ],
        [
          37.4277899,
          56.45156
        ],
        [
          37.42775,
          56.45159
        ],
        [
          37.42775,
          56.45159
        ],
        [
          37.4277199,
          56.4516099
        ],
        [
          37.42768,
          56.4516299
        ],
        [
          37.4276599,
          56.45166
        ],
        [
          37.42764,
          56.45168
        ],
        [
          37.42764,
          56.45168
        ],
        [
          37.4276199,
          56.4516999
        ],
        [
          37.4276199,
          56.4516999
        ],
        [
          37.4275899,
          56.45172
        ],
        [
          37.42757,
          56.4517399
        ],
        [
          37.42754,
          56.45175
        ],
        [
          37.42751,
          56.4517699
        ],
        [
          37.42748,
          56.45179
        ],
        [
          37.42745,
          56.45182
        ],
        [
          37.42742,
          56.4518399
        ],
        [
          37.42738,
          56.4518699
        ],
        [
          37.42731,
          56.45191
        ],
        [
          37.42728,
          56.4519299
        ],
        [
          37.42725,
          56.4519599
        ],
        [
          37.42725,
          56.4519599
        ],
        [
          37.42722,
          56.45198
        ],
        [
          37.42719,
          56.4519999
        ],
        [
          37.42715,
          56.4520299
        ],
        [
          37.42712,
          56.45205
        ],
        [
          37.42708,
          56.45208
        ],
        [
          37.4270399,
          56.45211
        ],
        [
          37.42701,
          56.45214
        ],
        [
          37.42696,
          56.45217
        ],
        [
          37.42692,
          56.4521999
        ],
        [
          37.42688,
          56.4522299
        ],
        [
          37.42683,
          56.4522599
        ],
        [
          37.42678,
          56.4522899
        ],
        [
          37.42673,
          56.4523199
        ],
        [
          37.4266799,
          56.45235
        ],
        [
          37.42662,
          56.45237
        ],
        [
          37.42656,
          56.45241
        ],
        [
          37.4265,
          56.45244
        ],
        [
          37.4264399,
          56.45247
        ],
        [
          37.4263799,
          56.4525
        ],
        [
          37.4263099,
          56.45253
        ],
        [
          37.42624,
          56.4525599
        ],
        [
          37.4261099,
          56.45263
        ],
        [
          37.42604,
          56.4526599
        ],
        [
          37.42596,
          56.4527
        ],
        [
          37.42596,
          56.4527
        ],
        [
          37.4258199,
          56.45276
        ],
        [
          37.4258199,
          56.45276
        ],
        [
          37.4257499,
          56.4527899
        ],
        [
          37.4256899,
          56.45283
        ],
        [
          37.42563,
          56.45287
        ],
        [
          37.4255599,
          56.4529
        ],
        [
          37.4254899,
          56.45294
        ],
        [
          37.4254199,
          56.45297
        ],
        [
          37.42534,
          56.453
        ],
        [
          37.42527,
          56.45304
        ],
        [
          37.4251999,
          56.4530799
        ],
        [
          37.4251299,
          56.4531099
        ],
        [
          37.4250599,
          56.4531499
        ],
        [
          37.42498,
          56.4531799
        ],
        [
          37.42489,
          56.4532
        ],
        [
          37.4247999,
          56.4532099
        ],
        [
          37.4246999,
          56.4532
        ],
        [
          37.4246099,
          56.4531799
        ],
        [
          37.42453,
          56.4531499
        ],
        [
          37.42446,
          56.4531099
        ],
        [
          37.4243799,
          56.4530799
        ],
        [
          37.4243099,
          56.4530499
        ],
        [
          37.42423,
          56.4530199
        ],
        [
          37.4241499,
          56.45299
        ],
        [
          37.42406,
          56.45296
        ],
        [
          37.42397,
          56.4529499
        ],
        [
          37.4238799,
          56.4529499
        ],
        [
          37.4237899,
          56.45297
        ],
        [
          37.4237199,
          56.453
        ],
        [
          37.4236599,
          56.4530499
        ],
        [
          37.4236,
          56.4530799
        ],
        [
          37.4235499,
          56.45313
        ],
        [
          37.4235,
          56.45317
        ],
        [
          37.42345,
          56.4532099
        ],
        [
          37.4233899,
          56.45326
        ],
        [
          37.42334,
          56.4533
        ],
        [
          37.42328,
          56.4533499
        ],
        [
          37.42322,
          56.45339
        ],
        [
          37.4231599,
          56.45343
        ],
        [
          37.4230999,
          56.4534799
        ],
        [
          37.4230599,
          56.45353
        ],
        [
          37.4230299,
          56.45358
        ],
        [
          37.42302,
          56.45363
        ],
        [
          37.42304,
          56.45368
        ],
        [
          37.4230899,
          56.45372
        ],
        [
          37.4231599,
          56.45375
        ],
        [
          37.4232299,
          56.45378
        ],
        [
          37.4233199,
          56.45381
        ],
        [
          37.4234,
          56.4538399
        ],
        [
          37.42348,
          56.4538699
        ],
        [
          37.4235499,
          56.45391
        ],
        [
          37.4236199,
          56.45395
        ],
        [
          37.4236599,
          56.4539999
        ],
        [
          37.4236799,
          56.45405
        ],
        [
          37.4236799,
          56.45411
        ],
        [
          37.4236499,
          56.4541599
        ],
        [
          37.42361,
          56.45421
        ],
        [
          37.4235599,
          56.4542599
        ],
        [
          37.4235199,
          56.45431
        ],
        [
          37.42348,
          56.4543599
        ],
        [
          37.42344,
          56.45441
        ],
        [
          37.4233899,
          56.4544599
        ],
        [
          37.42334,
          56.45451
        ],
        [
          37.4233,
          56.4545599
        ],
        [
          37.42325,
          56.45461
        ],
        [
          37.42321,
          56.4546599
        ],
        [
          37.4231599,
          56.45471
        ],
        [
          37.42312,
          56.4547599
        ],
        [
          37.42307,
          56.45481
        ],
        [
          37.4230299,
          56.45486
        ],
        [
          37.42298,
          56.45491
        ],
        [
          37.4229299,
          56.45496
        ],
        [
          37.42289,
          56.45501
        ],
        [
          37.42284,
          56.45507
        ],
        [
          37.4227999,
          56.4551199
        ],
        [
          37.42276,
          56.45517
        ],
        [
          37.42271,
          56.4552199
        ],
        [
          37.42268,
          56.4552799
        ],
        [
          37.42259,
          56.4553799
        ],
        [
          37.4225399,
          56.45543
        ],
        [
          37.4225399,
          56.45543
        ],
        [
          37.42249,
          56.45549
        ],
        [
          37.42245,
          56.4555399
        ],
        [
          37.4223999,
          56.45559
        ],
        [
          37.42235,
          56.4556399
        ],
        [
          37.42229,
          56.45569
        ],
        [
          37.4222399,
          56.4557399
        ],
        [
          37.42219,
          56.45579
        ],
        [
          37.4221399,
          56.4558399
        ],
        [
          37.42209,
          56.45589
        ],
        [
          37.4220399,
          56.4559399
        ],
        [
          37.42199,
          56.45599
        ],
        [
          37.42194,
          56.4560399
        ],
        [
          37.42189,
          56.45609
        ],
        [
          37.42184,
          56.4561399
        ],
        [
          37.42179,
          56.45619
        ],
        [
          37.42174,
          56.45624
        ],
        [
          37.4216899,
          56.45629
        ],
        [
          37.42163,
          56.4563299
        ],
        [
          37.4215799,
          56.45638
        ],
        [
          37.42153,
          56.4564299
        ],
        [
          37.42147,
          56.4564899
        ],
        [
          37.4214199,
          56.4565299
        ],
        [
          37.42131,
          56.4566299
        ],
        [
          37.42131,
          56.4566299
        ],
        [
          37.4211599,
          56.45671
        ],
        [
          37.42108,
          56.45675
        ],
        [
          37.42101,
          56.45678
        ],
        [
          37.4209299,
          56.4568199
        ],
        [
          37.4209299,
          56.4568199
        ],
        [
          37.4208599,
          56.4568599
        ],
        [
          37.42079,
          56.4569
        ],
        [
          37.42072,
          56.45694
        ],
        [
          37.4206699,
          56.4569899
        ],
        [
          37.42062,
          56.45704
        ],
        [
          37.4205699,
          56.4571
        ],
        [
          37.4205299,
          56.4571499
        ],
        [
          37.42051,
          56.4572
        ],
        [
          37.42048,
          56.4572499
        ],
        [
          37.42046,
          56.4573099
        ],
        [
          37.4204399,
          56.45737
        ],
        [
          37.42042,
          56.45743
        ],
        [
          37.4204099,
          56.4574799
        ],
        [
          37.42039,
          56.4575399
        ],
        [
          37.42038,
          56.4576
        ],
        [
          37.42036,
          56.45766
        ],
        [
          37.4203399,
          56.45772
        ],
        [
          37.42032,
          56.4577799
        ],
        [
          37.4202999,
          56.4578399
        ],
        [
          37.42028,
          56.4578999
        ],
        [
          37.42023,
          56.45802
        ],
        [
          37.4202099,
          56.45808
        ],
        [
          37.4202099,
          56.45808
        ],
        [
          37.42015,
          56.45819
        ],
        [
          37.42015,
          56.45819
        ],
        [
          37.4200799,
          56.4582999
        ],
        [
          37.4200799,
          56.4582999
        ],
        [
          37.42005,
          56.4583599
        ],
        [
          37.4200099,
          56.45842
        ],
        [
          37.4199799,
          56.4584699
        ],
        [
          37.4199399,
          56.45852
        ],
        [
          37.4199,
          56.45858
        ],
        [
          37.41987,
          56.4586299
        ],
        [
          37.41983,
          56.4586899
        ],
        [
          37.4198,
          56.45875
        ],
        [
          37.41977,
          56.45881
        ],
        [
          37.41973,
          56.4588599
        ],
        [
          37.4197,
          56.4589199
        ],
        [
          37.41967,
          56.45898
        ],
        [
          37.41964,
          56.45904
        ],
        [
          37.4196099,
          56.4590899
        ],
        [
          37.41957,
          56.4591499
        ],
        [
          37.41954,
          56.45921
        ],
        [
          37.41951,
          56.45926
        ],
        [
          37.4194899,
          56.45933
        ],
        [
          37.41946,
          56.4593799
        ],
        [
          37.41943,
          56.45944
        ],
        [
          37.41937,
          56.45956
        ],
        [
          37.4193499,
          56.45962
        ],
        [
          37.4193199,
          56.4596799
        ],
        [
          37.4192899,
          56.4597399
        ],
        [
          37.4192599,
          56.4598099
        ],
        [
          37.41923,
          56.4598699
        ],
        [
          37.41923,
          56.4598699
        ],
        [
          37.41921,
          56.4599399
        ],
        [
          37.4191899,
          56.46
        ],
        [
          37.41917,
          56.4600699
        ],
        [
          37.41915,
          56.46013
        ],
        [
          37.4191299,
          56.4601999
        ],
        [
          37.41911,
          56.46026
        ],
        [
          37.4190899,
          56.4603299
        ],
        [
          37.41907,
          56.46039
        ],
        [
          37.41904,
          56.46045
        ],
        [
          37.4190199,
          56.46052
        ],
        [
          37.41901,
          56.46058
        ],
        [
          37.4189899,
          56.46065
        ],
        [
          37.41897,
          56.46071
        ],
        [
          37.41895,
          56.46077
        ],
        [
          37.4189299,
          56.46084
        ],
        [
          37.41891,
          56.4609
        ],
        [
          37.4188999,
          56.4609599
        ],
        [
          37.41887,
          56.46108
        ],
        [
          37.4188599,
          56.4611499
        ],
        [
          37.41884,
          56.46121
        ],
        [
          37.41884,
          56.46121
        ],
        [
          37.41882,
          56.46127
        ],
        [
          37.4187999,
          56.46134
        ],
        [
          37.4187999,
          56.4614
        ],
        [
          37.41878,
          56.46147
        ],
        [
          37.41877,
          56.46153
        ],
        [
          37.41875,
          56.46159
        ],
        [
          37.41874,
          56.46166
        ],
        [
          37.4187299,
          56.4617199
        ],
        [
          37.4187299,
          56.46179
        ],
        [
          37.41872,
          56.4618499
        ],
        [
          37.41871,
          56.46192
        ],
        [
          37.4186999,
          56.4619799
        ],
        [
          37.41869,
          56.46205
        ],
        [
          37.41869,
          56.4621099
        ],
        [
          37.41868,
          56.4621699
        ],
        [
          37.4186699,
          56.4622999
        ],
        [
          37.4186699,
          56.46236
        ],
        [
          37.4186599,
          56.46242
        ],
        [
          37.41865,
          56.46249
        ],
        [
          37.41865,
          56.46249
        ],
        [
          37.41864,
          56.46261
        ],
        [
          37.41864,
          56.46261
        ],
        [
          37.41864,
          56.46268
        ],
        [
          37.41864,
          56.46275
        ],
        [
          37.4186299,
          56.46281
        ],
        [
          37.41862,
          56.46287
        ],
        [
          37.41862,
          56.46292
        ],
        [
          37.4186299,
          56.46298
        ],
        [
          37.4186299,
          56.4630299
        ],
        [
          37.4186299,
          56.46308
        ],
        [
          37.4186299,
          56.4631199
        ],
        [
          37.41862,
          56.46317
        ],
        [
          37.41862,
          56.4632199
        ],
        [
          37.41862,
          56.46327
        ],
        [
          37.41862,
          56.4633199
        ],
        [
          37.41862,
          56.4633599
        ],
        [
          37.41862,
          56.4634199
        ],
        [
          37.41862,
          56.46347
        ],
        [
          37.4186299,
          56.4635199
        ],
        [
          37.4186299,
          56.46357
        ],
        [
          37.41864,
          56.4636199
        ],
        [
          37.41864,
          56.46366
        ],
        [
          37.41864,
          56.4637099
        ],
        [
          37.41865,
          56.4637499
        ],
        [
          37.4186599,
          56.46384
        ],
        [
          37.4186599,
          56.46384
        ],
        [
          37.4186699,
          56.4639399
        ],
        [
          37.41868,
          56.46399
        ],
        [
          37.41868,
          56.46403
        ],
        [
          37.41868,
          56.46403
        ],
        [
          37.41869,
          56.4640799
        ],
        [
          37.4186999,
          56.46413
        ],
        [
          37.4186999,
          56.46419
        ],
        [
          37.41871,
          56.46423
        ],
        [
          37.41871,
          56.46429
        ],
        [
          37.41872,
          56.4643399
        ],
        [
          37.4187299,
          56.46439
        ],
        [
          37.41874,
          56.46445
        ],
        [
          37.41875,
          56.4644999
        ],
        [
          37.41877,
          56.46456
        ],
        [
          37.41878,
          56.46461
        ],
        [
          37.4187899,
          56.46466
        ],
        [
          37.4187999,
          56.46472
        ],
        [
          37.41881,
          56.4647699
        ],
        [
          37.41882,
          56.4648299
        ],
        [
          37.4188299,
          56.46488
        ],
        [
          37.41885,
          56.46494
        ],
        [
          37.4188599,
          56.4649899
        ],
        [
          37.41888,
          56.46505
        ],
        [
          37.4188999,
          56.46511
        ],
        [
          37.41891,
          56.46517
        ],
        [
          37.41894,
          56.46528
        ],
        [
          37.41894,
          56.46528
        ],
        [
          37.41898,
          56.4653899
        ],
        [
          37.419,
          56.4654499
        ],
        [
          37.419,
          56.4654499
        ],
        [
          37.4190199,
          56.46551
        ],
        [
          37.41904,
          56.46557
        ],
        [
          37.41905,
          56.4656199
        ],
        [
          37.41907,
          56.4656799
        ],
        [
          37.41908,
          56.46574
        ],
        [
          37.4191,
          56.4657899
        ],
        [
          37.4191199,
          56.4658499
        ],
        [
          37.41915,
          56.4659099
        ],
        [
          37.41917,
          56.46597
        ],
        [
          37.4191899,
          56.4660199
        ],
        [
          37.4192199,
          56.4660799
        ],
        [
          37.41924,
          56.4661399
        ],
        [
          37.41927,
          56.4662
        ],
        [
          37.4193,
          56.4662499
        ],
        [
          37.4193199,
          56.4663099
        ],
        [
          37.4193499,
          56.4663699
        ],
        [
          37.41937,
          56.46643
        ],
        [
          37.4193899,
          56.46649
        ],
        [
          37.41941,
          56.4665399
        ],
        [
          37.41944,
          56.4665999
        ],
        [
          37.41946,
          56.46666
        ],
        [
          37.4194799,
          56.4667299
        ],
        [
          37.41954,
          56.4668399
        ],
        [
          37.41954,
          56.4668399
        ],
        [
          37.4195899,
          56.4669699
        ],
        [
          37.4196199,
          56.46702
        ],
        [
          37.4196199,
          56.46702
        ],
        [
          37.41963,
          56.46708
        ],
        [
          37.4196499,
          56.46714
        ],
        [
          37.41967,
          56.4671899
        ],
        [
          37.4197,
          56.46725
        ],
        [
          37.41973,
          56.46731
        ],
        [
          37.41976,
          56.46737
        ],
        [
          37.4198,
          56.4674299
        ],
        [
          37.41982,
          56.4674899
        ],
        [
          37.4198499,
          56.4675499
        ],
        [
          37.4198799,
          56.46761
        ],
        [
          37.4199,
          56.46767
        ],
        [
          37.41993,
          56.46774
        ],
        [
          37.4199499,
          56.4678
        ],
        [
          37.4199799,
          56.46786
        ],
        [
          37.4200399,
          56.4679799
        ],
        [
          37.4200399,
          56.4679799
        ],
        [
          37.42009,
          56.4681099
        ],
        [
          37.42012,
          56.46817
        ],
        [
          37.42015,
          56.46823
        ],
        [
          37.42015,
          56.46823
        ],
        [
          37.4201699,
          56.46829
        ],
        [
          37.4202,
          56.46836
        ],
        [
          37.42022,
          56.46842
        ],
        [
          37.42025,
          56.4684799
        ],
        [
          37.42028,
          56.4685399
        ],
        [
          37.4202999,
          56.4686
        ],
        [
          37.42033,
          56.46866
        ],
        [
          37.42036,
          56.46872
        ],
        [
          37.42039,
          56.46878
        ],
        [
          37.4204099,
          56.4688399
        ],
        [
          37.42043,
          56.4688999
        ],
        [
          37.42046,
          56.46896
        ],
        [
          37.42049,
          56.4690299
        ],
        [
          37.42051,
          56.46909
        ],
        [
          37.4205399,
          56.46915
        ],
        [
          37.42056,
          56.46921
        ],
        [
          37.42059,
          56.4692699
        ],
        [
          37.42061,
          56.4693299
        ],
        [
          37.4206399,
          56.46938
        ],
        [
          37.4206699,
          56.46945
        ],
        [
          37.42069,
          56.46951
        ],
        [
          37.42071,
          56.46957
        ],
        [
          37.42074,
          56.46964
        ],
        [
          37.42079,
          56.4697599
        ],
        [
          37.42082,
          56.4698199
        ],
        [
          37.42085,
          56.46988
        ],
        [
          37.4208699,
          56.4699499
        ],
        [
          37.4208999,
          56.47001
        ],
        [
          37.4208999,
          56.47001
        ],
        [
          37.4209299,
          56.4700799
        ],
        [
          37.42095,
          56.47014
        ],
        [
          37.42098,
          56.4702
        ],
        [
          37.42101,
          56.47026
        ],
        [
          37.42104,
          56.4703199
        ],
        [
          37.4210599,
          56.4703799
        ],
        [
          37.4210899,
          56.4704499
        ],
        [
          37.4211199,
          56.4705099
        ],
        [
          37.42115,
          56.4705699
        ],
        [
          37.42117,
          56.47063
        ],
        [
          37.4211899,
          56.47069
        ],
        [
          37.4212199,
          56.47075
        ],
        [
          37.42125,
          56.4708099
        ],
        [
          37.42127,
          56.4708699
        ],
        [
          37.4213,
          56.47093
        ],
        [
          37.42133,
          56.47099
        ],
        [
          37.4213599,
          56.47106
        ],
        [
          37.4213899,
          56.47112
        ],
        [
          37.42141,
          56.47118
        ],
        [
          37.42144,
          56.47124
        ],
        [
          37.4214599,
          56.4712999
        ],
        [
          37.4214899,
          56.4713599
        ],
        [
          37.4215199,
          56.4714299
        ],
        [
          37.42157,
          56.4715599
        ],
        [
          37.4215899,
          56.47162
        ],
        [
          37.42161,
          56.47168
        ],
        [
          37.42161,
          56.47168
        ],
        [
          37.42163,
          56.47174
        ],
        [
          37.42166,
          56.4718
        ],
        [
          37.4216899,
          56.47184
        ],
        [
          37.42171,
          56.47188
        ],
        [
          37.42173,
          56.47193
        ],
        [
          37.42174,
          56.47197
        ],
        [
          37.42176,
          56.47201
        ],
        [
          37.4217799,
          56.4720499
        ],
        [
          37.42179,
          56.4720899
        ],
        [
          37.4218099,
          56.47213
        ],
        [
          37.42183,
          56.47217
        ],
        [
          37.42184,
          56.4722
        ],
        [
          37.42186,
          56.47224
        ],
        [
          37.42187,
          56.47227
        ],
        [
          37.4218799,
          56.4723099
        ],
        [
          37.42189,
          56.47234
        ],
        [
          37.4219099,
          56.4723799
        ],
        [
          37.4219199,
          56.4724099
        ],
        [
          37.42194,
          56.4724499
        ],
        [
          37.42196,
          56.47249
        ],
        [
          37.4219799,
          56.47253
        ],
        [
          37.42199,
          56.47257
        ],
        [
          37.42202,
          56.4726399
        ],
        [
          37.4220399,
          56.4726799
        ],
        [
          37.4220499,
          56.47272
        ],
        [
          37.4220499,
          56.47272
        ],
        [
          37.42207,
          56.47276
        ],
        [
          37.4220799,
          56.4728
        ],
        [
          37.4221,
          56.4728399
        ],
        [
          37.42212,
          56.4728799
        ],
        [
          37.4221399,
          56.47292
        ],
        [
          37.42216,
          56.47296
        ],
        [
          37.4221799,
          56.4729999
        ],
        [
          37.4222,
          56.47305
        ],
        [
          37.42222,
          56.47309
        ],
        [
          37.4222399,
          56.47313
        ],
        [
          37.42226,
          56.47318
        ],
        [
          37.42229,
          56.4732299
        ],
        [
          37.4223,
          56.47328
        ],
        [
          37.42232,
          56.4733299
        ],
        [
          37.4223399,
          56.4733699
        ],
        [
          37.42236,
          56.47342
        ],
        [
          37.4223699,
          56.4734699
        ],
        [
          37.42239,
          56.47352
        ],
        [
          37.4224099,
          56.4735699
        ],
        [
          37.4224399,
          56.47362
        ],
        [
          37.4224699,
          56.47367
        ],
        [
          37.42249,
          56.47372
        ],
        [
          37.4224999,
          56.47377
        ],
        [
          37.42252,
          56.4738199
        ],
        [
          37.42255,
          56.47387
        ],
        [
          37.42258,
          56.4739199
        ],
        [
          37.4225999,
          56.47397
        ],
        [
          37.42262,
          56.4740199
        ],
        [
          37.42265,
          56.47407
        ],
        [
          37.4226699,
          56.4741199
        ],
        [
          37.42269,
          56.47418
        ],
        [
          37.42271,
          56.47423
        ],
        [
          37.4227299,
          56.4742799
        ],
        [
          37.42276,
          56.47433
        ],
        [
          37.42278,
          56.4743799
        ],
        [
          37.4227999,
          56.47443
        ],
        [
          37.42284,
          56.47453
        ],
        [
          37.4228599,
          56.4745799
        ],
        [
          37.42289,
          56.47463
        ],
        [
          37.42289,
          56.47463
        ],
        [
          37.42291,
          56.4746799
        ],
        [
          37.42294,
          56.4747399
        ],
        [
          37.42295,
          56.47479
        ],
        [
          37.42298,
          56.4748399
        ],
        [
          37.4229999,
          56.47489
        ],
        [
          37.42302,
          56.47495
        ],
        [
          37.42304,
          56.475
        ],
        [
          37.42307,
          56.47505
        ],
        [
          37.42308,
          56.4751099
        ],
        [
          37.42311,
          56.47516
        ],
        [
          37.42314,
          56.47522
        ],
        [
          37.4231599,
          56.4752699
        ],
        [
          37.4231899,
          56.4753299
        ],
        [
          37.42321,
          56.47538
        ],
        [
          37.42324,
          56.4754399
        ],
        [
          37.4232599,
          56.4754999
        ],
        [
          37.4232899,
          56.47555
        ],
        [
          37.42331,
          56.47561
        ],
        [
          37.42334,
          56.4756599
        ],
        [
          37.4233599,
          56.47572
        ],
        [
          37.4233899,
          56.47577
        ],
        [
          37.42341,
          56.4758299
        ],
        [
          37.42344,
          56.47588
        ],
        [
          37.42348,
          56.4759899
        ],
        [
          37.42348,
          56.4759899
        ],
        [
          37.42353,
          56.4761
        ],
        [
          37.4235499,
          56.47615
        ],
        [
          37.42358,
          56.47621
        ],
        [
          37.42358,
          56.47621
        ],
        [
          37.4236,
          56.4762599
        ],
        [
          37.4236199,
          56.4763199
        ],
        [
          37.4236499,
          56.4763799
        ],
        [
          37.42367,
          56.47644
        ],
        [
          37.4236899,
          56.4765
        ],
        [
          37.4237199,
          56.47656
        ],
        [
          37.42374,
          56.4766199
        ],
        [
          37.42376,
          56.47667
        ],
        [
          37.4237899,
          56.47674
        ],
        [
          37.42381,
          56.47679
        ],
        [
          37.42383,
          56.4768499
        ],
        [
          37.4238499,
          56.4769099
        ],
        [
          37.42387,
          56.47696
        ],
        [
          37.4239,
          56.47702
        ],
        [
          37.4239199,
          56.4770699
        ],
        [
          37.42394,
          56.47713
        ],
        [
          37.42397,
          56.47719
        ],
        [
          37.42399,
          56.4772399
        ],
        [
          37.4240099,
          56.4772999
        ],
        [
          37.42404,
          56.47736
        ],
        [
          37.42406,
          56.4774099
        ],
        [
          37.4240799,
          56.4774699
        ],
        [
          37.4241,
          56.4775299
        ],
        [
          37.4241399,
          56.4776399
        ],
        [
          37.42417,
          56.4776999
        ],
        [
          37.42419,
          56.4777599
        ],
        [
          37.4242099,
          56.47782
        ],
        [
          37.4242099,
          56.47782
        ],
        [
          37.42422,
          56.4778699
        ],
        [
          37.4242399,
          56.4779299
        ],
        [
          37.42426,
          56.4779899
        ],
        [
          37.4242799,
          56.47805
        ],
        [
          37.4243099,
          56.4781
        ],
        [
          37.4243399,
          56.4781599
        ],
        [
          37.42435,
          56.4782199
        ],
        [
          37.4243699,
          56.47828
        ],
        [
          37.42439,
          56.47833
        ],
        [
          37.4244099,
          56.4783899
        ],
        [
          37.42443,
          56.4784499
        ],
        [
          37.42445,
          56.47851
        ],
        [
          37.4244799,
          56.47856
        ],
        [
          37.4245,
          56.4786199
        ],
        [
          37.42452,
          56.4786799
        ],
        [
          37.42455,
          56.47873
        ],
        [
          37.4245699,
          56.47879
        ],
        [
          37.42459,
          56.4788499
        ],
        [
          37.4246099,
          56.4789
        ],
        [
          37.42463,
          56.47896
        ],
        [
          37.42466,
          56.4790099
        ],
        [
          37.42468,
          56.47907
        ],
        [
          37.4246999,
          56.47913
        ],
        [
          37.42472,
          56.4791799
        ],
        [
          37.42476,
          56.4793
        ],
        [
          37.4247699,
          56.47935
        ],
        [
          37.42479,
          56.4794099
        ],
        [
          37.42479,
          56.4794099
        ],
        [
          37.4247999,
          56.4794699
        ],
        [
          37.42482,
          56.47952
        ],
        [
          37.42482,
          56.4795699
        ],
        [
          37.4248399,
          56.47962
        ],
        [
          37.4248699,
          56.4796699
        ],
        [
          37.42489,
          56.47972
        ],
        [
          37.4248999,
          56.4797699
        ],
        [
          37.42491,
          56.47981
        ],
        [
          37.42492,
          56.47985
        ],
        [
          37.42492,
          56.4798999
        ],
        [
          37.4249299,
          56.47994
        ],
        [
          37.42495,
          56.47999
        ],
        [
          37.42496,
          56.4800299
        ],
        [
          37.42498,
          56.48008
        ],
        [
          37.42499,
          56.48012
        ],
        [
          37.4249999,
          56.4801599
        ],
        [
          37.42501,
          56.48024
        ],
        [
          37.42502,
          56.4802899
        ],
        [
          37.4250299,
          56.4803299
        ],
        [
          37.4250299,
          56.4803299
        ],
        [
          37.42505,
          56.48037
        ],
        [
          37.42505,
          56.48041
        ],
        [
          37.4250599,
          56.4804599
        ],
        [
          37.4250699,
          56.4805
        ],
        [
          37.42508,
          56.4805499
        ],
        [
          37.42509,
          56.4806
        ],
        [
          37.42511,
          56.48064
        ],
        [
          37.42512,
          56.4806799
        ],
        [
          37.4251299,
          56.48073
        ],
        [
          37.42514,
          56.4807799
        ],
        [
          37.42515,
          56.4808199
        ],
        [
          37.4251599,
          56.48087
        ],
        [
          37.42518,
          56.4809199
        ],
        [
          37.4251899,
          56.48097
        ],
        [
          37.4251999,
          56.4810099
        ],
        [
          37.42521,
          56.48106
        ],
        [
          37.42522,
          56.4811099
        ],
        [
          37.42522,
          56.4811499
        ],
        [
          37.42524,
          56.4812499
        ],
        [
          37.42524,
          56.4812499
        ],
        [
          37.4252599,
          56.48135
        ],
        [
          37.42527,
          56.48139
        ],
        [
          37.42528,
          56.4814399
        ],
        [
          37.42528,
          56.4814399
        ],
        [
          37.42528,
          56.48149
        ],
        [
          37.4252899,
          56.48155
        ],
        [
          37.4252999,
          56.48159
        ],
        [
          37.42531,
          56.4816399
        ],
        [
          37.42531,
          56.48169
        ],
        [
          37.42532,
          56.4817399
        ],
        [
          37.4253299,
          56.48179
        ],
        [
          37.42534,
          56.48185
        ],
        [
          37.42535,
          56.4818999
        ],
        [
          37.42535,
          56.48195
        ],
        [
          37.42535,
          56.4819999
        ],
        [
          37.4253599,
          56.48205
        ],
        [
          37.4253599,
          56.4820999
        ],
        [
          37.4253599,
          56.48215
        ],
        [
          37.4253599,
          56.4821999
        ],
        [
          37.42537,
          56.48225
        ],
        [
          37.42537,
          56.4822999
        ],
        [
          37.42537,
          56.48235
        ],
        [
          37.42538,
          56.4823999
        ],
        [
          37.42538,
          56.48245
        ],
        [
          37.42538,
          56.4825
        ],
        [
          37.42538,
          56.48255
        ],
        [
          37.4253899,
          56.4826499
        ],
        [
          37.4253899,
          56.4826499
        ],
        [
          37.4253999,
          56.4827599
        ],
        [
          37.4253999,
          56.4827599
        ],
        [
          37.4253999,
          56.48286
        ],
        [
          37.4253999,
          56.48286
        ],
        [
          37.4253999,
          56.48291
        ],
        [
          37.4253999,
          56.48296
        ],
        [
          37.4253999,
          56.48301
        ],
        [
          37.42541,
          56.48307
        ],
        [
          37.4253999,
          56.4831199
        ],
        [
          37.4253999,
          56.48317
        ],
        [
          37.4253999,
          56.4832199
        ],
        [
          37.4253999,
          56.48327
        ],
        [
          37.4253999,
          56.48332
        ],
        [
          37.4253999,
          56.48337
        ],
        [
          37.4253999,
          56.48342
        ],
        [
          37.42541,
          56.48347
        ],
        [
          37.4253999,
          56.48352
        ],
        [
          37.4253999,
          56.4835699
        ],
        [
          37.42538,
          56.48362
        ],
        [
          37.42538,
          56.4836699
        ],
        [
          37.42538,
          56.48372
        ],
        [
          37.42537,
          56.48378
        ],
        [
          37.42537,
          56.48383
        ],
        [
          37.4253599,
          56.48388
        ],
        [
          37.42535,
          56.4839299
        ],
        [
          37.42535,
          56.4840399
        ],
        [
          37.42535,
          56.4840399
        ],
        [
          37.42534,
          56.48414
        ],
        [
          37.4253299,
          56.4841999
        ],
        [
          37.4253299,
          56.48425
        ],
        [
          37.4253299,
          56.48425
        ],
        [
          37.4253299,
          56.4842999
        ],
        [
          37.4253299,
          56.48435
        ],
        [
          37.4253299,
          56.4843999
        ],
        [
          37.4253299,
          56.4844599
        ],
        [
          37.4253299,
          56.48451
        ],
        [
          37.42532,
          56.4845599
        ],
        [
          37.42531,
          56.48461
        ],
        [
          37.4252999,
          56.4846599
        ],
        [
          37.4252999,
          56.4847199
        ],
        [
          37.4252899,
          56.48477
        ],
        [
          37.4252899,
          56.4848199
        ],
        [
          37.42528,
          56.48487
        ],
        [
          37.42527,
          56.48493
        ],
        [
          37.42527,
          56.4849799
        ],
        [
          37.42527,
          56.48503
        ],
        [
          37.4252599,
          56.4850899
        ],
        [
          37.42525,
          56.48514
        ],
        [
          37.42524,
          56.4851899
        ],
        [
          37.42522,
          56.48524
        ],
        [
          37.42522,
          56.4853
        ],
        [
          37.42522,
          56.4853499
        ],
        [
          37.42521,
          56.4854
        ],
        [
          37.4251899,
          56.48546
        ],
        [
          37.4251699,
          56.48557
        ],
        [
          37.4251699,
          56.48562
        ],
        [
          37.4251699,
          56.48562
        ],
        [
          37.4251599,
          56.4856799
        ],
        [
          37.42515,
          56.48573
        ],
        [
          37.4251299,
          56.48579
        ],
        [
          37.42512,
          56.4858399
        ],
        [
          37.42511,
          56.4858999
        ],
        [
          37.42511,
          56.48595
        ],
        [
          37.42509,
          56.4860099
        ],
        [
          37.42508,
          56.48606
        ],
        [
          37.4250699,
          56.48612
        ],
        [
          37.4250599,
          56.4861699
        ],
        [
          37.42505,
          56.4862299
        ],
        [
          37.42504,
          56.48628
        ],
        [
          37.42502,
          56.48634
        ],
        [
          37.42501,
          56.48639
        ],
        [
          37.4249999,
          56.48645
        ],
        [
          37.42499,
          56.4864999
        ],
        [
          37.42496,
          56.48661
        ],
        [
          37.42495,
          56.48667
        ],
        [
          37.4249299,
          56.4867199
        ],
        [
          37.4249299,
          56.4867199
        ],
        [
          37.42492,
          56.48678
        ],
        [
          37.4248999,
          56.4868299
        ],
        [
          37.42488,
          56.4868899
        ],
        [
          37.42486,
          56.48694
        ],
        [
          37.4248399,
          56.487
        ],
        [
          37.42482,
          56.4870499
        ],
        [
          37.42481,
          56.48711
        ],
        [
          37.4247999,
          56.48716
        ],
        [
          37.42478,
          56.4872199
        ],
        [
          37.42476,
          56.4872799
        ],
        [
          37.4247399,
          56.48733
        ],
        [
          37.42473,
          56.48739
        ],
        [
          37.4247099,
          56.48744
        ],
        [
          37.4246999,
          56.4875
        ],
        [
          37.42468,
          56.4875499
        ],
        [
          37.42466,
          56.4876099
        ],
        [
          37.4246399,
          56.48766
        ],
        [
          37.42462,
          56.4877099
        ],
        [
          37.4245999,
          56.48777
        ],
        [
          37.42458,
          56.48782
        ],
        [
          37.42456,
          56.4878799
        ],
        [
          37.4245399,
          56.4879399
        ],
        [
          37.42452,
          56.48799
        ],
        [
          37.4244699,
          56.4880999
        ],
        [
          37.42445,
          56.48816
        ],
        [
          37.42443,
          56.4882099
        ],
        [
          37.42443,
          56.4882099
        ],
        [
          37.4244,
          56.48832
        ],
        [
          37.4244,
          56.48832
        ],
        [
          37.4243699,
          56.4883699
        ],
        [
          37.42435,
          56.4884299
        ],
        [
          37.42432,
          56.48848
        ],
        [
          37.4243,
          56.48854
        ],
        [
          37.42427,
          56.4885999
        ],
        [
          37.4242399,
          56.48865
        ],
        [
          37.42422,
          56.4886999
        ],
        [
          37.42419,
          56.4887599
        ],
        [
          37.42417,
          56.48881
        ],
        [
          37.4241399,
          56.4888599
        ],
        [
          37.42412,
          56.4889199
        ],
        [
          37.4241,
          56.48897
        ],
        [
          37.4240799,
          56.4890199
        ],
        [
          37.4240499,
          56.48908
        ],
        [
          37.42403,
          56.48913
        ],
        [
          37.424,
          56.48918
        ],
        [
          37.4239799,
          56.48924
        ],
        [
          37.4239499,
          56.4892899
        ],
        [
          37.4239199,
          56.48934
        ],
        [
          37.4238899,
          56.4893899
        ],
        [
          37.42386,
          56.4894499
        ],
        [
          37.42384,
          56.4895
        ],
        [
          37.4237799,
          56.4896099
        ],
        [
          37.42376,
          56.48966
        ],
        [
          37.42373,
          56.4897099
        ],
        [
          37.4237,
          56.48976
        ],
        [
          37.4237,
          56.48976
        ],
        [
          37.4236799,
          56.4898099
        ],
        [
          37.4236499,
          56.48987
        ],
        [
          37.42361,
          56.48992
        ],
        [
          37.42358,
          56.48996
        ],
        [
          37.4235499,
          56.4900099
        ],
        [
          37.42353,
          56.4900699
        ],
        [
          37.42351,
          56.49012
        ],
        [
          37.4234899,
          56.49016
        ],
        [
          37.4234599,
          56.4902099
        ],
        [
          37.42344,
          56.49025
        ],
        [
          37.42341,
          56.4902999
        ],
        [
          37.4233899,
          56.49035
        ],
        [
          37.42337,
          56.49039
        ],
        [
          37.42334,
          56.4904399
        ],
        [
          37.42331,
          56.49049
        ],
        [
          37.42331,
          56.49049
        ],
        [
          37.4232599,
          56.49059
        ],
        [
          37.4232299,
          56.49064
        ],
        [
          37.4231999,
          56.49069
        ],
        [
          37.4231999,
          56.49069
        ],
        [
          37.42314,
          56.4907899
        ],
        [
          37.42311,
          56.49085
        ],
        [
          37.42308,
          56.4908999
        ],
        [
          37.4230299,
          56.49101
        ],
        [
          37.42301,
          56.4910599
        ],
        [
          37.42299,
          56.49111
        ],
        [
          37.42295,
          56.4911599
        ],
        [
          37.42295,
          56.4911599
        ],
        [
          37.42295,
          56.4911599
        ],
        [
          37.42289,
          56.49127
        ],
        [
          37.4228599,
          56.49133
        ],
        [
          37.42284,
          56.49138
        ],
        [
          37.42284,
          56.49138
        ],
        [
          37.42278,
          56.4914899
        ],
        [
          37.42278,
          56.4914899
        ],
        [
          37.42272,
          56.4916
        ],
        [
          37.4226999,
          56.4916499
        ],
        [
          37.42266,
          56.4917
        ],
        [
          37.4226299,
          56.49176
        ],
        [
          37.4225999,
          56.4918099
        ],
        [
          37.4225699,
          56.49186
        ],
        [
          37.4225399,
          56.49192
        ],
        [
          37.4225099,
          56.4919799
        ],
        [
          37.4224699,
          56.49203
        ],
        [
          37.4223999,
          56.4921399
        ],
        [
          37.4223699,
          56.4922
        ],
        [
          37.4223399,
          56.49226
        ],
        [
          37.4223399,
          56.49226
        ],
        [
          37.4223099,
          56.49232
        ],
        [
          37.4222799,
          56.49238
        ],
        [
          37.42225,
          56.4924399
        ],
        [
          37.42222,
          56.4924999
        ],
        [
          37.42219,
          56.49256
        ],
        [
          37.4221499,
          56.49262
        ],
        [
          37.4221099,
          56.49268
        ],
        [
          37.4220799,
          56.49274
        ],
        [
          37.4220399,
          56.4927999
        ],
        [
          37.4220099,
          56.4928599
        ],
        [
          37.4219799,
          56.49292
        ],
        [
          37.42194,
          56.49297
        ],
        [
          37.4219099,
          56.49304
        ],
        [
          37.4219099,
          56.49304
        ],
        [
          37.4218499,
          56.49315
        ],
        [
          37.4218199,
          56.49321
        ],
        [
          37.42179,
          56.4932599
        ],
        [
          37.42171,
          56.49337
        ],
        [
          37.42167,
          56.49343
        ],
        [
          37.42164,
          56.4934899
        ],
        [
          37.4216199,
          56.4935499
        ],
        [
          37.4216199,
          56.4935499
        ],
        [
          37.4215899,
          56.49361
        ],
        [
          37.4215499,
          56.49367
        ],
        [
          37.4215199,
          56.49373
        ],
        [
          37.4214899,
          56.4937899
        ],
        [
          37.4214499,
          56.4938499
        ],
        [
          37.4214199,
          56.4939099
        ],
        [
          37.4213899,
          56.49397
        ],
        [
          37.4213599,
          56.49403
        ],
        [
          37.4213199,
          56.49409
        ],
        [
          37.4212899,
          56.4941499
        ],
        [
          37.42125,
          56.4942099
        ],
        [
          37.4212199,
          56.49426
        ],
        [
          37.42118,
          56.49433
        ],
        [
          37.42115,
          56.49439
        ],
        [
          37.4211199,
          56.49445
        ],
        [
          37.42108,
          56.4944999
        ],
        [
          37.42105,
          56.49456
        ],
        [
          37.42102,
          56.49462
        ],
        [
          37.42098,
          56.49468
        ],
        [
          37.4209599,
          56.4947299
        ],
        [
          37.42092,
          56.49479
        ],
        [
          37.42088,
          56.4948399
        ],
        [
          37.42082,
          56.4949599
        ],
        [
          37.42082,
          56.4949599
        ],
        [
          37.4207599,
          56.4950699
        ],
        [
          37.4207299,
          56.4951299
        ],
        [
          37.42069,
          56.4951899
        ],
        [
          37.42069,
          56.4951899
        ],
        [
          37.42066,
          56.49524
        ],
        [
          37.42066,
          56.49524
        ],
        [
          37.42062,
          56.4952999
        ],
        [
          37.42055,
          56.4954199
        ],
        [
          37.42052,
          56.49548
        ],
        [
          37.42049,
          56.49553
        ],
        [
          37.42049,
          56.49553
        ],
        [
          37.42043,
          56.4956499
        ],
        [
          37.4203999,
          56.49571
        ],
        [
          37.4203699,
          56.49576
        ],
        [
          37.42033,
          56.4958199
        ],
        [
          37.4202999,
          56.4958799
        ],
        [
          37.4202699,
          56.49593
        ],
        [
          37.42023,
          56.49599
        ],
        [
          37.4202,
          56.4960499
        ],
        [
          37.4202,
          56.4960499
        ],
        [
          37.42013,
          56.49616
        ],
        [
          37.4201,
          56.49622
        ],
        [
          37.4201,
          56.49622
        ],
        [
          37.42003,
          56.49633
        ],
        [
          37.42,
          56.49639
        ],
        [
          37.4199399,
          56.4965099
        ],
        [
          37.4199099,
          56.49656
        ],
        [
          37.41987,
          56.49662
        ],
        [
          37.41987,
          56.49662
        ],
        [
          37.41987,
          56.49662
        ],
        [
          37.41977,
          56.49679
        ],
        [
          37.41977,
          56.49679
        ],
        [
          37.41974,
          56.49685
        ],
        [
          37.4197099,
          56.4968999
        ],
        [
          37.41967,
          56.49696
        ],
        [
          37.41967,
          56.49696
        ],
        [
          37.4196099,
          56.4970699
        ],
        [
          37.41957,
          56.4971299
        ],
        [
          37.41954,
          56.49718
        ],
        [
          37.41951,
          56.49724
        ],
        [
          37.4194799,
          56.4972899
        ],
        [
          37.41944,
          56.49735
        ],
        [
          37.41941,
          56.4973999
        ],
        [
          37.4193799,
          56.4974599
        ],
        [
          37.4193499,
          56.49751
        ],
        [
          37.41933,
          56.49757
        ],
        [
          37.41931,
          56.4976199
        ],
        [
          37.41928,
          56.49767
        ],
        [
          37.4192499,
          56.4977199
        ],
        [
          37.4192499,
          56.4977199
        ],
        [
          37.4192,
          56.4978199
        ],
        [
          37.41917,
          56.49787
        ],
        [
          37.41914,
          56.4979199
        ],
        [
          37.41911,
          56.4979799
        ],
        [
          37.41908,
          56.49803
        ],
        [
          37.41901,
          56.4981199
        ],
        [
          37.4189899,
          56.49817
        ],
        [
          37.4189899,
          56.49817
        ],
        [
          37.4189899,
          56.49817
        ],
        [
          37.4189599,
          56.4982199
        ],
        [
          37.4188999,
          56.49833
        ],
        [
          37.41887,
          56.4983799
        ],
        [
          37.41884,
          56.49843
        ],
        [
          37.41881,
          56.4984799
        ],
        [
          37.41878,
          56.49853
        ],
        [
          37.41875,
          56.4985799
        ],
        [
          37.41872,
          56.4986399
        ],
        [
          37.41869,
          56.49869
        ],
        [
          37.4186699,
          56.4987399
        ],
        [
          37.41864,
          56.49879
        ],
        [
          37.41861,
          56.4988399
        ],
        [
          37.41859,
          56.49889
        ],
        [
          37.4185599,
          56.4989399
        ],
        [
          37.4184999,
          56.4990399
        ],
        [
          37.4184999,
          56.4990399
        ],
        [
          37.41845,
          56.4991399
        ],
        [
          37.41845,
          56.4991399
        ],
        [
          37.41842,
          56.49919
        ],
        [
          37.41839,
          56.49924
        ],
        [
          37.41836,
          56.4992999
        ],
        [
          37.4183299,
          56.49935
        ],
        [
          37.4182999,
          56.49939
        ],
        [
          37.4182699,
          56.49944
        ],
        [
          37.4182399,
          56.4994899
        ],
        [
          37.41822,
          56.49955
        ],
        [
          37.41819,
          56.4995999
        ],
        [
          37.4181699,
          56.49965
        ],
        [
          37.4181399,
          56.4997
        ],
        [
          37.4181099,
          56.49975
        ],
        [
          37.4180799,
          56.4998
        ],
        [
          37.41806,
          56.4998499
        ],
        [
          37.41803,
          56.4999
        ],
        [
          37.418,
          56.49994
        ],
        [
          37.41795,
          56.50004
        ],
        [
          37.41795,
          56.50004
        ],
        [
          37.41793,
          56.5000899
        ],
        [
          37.4179,
          56.50014
        ],
        [
          37.4178699,
          56.5001899
        ],
        [
          37.4178399,
          56.50024
        ],
        [
          37.4178099,
          56.50029
        ],
        [
          37.41779,
          56.50034
        ],
        [
          37.41776,
          56.50039
        ],
        [
          37.41772,
          56.50044
        ],
        [
          37.41772,
          56.50044
        ],
        [
          37.41767,
          56.50053
        ],
        [
          37.41764,
          56.5005799
        ],
        [
          37.4176199,
          56.50062
        ],
        [
          37.41759,
          56.50067
        ],
        [
          37.41756,
          56.5007099
        ],
        [
          37.41754,
          56.50075
        ],
        [
          37.4175099,
          56.5008
        ],
        [
          37.4174799,
          56.50085
        ],
        [
          37.41746,
          56.5009
        ],
        [
          37.41746,
          56.5009
        ],
        [
          37.4174,
          56.50099
        ],
        [
          37.41737,
          56.5010399
        ],
        [
          37.41734,
          56.50109
        ],
        [
          37.41731,
          56.5011399
        ],
        [
          37.4172899,
          56.50119
        ],
        [
          37.41726,
          56.5012399
        ],
        [
          37.41723,
          56.50129
        ],
        [
          37.41721,
          56.50134
        ],
        [
          37.4171499,
          56.50144
        ],
        [
          37.4171199,
          56.50149
        ],
        [
          37.4170899,
          56.5015299
        ],
        [
          37.4170899,
          56.5015299
        ],
        [
          37.4170599,
          56.5015899
        ],
        [
          37.41703,
          56.50164
        ],
        [
          37.417,
          56.5016899
        ],
        [
          37.41697,
          56.50174
        ],
        [
          37.41694,
          56.5017899
        ],
        [
          37.4169,
          56.50184
        ],
        [
          37.41688,
          56.5018899
        ],
        [
          37.41685,
          56.50194
        ],
        [
          37.4168199,
          56.50198
        ],
        [
          37.4167899,
          56.50203
        ],
        [
          37.4167599,
          56.5020899
        ],
        [
          37.41674,
          56.50214
        ],
        [
          37.41671,
          56.5021899
        ],
        [
          37.41671,
          56.5021899
        ],
        [
          37.41665,
          56.5022899
        ],
        [
          37.41662,
          56.50233
        ],
        [
          37.4165899,
          56.5023799
        ],
        [
          37.4165599,
          56.50243
        ],
        [
          37.4165299,
          56.5024799
        ],
        [
          37.41651,
          56.50253
        ],
        [
          37.41648,
          56.5025799
        ],
        [
          37.4164599,
          56.50263
        ],
        [
          37.41641,
          56.50273
        ],
        [
          37.41641,
          56.50273
        ],
        [
          37.41638,
          56.50277
        ],
        [
          37.41632,
          56.50286
        ],
        [
          37.4162999,
          56.5029099
        ],
        [
          37.4162699,
          56.50296
        ],
        [
          37.4162699,
          56.50296
        ],
        [
          37.41625,
          56.5030099
        ],
        [
          37.41622,
          56.50306
        ],
        [
          37.41619,
          56.5031099
        ],
        [
          37.41616,
          56.50316
        ],
        [
          37.41616,
          56.50316
        ],
        [
          37.4161099,
          56.50326
        ],
        [
          37.41608,
          56.50331
        ],
        [
          37.41605,
          56.50336
        ],
        [
          37.41602,
          56.50341
        ],
        [
          37.41599,
          56.50346
        ],
        [
          37.41596,
          56.50351
        ],
        [
          37.41593,
          56.5035699
        ],
        [
          37.4159,
          56.5036299
        ],
        [
          37.4158699,
          56.50368
        ],
        [
          37.4158399,
          56.5037299
        ],
        [
          37.4158099,
          56.5037899
        ],
        [
          37.4157799,
          56.50384
        ],
        [
          37.41575,
          56.5038899
        ],
        [
          37.4157099,
          56.50394
        ],
        [
          37.4156799,
          56.5039899
        ],
        [
          37.41566,
          56.50404
        ],
        [
          37.4156,
          56.5041499
        ],
        [
          37.4155799,
          56.5042
        ],
        [
          37.4155799,
          56.5042
        ],
        [
          37.4155499,
          56.5042499
        ],
        [
          37.41552,
          56.5043
        ],
        [
          37.41549,
          56.50436
        ],
        [
          37.41546,
          56.50441
        ],
        [
          37.41544,
          56.50446
        ],
        [
          37.4154099,
          56.5045199
        ],
        [
          37.41537,
          56.50457
        ],
        [
          37.4153499,
          56.5046199
        ],
        [
          37.4153199,
          56.5046799
        ],
        [
          37.41529,
          56.50473
        ],
        [
          37.4152499,
          56.5047799
        ],
        [
          37.4152199,
          56.5048399
        ],
        [
          37.4151899,
          56.5049
        ],
        [
          37.41517,
          56.5049499
        ],
        [
          37.41513,
          56.5050099
        ],
        [
          37.4151,
          56.50506
        ],
        [
          37.41504,
          56.5051699
        ],
        [
          37.415,
          56.50522
        ],
        [
          37.415,
          56.50522
        ],
        [
          37.41497,
          56.50528
        ],
        [
          37.41494,
          56.50533
        ],
        [
          37.41491,
          56.50539
        ],
        [
          37.41491,
          56.50539
        ],
        [
          37.41485,
          56.5054999
        ],
        [
          37.4148199,
          56.50555
        ],
        [
          37.4147899,
          56.50561
        ],
        [
          37.4147599,
          56.5056599
        ],
        [
          37.4147299,
          56.50572
        ],
        [
          37.4147,
          56.5057699
        ],
        [
          37.41467,
          56.5058299
        ],
        [
          37.41464,
          56.50588
        ],
        [
          37.41461,
          56.50594
        ],
        [
          37.41461,
          56.50594
        ],
        [
          37.41455,
          56.50604
        ],
        [
          37.41452,
          56.5061
        ],
        [
          37.4144899,
          56.50615
        ],
        [
          37.4144599,
          56.5062
        ],
        [
          37.41442,
          56.5062599
        ],
        [
          37.41439,
          56.50631
        ],
        [
          37.4143299,
          56.5064199
        ],
        [
          37.4143299,
          56.5064199
        ],
        [
          37.4142599,
          56.5065199
        ],
        [
          37.4142599,
          56.5065199
        ],
        [
          37.4142299,
          56.5065799
        ],
        [
          37.4142299,
          56.5065799
        ],
        [
          37.4141699,
          56.5066899
        ],
        [
          37.4141399,
          56.50674
        ],
        [
          37.4140999,
          56.50679
        ],
        [
          37.4140699,
          56.50684
        ],
        [
          37.4140399,
          56.5069
        ],
        [
          37.41401,
          56.5069499
        ],
        [
          37.41398,
          56.5070099
        ],
        [
          37.41395,
          56.50706
        ],
        [
          37.41395,
          56.50706
        ],
        [
          37.41389,
          56.50716
        ],
        [
          37.41386,
          56.5072099
        ],
        [
          37.4138399,
          56.5072699
        ],
        [
          37.4138099,
          56.50732
        ],
        [
          37.4137799,
          56.50738
        ],
        [
          37.41375,
          56.50743
        ],
        [
          37.41372,
          56.50748
        ],
        [
          37.4137,
          56.50753
        ],
        [
          37.4136699,
          56.50758
        ],
        [
          37.4136699,
          56.50758
        ],
        [
          37.4136099,
          56.50769
        ],
        [
          37.4135799,
          56.5077399
        ],
        [
          37.41353,
          56.50785
        ],
        [
          37.4135,
          56.5078999
        ],
        [
          37.4134799,
          56.50795
        ],
        [
          37.4134799,
          56.50795
        ],
        [
          37.4134399,
          56.50801
        ],
        [
          37.4134099,
          56.50807
        ],
        [
          37.4133799,
          56.50812
        ],
        [
          37.4133499,
          56.50817
        ],
        [
          37.4133199,
          56.5082199
        ],
        [
          37.41329,
          56.50828
        ],
        [
          37.41329,
          56.50828
        ],
        [
          37.41326,
          56.5083299
        ],
        [
          37.4132,
          56.50844
        ],
        [
          37.41317,
          56.5084899
        ],
        [
          37.41317,
          56.5084899
        ],
        [
          37.4131199,
          56.5086
        ],
        [
          37.4131199,
          56.5086
        ],
        [
          37.41307,
          56.5087
        ],
        [
          37.41304,
          56.5087499
        ],
        [
          37.413,
          56.5088
        ],
        [
          37.41297,
          56.50886
        ],
        [
          37.41294,
          56.5089
        ],
        [
          37.41291,
          56.5089499
        ],
        [
          37.41291,
          56.5089499
        ],
        [
          37.4128899,
          56.509
        ],
        [
          37.41283,
          56.5091
        ],
        [
          37.4128,
          56.5091499
        ],
        [
          37.41277,
          56.5092
        ],
        [
          37.41277,
          56.5092
        ],
        [
          37.41274,
          56.5092499
        ],
        [
          37.41271,
          56.5093099
        ],
        [
          37.41265,
          56.5094099
        ],
        [
          37.41265,
          56.5094099
        ],
        [
          37.4126199,
          56.50946
        ],
        [
          37.4125899,
          56.5095099
        ],
        [
          37.4125599,
          56.50956
        ],
        [
          37.4125299,
          56.5096099
        ],
        [
          37.4125,
          56.50966
        ],
        [
          37.41247,
          56.5097099
        ],
        [
          37.4124299,
          56.5097699
        ],
        [
          37.4123999,
          56.50982
        ],
        [
          37.41237,
          56.5098699
        ],
        [
          37.41235,
          56.50992
        ],
        [
          37.41232,
          56.50998
        ],
        [
          37.41228,
          56.5100299
        ],
        [
          37.41225,
          56.51008
        ],
        [
          37.41222,
          56.51014
        ],
        [
          37.41219,
          56.5101899
        ],
        [
          37.41215,
          56.51024
        ],
        [
          37.41212,
          56.5102999
        ],
        [
          37.41209,
          56.51035
        ],
        [
          37.4120599,
          56.51041
        ],
        [
          37.41202,
          56.51047
        ],
        [
          37.41199,
          56.5105199
        ],
        [
          37.41199,
          56.5105199
        ],
        [
          37.4119299,
          56.51064
        ],
        [
          37.4118999,
          56.5106899
        ],
        [
          37.4118699,
          56.5107499
        ],
        [
          37.41183,
          56.51081
        ],
        [
          37.4117999,
          56.51086
        ],
        [
          37.4117699,
          56.5109199
        ],
        [
          37.4117399,
          56.5109799
        ],
        [
          37.4117099,
          56.51103
        ],
        [
          37.4116699,
          56.51109
        ],
        [
          37.4116399,
          56.51114
        ],
        [
          37.4116,
          56.5112
        ],
        [
          37.4115699,
          56.51126
        ],
        [
          37.4115399,
          56.51132
        ],
        [
          37.4115099,
          56.51137
        ],
        [
          37.4114699,
          56.51143
        ],
        [
          37.4114399,
          56.51149
        ],
        [
          37.4114099,
          56.51155
        ],
        [
          37.41137,
          56.5116099
        ],
        [
          37.4113399,
          56.51166
        ],
        [
          37.4113,
          56.51172
        ],
        [
          37.41127,
          56.51178
        ],
        [
          37.41123,
          56.51183
        ],
        [
          37.4112,
          56.5118999
        ],
        [
          37.41117,
          56.51195
        ],
        [
          37.41114,
          56.51201
        ],
        [
          37.4111,
          56.5120699
        ],
        [
          37.41106,
          56.5121299
        ],
        [
          37.41104,
          56.51219
        ],
        [
          37.4110099,
          56.51225
        ],
        [
          37.41097,
          56.51231
        ],
        [
          37.41094,
          56.51237
        ],
        [
          37.41091,
          56.5124299
        ],
        [
          37.4108799,
          56.5124899
        ],
        [
          37.41084,
          56.51255
        ],
        [
          37.41081,
          56.51261
        ],
        [
          37.4107799,
          56.51267
        ],
        [
          37.4107499,
          56.5127199
        ],
        [
          37.41071,
          56.51278
        ],
        [
          37.41068,
          56.51284
        ],
        [
          37.41064,
          56.5129
        ],
        [
          37.41061,
          56.51296
        ],
        [
          37.41058,
          56.5130199
        ],
        [
          37.41054,
          56.51307
        ],
        [
          37.4105,
          56.51313
        ],
        [
          37.41047,
          56.51319
        ],
        [
          37.4104299,
          56.5132499
        ],
        [
          37.4103599,
          56.51336
        ],
        [
          37.41032,
          56.51342
        ],
        [
          37.41032,
          56.51342
        ],
        [
          37.4102899,
          56.51347
        ],
        [
          37.4102599,
          56.51353
        ],
        [
          37.4102299,
          56.51359
        ],
        [
          37.4101999,
          56.51365
        ],
        [
          37.41017,
          56.5137
        ],
        [
          37.4101299,
          56.51376
        ],
        [
          37.4100999,
          56.51382
        ],
        [
          37.4100599,
          56.51388
        ],
        [
          37.4100299,
          56.5139399
        ],
        [
          37.4099999,
          56.5139999
        ],
        [
          37.4099699,
          56.51406
        ],
        [
          37.40994,
          56.51412
        ],
        [
          37.4098999,
          56.51418
        ],
        [
          37.4098699,
          56.5142299
        ],
        [
          37.4098399,
          56.51429
        ],
        [
          37.40981,
          56.51435
        ],
        [
          37.40978,
          56.51441
        ],
        [
          37.4097399,
          56.5144599
        ],
        [
          37.40971,
          56.51452
        ],
        [
          37.40968,
          56.51458
        ],
        [
          37.40965,
          56.51464
        ],
        [
          37.40962,
          56.5147
        ],
        [
          37.40958,
          56.5147599
        ],
        [
          37.40955,
          56.51481
        ],
        [
          37.40952,
          56.51487
        ],
        [
          37.40945,
          56.5149899
        ],
        [
          37.40945,
          56.5149899
        ],
        [
          37.4094099,
          56.5150499
        ],
        [
          37.4093799,
          56.51511
        ],
        [
          37.4093399,
          56.51516
        ],
        [
          37.4093099,
          56.5152199
        ],
        [
          37.4092799,
          56.5152799
        ],
        [
          37.4092399,
          56.51534
        ],
        [
          37.4092099,
          56.5154
        ],
        [
          37.4091799,
          56.51546
        ],
        [
          37.4091399,
          56.5155199
        ],
        [
          37.4091099,
          56.5155799
        ],
        [
          37.40907,
          56.51563
        ],
        [
          37.4090399,
          56.51569
        ],
        [
          37.4090099,
          56.5157499
        ],
        [
          37.4089799,
          56.5158099
        ],
        [
          37.40894,
          56.5158699
        ],
        [
          37.4089099,
          56.51593
        ],
        [
          37.4088799,
          56.51598
        ],
        [
          37.40884,
          56.5160399
        ],
        [
          37.40881,
          56.5160999
        ],
        [
          37.4087799,
          56.51616
        ],
        [
          37.40874,
          56.51622
        ],
        [
          37.40871,
          56.51628
        ],
        [
          37.4086499,
          56.5163999
        ],
        [
          37.40861,
          56.51645
        ],
        [
          37.40858,
          56.51651
        ],
        [
          37.40858,
          56.51651
        ],
        [
          37.40854,
          56.5165699
        ],
        [
          37.4085199,
          56.5166299
        ],
        [
          37.4084899,
          56.51668
        ],
        [
          37.4084499,
          56.51674
        ],
        [
          37.4084199,
          56.5167999
        ],
        [
          37.4083899,
          56.51685
        ],
        [
          37.40835,
          56.5169
        ],
        [
          37.4083199,
          56.5169599
        ],
        [
          37.4083,
          56.51701
        ],
        [
          37.40827,
          56.5170499
        ],
        [
          37.40824,
          56.5171
        ],
        [
          37.40821,
          56.51714
        ],
        [
          37.4081899,
          56.5171899
        ],
        [
          37.40817,
          56.51723
        ],
        [
          37.40815,
          56.51727
        ],
        [
          37.4081299,
          56.51731
        ],
        [
          37.40811,
          56.5173499
        ],
        [
          37.4080599,
          56.51743
        ],
        [
          37.4080599,
          56.51743
        ],
        [
          37.40804,
          56.51746
        ],
        [
          37.40802,
          56.5175
        ],
        [
          37.4079999,
          56.51753
        ],
        [
          37.4079899,
          56.51756
        ],
        [
          37.40798,
          56.51759
        ],
        [
          37.4079599,
          56.5176199
        ],
        [
          37.40794,
          56.5176499
        ],
        [
          37.4079299,
          56.5176799
        ],
        [
          37.40791,
          56.5177099
        ],
        [
          37.40789,
          56.5177399
        ],
        [
          37.40788,
          56.51777
        ],
        [
          37.4078699,
          56.5178
        ],
        [
          37.40785,
          56.5178399
        ],
        [
          37.4078299,
          56.51787
        ],
        [
          37.40781,
          56.5179099
        ],
        [
          37.40779,
          56.51795
        ],
        [
          37.4077699,
          56.5179799
        ],
        [
          37.40775,
          56.5180099
        ],
        [
          37.40772,
          56.51805
        ],
        [
          37.4076999,
          56.51809
        ],
        [
          37.4076699,
          56.51812
        ],
        [
          37.40765,
          56.51816
        ],
        [
          37.4076299,
          56.5181999
        ],
        [
          37.40761,
          56.51823
        ],
        [
          37.40759,
          56.5182699
        ],
        [
          37.40756,
          56.5183399
        ],
        [
          37.4075399,
          56.51838
        ],
        [
          37.4075399,
          56.51838
        ],
        [
          37.40752,
          56.51842
        ],
        [
          37.4074999,
          56.51846
        ],
        [
          37.40748,
          56.51851
        ],
        [
          37.40746,
          56.51855
        ],
        [
          37.40743,
          56.51859
        ],
        [
          37.4074099,
          56.51864
        ],
        [
          37.40738,
          56.51868
        ],
        [
          37.40736,
          56.51872
        ],
        [
          37.40733,
          56.51877
        ],
        [
          37.4073099,
          56.51881
        ],
        [
          37.40729,
          56.51885
        ],
        [
          37.4072699,
          56.5188999
        ],
        [
          37.4072399,
          56.51894
        ],
        [
          37.4072099,
          56.51898
        ],
        [
          37.4071799,
          56.5190299
        ],
        [
          37.40716,
          56.51907
        ],
        [
          37.40713,
          56.5191199
        ],
        [
          37.4071,
          56.51917
        ],
        [
          37.4070799,
          56.51921
        ],
        [
          37.4070499,
          56.5192599
        ],
        [
          37.40702,
          56.51931
        ],
        [
          37.407,
          56.5193499
        ],
        [
          37.40697,
          56.5194
        ],
        [
          37.4069499,
          56.5194499
        ],
        [
          37.40693,
          56.5195
        ],
        [
          37.4069,
          56.51954
        ],
        [
          37.40687,
          56.5195899
        ],
        [
          37.4068199,
          56.51969
        ],
        [
          37.4068199,
          56.51969
        ],
        [
          37.4068,
          56.51973
        ],
        [
          37.40677,
          56.5197799
        ],
        [
          37.40674,
          56.51983
        ],
        [
          37.4067099,
          56.51987
        ],
        [
          37.4066799,
          56.51992
        ],
        [
          37.4066499,
          56.51997
        ],
        [
          37.40663,
          56.52002
        ],
        [
          37.4066,
          56.5200699
        ],
        [
          37.40657,
          56.52012
        ],
        [
          37.4065499,
          56.5201699
        ],
        [
          37.4065199,
          56.52022
        ],
        [
          37.4064899,
          56.52026
        ],
        [
          37.40647,
          56.5203099
        ],
        [
          37.40644,
          56.52036
        ],
        [
          37.40641,
          56.5204099
        ],
        [
          37.40638,
          56.52046
        ],
        [
          37.4063499,
          56.52051
        ],
        [
          37.40633,
          56.52056
        ],
        [
          37.4063,
          56.52061
        ],
        [
          37.40627,
          56.52066
        ],
        [
          37.40624,
          56.52071
        ],
        [
          37.4062199,
          56.52075
        ],
        [
          37.4061899,
          56.5207999
        ],
        [
          37.4061299,
          56.5208999
        ],
        [
          37.4061,
          56.52095
        ],
        [
          37.4061,
          56.52095
        ],
        [
          37.40607,
          56.5209999
        ],
        [
          37.40604,
          56.52105
        ],
        [
          37.40601,
          56.5210999
        ],
        [
          37.4059899,
          56.52115
        ],
        [
          37.40595,
          56.5212
        ],
        [
          37.40592,
          56.52125
        ],
        [
          37.4058899,
          56.5213
        ],
        [
          37.4058599,
          56.5213499
        ],
        [
          37.4058299,
          56.5214
        ],
        [
          37.4057999,
          56.5214499
        ],
        [
          37.40578,
          56.5215
        ],
        [
          37.40575,
          56.5215499
        ],
        [
          37.40572,
          56.5216
        ],
        [
          37.40569,
          56.5216499
        ],
        [
          37.4056599,
          56.5217
        ],
        [
          37.40562,
          56.52176
        ],
        [
          37.40558,
          56.5218099
        ],
        [
          37.4055399,
          56.52186
        ],
        [
          37.40549,
          56.5219
        ],
        [
          37.40545,
          56.5219499
        ],
        [
          37.4053999,
          56.522
        ],
        [
          37.40535,
          56.5220399
        ],
        [
          37.40529,
          56.5220799
        ],
        [
          37.4052399,
          56.52212
        ],
        [
          37.4051699,
          56.52216
        ],
        [
          37.40512,
          56.5222
        ],
        [
          37.40506,
          56.5222399
        ],
        [
          37.4050099,
          56.5222799
        ],
        [
          37.40496,
          56.52232
        ],
        [
          37.4049099,
          56.52236
        ],
        [
          37.40487,
          56.5224
        ],
        [
          37.4048399,
          56.52245
        ],
        [
          37.40483,
          56.5224999
        ],
        [
          37.40482,
          56.52255
        ],
        [
          37.40482,
          56.5225999
        ],
        [
          37.4048099,
          56.52265
        ],
        [
          37.4048099,
          56.52269
        ],
        [
          37.4048099,
          56.5227399
        ],
        [
          37.4048099,
          56.52279
        ],
        [
          37.4048099,
          56.5228399
        ],
        [
          37.4048099,
          56.52289
        ],
        [
          37.4048,
          56.52295
        ],
        [
          37.4048,
          56.5229999
        ],
        [
          37.40479,
          56.52305
        ],
        [
          37.4047799,
          56.5230999
        ],
        [
          37.40477,
          56.5231599
        ],
        [
          37.4047499,
          56.52321
        ],
        [
          37.4047399,
          56.5232599
        ],
        [
          37.4047199,
          56.52331
        ],
        [
          37.4047,
          56.5233599
        ],
        [
          37.40467,
          56.52341
        ],
        [
          37.40464,
          56.52347
        ],
        [
          37.4046099,
          56.5235199
        ],
        [
          37.40459,
          56.52357
        ],
        [
          37.40456,
          56.5236199
        ],
        [
          37.40453,
          56.52368
        ],
        [
          37.4045,
          56.5237199
        ],
        [
          37.40446,
          56.52377
        ],
        [
          37.40443,
          56.52383
        ],
        [
          37.4044,
          56.5238899
        ],
        [
          37.40437,
          56.52394
        ],
        [
          37.40434,
          56.52399
        ],
        [
          37.40428,
          56.52409
        ],
        [
          37.4042499,
          56.5241499
        ],
        [
          37.4042199,
          56.5242
        ],
        [
          37.4042199,
          56.5242
        ],
        [
          37.4041899,
          56.52426
        ],
        [
          37.4041599,
          56.5243099
        ],
        [
          37.40413,
          56.52436
        ],
        [
          37.4040899,
          56.5244099
        ],
        [
          37.4040599,
          56.5244699
        ],
        [
          37.4040299,
          56.52452
        ],
        [
          37.404,
          56.52458
        ],
        [
          37.40397,
          56.5246399
        ],
        [
          37.4039299,
          56.52469
        ],
        [
          37.4039,
          56.52475
        ],
        [
          37.40387,
          56.5247999
        ],
        [
          37.40384,
          56.52485
        ],
        [
          37.40381,
          56.52491
        ],
        [
          37.40378,
          56.5249699
        ],
        [
          37.40375,
          56.5250299
        ],
        [
          37.40371,
          56.52509
        ],
        [
          37.4036899,
          56.52514
        ],
        [
          37.40365,
          56.52519
        ],
        [
          37.40362,
          56.52525
        ],
        [
          37.40359,
          56.5252999
        ],
        [
          37.4035599,
          56.5253599
        ],
        [
          37.4035299,
          56.52542
        ],
        [
          37.4034999,
          56.52548
        ],
        [
          37.4034299,
          56.5255899
        ],
        [
          37.4034299,
          56.5255899
        ],
        [
          37.4033999,
          56.52564
        ],
        [
          37.4033699,
          56.5257
        ],
        [
          37.4033399,
          56.5257499
        ],
        [
          37.40331,
          56.52581
        ],
        [
          37.4032699,
          56.5258599
        ],
        [
          37.4032399,
          56.5259199
        ],
        [
          37.4032099,
          56.5259799
        ],
        [
          37.40318,
          56.52603
        ],
        [
          37.4031399,
          56.52609
        ],
        [
          37.4031099,
          56.52614
        ],
        [
          37.40308,
          56.52619
        ],
        [
          37.40305,
          56.5262499
        ],
        [
          37.40302,
          56.5263
        ],
        [
          37.40299,
          56.52636
        ],
        [
          37.40296,
          56.5264099
        ],
        [
          37.40293,
          56.52647
        ],
        [
          37.4029,
          56.52652
        ],
        [
          37.40286,
          56.5265799
        ],
        [
          37.40283,
          56.5266399
        ],
        [
          37.4028,
          56.5267
        ],
        [
          37.40276,
          56.52675
        ],
        [
          37.40273,
          56.5268099
        ],
        [
          37.4027,
          56.5268699
        ],
        [
          37.40267,
          56.52693
        ],
        [
          37.40263,
          56.52699
        ],
        [
          37.40256,
          56.5270999
        ],
        [
          37.4025199,
          56.5271599
        ],
        [
          37.4024799,
          56.52722
        ],
        [
          37.4024799,
          56.52722
        ],
        [
          37.4024499,
          56.52728
        ],
        [
          37.4024199,
          56.5273299
        ],
        [
          37.40239,
          56.5273899
        ],
        [
          37.4023499,
          56.52745
        ],
        [
          37.4023199,
          56.52751
        ],
        [
          37.4022899,
          56.5275599
        ],
        [
          37.4022499,
          56.5276199
        ],
        [
          37.4022199,
          56.52767
        ],
        [
          37.4021899,
          56.5277299
        ],
        [
          37.4021599,
          56.52778
        ],
        [
          37.40214,
          56.52784
        ],
        [
          37.40211,
          56.5278899
        ],
        [
          37.40208,
          56.52794
        ],
        [
          37.4020499,
          56.528
        ],
        [
          37.4020199,
          56.52806
        ],
        [
          37.4019899,
          56.52811
        ],
        [
          37.4019499,
          56.52817
        ],
        [
          37.4019199,
          56.5282199
        ],
        [
          37.4018899,
          56.5282799
        ],
        [
          37.40185,
          56.52833
        ],
        [
          37.4017899,
          56.52844
        ],
        [
          37.4017899,
          56.52844
        ],
        [
          37.40177,
          56.52849
        ],
        [
          37.40174,
          56.5285499
        ],
        [
          37.40171,
          56.5286
        ],
        [
          37.40167,
          56.52866
        ],
        [
          37.40164,
          56.5287099
        ],
        [
          37.40161,
          56.5287699
        ],
        [
          37.40158,
          56.52883
        ],
        [
          37.40155,
          56.5288799
        ],
        [
          37.40152,
          56.5289399
        ],
        [
          37.40149,
          56.52899
        ],
        [
          37.40145,
          56.52905
        ],
        [
          37.40142,
          56.5290999
        ],
        [
          37.40139,
          56.52916
        ],
        [
          37.4013599,
          56.52922
        ],
        [
          37.4013299,
          56.52928
        ],
        [
          37.40129,
          56.52934
        ],
        [
          37.40126,
          56.52939
        ],
        [
          37.40122,
          56.52945
        ],
        [
          37.40118,
          56.52951
        ],
        [
          37.40115,
          56.52957
        ],
        [
          37.40112,
          56.5296299
        ],
        [
          37.40108,
          56.52968
        ],
        [
          37.40105,
          56.52974
        ],
        [
          37.40102,
          56.5298
        ],
        [
          37.40099,
          56.5298599
        ],
        [
          37.40095,
          56.52991
        ],
        [
          37.40089,
          56.5300199
        ],
        [
          37.40089,
          56.5300199
        ],
        [
          37.40085,
          56.53008
        ],
        [
          37.40082,
          56.53014
        ],
        [
          37.40079,
          56.5301899
        ],
        [
          37.40076,
          56.5302499
        ],
        [
          37.40073,
          56.53031
        ],
        [
          37.40069,
          56.53037
        ],
        [
          37.40066,
          56.5304199
        ],
        [
          37.40062,
          56.5304799
        ],
        [
          37.40059,
          56.53054
        ],
        [
          37.40056,
          56.5306
        ],
        [
          37.40053,
          56.5306499
        ],
        [
          37.40049,
          56.5307099
        ],
        [
          37.40046,
          56.53076
        ],
        [
          37.40043,
          56.53082
        ],
        [
          37.40039,
          56.5308699
        ],
        [
          37.40036,
          56.53093
        ],
        [
          37.4003199,
          56.53099
        ],
        [
          37.40029,
          56.5310399
        ],
        [
          37.40026,
          56.5310999
        ],
        [
          37.40023,
          56.53116
        ],
        [
          37.4002,
          56.53122
        ],
        [
          37.40013,
          56.5313299
        ],
        [
          37.40013,
          56.5313299
        ],
        [
          37.40006,
          56.5314399
        ],
        [
          37.40006,
          56.5314399
        ],
        [
          37.40003,
          56.5314999
        ],
        [
          37.4,
          56.5315599
        ],
        [
          37.3999599,
          56.53161
        ],
        [
          37.3999599,
          56.53161
        ],
        [
          37.3999,
          56.53172
        ],
        [
          37.39987,
          56.53177
        ],
        [
          37.39983,
          56.5318299
        ],
        [
          37.3998,
          56.53188
        ],
        [
          37.39977,
          56.5319299
        ],
        [
          37.3997299,
          56.5319899
        ],
        [
          37.3997,
          56.53205
        ],
        [
          37.39967,
          56.53211
        ],
        [
          37.39967,
          56.53211
        ],
        [
          37.3996,
          56.5322199
        ],
        [
          37.39957,
          56.53227
        ],
        [
          37.39954,
          56.53233
        ],
        [
          37.39954,
          56.53233
        ],
        [
          37.39947,
          56.5324499
        ],
        [
          37.39944,
          56.5325
        ],
        [
          37.3993999,
          56.53256
        ],
        [
          37.39937,
          56.5326199
        ],
        [
          37.39934,
          56.5326799
        ],
        [
          37.39931,
          56.53274
        ],
        [
          37.39931,
          56.53274
        ],
        [
          37.39922,
          56.5329099
        ],
        [
          37.39922,
          56.5329099
        ],
        [
          37.3991599,
          56.53302
        ],
        [
          37.3991299,
          56.5330699
        ],
        [
          37.39909,
          56.53313
        ],
        [
          37.39909,
          56.53313
        ],
        [
          37.39906,
          56.53319
        ],
        [
          37.39906,
          56.53319
        ],
        [
          37.3990299,
          56.5332399
        ],
        [
          37.3989699,
          56.53335
        ],
        [
          37.3989399,
          56.53341
        ],
        [
          37.3988999,
          56.53346
        ],
        [
          37.3988699,
          56.53352
        ],
        [
          37.3988399,
          56.5335699
        ],
        [
          37.3988099,
          56.5336299
        ],
        [
          37.3987699,
          56.53369
        ],
        [
          37.3987399,
          56.53374
        ],
        [
          37.3987,
          56.53379
        ],
        [
          37.3986699,
          56.53385
        ],
        [
          37.3986399,
          56.5338999
        ],
        [
          37.3986399,
          56.5338999
        ],
        [
          37.3986099,
          56.5339599
        ],
        [
          37.39853,
          56.53407
        ],
        [
          37.3985,
          56.5341299
        ],
        [
          37.39847,
          56.53418
        ],
        [
          37.3984399,
          56.53424
        ],
        [
          37.3984099,
          56.5343
        ],
        [
          37.3983799,
          56.5343599
        ],
        [
          37.3983499,
          56.5344199
        ],
        [
          37.3983099,
          56.5344799
        ],
        [
          37.39827,
          56.53454
        ],
        [
          37.39824,
          56.5345899
        ],
        [
          37.3982,
          56.5346499
        ],
        [
          37.39817,
          56.5347
        ],
        [
          37.39814,
          56.53476
        ],
        [
          37.3981099,
          56.5348199
        ],
        [
          37.3980799,
          56.5348799
        ],
        [
          37.39804,
          56.53493
        ],
        [
          37.39801,
          56.53499
        ],
        [
          37.3979799,
          56.5350399
        ],
        [
          37.3979499,
          56.5351
        ],
        [
          37.39791,
          56.53516
        ],
        [
          37.3978799,
          56.5352099
        ],
        [
          37.3978499,
          56.5352699
        ],
        [
          37.3978199,
          56.53533
        ],
        [
          37.3977899,
          56.53539
        ],
        [
          37.3977499,
          56.53545
        ],
        [
          37.3977199,
          56.5355099
        ],
        [
          37.3976899,
          56.53556
        ],
        [
          37.3976299,
          56.53568
        ],
        [
          37.3976,
          56.5357299
        ],
        [
          37.3976,
          56.5357299
        ],
        [
          37.3975599,
          56.53579
        ],
        [
          37.39754,
          56.53584
        ],
        [
          37.39751,
          56.5358999
        ],
        [
          37.39747,
          56.5359599
        ],
        [
          37.39744,
          56.53602
        ],
        [
          37.39741,
          56.53608
        ],
        [
          37.39738,
          56.5361299
        ],
        [
          37.39734,
          56.53618
        ],
        [
          37.39731,
          56.53624
        ],
        [
          37.39727,
          56.5362899
        ],
        [
          37.39724,
          56.5363599
        ],
        [
          37.39721,
          56.53641
        ],
        [
          37.39721,
          56.53641
        ],
        [
          37.39714,
          56.5365199
        ],
        [
          37.39711,
          56.53658
        ],
        [
          37.39708,
          56.53663
        ],
        [
          37.39705,
          56.5366899
        ],
        [
          37.39701,
          56.53674
        ],
        [
          37.39699,
          56.5368
        ],
        [
          37.39696,
          56.5368499
        ],
        [
          37.39692,
          56.5369099
        ],
        [
          37.39692,
          56.5369099
        ],
        [
          37.39686,
          56.5370199
        ],
        [
          37.3968299,
          56.53707
        ],
        [
          37.3967999,
          56.53713
        ],
        [
          37.3967699,
          56.5371799
        ],
        [
          37.3967399,
          56.5372399
        ],
        [
          37.3967099,
          56.53729
        ],
        [
          37.3966699,
          56.53735
        ],
        [
          37.3966399,
          56.5374099
        ],
        [
          37.3965999,
          56.53746
        ],
        [
          37.3965699,
          56.53752
        ],
        [
          37.3965399,
          56.5375699
        ],
        [
          37.3965099,
          56.53762
        ],
        [
          37.3964799,
          56.53768
        ],
        [
          37.39645,
          56.5377299
        ],
        [
          37.39645,
          56.5377299
        ],
        [
          37.3963799,
          56.5378399
        ],
        [
          37.3963499,
          56.5378999
        ],
        [
          37.3963099,
          56.5379599
        ],
        [
          37.3962799,
          56.53801
        ],
        [
          37.3962499,
          56.5380699
        ],
        [
          37.39622,
          56.5381299
        ],
        [
          37.3961799,
          56.53818
        ],
        [
          37.3961499,
          56.53824
        ],
        [
          37.3961199,
          56.5382899
        ],
        [
          37.39609,
          56.53835
        ],
        [
          37.3960499,
          56.5384
        ],
        [
          37.3960199,
          56.5384599
        ],
        [
          37.39599,
          56.53851
        ],
        [
          37.3959499,
          56.53858
        ],
        [
          37.3959499,
          56.53858
        ],
        [
          37.3958899,
          56.5386899
        ],
        [
          37.3958499,
          56.53874
        ],
        [
          37.3958199,
          56.5388
        ],
        [
          37.3958199,
          56.5388
        ],
        [
          37.39576,
          56.5389
        ],
        [
          37.39573,
          56.53896
        ],
        [
          37.3957,
          56.5390199
        ],
        [
          37.39567,
          56.5390799
        ],
        [
          37.39563,
          56.53913
        ],
        [
          37.3956,
          56.53919
        ],
        [
          37.39557,
          56.5392399
        ],
        [
          37.39554,
          56.5393
        ],
        [
          37.3955,
          56.53936
        ],
        [
          37.39547,
          56.5394099
        ],
        [
          37.39544,
          56.5394699
        ],
        [
          37.39541,
          56.53953
        ],
        [
          37.39538,
          56.5395799
        ],
        [
          37.39534,
          56.5396399
        ],
        [
          37.39531,
          56.5396999
        ],
        [
          37.39528,
          56.53976
        ],
        [
          37.39525,
          56.53982
        ],
        [
          37.39522,
          56.53988
        ],
        [
          37.3951999,
          56.5399299
        ],
        [
          37.3951599,
          56.53999
        ],
        [
          37.3951299,
          56.5400399
        ],
        [
          37.3950999,
          56.5400999
        ],
        [
          37.39507,
          56.54015
        ],
        [
          37.39504,
          56.5401999
        ],
        [
          37.39501,
          56.5402599
        ],
        [
          37.39498,
          56.54031
        ],
        [
          37.39495,
          56.5403599
        ],
        [
          37.39492,
          56.54041
        ],
        [
          37.39489,
          56.54047
        ],
        [
          37.3948699,
          56.5405199
        ],
        [
          37.3948399,
          56.54057
        ],
        [
          37.39481,
          56.5406199
        ],
        [
          37.3947699,
          56.54067
        ],
        [
          37.3947399,
          56.5407199
        ],
        [
          37.39471,
          56.54077
        ],
        [
          37.39468,
          56.5408199
        ],
        [
          37.39466,
          56.54087
        ],
        [
          37.3946299,
          56.5409199
        ],
        [
          37.3945999,
          56.54097
        ],
        [
          37.3945699,
          56.5410199
        ],
        [
          37.3945399,
          56.54107
        ],
        [
          37.3945099,
          56.5411199
        ],
        [
          37.3944699,
          56.54117
        ],
        [
          37.39445,
          56.5412199
        ],
        [
          37.39442,
          56.54127
        ],
        [
          37.39439,
          56.5413199
        ],
        [
          37.39436,
          56.5413799
        ],
        [
          37.3943,
          56.5414799
        ],
        [
          37.3943,
          56.5414799
        ],
        [
          37.3942799,
          56.54153
        ],
        [
          37.39425,
          56.54159
        ],
        [
          37.39422,
          56.5416399
        ],
        [
          37.39419,
          56.5417
        ],
        [
          37.39417,
          56.54175
        ],
        [
          37.3941399,
          56.5417999
        ],
        [
          37.3941099,
          56.54185
        ],
        [
          37.39407,
          56.5419099
        ],
        [
          37.3940499,
          56.54196
        ],
        [
          37.39402,
          56.54202
        ],
        [
          37.3939799,
          56.54208
        ],
        [
          37.39396,
          56.5421399
        ],
        [
          37.3939199,
          56.5421999
        ],
        [
          37.39389,
          56.5422599
        ],
        [
          37.39386,
          56.54232
        ],
        [
          37.39386,
          56.54232
        ],
        [
          37.3938199,
          56.54238
        ],
        [
          37.39373,
          56.54255
        ],
        [
          37.39373,
          56.54255
        ],
        [
          37.39371,
          56.5425999
        ],
        [
          37.3936899,
          56.54264
        ],
        [
          37.39367,
          56.54267
        ],
        [
          37.39367,
          56.5426899
        ],
        [
          37.3936499,
          56.54271
        ],
        [
          37.39364,
          56.5427299
        ],
        [
          37.3936199,
          56.5427599
        ],
        [
          37.3936199,
          56.5427599
        ],
        [
          37.39357,
          56.5428299
        ],
        [
          37.39354,
          56.54287
        ],
        [
          37.39351,
          56.5429199
        ],
        [
          37.3934899,
          56.54297
        ],
        [
          37.3934499,
          56.5430199
        ],
        [
          37.3934199,
          56.54307
        ],
        [
          37.3933899,
          56.54313
        ],
        [
          37.3933599,
          56.5431899
        ],
        [
          37.3933299,
          56.5432499
        ],
        [
          37.3933,
          56.5433099
        ],
        [
          37.3932599,
          56.54336
        ],
        [
          37.3932299,
          56.5434199
        ],
        [
          37.3932,
          56.54347
        ],
        [
          37.3932,
          56.54347
        ],
        [
          37.39314,
          56.5435799
        ],
        [
          37.39311,
          56.5436399
        ],
        [
          37.39311,
          56.5436399
        ],
        [
          37.39304,
          56.54375
        ],
        [
          37.39301,
          56.5438
        ],
        [
          37.39294,
          56.54392
        ],
        [
          37.39294,
          56.54392
        ],
        [
          37.39291,
          56.5439699
        ],
        [
          37.39288,
          56.54403
        ],
        [
          37.39285,
          56.54408
        ],
        [
          37.39285,
          56.54408
        ],
        [
          37.39278,
          56.5441999
        ],
        [
          37.39274,
          56.54426
        ],
        [
          37.39271,
          56.54432
        ],
        [
          37.39268,
          56.54438
        ],
        [
          37.39265,
          56.54444
        ],
        [
          37.39261,
          56.5444999
        ],
        [
          37.3925699,
          56.5445599
        ],
        [
          37.3925399,
          56.54462
        ],
        [
          37.39251,
          56.54468
        ],
        [
          37.39248,
          56.54474
        ],
        [
          37.3924399,
          56.5447999
        ],
        [
          37.3924399,
          56.5447999
        ],
        [
          37.3923699,
          56.5449199
        ],
        [
          37.3923399,
          56.54498
        ],
        [
          37.3922999,
          56.5450499
        ],
        [
          37.3922699,
          56.54511
        ],
        [
          37.39223,
          56.54517
        ],
        [
          37.3922,
          56.5452199
        ],
        [
          37.3921699,
          56.5452799
        ],
        [
          37.39213,
          56.54534
        ],
        [
          37.3921,
          56.5454
        ],
        [
          37.3920699,
          56.5454499
        ],
        [
          37.392,
          56.54557
        ],
        [
          37.392,
          56.54557
        ],
        [
          37.39196,
          56.54563
        ],
        [
          37.39193,
          56.54569
        ],
        [
          37.3919,
          56.5457399
        ],
        [
          37.39186,
          56.5458
        ],
        [
          37.39183,
          56.54586
        ],
        [
          37.3918,
          56.54592
        ],
        [
          37.39177,
          56.5459799
        ],
        [
          37.39173,
          56.5460399
        ],
        [
          37.39169,
          56.54609
        ],
        [
          37.39166,
          56.54615
        ],
        [
          37.39163,
          56.5462099
        ],
        [
          37.3916,
          56.5462699
        ],
        [
          37.39157,
          56.5463299
        ],
        [
          37.39154,
          56.54639
        ],
        [
          37.39151,
          56.54645
        ],
        [
          37.39151,
          56.54645
        ],
        [
          37.39144,
          56.5465599
        ],
        [
          37.3914,
          56.54662
        ],
        [
          37.39137,
          56.54668
        ],
        [
          37.39133,
          56.54674
        ],
        [
          37.3913,
          56.5467999
        ],
        [
          37.39127,
          56.5468599
        ],
        [
          37.39124,
          56.54691
        ],
        [
          37.3912,
          56.54697
        ],
        [
          37.39117,
          56.5470299
        ],
        [
          37.3911,
          56.54714
        ],
        [
          37.39107,
          56.5472
        ],
        [
          37.39107,
          56.5472
        ],
        [
          37.39104,
          56.5472499
        ],
        [
          37.39101,
          56.5473199
        ],
        [
          37.39098,
          56.54737
        ],
        [
          37.39095,
          56.54743
        ],
        [
          37.39092,
          56.5474899
        ],
        [
          37.39088,
          56.54754
        ],
        [
          37.39085,
          56.5476
        ],
        [
          37.39085,
          56.5476
        ],
        [
          37.3907899,
          56.5477199
        ],
        [
          37.3907599,
          56.54777
        ],
        [
          37.3907299,
          56.54783
        ],
        [
          37.3907299,
          56.54783
        ],
        [
          37.3906599,
          56.5479399
        ],
        [
          37.3906299,
          56.5480099
        ],
        [
          37.3905999,
          56.54806
        ],
        [
          37.3905699,
          56.54812
        ],
        [
          37.3905399,
          56.5481699
        ],
        [
          37.39051,
          56.54823
        ],
        [
          37.39048,
          56.54828
        ],
        [
          37.39041,
          56.54839
        ],
        [
          37.39038,
          56.54846
        ],
        [
          37.39038,
          56.54846
        ],
        [
          37.39035,
          56.54851
        ],
        [
          37.3903099,
          56.5485699
        ],
        [
          37.3902699,
          56.54862
        ],
        [
          37.3902399,
          56.54868
        ],
        [
          37.3902099,
          56.5487299
        ],
        [
          37.39018,
          56.54879
        ],
        [
          37.39016,
          56.54884
        ],
        [
          37.39013,
          56.5488999
        ],
        [
          37.39009,
          56.54895
        ],
        [
          37.39006,
          56.5489999
        ],
        [
          37.39003,
          56.5490599
        ],
        [
          37.39,
          56.5491199
        ],
        [
          37.3899699,
          56.54917
        ],
        [
          37.3899,
          56.54928
        ],
        [
          37.3899,
          56.54928
        ],
        [
          37.38987,
          56.54933
        ],
        [
          37.3898399,
          56.5493899
        ],
        [
          37.3898399,
          56.5493899
        ],
        [
          37.3897799,
          56.5494899
        ],
        [
          37.3897499,
          56.5495499
        ],
        [
          37.3897099,
          56.5496
        ],
        [
          37.3897099,
          56.5496
        ],
        [
          37.3896799,
          56.54966
        ],
        [
          37.3896199,
          56.54977
        ],
        [
          37.3895799,
          56.54983
        ],
        [
          37.3895499,
          56.5498799
        ],
        [
          37.3895199,
          56.54994
        ],
        [
          37.38949,
          56.55
        ],
        [
          37.38949,
          56.55
        ],
        [
          37.3894199,
          56.5501099
        ],
        [
          37.3893899,
          56.55017
        ],
        [
          37.3893499,
          56.55023
        ],
        [
          37.3893199,
          56.55029
        ],
        [
          37.3892899,
          56.55035
        ],
        [
          37.3892899,
          56.55035
        ],
        [
          37.38923,
          56.5504699
        ],
        [
          37.38923,
          56.5504699
        ],
        [
          37.3891599,
          56.55059
        ],
        [
          37.38913,
          56.55065
        ],
        [
          37.3890899,
          56.5506999
        ],
        [
          37.3890299,
          56.55081
        ],
        [
          37.3889899,
          56.5508699
        ],
        [
          37.3889899,
          56.5508699
        ],
        [
          37.3889599,
          56.5509299
        ],
        [
          37.3889299,
          56.55098
        ],
        [
          37.3888899,
          56.55104
        ],
        [
          37.3888599,
          56.5510999
        ],
        [
          37.3888299,
          56.5511599
        ],
        [
          37.3888299,
          56.5511599
        ],
        [
          37.3887899,
          56.55122
        ],
        [
          37.3887299,
          56.55134
        ],
        [
          37.3886899,
          56.5513899
        ],
        [
          37.3886599,
          56.55145
        ],
        [
          37.3886599,
          56.55145
        ],
        [
          37.38859,
          56.55157
        ],
        [
          37.3885599,
          56.55163
        ],
        [
          37.3885599,
          56.55163
        ],
        [
          37.3884999,
          56.55174
        ],
        [
          37.3884999,
          56.55174
        ],
        [
          37.3884699,
          56.5518
        ],
        [
          37.38844,
          56.5518499
        ],
        [
          37.38841,
          56.5519099
        ],
        [
          37.3883399,
          56.5520199
        ],
        [
          37.38831,
          56.5520799
        ],
        [
          37.38831,
          56.5520799
        ],
        [
          37.38828,
          56.5521399
        ],
        [
          37.38821,
          56.5522499
        ],
        [
          37.38815,
          56.55236
        ],
        [
          37.38815,
          56.55236
        ],
        [
          37.3881099,
          56.55242
        ],
        [
          37.3881099,
          56.55242
        ],
        [
          37.38805,
          56.55253
        ],
        [
          37.3880099,
          56.55258
        ],
        [
          37.3880099,
          56.55258
        ],
        [
          37.3879399,
          56.55269
        ],
        [
          37.3879399,
          56.55269
        ],
        [
          37.3879099,
          56.55275
        ],
        [
          37.38785,
          56.5528699
        ],
        [
          37.38785,
          56.5528699
        ],
        [
          37.3877799,
          56.55299
        ],
        [
          37.38775,
          56.55305
        ],
        [
          37.3877099,
          56.55311
        ],
        [
          37.3876799,
          56.5531699
        ],
        [
          37.3876799,
          56.5531699
        ],
        [
          37.3876499,
          56.5532299
        ],
        [
          37.38757,
          56.55334
        ],
        [
          37.38757,
          56.55334
        ],
        [
          37.3875,
          56.5534599
        ],
        [
          37.38747,
          56.5535199
        ],
        [
          37.38747,
          56.5535199
        ],
        [
          37.38744,
          56.55358
        ],
        [
          37.3873799,
          56.5536899
        ],
        [
          37.3873499,
          56.5537499
        ],
        [
          37.3873199,
          56.55381
        ],
        [
          37.3872799,
          56.55386
        ],
        [
          37.3872499,
          56.5539199
        ],
        [
          37.3871899,
          56.55404
        ],
        [
          37.3871899,
          56.55404
        ],
        [
          37.3871899,
          56.55404
        ],
        [
          37.3871199,
          56.5541499
        ],
        [
          37.3871199,
          56.5541499
        ],
        [
          37.3870899,
          56.5542199
        ],
        [
          37.38703,
          56.55433
        ],
        [
          37.38703,
          56.55433
        ],
        [
          37.3869899,
          56.5544
        ],
        [
          37.3869599,
          56.5544499
        ],
        [
          37.3869199,
          56.5545099
        ],
        [
          37.3868899,
          56.5545699
        ],
        [
          37.38685,
          56.55463
        ],
        [
          37.3868199,
          56.55469
        ],
        [
          37.38678,
          56.55475
        ],
        [
          37.38675,
          56.5548099
        ],
        [
          37.38671,
          56.5548699
        ],
        [
          37.38668,
          56.5549299
        ],
        [
          37.38662,
          56.55505
        ],
        [
          37.3865899,
          56.55511
        ],
        [
          37.3865899,
          56.55511
        ],
        [
          37.3865599,
          56.5551699
        ],
        [
          37.38652,
          56.5552299
        ],
        [
          37.3864899,
          56.55528
        ],
        [
          37.38645,
          56.55534
        ],
        [
          37.38641,
          56.5553999
        ],
        [
          37.38638,
          56.5554599
        ],
        [
          37.38635,
          56.55552
        ],
        [
          37.38631,
          56.55558
        ],
        [
          37.38628,
          56.5556299
        ],
        [
          37.38624,
          56.5557
        ],
        [
          37.38621,
          56.55575
        ],
        [
          37.38618,
          56.55581
        ],
        [
          37.3861399,
          56.55587
        ],
        [
          37.38611,
          56.55594
        ],
        [
          37.38608,
          56.556
        ],
        [
          37.3860399,
          56.5560499
        ],
        [
          37.3860099,
          56.55611
        ],
        [
          37.38598,
          56.55617
        ],
        [
          37.38595,
          56.55623
        ],
        [
          37.3859099,
          56.55629
        ],
        [
          37.38588,
          56.55636
        ],
        [
          37.3858399,
          56.5564099
        ],
        [
          37.3858099,
          56.55647
        ],
        [
          37.3857799,
          56.55653
        ],
        [
          37.3857399,
          56.55659
        ],
        [
          37.3857099,
          56.55665
        ],
        [
          37.3856699,
          56.5567
        ],
        [
          37.3856399,
          56.55676
        ],
        [
          37.3856,
          56.55682
        ],
        [
          37.38557,
          56.55688
        ],
        [
          37.3855399,
          56.5569399
        ],
        [
          37.3855099,
          56.55699
        ],
        [
          37.3854799,
          56.55705
        ],
        [
          37.38543,
          56.55711
        ],
        [
          37.3854,
          56.55716
        ],
        [
          37.38537,
          56.5572299
        ],
        [
          37.38534,
          56.55729
        ],
        [
          37.3853099,
          56.55734
        ],
        [
          37.38527,
          56.5573999
        ],
        [
          37.38523,
          56.5574599
        ],
        [
          37.3852,
          56.55752
        ],
        [
          37.38516,
          56.55758
        ],
        [
          37.38513,
          56.55764
        ],
        [
          37.3851,
          56.5576999
        ],
        [
          37.38507,
          56.5577599
        ],
        [
          37.38504,
          56.5578199
        ],
        [
          37.385,
          56.55788
        ],
        [
          37.38497,
          56.55794
        ],
        [
          37.38494,
          56.558
        ],
        [
          37.3849,
          56.5580599
        ],
        [
          37.38483,
          56.5581799
        ],
        [
          37.3848,
          56.55823
        ],
        [
          37.3847599,
          56.5582899
        ],
        [
          37.3847299,
          56.5583499
        ],
        [
          37.3846899,
          56.5584099
        ],
        [
          37.3846599,
          56.55847
        ],
        [
          37.3846599,
          56.55847
        ],
        [
          37.3846299,
          56.55853
        ],
        [
          37.3845899,
          56.55859
        ],
        [
          37.3845599,
          56.5586499
        ],
        [
          37.3845299,
          56.5587099
        ],
        [
          37.3844999,
          56.55877
        ],
        [
          37.3844599,
          56.55883
        ],
        [
          37.3844299,
          56.55889
        ],
        [
          37.3843999,
          56.55895
        ],
        [
          37.38437,
          56.5590099
        ],
        [
          37.3843299,
          56.5590699
        ],
        [
          37.3842999,
          56.55913
        ],
        [
          37.3842699,
          56.55919
        ],
        [
          37.38424,
          56.5592399
        ],
        [
          37.3841999,
          56.5592999
        ],
        [
          37.3841699,
          56.55936
        ],
        [
          37.3841299,
          56.55942
        ],
        [
          37.3840999,
          56.55948
        ],
        [
          37.38408,
          56.5595299
        ],
        [
          37.38405,
          56.55958
        ],
        [
          37.3840299,
          56.5596299
        ],
        [
          37.3839999,
          56.55968
        ],
        [
          37.3839699,
          56.5597299
        ],
        [
          37.3839299,
          56.55977
        ],
        [
          37.38388,
          56.55985
        ],
        [
          37.38388,
          56.55985
        ],
        [
          37.3838399,
          56.5599299
        ],
        [
          37.38383,
          56.5599599
        ],
        [
          37.3838099,
          56.56
        ],
        [
          37.3838099,
          56.56
        ],
        [
          37.38376,
          56.56007
        ],
        [
          37.3837399,
          56.5601
        ],
        [
          37.38372,
          56.56014
        ],
        [
          37.3836999,
          56.56018
        ],
        [
          37.3836699,
          56.5602199
        ],
        [
          37.3836399,
          56.5602599
        ],
        [
          37.38362,
          56.5603
        ],
        [
          37.38362,
          56.5603
        ],
        [
          37.3835699,
          56.5603899
        ],
        [
          37.3835399,
          56.56043
        ],
        [
          37.3835099,
          56.56047
        ],
        [
          37.3834799,
          56.5605199
        ],
        [
          37.38346,
          56.56056
        ],
        [
          37.38343,
          56.5606099
        ],
        [
          37.38343,
          56.5606099
        ],
        [
          37.3833399,
          56.5607499
        ],
        [
          37.3833399,
          56.5607499
        ],
        [
          37.3833099,
          56.5608
        ],
        [
          37.3832799,
          56.5608499
        ],
        [
          37.3832399,
          56.5609
        ],
        [
          37.3832399,
          56.5609
        ],
        [
          37.3832099,
          56.56095
        ],
        [
          37.3831799,
          56.561
        ],
        [
          37.3831499,
          56.56105
        ],
        [
          37.3831099,
          56.5611
        ],
        [
          37.3830799,
          56.56115
        ],
        [
          37.38306,
          56.5611999
        ],
        [
          37.38303,
          56.56125
        ],
        [
          37.383,
          56.5612999
        ],
        [
          37.38297,
          56.56135
        ],
        [
          37.38293,
          56.5613999
        ],
        [
          37.3829,
          56.56146
        ],
        [
          37.38287,
          56.56151
        ],
        [
          37.38284,
          56.56156
        ],
        [
          37.38277,
          56.5616599
        ],
        [
          37.38277,
          56.5616599
        ],
        [
          37.3827,
          56.5617699
        ],
        [
          37.3827,
          56.5617699
        ],
        [
          37.38264,
          56.56187
        ],
        [
          37.38261,
          56.5619299
        ],
        [
          37.38257,
          56.56198
        ],
        [
          37.38257,
          56.56198
        ],
        [
          37.3825299,
          56.5620299
        ],
        [
          37.3825,
          56.56208
        ],
        [
          37.3824599,
          56.56214
        ],
        [
          37.3824199,
          56.56218
        ],
        [
          37.3823899,
          56.56224
        ],
        [
          37.38235,
          56.5622899
        ],
        [
          37.3822999,
          56.56234
        ],
        [
          37.38225,
          56.5623899
        ],
        [
          37.3821999,
          56.56244
        ],
        [
          37.38214,
          56.5624799
        ],
        [
          37.38208,
          56.5625199
        ],
        [
          37.38202,
          56.56256
        ],
        [
          37.3819599,
          56.56261
        ],
        [
          37.3818999,
          56.5626499
        ],
        [
          37.38185,
          56.5627
        ],
        [
          37.38179,
          56.56274
        ],
        [
          37.38172,
          56.5627799
        ],
        [
          37.38166,
          56.56283
        ],
        [
          37.38159,
          56.56287
        ],
        [
          37.38153,
          56.5629099
        ],
        [
          37.38146,
          56.56296
        ],
        [
          37.38135,
          56.5630499
        ],
        [
          37.38135,
          56.5630499
        ],
        [
          37.38132,
          56.5631
        ],
        [
          37.38132,
          56.5632099
        ],
        [
          37.38132,
          56.5632699
        ],
        [
          37.38133,
          56.56333
        ],
        [
          37.38133,
          56.56333
        ],
        [
          37.38133,
          56.56338
        ],
        [
          37.38132,
          56.5634399
        ],
        [
          37.3813099,
          56.5634999
        ],
        [
          37.38129,
          56.56355
        ],
        [
          37.38127,
          56.56362
        ],
        [
          37.3812499,
          56.5636699
        ],
        [
          37.38123,
          56.5637299
        ],
        [
          37.3812099,
          56.56379
        ],
        [
          37.3811799,
          56.56385
        ],
        [
          37.3811499,
          56.56391
        ],
        [
          37.3811099,
          56.5639599
        ],
        [
          37.38106,
          56.56402
        ],
        [
          37.3810199,
          56.56407
        ],
        [
          37.38097,
          56.56412
        ],
        [
          37.3809199,
          56.56418
        ],
        [
          37.3808799,
          56.5642299
        ],
        [
          37.38083,
          56.56428
        ],
        [
          37.3807799,
          56.56434
        ],
        [
          37.38074,
          56.5643899
        ],
        [
          37.3806899,
          56.56444
        ],
        [
          37.38064,
          56.5645
        ],
        [
          37.3805899,
          56.5645499
        ],
        [
          37.38054,
          56.56461
        ],
        [
          37.3804499,
          56.5647199
        ],
        [
          37.3804,
          56.56477
        ],
        [
          37.38035,
          56.5648199
        ],
        [
          37.3803,
          56.5648799
        ],
        [
          37.3803,
          56.5648799
        ],
        [
          37.38025,
          56.56493
        ],
        [
          37.3801999,
          56.56499
        ],
        [
          37.38015,
          56.5650499
        ],
        [
          37.3800999,
          56.5651
        ],
        [
          37.38005,
          56.5651499
        ],
        [
          37.3799999,
          56.5652099
        ],
        [
          37.37995,
          56.56526
        ],
        [
          37.3798999,
          56.56532
        ],
        [
          37.37985,
          56.5653699
        ],
        [
          37.3797999,
          56.56543
        ],
        [
          37.37975,
          56.56548
        ],
        [
          37.37969,
          56.5655399
        ],
        [
          37.3796399,
          56.5655999
        ],
        [
          37.37959,
          56.56565
        ],
        [
          37.3795399,
          56.56571
        ],
        [
          37.37948,
          56.56576
        ],
        [
          37.37943,
          56.56582
        ],
        [
          37.37938,
          56.5658699
        ],
        [
          37.37933,
          56.56592
        ],
        [
          37.37923,
          56.5660299
        ],
        [
          37.3791799,
          56.56609
        ],
        [
          37.3791399,
          56.56615
        ],
        [
          37.3791399,
          56.56615
        ],
        [
          37.37909,
          56.5661999
        ],
        [
          37.37903,
          56.5662599
        ],
        [
          37.3789799,
          56.56631
        ],
        [
          37.37893,
          56.56637
        ],
        [
          37.3788799,
          56.5664299
        ],
        [
          37.37883,
          56.56648
        ],
        [
          37.37877,
          56.56654
        ],
        [
          37.3787199,
          56.5665899
        ],
        [
          37.37867,
          56.5666499
        ],
        [
          37.37861,
          56.5667
        ],
        [
          37.37856,
          56.56676
        ],
        [
          37.37851,
          56.5668199
        ],
        [
          37.3784499,
          56.56687
        ],
        [
          37.3784,
          56.5669199
        ],
        [
          37.37834,
          56.5669799
        ],
        [
          37.37828,
          56.56703
        ],
        [
          37.3782199,
          56.5670799
        ],
        [
          37.3781199,
          56.56719
        ],
        [
          37.3780599,
          56.56723
        ],
        [
          37.3780599,
          56.56723
        ],
        [
          37.37801,
          56.5672799
        ],
        [
          37.37797,
          56.56732
        ],
        [
          37.3779299,
          56.56737
        ],
        [
          37.3778999,
          56.5674099
        ],
        [
          37.37785,
          56.56745
        ],
        [
          37.3777999,
          56.5674799
        ],
        [
          37.3777699,
          56.56752
        ],
        [
          37.37775,
          56.56756
        ],
        [
          37.37772,
          56.56759
        ],
        [
          37.3776999,
          56.56762
        ],
        [
          37.3776599,
          56.56765
        ],
        [
          37.3776299,
          56.5676699
        ],
        [
          37.3775999,
          56.56769
        ],
        [
          37.37756,
          56.56772
        ],
        [
          37.3775399,
          56.5677399
        ],
        [
          37.37751,
          56.5677699
        ],
        [
          37.37748,
          56.56779
        ],
        [
          37.37746,
          56.56782
        ],
        [
          37.3774399,
          56.56785
        ],
        [
          37.3774099,
          56.5678699
        ],
        [
          37.37738,
          56.56789
        ],
        [
          37.37736,
          56.56791
        ],
        [
          37.37733,
          56.5679399
        ],
        [
          37.37728,
          56.56798
        ],
        [
          37.37726,
          56.56801
        ],
        [
          37.37723,
          56.5680299
        ],
        [
          37.37723,
          56.5680299
        ],
        [
          37.3771999,
          56.5680599
        ],
        [
          37.3771699,
          56.56808
        ],
        [
          37.3771399,
          56.56811
        ],
        [
          37.3771099,
          56.5681299
        ],
        [
          37.3770799,
          56.5681599
        ],
        [
          37.37705,
          56.56819
        ],
        [
          37.37702,
          56.56822
        ],
        [
          37.37699,
          56.56824
        ],
        [
          37.37696,
          56.56827
        ],
        [
          37.37693,
          56.5682999
        ],
        [
          37.3769,
          56.5683299
        ],
        [
          37.37686,
          56.5683599
        ],
        [
          37.37683,
          56.5683999
        ],
        [
          37.37679,
          56.5684299
        ],
        [
          37.3767499,
          56.56845
        ],
        [
          37.3767199,
          56.56848
        ],
        [
          37.3766799,
          56.56851
        ],
        [
          37.3766499,
          56.56854
        ],
        [
          37.3766099,
          56.56857
        ],
        [
          37.3765799,
          56.56861
        ],
        [
          37.37654,
          56.56864
        ],
        [
          37.37651,
          56.56867
        ],
        [
          37.37647,
          56.56871
        ],
        [
          37.37643,
          56.56874
        ],
        [
          37.37636,
          56.5688
        ],
        [
          37.37636,
          56.5688
        ],
        [
          37.37628,
          56.56887
        ],
        [
          37.37628,
          56.56887
        ],
        [
          37.37624,
          56.5689
        ],
        [
          37.3762,
          56.56894
        ],
        [
          37.3761599,
          56.56897
        ],
        [
          37.3761199,
          56.56901
        ],
        [
          37.37608,
          56.56904
        ],
        [
          37.37604,
          56.5690799
        ],
        [
          37.376,
          56.56911
        ],
        [
          37.3759599,
          56.56914
        ],
        [
          37.3759199,
          56.5691799
        ],
        [
          37.37587,
          56.5692099
        ],
        [
          37.3758299,
          56.5692499
        ],
        [
          37.3757899,
          56.5692799
        ],
        [
          37.37575,
          56.5693099
        ],
        [
          37.37571,
          56.5693399
        ],
        [
          37.3756599,
          56.5693799
        ],
        [
          37.37562,
          56.5694099
        ],
        [
          37.37558,
          56.5694499
        ],
        [
          37.3755299,
          56.5694799
        ],
        [
          37.37548,
          56.56952
        ],
        [
          37.3754399,
          56.5695499
        ],
        [
          37.37539,
          56.56959
        ],
        [
          37.37535,
          56.56962
        ],
        [
          37.3752999,
          56.56966
        ],
        [
          37.37526,
          56.56969
        ],
        [
          37.3752099,
          56.56973
        ],
        [
          37.37513,
          56.56979
        ],
        [
          37.37513,
          56.56979
        ],
        [
          37.37509,
          56.56982
        ],
        [
          37.37505,
          56.56986
        ],
        [
          37.375,
          56.56989
        ],
        [
          37.37495,
          56.56992
        ],
        [
          37.3749,
          56.56996
        ],
        [
          37.37486,
          56.56999
        ],
        [
          37.3748099,
          56.5700399
        ],
        [
          37.37476,
          56.5700699
        ],
        [
          37.3747099,
          56.57012
        ],
        [
          37.37466,
          56.57015
        ],
        [
          37.3746,
          56.5701999
        ],
        [
          37.3745499,
          56.57024
        ],
        [
          37.37449,
          56.57028
        ],
        [
          37.37444,
          56.5703299
        ],
        [
          37.3743799,
          56.5703699
        ],
        [
          37.3743199,
          56.57042
        ],
        [
          37.37426,
          56.5704599
        ],
        [
          37.37421,
          56.57051
        ],
        [
          37.3741499,
          56.5705599
        ],
        [
          37.3740899,
          56.57061
        ],
        [
          37.37403,
          56.57065
        ],
        [
          37.37397,
          56.5706899
        ],
        [
          37.37391,
          56.5707299
        ],
        [
          37.3738,
          56.57081
        ],
        [
          37.3738,
          56.57081
        ],
        [
          37.3737599,
          56.5708599
        ],
        [
          37.37372,
          56.5709
        ],
        [
          37.37367,
          56.57094
        ],
        [
          37.37362,
          56.57097
        ],
        [
          37.37357,
          56.571
        ],
        [
          37.3735299,
          56.57103
        ],
        [
          37.37349,
          56.57107
        ],
        [
          37.3734599,
          56.5711
        ],
        [
          37.37341,
          56.57113
        ],
        [
          37.3733699,
          56.57116
        ],
        [
          37.37332,
          56.5711899
        ],
        [
          37.37328,
          56.5712199
        ],
        [
          37.3732399,
          56.5712499
        ],
        [
          37.37319,
          56.57129
        ],
        [
          37.3731399,
          56.5713199
        ],
        [
          37.37309,
          56.57136
        ],
        [
          37.3730399,
          56.5714
        ],
        [
          37.3729399,
          56.57147
        ],
        [
          37.3729399,
          56.57147
        ],
        [
          37.3728399,
          56.5715399
        ],
        [
          37.3728399,
          56.5715399
        ],
        [
          37.37279,
          56.5715799
        ],
        [
          37.37273,
          56.5716099
        ],
        [
          37.3726799,
          56.5716499
        ],
        [
          37.37263,
          56.57169
        ],
        [
          37.37259,
          56.57173
        ],
        [
          37.37253,
          56.57176
        ],
        [
          37.3724799,
          56.5718
        ],
        [
          37.37243,
          56.5718399
        ],
        [
          37.3723799,
          56.5718799
        ],
        [
          37.3723199,
          56.57192
        ],
        [
          37.37227,
          56.57196
        ],
        [
          37.3722199,
          56.5719999
        ],
        [
          37.37217,
          56.5720399
        ],
        [
          37.37211,
          56.57208
        ],
        [
          37.37206,
          56.57212
        ],
        [
          37.37201,
          56.57216
        ],
        [
          37.3719599,
          56.57219
        ],
        [
          37.3719,
          56.5722299
        ],
        [
          37.3718499,
          56.5722699
        ],
        [
          37.3717899,
          56.57231
        ],
        [
          37.37174,
          56.57235
        ],
        [
          37.3716899,
          56.57239
        ],
        [
          37.37164,
          56.57242
        ],
        [
          37.37158,
          56.5724699
        ],
        [
          37.37152,
          56.57251
        ],
        [
          37.37147,
          56.5725599
        ],
        [
          37.37135,
          56.57264
        ],
        [
          37.37135,
          56.57264
        ],
        [
          37.3712999,
          56.57268
        ],
        [
          37.37124,
          56.57272
        ],
        [
          37.37118,
          56.5727599
        ],
        [
          37.37112,
          56.5728
        ],
        [
          37.37106,
          56.57284
        ],
        [
          37.3709999,
          56.5728899
        ],
        [
          37.37095,
          56.57294
        ],
        [
          37.37089,
          56.57298
        ],
        [
          37.37083,
          56.5730199
        ],
        [
          37.3707699,
          56.57307
        ],
        [
          37.37072,
          56.57311
        ],
        [
          37.37066,
          56.5731599
        ],
        [
          37.3706,
          56.5732
        ],
        [
          37.3705399,
          56.5732499
        ],
        [
          37.3704799,
          56.5732899
        ],
        [
          37.3704099,
          56.57334
        ],
        [
          37.3703499,
          56.5733799
        ],
        [
          37.3702799,
          56.57343
        ],
        [
          37.3702199,
          56.5734799
        ],
        [
          37.3701499,
          56.5735199
        ],
        [
          37.3700899,
          56.57356
        ],
        [
          37.37004,
          56.5736099
        ],
        [
          37.3699799,
          56.5736499
        ],
        [
          37.36993,
          56.57369
        ],
        [
          37.3698799,
          56.57373
        ],
        [
          37.36983,
          56.57376
        ],
        [
          37.3697899,
          56.5738
        ],
        [
          37.36974,
          56.57383
        ],
        [
          37.3696899,
          56.5738699
        ],
        [
          37.36965,
          56.5739
        ],
        [
          37.36961,
          56.57393
        ],
        [
          37.3695599,
          56.57396
        ],
        [
          37.3695199,
          56.57399
        ],
        [
          37.36947,
          56.57402
        ],
        [
          37.3694299,
          56.57405
        ],
        [
          37.36938,
          56.57409
        ],
        [
          37.36934,
          56.57412
        ],
        [
          37.3692899,
          56.57416
        ],
        [
          37.36925,
          56.57419
        ],
        [
          37.36921,
          56.57422
        ],
        [
          37.3691599,
          56.57425
        ],
        [
          37.36912,
          56.57428
        ],
        [
          37.36908,
          56.57432
        ],
        [
          37.36904,
          56.57435
        ],
        [
          37.3689999,
          56.57438
        ],
        [
          37.36895,
          56.57441
        ],
        [
          37.36891,
          56.5744399
        ],
        [
          37.36886,
          56.57448
        ],
        [
          37.36882,
          56.57451
        ],
        [
          37.3687699,
          56.57454
        ],
        [
          37.36872,
          56.57458
        ],
        [
          37.36863,
          56.57465
        ],
        [
          37.36859,
          56.57468
        ],
        [
          37.3685399,
          56.57471
        ],
        [
          37.3685399,
          56.57471
        ],
        [
          37.3685,
          56.57475
        ],
        [
          37.36845,
          56.57478
        ],
        [
          37.3684,
          56.57482
        ],
        [
          37.3683499,
          56.57485
        ],
        [
          37.3683099,
          56.57488
        ],
        [
          37.36826,
          56.57491
        ],
        [
          37.3682099,
          56.57495
        ],
        [
          37.36817,
          56.57498
        ],
        [
          37.3681199,
          56.5750199
        ],
        [
          37.36807,
          56.57505
        ],
        [
          37.36803,
          56.5750899
        ],
        [
          37.3679799,
          56.5751199
        ],
        [
          37.36793,
          56.5751599
        ],
        [
          37.3678899,
          56.5751899
        ],
        [
          37.36784,
          56.57523
        ],
        [
          37.3677899,
          56.5752599
        ],
        [
          37.36774,
          56.5753
        ],
        [
          37.3676899,
          56.57533
        ],
        [
          37.3676499,
          56.57537
        ],
        [
          37.3676,
          56.57541
        ],
        [
          37.3675499,
          56.5754499
        ],
        [
          37.3674899,
          56.5754899
        ],
        [
          37.36744,
          56.5755199
        ],
        [
          37.36738,
          56.57557
        ],
        [
          37.3673199,
          56.5756099
        ],
        [
          37.36727,
          56.5756499
        ],
        [
          37.36721,
          56.57569
        ],
        [
          37.36715,
          56.57573
        ],
        [
          37.3670899,
          56.57577
        ],
        [
          37.36704,
          56.5758099
        ],
        [
          37.36699,
          56.57586
        ],
        [
          37.3669299,
          56.5759
        ],
        [
          37.3668699,
          56.5759399
        ],
        [
          37.36681,
          56.5759799
        ],
        [
          37.3666999,
          56.5760699
        ],
        [
          37.3666999,
          56.5760699
        ],
        [
          37.36658,
          56.57615
        ],
        [
          37.36658,
          56.57615
        ],
        [
          37.36652,
          56.5762
        ],
        [
          37.36646,
          56.5762399
        ],
        [
          37.3664,
          56.57628
        ],
        [
          37.36635,
          56.57632
        ],
        [
          37.36629,
          56.57636
        ],
        [
          37.3662399,
          56.5764099
        ],
        [
          37.3661799,
          56.57645
        ],
        [
          37.36612,
          56.57649
        ],
        [
          37.36606,
          56.5765399
        ],
        [
          37.366,
          56.57658
        ],
        [
          37.36594,
          56.57662
        ],
        [
          37.3658799,
          56.5766599
        ],
        [
          37.3658199,
          56.57671
        ],
        [
          37.36576,
          56.57675
        ],
        [
          37.3657,
          56.57679
        ],
        [
          37.36564,
          56.57684
        ],
        [
          37.3655799,
          56.57688
        ],
        [
          37.3655199,
          56.57692
        ],
        [
          37.3654599,
          56.57697
        ],
        [
          37.3654,
          56.57701
        ],
        [
          37.36534,
          56.5770599
        ],
        [
          37.36528,
          56.5771
        ],
        [
          37.3652299,
          56.57715
        ],
        [
          37.36517,
          56.5771899
        ],
        [
          37.36504,
          56.57728
        ],
        [
          37.36498,
          56.57733
        ],
        [
          37.36492,
          56.57737
        ],
        [
          37.36492,
          56.57737
        ],
        [
          37.36485,
          56.5774199
        ],
        [
          37.36479,
          56.5774599
        ],
        [
          37.3647299,
          56.5775
        ],
        [
          37.3646699,
          56.57754
        ],
        [
          37.36461,
          56.5775799
        ],
        [
          37.36455,
          56.5776199
        ],
        [
          37.36449,
          56.57767
        ],
        [
          37.36443,
          56.57771
        ],
        [
          37.3643699,
          56.57776
        ],
        [
          37.3643099,
          56.5778
        ],
        [
          37.3642399,
          56.57784
        ],
        [
          37.3641799,
          56.57789
        ],
        [
          37.36412,
          56.5779399
        ],
        [
          37.36406,
          56.57799
        ],
        [
          37.364,
          56.57803
        ],
        [
          37.3639399,
          56.5780799
        ],
        [
          37.3638799,
          56.57812
        ],
        [
          37.3638199,
          56.57816
        ],
        [
          37.3637499,
          56.5782099
        ],
        [
          37.36369,
          56.57826
        ],
        [
          37.3636199,
          56.5783099
        ],
        [
          37.36356,
          56.57835
        ],
        [
          37.3635,
          56.5783999
        ],
        [
          37.36343,
          56.57845
        ],
        [
          37.36337,
          56.57849
        ],
        [
          37.36331,
          56.5785399
        ],
        [
          37.3631899,
          56.5786299
        ],
        [
          37.3631899,
          56.5786299
        ],
        [
          37.3631199,
          56.57868
        ],
        [
          37.3630599,
          56.57872
        ],
        [
          37.363,
          56.57876
        ],
        [
          37.36294,
          56.57881
        ],
        [
          37.36288,
          56.57885
        ],
        [
          37.36281,
          56.5788999
        ],
        [
          37.36275,
          56.57895
        ],
        [
          37.36269,
          56.5789999
        ],
        [
          37.3626299,
          56.57905
        ],
        [
          37.3625599,
          56.5790899
        ],
        [
          37.3624999,
          56.57914
        ],
        [
          37.3624299,
          56.5791899
        ],
        [
          37.3623699,
          56.5792299
        ],
        [
          37.3622999,
          56.57928
        ],
        [
          37.3622399,
          56.5793299
        ],
        [
          37.36218,
          56.57937
        ],
        [
          37.3621099,
          56.5794199
        ],
        [
          37.36205,
          56.57947
        ],
        [
          37.36199,
          56.57951
        ],
        [
          37.36193,
          56.5795599
        ],
        [
          37.36187,
          56.57961
        ],
        [
          37.3618099,
          56.5796599
        ],
        [
          37.3617499,
          56.5797
        ],
        [
          37.36163,
          56.5797899
        ],
        [
          37.36157,
          56.57984
        ],
        [
          37.36157,
          56.57984
        ],
        [
          37.3615099,
          56.5798799
        ],
        [
          37.3614499,
          56.57993
        ],
        [
          37.3613899,
          56.57997
        ],
        [
          37.36133,
          56.5800099
        ],
        [
          37.36127,
          56.58006
        ],
        [
          37.3612,
          56.5801
        ],
        [
          37.36114,
          56.5801499
        ],
        [
          37.36108,
          56.58019
        ],
        [
          37.3610199,
          56.5802399
        ],
        [
          37.36095,
          56.5802799
        ],
        [
          37.3608899,
          56.58032
        ],
        [
          37.36082,
          56.5803699
        ],
        [
          37.3607599,
          56.58042
        ],
        [
          37.3606999,
          56.58046
        ],
        [
          37.36064,
          56.5805099
        ],
        [
          37.36058,
          56.58055
        ],
        [
          37.36052,
          56.58059
        ],
        [
          37.36045,
          56.5806399
        ],
        [
          37.36039,
          56.58068
        ],
        [
          37.36032,
          56.58073
        ],
        [
          37.36026,
          56.58078
        ],
        [
          37.36021,
          56.58082
        ],
        [
          37.36015,
          56.5808699
        ],
        [
          37.36008,
          56.58091
        ],
        [
          37.35995,
          56.58101
        ],
        [
          37.35995,
          56.58101
        ],
        [
          37.35989,
          56.5810599
        ],
        [
          37.35982,
          56.58111
        ],
        [
          37.35976,
          56.58115
        ],
        [
          37.3597,
          56.5811999
        ],
        [
          37.35963,
          56.58125
        ],
        [
          37.35957,
          56.5812899
        ],
        [
          37.3595,
          56.58134
        ],
        [
          37.35944,
          56.5813899
        ],
        [
          37.35937,
          56.5814299
        ],
        [
          37.35931,
          56.58148
        ],
        [
          37.35924,
          56.5815299
        ],
        [
          37.3591799,
          56.58158
        ],
        [
          37.3591199,
          56.58163
        ],
        [
          37.3590499,
          56.58168
        ],
        [
          37.3589899,
          56.5817199
        ],
        [
          37.35893,
          56.58177
        ],
        [
          37.35887,
          56.5818199
        ],
        [
          37.3588,
          56.58186
        ],
        [
          37.35874,
          56.58191
        ],
        [
          37.35868,
          56.58196
        ],
        [
          37.35862,
          56.582
        ],
        [
          37.35855,
          56.5820499
        ],
        [
          37.35848,
          56.58209
        ],
        [
          37.35842,
          56.58214
        ],
        [
          37.35829,
          56.58223
        ],
        [
          37.3582299,
          56.5822799
        ],
        [
          37.3582299,
          56.5822799
        ],
        [
          37.35816,
          56.58232
        ],
        [
          37.3580999,
          56.58237
        ],
        [
          37.35803,
          56.58242
        ],
        [
          37.3579699,
          56.58246
        ],
        [
          37.3578999,
          56.5825099
        ],
        [
          37.3578399,
          56.58256
        ],
        [
          37.3577799,
          56.5826099
        ],
        [
          37.35772,
          56.58265
        ],
        [
          37.35765,
          56.5826999
        ],
        [
          37.35759,
          56.58275
        ],
        [
          37.35752,
          56.58279
        ],
        [
          37.35746,
          56.5828399
        ],
        [
          37.3574,
          56.58289
        ],
        [
          37.35734,
          56.5829299
        ],
        [
          37.35727,
          56.5829699
        ],
        [
          37.3572099,
          56.58302
        ],
        [
          37.35714,
          56.5830699
        ],
        [
          37.3570799,
          56.58311
        ],
        [
          37.3570199,
          56.5831599
        ],
        [
          37.3569599,
          56.5831999
        ],
        [
          37.3568899,
          56.58325
        ],
        [
          37.35683,
          56.5832999
        ],
        [
          37.35677,
          56.58334
        ],
        [
          37.3567,
          56.5833899
        ],
        [
          37.35664,
          56.58344
        ],
        [
          37.35652,
          56.5835299
        ],
        [
          37.3564599,
          56.58357
        ],
        [
          37.3564599,
          56.58357
        ],
        [
          37.3563899,
          56.5836199
        ],
        [
          37.3563299,
          56.5836599
        ],
        [
          37.3562699,
          56.58371
        ],
        [
          37.35621,
          56.5837599
        ],
        [
          37.35614,
          56.5838
        ],
        [
          37.35608,
          56.5838499
        ],
        [
          37.35601,
          56.5839
        ],
        [
          37.35595,
          56.58394
        ],
        [
          37.35588,
          56.5839899
        ],
        [
          37.35582,
          56.58404
        ],
        [
          37.35576,
          56.5840799
        ],
        [
          37.3556999,
          56.58413
        ],
        [
          37.3556399,
          56.5841799
        ],
        [
          37.3555799,
          56.58423
        ],
        [
          37.3555099,
          56.58427
        ],
        [
          37.3554499,
          56.5843099
        ],
        [
          37.35539,
          56.58436
        ],
        [
          37.35533,
          56.5844099
        ],
        [
          37.35527,
          56.5844499
        ],
        [
          37.3552,
          56.5845
        ],
        [
          37.35514,
          56.5845499
        ],
        [
          37.3550799,
          56.58459
        ],
        [
          37.35501,
          56.5846399
        ],
        [
          37.3549499,
          56.5846799
        ],
        [
          37.3548899,
          56.58473
        ],
        [
          37.35483,
          56.5847799
        ],
        [
          37.3547,
          56.5848699
        ],
        [
          37.3547,
          56.5848699
        ],
        [
          37.35463,
          56.58492
        ],
        [
          37.35457,
          56.58496
        ],
        [
          37.3545,
          56.5850099
        ],
        [
          37.35444,
          56.58505
        ],
        [
          37.35437,
          56.5850999
        ],
        [
          37.3542999,
          56.58515
        ],
        [
          37.35424,
          56.5851999
        ],
        [
          37.3541699,
          56.58525
        ],
        [
          37.35411,
          56.5852999
        ],
        [
          37.35404,
          56.58535
        ],
        [
          37.3539699,
          56.58539
        ],
        [
          37.35391,
          56.58544
        ],
        [
          37.35385,
          56.5854899
        ],
        [
          37.35378,
          56.58554
        ],
        [
          37.3537099,
          56.5855899
        ],
        [
          37.35365,
          56.5856299
        ],
        [
          37.35358,
          56.58568
        ],
        [
          37.35352,
          56.5857299
        ],
        [
          37.35345,
          56.58578
        ],
        [
          37.35339,
          56.5858299
        ],
        [
          37.35332,
          56.58588
        ],
        [
          37.35326,
          56.5859199
        ],
        [
          37.35319,
          56.58597
        ],
        [
          37.35313,
          56.5860199
        ],
        [
          37.35306,
          56.58607
        ],
        [
          37.353,
          56.5861199
        ],
        [
          37.35293,
          56.58616
        ],
        [
          37.35286,
          56.58621
        ],
        [
          37.3528,
          56.58626
        ],
        [
          37.35273,
          56.58631
        ],
        [
          37.35267,
          56.5863499
        ],
        [
          37.3526,
          56.5864
        ],
        [
          37.35254,
          56.5864499
        ],
        [
          37.35247,
          56.5865
        ],
        [
          37.35241,
          56.5865499
        ],
        [
          37.35234,
          56.58659
        ],
        [
          37.35227,
          56.5866399
        ],
        [
          37.35221,
          56.58669
        ],
        [
          37.35214,
          56.5867399
        ],
        [
          37.35207,
          56.5867799
        ],
        [
          37.35201,
          56.58683
        ],
        [
          37.35194,
          56.5868799
        ],
        [
          37.35188,
          56.58692
        ],
        [
          37.35182,
          56.5869699
        ],
        [
          37.35176,
          56.58702
        ],
        [
          37.35169,
          56.5870699
        ],
        [
          37.3516299,
          56.58712
        ],
        [
          37.35156,
          56.58716
        ],
        [
          37.3514999,
          56.58721
        ],
        [
          37.3514399,
          56.58726
        ],
        [
          37.35138,
          56.5872999
        ],
        [
          37.3513099,
          56.58735
        ],
        [
          37.35125,
          56.5873999
        ],
        [
          37.3511799,
          56.58745
        ],
        [
          37.35112,
          56.5874999
        ],
        [
          37.35106,
          56.58754
        ],
        [
          37.35099,
          56.58758
        ],
        [
          37.35093,
          56.5876299
        ],
        [
          37.35087,
          56.58768
        ],
        [
          37.3508099,
          56.5877299
        ],
        [
          37.35074,
          56.58777
        ],
        [
          37.3506799,
          56.58782
        ],
        [
          37.3505499,
          56.58791
        ],
        [
          37.3504899,
          56.5879599
        ],
        [
          37.3504199,
          56.588
        ],
        [
          37.3504199,
          56.588
        ],
        [
          37.3503599,
          56.58805
        ],
        [
          37.3503,
          56.5881
        ],
        [
          37.3502299,
          56.58814
        ],
        [
          37.35017,
          56.5881899
        ],
        [
          37.35011,
          56.58824
        ],
        [
          37.35004,
          56.5882799
        ],
        [
          37.34998,
          56.58833
        ],
        [
          37.34991,
          56.5883799
        ],
        [
          37.34985,
          56.5884199
        ],
        [
          37.34979,
          56.58847
        ],
        [
          37.3497299,
          56.5885099
        ],
        [
          37.3496699,
          56.58856
        ],
        [
          37.34961,
          56.5886099
        ],
        [
          37.3495399,
          56.58866
        ],
        [
          37.34948,
          56.5887
        ],
        [
          37.3494099,
          56.5887499
        ],
        [
          37.34935,
          56.5888
        ],
        [
          37.34929,
          56.5888399
        ],
        [
          37.34922,
          56.58889
        ],
        [
          37.34916,
          56.58893
        ],
        [
          37.34909,
          56.5889799
        ],
        [
          37.34903,
          56.58903
        ],
        [
          37.34897,
          56.5890699
        ],
        [
          37.3489,
          56.58912
        ],
        [
          37.3488399,
          56.5891699
        ],
        [
          37.3487099,
          56.5892699
        ],
        [
          37.3487099,
          56.5892699
        ],
        [
          37.34864,
          56.5893099
        ],
        [
          37.3485799,
          56.58936
        ],
        [
          37.34851,
          56.58941
        ],
        [
          37.3484499,
          56.58946
        ],
        [
          37.3483799,
          56.58951
        ],
        [
          37.3483199,
          56.5895599
        ],
        [
          37.3482599,
          56.5895999
        ],
        [
          37.3481899,
          56.58965
        ],
        [
          37.3481299,
          56.5896999
        ],
        [
          37.3480599,
          56.58974
        ],
        [
          37.348,
          56.5897899
        ],
        [
          37.34794,
          56.58984
        ],
        [
          37.34788,
          56.58988
        ],
        [
          37.34781,
          56.5899299
        ],
        [
          37.34775,
          56.58997
        ],
        [
          37.34769,
          56.5900199
        ],
        [
          37.34762,
          56.5900599
        ],
        [
          37.3475599,
          56.59011
        ],
        [
          37.3474999,
          56.5901599
        ],
        [
          37.3474399,
          56.5902
        ],
        [
          37.3473699,
          56.5902499
        ],
        [
          37.34731,
          56.5903
        ],
        [
          37.34725,
          56.59034
        ],
        [
          37.34719,
          56.5903899
        ],
        [
          37.34712,
          56.59044
        ],
        [
          37.34706,
          56.5904799
        ],
        [
          37.34699,
          56.59053
        ],
        [
          37.34692,
          56.59057
        ],
        [
          37.3468699,
          56.5906199
        ],
        [
          37.3468699,
          56.5906199
        ],
        [
          37.34676,
          56.5907
        ],
        [
          37.3467,
          56.59074
        ],
        [
          37.3466499,
          56.5907799
        ],
        [
          37.3466,
          56.5908099
        ],
        [
          37.3465499,
          56.59084
        ],
        [
          37.3465099,
          56.5908799
        ],
        [
          37.3465099,
          56.5908799
        ],
        [
          37.3463799,
          56.59097
        ],
        [
          37.3463799,
          56.59097
        ],
        [
          37.34634,
          56.591
        ],
        [
          37.34631,
          56.59103
        ],
        [
          37.34626,
          56.59106
        ],
        [
          37.34626,
          56.59106
        ],
        [
          37.34618,
          56.59112
        ],
        [
          37.34613,
          56.59115
        ],
        [
          37.3460899,
          56.5911799
        ],
        [
          37.34604,
          56.59122
        ],
        [
          37.3459899,
          56.59125
        ],
        [
          37.34595,
          56.5912799
        ],
        [
          37.3459,
          56.59132
        ],
        [
          37.34585,
          56.59135
        ],
        [
          37.3458,
          56.59139
        ],
        [
          37.3458,
          56.59139
        ],
        [
          37.3456999,
          56.59145
        ],
        [
          37.34565,
          56.59149
        ],
        [
          37.3455999,
          56.5915299
        ],
        [
          37.34555,
          56.5915699
        ],
        [
          37.3454999,
          56.5915999
        ],
        [
          37.34545,
          56.5916399
        ],
        [
          37.34539,
          56.5916699
        ],
        [
          37.3453399,
          56.59171
        ],
        [
          37.34529,
          56.59175
        ],
        [
          37.3452399,
          56.59179
        ],
        [
          37.34519,
          56.59182
        ],
        [
          37.3451399,
          56.5918699
        ],
        [
          37.34509,
          56.59191
        ],
        [
          37.34499,
          56.5919899
        ],
        [
          37.34499,
          56.5919899
        ],
        [
          37.3449399,
          56.5920299
        ],
        [
          37.3448799,
          56.59207
        ],
        [
          37.34483,
          56.5920999
        ],
        [
          37.3447799,
          56.59215
        ],
        [
          37.34473,
          56.59218
        ],
        [
          37.34473,
          56.59218
        ],
        [
          37.34462,
          56.5922599
        ],
        [
          37.34457,
          56.59231
        ],
        [
          37.34452,
          56.59234
        ],
        [
          37.34452,
          56.59234
        ],
        [
          37.3444199,
          56.5924199
        ],
        [
          37.34437,
          56.5924599
        ],
        [
          37.3443199,
          56.5925
        ],
        [
          37.34427,
          56.59254
        ],
        [
          37.34421,
          56.5925799
        ],
        [
          37.34416,
          56.5926199
        ],
        [
          37.3441,
          56.59266
        ],
        [
          37.3440499,
          56.5927
        ],
        [
          37.3439899,
          56.59274
        ],
        [
          37.34394,
          56.5927799
        ],
        [
          37.34388,
          56.5928199
        ],
        [
          37.3438199,
          56.59286
        ],
        [
          37.34377,
          56.5929
        ],
        [
          37.34365,
          56.5929799
        ],
        [
          37.34365,
          56.5929799
        ],
        [
          37.3435999,
          56.59303
        ],
        [
          37.34354,
          56.59307
        ],
        [
          37.34348,
          56.5931099
        ],
        [
          37.3434299,
          56.59316
        ],
        [
          37.3433599,
          56.5932
        ],
        [
          37.3432999,
          56.5932399
        ],
        [
          37.34325,
          56.5932799
        ],
        [
          37.34325,
          56.5932799
        ],
        [
          37.3431299,
          56.5933699
        ],
        [
          37.3430699,
          56.5934099
        ],
        [
          37.34301,
          56.59346
        ],
        [
          37.34295,
          56.5934999
        ],
        [
          37.3428999,
          56.5935399
        ],
        [
          37.34283,
          56.59358
        ],
        [
          37.34278,
          56.59362
        ],
        [
          37.34272,
          56.59366
        ],
        [
          37.3426699,
          56.59371
        ],
        [
          37.3426699,
          56.59371
        ],
        [
          37.3425499,
          56.59379
        ],
        [
          37.34249,
          56.5938299
        ],
        [
          37.34249,
          56.5938299
        ],
        [
          37.3423799,
          56.59392
        ],
        [
          37.3423199,
          56.5939599
        ],
        [
          37.34227,
          56.5939999
        ],
        [
          37.3422099,
          56.59404
        ],
        [
          37.3420899,
          56.59412
        ],
        [
          37.3420899,
          56.59412
        ],
        [
          37.34203,
          56.5941599
        ],
        [
          37.3419799,
          56.59421
        ],
        [
          37.3419199,
          56.59425
        ],
        [
          37.3418599,
          56.5942899
        ],
        [
          37.3418,
          56.5943299
        ],
        [
          37.34174,
          56.59438
        ],
        [
          37.34168,
          56.5944299
        ],
        [
          37.3416299,
          56.59447
        ],
        [
          37.3415599,
          56.59451
        ],
        [
          37.3415,
          56.5945599
        ],
        [
          37.34144,
          56.5946
        ],
        [
          37.34138,
          56.59464
        ],
        [
          37.34132,
          56.5946899
        ],
        [
          37.3412599,
          56.59473
        ],
        [
          37.3411999,
          56.5947799
        ],
        [
          37.3411999,
          56.5947799
        ],
        [
          37.34108,
          56.59487
        ],
        [
          37.34096,
          56.5949499
        ],
        [
          37.34096,
          56.5949499
        ],
        [
          37.3408999,
          56.59499
        ],
        [
          37.3408399,
          56.59503
        ],
        [
          37.34078,
          56.5950799
        ],
        [
          37.34072,
          56.5951199
        ],
        [
          37.34066,
          56.59517
        ],
        [
          37.34059,
          56.5952099
        ],
        [
          37.34059,
          56.5952099
        ],
        [
          37.3404699,
          56.5953
        ],
        [
          37.34042,
          56.5953399
        ],
        [
          37.3403499,
          56.5953799
        ],
        [
          37.34029,
          56.59543
        ],
        [
          37.34023,
          56.5954799
        ],
        [
          37.34017,
          56.59552
        ],
        [
          37.3401099,
          56.5955699
        ],
        [
          37.3400499,
          56.5956099
        ],
        [
          37.3400499,
          56.5956099
        ],
        [
          37.33993,
          56.5957099
        ],
        [
          37.33987,
          56.59576
        ],
        [
          37.3398,
          56.5957999
        ],
        [
          37.33974,
          56.59585
        ],
        [
          37.33968,
          56.5958999
        ],
        [
          37.33961,
          56.5959399
        ],
        [
          37.3395499,
          56.59599
        ],
        [
          37.3394899,
          56.59604
        ],
        [
          37.33937,
          56.5961299
        ],
        [
          37.33937,
          56.5961299
        ],
        [
          37.33931,
          56.59618
        ],
        [
          37.33924,
          56.59622
        ],
        [
          37.33918,
          56.59627
        ],
        [
          37.33912,
          56.59631
        ],
        [
          37.3390599,
          56.5963599
        ],
        [
          37.3389999,
          56.5963999
        ],
        [
          37.33894,
          56.59644
        ],
        [
          37.33888,
          56.5964899
        ],
        [
          37.33882,
          56.59654
        ],
        [
          37.33876,
          56.59658
        ],
        [
          37.3386999,
          56.5966199
        ],
        [
          37.3386399,
          56.59667
        ],
        [
          37.33858,
          56.59671
        ],
        [
          37.33852,
          56.5967499
        ],
        [
          37.33852,
          56.5967499
        ],
        [
          37.33846,
          56.5968
        ],
        [
          37.3384,
          56.59684
        ],
        [
          37.3382699,
          56.59693
        ],
        [
          37.3382699,
          56.59693
        ],
        [
          37.3381499,
          56.5970199
        ],
        [
          37.33809,
          56.59706
        ],
        [
          37.33803,
          56.5971
        ],
        [
          37.33797,
          56.5971499
        ],
        [
          37.3379099,
          56.59719
        ],
        [
          37.3378499,
          56.59723
        ],
        [
          37.3377799,
          56.5972799
        ],
        [
          37.3377199,
          56.59732
        ],
        [
          37.33766,
          56.59736
        ],
        [
          37.3376,
          56.5974099
        ],
        [
          37.33754,
          56.5974499
        ],
        [
          37.33748,
          56.5975
        ],
        [
          37.3374199,
          56.5975399
        ],
        [
          37.33735,
          56.59759
        ],
        [
          37.3372899,
          56.59763
        ],
        [
          37.3372299,
          56.5976799
        ],
        [
          37.33717,
          56.59773
        ],
        [
          37.3370999,
          56.59778
        ],
        [
          37.3370999,
          56.59778
        ],
        [
          37.33698,
          56.5978699
        ],
        [
          37.33691,
          56.59792
        ],
        [
          37.33684,
          56.59796
        ],
        [
          37.33678,
          56.59801
        ],
        [
          37.33678,
          56.59801
        ],
        [
          37.33665,
          56.5980999
        ],
        [
          37.33665,
          56.5980999
        ],
        [
          37.3365299,
          56.5981999
        ],
        [
          37.33646,
          56.59825
        ],
        [
          37.33639,
          56.59829
        ],
        [
          37.33633,
          56.59834
        ],
        [
          37.33626,
          56.5983899
        ],
        [
          37.33613,
          56.59848
        ],
        [
          37.33613,
          56.59848
        ],
        [
          37.33599,
          56.59858
        ],
        [
          37.33599,
          56.59858
        ],
        [
          37.33592,
          56.5986199
        ],
        [
          37.33586,
          56.59867
        ],
        [
          37.33579,
          56.5987199
        ],
        [
          37.33573,
          56.5987599
        ],
        [
          37.33566,
          56.59881
        ],
        [
          37.3355899,
          56.5988599
        ],
        [
          37.33554,
          56.5989
        ],
        [
          37.3354799,
          56.5989499
        ],
        [
          37.3354199,
          56.599
        ],
        [
          37.3353499,
          56.5990499
        ],
        [
          37.3352899,
          56.5991
        ],
        [
          37.3352199,
          56.5991499
        ],
        [
          37.33515,
          56.5992
        ],
        [
          37.33515,
          56.5992
        ],
        [
          37.3350199,
          56.59929
        ],
        [
          37.3349599,
          56.59934
        ],
        [
          37.3348899,
          56.59939
        ],
        [
          37.33482,
          56.59944
        ],
        [
          37.3347599,
          56.59949
        ],
        [
          37.3346999,
          56.5995399
        ],
        [
          37.3346999,
          56.5995399
        ],
        [
          37.3345699,
          56.59963
        ],
        [
          37.3344999,
          56.5996799
        ],
        [
          37.3344399,
          56.59973
        ],
        [
          37.3343699,
          56.5997799
        ],
        [
          37.3342399,
          56.5998799
        ],
        [
          37.3342399,
          56.5998799
        ],
        [
          37.3341699,
          56.59993
        ],
        [
          37.3341099,
          56.59998
        ],
        [
          37.33405,
          56.60003
        ],
        [
          37.3339799,
          56.60008
        ],
        [
          37.3339099,
          56.60012
        ],
        [
          37.3338499,
          56.6001699
        ],
        [
          37.33379,
          56.60022
        ],
        [
          37.33373,
          56.6002699
        ],
        [
          37.33366,
          56.60031
        ],
        [
          37.3336,
          56.6003599
        ],
        [
          37.33353,
          56.6003999
        ],
        [
          37.33347,
          56.60045
        ],
        [
          37.3334,
          56.6004999
        ],
        [
          37.33334,
          56.60055
        ],
        [
          37.33327,
          56.6005899
        ],
        [
          37.3332,
          56.60064
        ],
        [
          37.33314,
          56.60068
        ],
        [
          37.33308,
          56.6007299
        ],
        [
          37.33301,
          56.60078
        ],
        [
          37.33295,
          56.6008199
        ],
        [
          37.3328899,
          56.60087
        ],
        [
          37.33282,
          56.6009199
        ],
        [
          37.3327599,
          56.6009599
        ],
        [
          37.3326999,
          56.60101
        ],
        [
          37.33264,
          56.6010499
        ],
        [
          37.3325699,
          56.6011
        ],
        [
          37.33251,
          56.60114
        ],
        [
          37.3324399,
          56.6011899
        ],
        [
          37.33238,
          56.60124
        ],
        [
          37.33231,
          56.6012899
        ],
        [
          37.33225,
          56.60133
        ],
        [
          37.33219,
          56.6013899
        ],
        [
          37.33213,
          56.60143
        ],
        [
          37.33206,
          56.6014799
        ],
        [
          37.332,
          56.60153
        ],
        [
          37.33193,
          56.6015799
        ],
        [
          37.3318699,
          56.60163
        ],
        [
          37.3318,
          56.60167
        ],
        [
          37.3317399,
          56.60172
        ],
        [
          37.3316799,
          56.60177
        ],
        [
          37.3316099,
          56.60182
        ],
        [
          37.3315499,
          56.6018699
        ],
        [
          37.33149,
          56.6019099
        ],
        [
          37.3314199,
          56.60196
        ],
        [
          37.33136,
          56.6020099
        ],
        [
          37.3313,
          56.60206
        ],
        [
          37.33117,
          56.60216
        ],
        [
          37.33117,
          56.60216
        ],
        [
          37.3311,
          56.6021999
        ],
        [
          37.3311,
          56.6021999
        ],
        [
          37.33097,
          56.6022999
        ],
        [
          37.33091,
          56.6023399
        ],
        [
          37.33085,
          56.60239
        ],
        [
          37.33078,
          56.6024399
        ],
        [
          37.3307199,
          56.60248
        ],
        [
          37.3306599,
          56.6025299
        ],
        [
          37.3305899,
          56.60258
        ],
        [
          37.3305299,
          56.60262
        ],
        [
          37.3304699,
          56.6026699
        ],
        [
          37.33041,
          56.6026999
        ],
        [
          37.33041,
          56.6026999
        ],
        [
          37.33029,
          56.6027899
        ],
        [
          37.3302299,
          56.6028299
        ],
        [
          37.33016,
          56.60288
        ],
        [
          37.3300999,
          56.6029199
        ],
        [
          37.3300399,
          56.60297
        ],
        [
          37.32998,
          56.60301
        ],
        [
          37.3299099,
          56.6030599
        ],
        [
          37.32985,
          56.6031
        ],
        [
          37.32979,
          56.6031499
        ],
        [
          37.32979,
          56.6031499
        ],
        [
          37.3296,
          56.60328
        ],
        [
          37.3296,
          56.60328
        ],
        [
          37.3295399,
          56.60333
        ],
        [
          37.3294799,
          56.60337
        ],
        [
          37.3294099,
          56.6034199
        ],
        [
          37.3293499,
          56.60346
        ],
        [
          37.3292799,
          56.60351
        ],
        [
          37.32923,
          56.60356
        ],
        [
          37.32917,
          56.6036
        ],
        [
          37.3291,
          56.60364
        ],
        [
          37.32904,
          56.60369
        ],
        [
          37.32897,
          56.60373
        ],
        [
          37.32891,
          56.6037799
        ],
        [
          37.3288499,
          56.60383
        ],
        [
          37.3287899,
          56.6038799
        ],
        [
          37.3287299,
          56.60393
        ],
        [
          37.3286599,
          56.60397
        ],
        [
          37.3286,
          56.6040099
        ],
        [
          37.32854,
          56.60405
        ],
        [
          37.3284899,
          56.60409
        ],
        [
          37.32844,
          56.60412
        ],
        [
          37.3283999,
          56.60416
        ],
        [
          37.3283599,
          56.60419
        ],
        [
          37.32832,
          56.60422
        ],
        [
          37.32828,
          56.60425
        ],
        [
          37.32824,
          56.60428
        ],
        [
          37.32824,
          56.60428
        ],
        [
          37.3281599,
          56.6043399
        ],
        [
          37.3281299,
          56.60436
        ],
        [
          37.32809,
          56.60439
        ],
        [
          37.32806,
          56.6044099
        ],
        [
          37.3280299,
          56.6044299
        ],
        [
          37.3279999,
          56.60446
        ],
        [
          37.3279699,
          56.60448
        ],
        [
          37.3279299,
          56.6044999
        ],
        [
          37.32789,
          56.60452
        ],
        [
          37.32785,
          56.60455
        ],
        [
          37.32782,
          56.60458
        ],
        [
          37.32779,
          56.60461
        ],
        [
          37.32776,
          56.6046299
        ],
        [
          37.32772,
          56.6046599
        ],
        [
          37.32769,
          56.60469
        ],
        [
          37.32765,
          56.60471
        ],
        [
          37.32762,
          56.6047299
        ],
        [
          37.32759,
          56.6047599
        ],
        [
          37.32756,
          56.60478
        ],
        [
          37.32752,
          56.6047999
        ],
        [
          37.3275,
          56.60482
        ],
        [
          37.32747,
          56.60484
        ],
        [
          37.32743,
          56.60487
        ],
        [
          37.32739,
          56.6048999
        ],
        [
          37.3273499,
          56.6049299
        ],
        [
          37.3273099,
          56.6049599
        ],
        [
          37.32727,
          56.6049899
        ],
        [
          37.32723,
          56.60501
        ],
        [
          37.32719,
          56.60504
        ],
        [
          37.32714,
          56.60507
        ],
        [
          37.3271099,
          56.6051
        ],
        [
          37.32707,
          56.6051299
        ],
        [
          37.32704,
          56.60515
        ],
        [
          37.327,
          56.60518
        ],
        [
          37.3269499,
          56.60521
        ],
        [
          37.32691,
          56.60524
        ],
        [
          37.32691,
          56.60524
        ],
        [
          37.3268199,
          56.60531
        ],
        [
          37.3268199,
          56.60531
        ],
        [
          37.32674,
          56.60537
        ],
        [
          37.3266899,
          56.6053899
        ],
        [
          37.3266499,
          56.6054199
        ],
        [
          37.32661,
          56.6054499
        ],
        [
          37.32661,
          56.6054499
        ],
        [
          37.3265299,
          56.60551
        ],
        [
          37.3265299,
          56.60551
        ],
        [
          37.3264899,
          56.6055499
        ],
        [
          37.3263999,
          56.60561
        ],
        [
          37.3263599,
          56.6056499
        ],
        [
          37.32632,
          56.6056799
        ],
        [
          37.32628,
          56.6057
        ],
        [
          37.32624,
          56.60573
        ],
        [
          37.3261999,
          56.60576
        ],
        [
          37.3261999,
          56.60576
        ],
        [
          37.32614,
          56.6058099
        ],
        [
          37.32611,
          56.60583
        ],
        [
          37.32608,
          56.60586
        ],
        [
          37.32608,
          56.60586
        ],
        [
          37.32605,
          56.60587
        ],
        [
          37.32599,
          56.6059099
        ],
        [
          37.32599,
          56.6059099
        ],
        [
          37.32596,
          56.60593
        ],
        [
          37.3259399,
          56.6059499
        ],
        [
          37.32591,
          56.60596
        ],
        [
          37.32589,
          56.6059799
        ],
        [
          37.3258399,
          56.6060099
        ],
        [
          37.3258399,
          56.6060099
        ],
        [
          37.32582,
          56.60603
        ],
        [
          37.32581,
          56.6060399
        ],
        [
          37.32578,
          56.60607
        ],
        [
          37.32576,
          56.6060799
        ],
        [
          37.3257399,
          56.6061
        ],
        [
          37.32573,
          56.6061099
        ],
        [
          37.32573,
          56.6061099
        ],
        [
          37.32569,
          56.60613
        ],
        [
          37.32569,
          56.60613
        ],
        [
          37.32566,
          56.60615
        ],
        [
          37.32565,
          56.60616
        ],
        [
          37.32563,
          56.6061799
        ],
        [
          37.32562,
          56.60619
        ],
        [
          37.32558,
          56.60622
        ],
        [
          37.32558,
          56.60622
        ],
        [
          37.3255699,
          56.60623
        ],
        [
          37.32555,
          56.60625
        ],
        [
          37.32555,
          56.60625
        ],
        [
          37.32555,
          56.60625
        ],
        [
          37.32555,
          56.60625
        ],
        [
          37.3255099,
          56.6063
        ],
        [
          37.32549,
          56.60632
        ],
        [
          37.32545,
          56.6063399
        ],
        [
          37.32542,
          56.6063699
        ],
        [
          37.3253799,
          56.60639
        ],
        [
          37.32535,
          56.60642
        ],
        [
          37.3253099,
          56.6064399
        ],
        [
          37.3252799,
          56.6064699
        ],
        [
          37.3252399,
          56.60649
        ],
        [
          37.3252,
          56.6065099
        ],
        [
          37.32517,
          56.6065399
        ],
        [
          37.32513,
          56.6065699
        ],
        [
          37.32509,
          56.6065999
        ],
        [
          37.3250499,
          56.6066299
        ],
        [
          37.3250099,
          56.60666
        ],
        [
          37.32497,
          56.60669
        ],
        [
          37.32493,
          56.60672
        ],
        [
          37.3248799,
          56.60675
        ],
        [
          37.32483,
          56.60678
        ],
        [
          37.3247899,
          56.60682
        ],
        [
          37.32474,
          56.60685
        ],
        [
          37.3246899,
          56.60688
        ],
        [
          37.32464,
          56.60692
        ],
        [
          37.3245899,
          56.60695
        ],
        [
          37.3245499,
          56.60698
        ],
        [
          37.32451,
          56.60702
        ],
        [
          37.32447,
          56.60705
        ],
        [
          37.3244199,
          56.60708
        ],
        [
          37.32437,
          56.60711
        ],
        [
          37.3243199,
          56.60715
        ],
        [
          37.32427,
          56.60718
        ],
        [
          37.32422,
          56.6072199
        ],
        [
          37.32417,
          56.6072599
        ],
        [
          37.3241299,
          56.6072899
        ],
        [
          37.3240899,
          56.6073199
        ],
        [
          37.32405,
          56.60735
        ],
        [
          37.32401,
          56.6073899
        ],
        [
          37.3239599,
          56.6074199
        ],
        [
          37.32392,
          56.6074499
        ],
        [
          37.32388,
          56.60748
        ],
        [
          37.32384,
          56.60751
        ],
        [
          37.3237999,
          56.60754
        ],
        [
          37.32375,
          56.60757
        ],
        [
          37.32371,
          56.6076
        ],
        [
          37.3236699,
          56.60763
        ],
        [
          37.32362,
          56.60766
        ],
        [
          37.32359,
          56.6076799
        ],
        [
          37.32355,
          56.6077199
        ],
        [
          37.3235099,
          56.6077499
        ],
        [
          37.3234699,
          56.6077799
        ],
        [
          37.32343,
          56.60781
        ],
        [
          37.3233799,
          56.6078499
        ],
        [
          37.3233399,
          56.6078799
        ],
        [
          37.3233,
          56.6079099
        ],
        [
          37.32325,
          56.6079499
        ],
        [
          37.3232,
          56.6079799
        ],
        [
          37.3231499,
          56.6080199
        ],
        [
          37.3231,
          56.6080499
        ],
        [
          37.32306,
          56.60809
        ],
        [
          37.323,
          56.60812
        ],
        [
          37.3229499,
          56.6081499
        ],
        [
          37.3229,
          56.60819
        ],
        [
          37.3228499,
          56.60822
        ],
        [
          37.3228,
          56.6082499
        ],
        [
          37.32276,
          56.60829
        ],
        [
          37.3227199,
          56.60832
        ],
        [
          37.32267,
          56.60835
        ],
        [
          37.32263,
          56.6083799
        ],
        [
          37.3225799,
          56.60842
        ],
        [
          37.32254,
          56.60845
        ],
        [
          37.3224899,
          56.6084799
        ],
        [
          37.32244,
          56.60852
        ],
        [
          37.3224,
          56.60855
        ],
        [
          37.3223499,
          56.60859
        ],
        [
          37.32231,
          56.60862
        ],
        [
          37.3222599,
          56.60866
        ],
        [
          37.3222199,
          56.60869
        ],
        [
          37.32217,
          56.6087299
        ],
        [
          37.3221199,
          56.60876
        ],
        [
          37.32207,
          56.6087999
        ],
        [
          37.3220299,
          56.6088299
        ],
        [
          37.32198,
          56.6088699
        ],
        [
          37.3219299,
          56.6088999
        ],
        [
          37.32188,
          56.60894
        ],
        [
          37.3218299,
          56.60898
        ],
        [
          37.32178,
          56.60902
        ],
        [
          37.3217299,
          56.60905
        ],
        [
          37.32169,
          56.60909
        ],
        [
          37.3216399,
          56.60912
        ],
        [
          37.32159,
          56.60915
        ],
        [
          37.3215399,
          56.60918
        ],
        [
          37.3214999,
          56.60921
        ],
        [
          37.32146,
          56.60924
        ],
        [
          37.32142,
          56.60927
        ],
        [
          37.32138,
          56.6092999
        ],
        [
          37.3213399,
          56.6093299
        ],
        [
          37.3212999,
          56.6093599
        ],
        [
          37.32125,
          56.6093899
        ],
        [
          37.3212099,
          56.6094199
        ],
        [
          37.3211699,
          56.60945
        ],
        [
          37.32112,
          56.6094899
        ],
        [
          37.3210799,
          56.6095199
        ],
        [
          37.32103,
          56.60955
        ],
        [
          37.3209799,
          56.60958
        ],
        [
          37.32093,
          56.6096199
        ],
        [
          37.32089,
          56.6096499
        ],
        [
          37.3208399,
          56.6096899
        ],
        [
          37.32079,
          56.6097199
        ],
        [
          37.32074,
          56.6097499
        ],
        [
          37.32069,
          56.6097899
        ],
        [
          37.3206499,
          56.6098199
        ],
        [
          37.3206,
          56.60986
        ],
        [
          37.32056,
          56.6098899
        ],
        [
          37.32051,
          56.6099199
        ],
        [
          37.32047,
          56.6099499
        ],
        [
          37.3204199,
          56.6099899
        ],
        [
          37.32037,
          56.6100199
        ],
        [
          37.32033,
          56.61006
        ],
        [
          37.32028,
          56.61009
        ],
        [
          37.32023,
          56.61013
        ],
        [
          37.3201899,
          56.61017
        ],
        [
          37.32014,
          56.6102
        ],
        [
          37.3200899,
          56.61023
        ],
        [
          37.32004,
          56.61027
        ],
        [
          37.3199899,
          56.6103099
        ],
        [
          37.31994,
          56.6103499
        ],
        [
          37.3198899,
          56.6103799
        ],
        [
          37.31984,
          56.61042
        ],
        [
          37.3197899,
          56.61046
        ],
        [
          37.31974,
          56.61049
        ],
        [
          37.31969,
          56.61053
        ],
        [
          37.31964,
          56.6105699
        ],
        [
          37.31959,
          56.6106
        ],
        [
          37.31954,
          56.6106399
        ],
        [
          37.31949,
          56.61068
        ],
        [
          37.3194399,
          56.61072
        ],
        [
          37.31939,
          56.61076
        ],
        [
          37.3193299,
          56.61079
        ],
        [
          37.31928,
          56.61083
        ],
        [
          37.31923,
          56.6108699
        ],
        [
          37.31918,
          56.61091
        ],
        [
          37.31912,
          56.6109399
        ],
        [
          37.3190699,
          56.61098
        ],
        [
          37.31902,
          56.61101
        ],
        [
          37.31899,
          56.61105
        ],
        [
          37.3189399,
          56.61109
        ],
        [
          37.31889,
          56.61112
        ],
        [
          37.3188399,
          56.61115
        ],
        [
          37.31879,
          56.61118
        ],
        [
          37.3187399,
          56.61122
        ],
        [
          37.31869,
          56.61125
        ],
        [
          37.3186499,
          56.61129
        ],
        [
          37.3186,
          56.61132
        ],
        [
          37.3185499,
          56.6113599
        ],
        [
          37.3185199,
          56.6113899
        ],
        [
          37.31847,
          56.61142
        ],
        [
          37.3184199,
          56.61145
        ],
        [
          37.3183799,
          56.6114899
        ],
        [
          37.31834,
          56.6115199
        ],
        [
          37.3182899,
          56.6115599
        ],
        [
          37.31824,
          56.6115899
        ],
        [
          37.3181899,
          56.6116299
        ],
        [
          37.31814,
          56.6116599
        ],
        [
          37.3180899,
          56.6117
        ],
        [
          37.31804,
          56.61174
        ],
        [
          37.3179899,
          56.61178
        ],
        [
          37.31794,
          56.6118199
        ],
        [
          37.31788,
          56.6118599
        ],
        [
          37.3178299,
          56.6119
        ],
        [
          37.31778,
          56.61194
        ],
        [
          37.31772,
          56.6119799
        ],
        [
          37.31767,
          56.61203
        ],
        [
          37.31762,
          56.61207
        ],
        [
          37.31755,
          56.6121199
        ],
        [
          37.31749,
          56.61216
        ],
        [
          37.31742,
          56.6122099
        ],
        [
          37.3173699,
          56.6122499
        ],
        [
          37.31731,
          56.6123
        ],
        [
          37.3172399,
          56.6123499
        ],
        [
          37.31718,
          56.61239
        ],
        [
          37.31712,
          56.6124399
        ],
        [
          37.31705,
          56.6124799
        ],
        [
          37.31699,
          56.61253
        ],
        [
          37.31693,
          56.61257
        ],
        [
          37.3168699,
          56.6126099
        ],
        [
          37.3168099,
          56.61266
        ],
        [
          37.31675,
          56.6127099
        ],
        [
          37.31669,
          56.61276
        ],
        [
          37.31662,
          56.6127999
        ],
        [
          37.31656,
          56.6128399
        ],
        [
          37.3165,
          56.61289
        ],
        [
          37.31644,
          56.6129399
        ],
        [
          37.31637,
          56.61299
        ],
        [
          37.3163099,
          56.6130299
        ],
        [
          37.3162499,
          56.6130699
        ],
        [
          37.3161899,
          56.61312
        ],
        [
          37.31613,
          56.61316
        ],
        [
          37.31607,
          56.61321
        ],
        [
          37.31601,
          56.61325
        ],
        [
          37.3159499,
          56.6132999
        ],
        [
          37.3158899,
          56.61334
        ],
        [
          37.3158199,
          56.61339
        ],
        [
          37.3157599,
          56.6134299
        ],
        [
          37.3157,
          56.61347
        ],
        [
          37.31564,
          56.61352
        ],
        [
          37.31557,
          56.6135599
        ],
        [
          37.31551,
          56.6135999
        ],
        [
          37.3154599,
          56.61364
        ],
        [
          37.3153999,
          56.6136899
        ],
        [
          37.3153299,
          56.61374
        ],
        [
          37.3152699,
          56.61378
        ],
        [
          37.3151999,
          56.6138299
        ],
        [
          37.3151399,
          56.61387
        ],
        [
          37.31508,
          56.6139199
        ],
        [
          37.3150099,
          56.61397
        ],
        [
          37.31495,
          56.61401
        ],
        [
          37.3148999,
          56.6140599
        ],
        [
          37.31483,
          56.61411
        ],
        [
          37.3147699,
          56.61416
        ],
        [
          37.3147099,
          56.6142
        ],
        [
          37.3146399,
          56.6142499
        ],
        [
          37.3145799,
          56.6142899
        ],
        [
          37.31452,
          56.61434
        ],
        [
          37.31446,
          56.6143799
        ],
        [
          37.3144099,
          56.61443
        ],
        [
          37.3143499,
          56.61447
        ],
        [
          37.31429,
          56.6145099
        ],
        [
          37.3142199,
          56.61456
        ],
        [
          37.31416,
          56.6146
        ],
        [
          37.3141,
          56.6146399
        ],
        [
          37.31404,
          56.61469
        ],
        [
          37.3139799,
          56.61473
        ],
        [
          37.3139199,
          56.6147699
        ],
        [
          37.3138499,
          56.61482
        ],
        [
          37.3137899,
          56.6148699
        ],
        [
          37.3137199,
          56.61492
        ],
        [
          37.31365,
          56.61496
        ],
        [
          37.3135899,
          56.6150099
        ],
        [
          37.3135299,
          56.61505
        ],
        [
          37.31347,
          56.6150999
        ],
        [
          37.3133999,
          56.6151399
        ],
        [
          37.3133299,
          56.61519
        ],
        [
          37.3132699,
          56.6152399
        ],
        [
          37.31321,
          56.61529
        ],
        [
          37.31314,
          56.6153299
        ],
        [
          37.3130699,
          56.61538
        ],
        [
          37.31301,
          56.61542
        ],
        [
          37.3129399,
          56.6154699
        ],
        [
          37.31288,
          56.61552
        ],
        [
          37.31275,
          56.61561
        ],
        [
          37.31275,
          56.61561
        ],
        [
          37.31268,
          56.6156599
        ],
        [
          37.3126099,
          56.6156999
        ],
        [
          37.31255,
          56.61575
        ],
        [
          37.3124799,
          56.6157999
        ],
        [
          37.3124099,
          56.61584
        ],
        [
          37.3123399,
          56.6158899
        ],
        [
          37.31227,
          56.6159299
        ],
        [
          37.3122099,
          56.61598
        ],
        [
          37.3121499,
          56.6160299
        ],
        [
          37.3120799,
          56.61607
        ],
        [
          37.3120099,
          56.6161199
        ],
        [
          37.3119499,
          56.61617
        ],
        [
          37.3118899,
          56.6162199
        ],
        [
          37.3118199,
          56.61627
        ],
        [
          37.3117599,
          56.6163199
        ],
        [
          37.3116899,
          56.61637
        ],
        [
          37.31163,
          56.6164199
        ],
        [
          37.3115599,
          56.61646
        ],
        [
          37.3114899,
          56.6165099
        ],
        [
          37.3114199,
          56.61656
        ],
        [
          37.31135,
          56.6166099
        ],
        [
          37.31128,
          56.61666
        ],
        [
          37.31121,
          56.6167099
        ],
        [
          37.31115,
          56.61676
        ],
        [
          37.31109,
          56.6168099
        ],
        [
          37.3110299,
          56.61686
        ],
        [
          37.3109599,
          56.6169099
        ],
        [
          37.3108999,
          56.61696
        ],
        [
          37.3108299,
          56.617
        ],
        [
          37.3107699,
          56.61705
        ],
        [
          37.31071,
          56.6171
        ],
        [
          37.3106399,
          56.61715
        ],
        [
          37.3105699,
          56.6171999
        ],
        [
          37.3104999,
          56.6172399
        ],
        [
          37.3104399,
          56.61729
        ],
        [
          37.3103699,
          56.6173299
        ],
        [
          37.3103099,
          56.61738
        ],
        [
          37.3102499,
          56.6174299
        ],
        [
          37.3102,
          56.61748
        ],
        [
          37.31013,
          56.6175299
        ],
        [
          37.31007,
          56.6175699
        ],
        [
          37.3100099,
          56.61762
        ],
        [
          37.3099499,
          56.6176699
        ],
        [
          37.30989,
          56.61772
        ],
        [
          37.30983,
          56.6177599
        ],
        [
          37.30976,
          56.61781
        ],
        [
          37.3097,
          56.6178599
        ],
        [
          37.30964,
          56.61791
        ],
        [
          37.30958,
          56.6179599
        ],
        [
          37.3095199,
          56.61801
        ],
        [
          37.3094599,
          56.61805
        ],
        [
          37.3093899,
          56.6181
        ],
        [
          37.3093299,
          56.61815
        ],
        [
          37.3091999,
          56.6182499
        ],
        [
          37.3091999,
          56.6182499
        ],
        [
          37.30914,
          56.6182899
        ],
        [
          37.30907,
          56.61834
        ],
        [
          37.30901,
          56.6183899
        ],
        [
          37.30894,
          56.61844
        ],
        [
          37.30888,
          56.6184799
        ],
        [
          37.30888,
          56.6184799
        ],
        [
          37.30875,
          56.6185799
        ],
        [
          37.30868,
          56.61863
        ],
        [
          37.30868,
          56.61863
        ],
        [
          37.30856,
          56.61873
        ],
        [
          37.30849,
          56.61877
        ],
        [
          37.30842,
          56.6188199
        ],
        [
          37.30835,
          56.61887
        ],
        [
          37.3082799,
          56.6189099
        ],
        [
          37.30822,
          56.61896
        ],
        [
          37.30816,
          56.6190099
        ],
        [
          37.30809,
          56.61905
        ],
        [
          37.30803,
          56.6191
        ],
        [
          37.30796,
          56.61915
        ],
        [
          37.3079,
          56.6192
        ],
        [
          37.30783,
          56.61925
        ],
        [
          37.30777,
          56.6192999
        ],
        [
          37.3077,
          56.6193399
        ],
        [
          37.30764,
          56.61939
        ],
        [
          37.3075799,
          56.6194399
        ],
        [
          37.30751,
          56.61949
        ],
        [
          37.3074499,
          56.6195399
        ],
        [
          37.30738,
          56.61959
        ],
        [
          37.3073199,
          56.6196299
        ],
        [
          37.30725,
          56.61968
        ],
        [
          37.30718,
          56.6197299
        ],
        [
          37.3071199,
          56.61978
        ],
        [
          37.30705,
          56.6198299
        ],
        [
          37.30698,
          56.61988
        ],
        [
          37.30692,
          56.6199299
        ],
        [
          37.30685,
          56.61998
        ],
        [
          37.30679,
          56.6200299
        ],
        [
          37.30672,
          56.62008
        ],
        [
          37.30659,
          56.62017
        ],
        [
          37.30659,
          56.62017
        ],
        [
          37.30652,
          56.6202199
        ],
        [
          37.30646,
          56.62027
        ],
        [
          37.30639,
          56.6203199
        ],
        [
          37.30632,
          56.6203599
        ],
        [
          37.30626,
          56.62041
        ],
        [
          37.30626,
          56.62041
        ],
        [
          37.30613,
          56.62051
        ],
        [
          37.3060699,
          56.62056
        ],
        [
          37.306,
          56.62061
        ],
        [
          37.3059399,
          56.6206499
        ],
        [
          37.30587,
          56.6207
        ],
        [
          37.3058099,
          56.6207499
        ],
        [
          37.30574,
          56.6208
        ],
        [
          37.3056799,
          56.62084
        ],
        [
          37.3056099,
          56.62089
        ],
        [
          37.3056099,
          56.62089
        ],
        [
          37.30554,
          56.62093
        ],
        [
          37.3054199,
          56.62103
        ],
        [
          37.3053499,
          56.6210799
        ],
        [
          37.3052899,
          56.62113
        ],
        [
          37.3052199,
          56.62117
        ],
        [
          37.3051599,
          56.62122
        ],
        [
          37.3051,
          56.6212699
        ],
        [
          37.3050299,
          56.62132
        ],
        [
          37.30497,
          56.62136
        ],
        [
          37.3049,
          56.6214099
        ],
        [
          37.30477,
          56.6214999
        ],
        [
          37.30477,
          56.6214999
        ],
        [
          37.30471,
          56.62155
        ],
        [
          37.30464,
          56.62159
        ],
        [
          37.3045699,
          56.6216399
        ],
        [
          37.3044999,
          56.62168
        ],
        [
          37.3044399,
          56.6217299
        ],
        [
          37.30438,
          56.62178
        ],
        [
          37.30431,
          56.6218299
        ],
        [
          37.30425,
          56.62188
        ],
        [
          37.30418,
          56.6219299
        ],
        [
          37.3041099,
          56.62198
        ],
        [
          37.3040399,
          56.6220299
        ],
        [
          37.3039799,
          56.62208
        ],
        [
          37.3039799,
          56.62208
        ],
        [
          37.3038399,
          56.62217
        ],
        [
          37.30377,
          56.62222
        ],
        [
          37.3037099,
          56.62227
        ],
        [
          37.3036399,
          56.62231
        ],
        [
          37.3035799,
          56.6223599
        ],
        [
          37.3035099,
          56.62241
        ],
        [
          37.30344,
          56.6224599
        ],
        [
          37.30344,
          56.6224599
        ],
        [
          37.30331,
          56.6225599
        ],
        [
          37.3032499,
          56.62261
        ],
        [
          37.3031799,
          56.6226599
        ],
        [
          37.3031199,
          56.6227
        ],
        [
          37.3029899,
          56.6228
        ],
        [
          37.3029899,
          56.6228
        ],
        [
          37.3029899,
          56.6228
        ],
        [
          37.3028599,
          56.6229
        ],
        [
          37.3027899,
          56.6229499
        ],
        [
          37.30272,
          56.62299
        ],
        [
          37.3026599,
          56.62304
        ],
        [
          37.3025999,
          56.62309
        ],
        [
          37.3025299,
          56.6231399
        ],
        [
          37.3024599,
          56.62319
        ],
        [
          37.3023999,
          56.6232399
        ],
        [
          37.3023299,
          56.6232799
        ],
        [
          37.3022699,
          56.62333
        ],
        [
          37.3021999,
          56.6233799
        ],
        [
          37.3021399,
          56.62343
        ],
        [
          37.30208,
          56.6234799
        ],
        [
          37.3020099,
          56.62353
        ],
        [
          37.3019399,
          56.6235699
        ],
        [
          37.3018699,
          56.62362
        ],
        [
          37.3018,
          56.6236699
        ],
        [
          37.30173,
          56.62373
        ],
        [
          37.3016699,
          56.62378
        ],
        [
          37.3016699,
          56.62378
        ],
        [
          37.30153,
          56.62388
        ],
        [
          37.30153,
          56.62388
        ],
        [
          37.3014,
          56.62398
        ],
        [
          37.30133,
          56.62402
        ],
        [
          37.30127,
          56.6240699
        ],
        [
          37.3012,
          56.62411
        ],
        [
          37.3011499,
          56.6241599
        ],
        [
          37.3010899,
          56.6241999
        ],
        [
          37.3010199,
          56.62425
        ],
        [
          37.3009599,
          56.6242899
        ],
        [
          37.3009,
          56.62434
        ],
        [
          37.30084,
          56.62438
        ],
        [
          37.30078,
          56.6244299
        ],
        [
          37.30071,
          56.62447
        ],
        [
          37.30065,
          56.6245199
        ],
        [
          37.3005899,
          56.62457
        ],
        [
          37.30052,
          56.6246199
        ],
        [
          37.3004599,
          56.6246599
        ],
        [
          37.3003999,
          56.62471
        ],
        [
          37.3003299,
          56.6247599
        ],
        [
          37.3002699,
          56.6248
        ],
        [
          37.30021,
          56.6248499
        ],
        [
          37.3001399,
          56.6249
        ],
        [
          37.30008,
          56.62494
        ],
        [
          37.30001,
          56.6249899
        ],
        [
          37.29995,
          56.62504
        ],
        [
          37.29989,
          56.6250799
        ],
        [
          37.29982,
          56.62513
        ],
        [
          37.29969,
          56.6252199
        ],
        [
          37.29969,
          56.6252199
        ],
        [
          37.29963,
          56.62527
        ],
        [
          37.29956,
          56.62532
        ],
        [
          37.29956,
          56.62532
        ],
        [
          37.2994399,
          56.6254099
        ],
        [
          37.29937,
          56.62546
        ],
        [
          37.2993099,
          56.6255099
        ],
        [
          37.29924,
          56.62556
        ],
        [
          37.2991799,
          56.6256099
        ],
        [
          37.2991799,
          56.6256099
        ],
        [
          37.2990499,
          56.6257
        ],
        [
          37.2989799,
          56.62575
        ],
        [
          37.2989199,
          56.62579
        ],
        [
          37.2988499,
          56.6258399
        ],
        [
          37.29878,
          56.62588
        ],
        [
          37.2987199,
          56.62592
        ],
        [
          37.2986599,
          56.6259699
        ],
        [
          37.29861,
          56.62601
        ],
        [
          37.29861,
          56.62601
        ],
        [
          37.29851,
          56.6260999
        ],
        [
          37.29844,
          56.62615
        ],
        [
          37.29837,
          56.6261999
        ],
        [
          37.29831,
          56.62624
        ],
        [
          37.29824,
          56.62629
        ],
        [
          37.29818,
          56.62634
        ],
        [
          37.29811,
          56.6263899
        ],
        [
          37.29811,
          56.6263899
        ],
        [
          37.29799,
          56.6264899
        ],
        [
          37.29791,
          56.6265299
        ],
        [
          37.29785,
          56.62658
        ],
        [
          37.29778,
          56.6266299
        ],
        [
          37.2977099,
          56.62668
        ],
        [
          37.29765,
          56.6267299
        ],
        [
          37.2975799,
          56.62678
        ],
        [
          37.2975099,
          56.6268199
        ],
        [
          37.2974399,
          56.62687
        ],
        [
          37.2973699,
          56.6269199
        ],
        [
          37.2973099,
          56.62697
        ],
        [
          37.2972499,
          56.6270199
        ],
        [
          37.2971799,
          56.62707
        ],
        [
          37.2971099,
          56.62711
        ],
        [
          37.2970499,
          56.62716
        ],
        [
          37.2969799,
          56.62721
        ],
        [
          37.2969199,
          56.62726
        ],
        [
          37.2968499,
          56.6273099
        ],
        [
          37.2967899,
          56.6273499
        ],
        [
          37.2967199,
          56.6274
        ],
        [
          37.2966499,
          56.6274499
        ],
        [
          37.2965899,
          56.6275
        ],
        [
          37.2965199,
          56.6275499
        ],
        [
          37.2964599,
          56.6276
        ],
        [
          37.2963899,
          56.6276499
        ],
        [
          37.2963199,
          56.6277
        ],
        [
          37.2962599,
          56.62775
        ],
        [
          37.2961899,
          56.62779
        ],
        [
          37.29612,
          56.6278399
        ],
        [
          37.29605,
          56.62789
        ],
        [
          37.29599,
          56.6279399
        ],
        [
          37.2959299,
          56.62799
        ],
        [
          37.2958599,
          56.6280399
        ],
        [
          37.2957999,
          56.62809
        ],
        [
          37.2957299,
          56.6281299
        ],
        [
          37.2956699,
          56.62818
        ],
        [
          37.2955999,
          56.62822
        ],
        [
          37.2955399,
          56.6282699
        ],
        [
          37.29548,
          56.62832
        ],
        [
          37.2954099,
          56.6283699
        ],
        [
          37.2953399,
          56.62842
        ],
        [
          37.2952799,
          56.6284699
        ],
        [
          37.29522,
          56.62851
        ],
        [
          37.29522,
          56.62851
        ],
        [
          37.29509,
          56.62861
        ],
        [
          37.29502,
          56.6286599
        ],
        [
          37.29496,
          56.62871
        ],
        [
          37.29489,
          56.6287599
        ],
        [
          37.29483,
          56.62881
        ],
        [
          37.29476,
          56.62885
        ],
        [
          37.2947,
          56.6289
        ],
        [
          37.29463,
          56.6289499
        ],
        [
          37.29457,
          56.629
        ],
        [
          37.29443,
          56.6290899
        ],
        [
          37.29443,
          56.6290899
        ],
        [
          37.2943599,
          56.62914
        ],
        [
          37.2943,
          56.6291899
        ],
        [
          37.2942299,
          56.62924
        ],
        [
          37.29417,
          56.6292899
        ],
        [
          37.29417,
          56.6292899
        ],
        [
          37.2940299,
          56.6293799
        ],
        [
          37.29397,
          56.62943
        ],
        [
          37.29397,
          56.62943
        ],
        [
          37.29384,
          56.62953
        ],
        [
          37.2937699,
          56.6295799
        ],
        [
          37.29371,
          56.62962
        ],
        [
          37.2936399,
          56.62967
        ],
        [
          37.29358,
          56.62972
        ],
        [
          37.29351,
          56.62976
        ],
        [
          37.29345,
          56.6298099
        ],
        [
          37.29338,
          56.62986
        ],
        [
          37.29332,
          56.6299099
        ],
        [
          37.29325,
          56.62995
        ],
        [
          37.2931799,
          56.63
        ],
        [
          37.29312,
          56.63005
        ],
        [
          37.2930499,
          56.6300999
        ],
        [
          37.2929799,
          56.63015
        ],
        [
          37.2929099,
          56.6301999
        ],
        [
          37.2928499,
          56.63025
        ],
        [
          37.2927799,
          56.6302999
        ],
        [
          37.2927099,
          56.63035
        ],
        [
          37.2926499,
          56.6303999
        ],
        [
          37.2925799,
          56.6304399
        ],
        [
          37.29251,
          56.63049
        ],
        [
          37.29244,
          56.63054
        ],
        [
          37.29238,
          56.63059
        ],
        [
          37.29231,
          56.63064
        ],
        [
          37.2922499,
          56.6306899
        ],
        [
          37.29218,
          56.63074
        ],
        [
          37.29211,
          56.6307899
        ],
        [
          37.29205,
          56.63084
        ],
        [
          37.29198,
          56.6308899
        ],
        [
          37.29192,
          56.63094
        ],
        [
          37.29185,
          56.6309899
        ],
        [
          37.29178,
          56.6310299
        ],
        [
          37.29172,
          56.63108
        ],
        [
          37.29165,
          56.63113
        ],
        [
          37.29151,
          56.63123
        ],
        [
          37.29151,
          56.63123
        ],
        [
          37.29145,
          56.63128
        ],
        [
          37.29138,
          56.6313199
        ],
        [
          37.29132,
          56.63137
        ],
        [
          37.2912399,
          56.6314199
        ],
        [
          37.29118,
          56.63147
        ],
        [
          37.2911099,
          56.6315199
        ],
        [
          37.2910399,
          56.63157
        ],
        [
          37.2909799,
          56.6316199
        ],
        [
          37.2909099,
          56.63167
        ],
        [
          37.2908399,
          56.6317099
        ],
        [
          37.2907799,
          56.63176
        ],
        [
          37.2907099,
          56.6318099
        ],
        [
          37.2906499,
          56.63186
        ],
        [
          37.2905799,
          56.6319099
        ],
        [
          37.2905199,
          56.63196
        ],
        [
          37.2904499,
          56.632
        ],
        [
          37.2903799,
          56.63205
        ],
        [
          37.2903199,
          56.6321
        ],
        [
          37.2902499,
          56.63215
        ],
        [
          37.2901899,
          56.63219
        ],
        [
          37.2901199,
          56.6322399
        ],
        [
          37.2901199,
          56.6322399
        ],
        [
          37.2900599,
          56.63229
        ],
        [
          37.28988,
          56.6324299
        ],
        [
          37.28988,
          56.6324299
        ],
        [
          37.28988,
          56.6324299
        ],
        [
          37.2897599,
          56.6325299
        ],
        [
          37.2896999,
          56.6325699
        ],
        [
          37.2896299,
          56.63262
        ],
        [
          37.2895599,
          56.6326599
        ],
        [
          37.28951,
          56.63271
        ],
        [
          37.28945,
          56.6327599
        ],
        [
          37.28939,
          56.6327999
        ],
        [
          37.28932,
          56.63284
        ],
        [
          37.28926,
          56.6328899
        ],
        [
          37.2891999,
          56.6329299
        ],
        [
          37.28915,
          56.63297
        ],
        [
          37.2890999,
          56.63302
        ],
        [
          37.2890399,
          56.63307
        ],
        [
          37.28898,
          56.63311
        ],
        [
          37.28892,
          56.63315
        ],
        [
          37.28886,
          56.6331899
        ],
        [
          37.2888,
          56.63324
        ],
        [
          37.2887399,
          56.63328
        ],
        [
          37.2886799,
          56.6333199
        ],
        [
          37.28862,
          56.6333599
        ],
        [
          37.28856,
          56.63341
        ],
        [
          37.2885,
          56.6334499
        ],
        [
          37.28844,
          56.6335
        ],
        [
          37.28831,
          56.6335899
        ],
        [
          37.28831,
          56.6335899
        ],
        [
          37.28826,
          56.63363
        ],
        [
          37.2882,
          56.6336799
        ],
        [
          37.2881499,
          56.6337199
        ],
        [
          37.2881,
          56.63376
        ],
        [
          37.28804,
          56.6338
        ],
        [
          37.2879899,
          56.63384
        ],
        [
          37.2879899,
          56.63384
        ],
        [
          37.28787,
          56.6339099
        ],
        [
          37.2878199,
          56.6339499
        ],
        [
          37.2877599,
          56.63399
        ],
        [
          37.2877,
          56.63403
        ],
        [
          37.28764,
          56.63407
        ],
        [
          37.28757,
          56.6341
        ],
        [
          37.2874899,
          56.63412
        ],
        [
          37.2874899,
          56.63412
        ],
        [
          37.28731,
          56.6341399
        ],
        [
          37.28722,
          56.63413
        ],
        [
          37.28712,
          56.6341
        ],
        [
          37.2870299,
          56.63407
        ],
        [
          37.28692,
          56.6340499
        ],
        [
          37.28682,
          56.63407
        ],
        [
          37.28672,
          56.6340799
        ],
        [
          37.28663,
          56.63413
        ],
        [
          37.2865499,
          56.6341799
        ],
        [
          37.2863799,
          56.63426
        ],
        [
          37.2863,
          56.6343099
        ],
        [
          37.2862199,
          56.63435
        ],
        [
          37.2862199,
          56.63435
        ],
        [
          37.28613,
          56.63439
        ],
        [
          37.2860499,
          56.6344399
        ],
        [
          37.28597,
          56.63448
        ],
        [
          37.2858899,
          56.63453
        ],
        [
          37.28581,
          56.63458
        ],
        [
          37.2857299,
          56.6346299
        ],
        [
          37.28564,
          56.6346699
        ],
        [
          37.2855599,
          56.63471
        ],
        [
          37.2854899,
          56.6347599
        ],
        [
          37.2853999,
          56.6347999
        ],
        [
          37.2853999,
          56.6347999
        ],
        [
          37.28525,
          56.63489
        ],
        [
          37.28518,
          56.63494
        ],
        [
          37.28511,
          56.6349899
        ],
        [
          37.28502,
          56.6350299
        ],
        [
          37.2849399,
          56.63508
        ],
        [
          37.28486,
          56.63512
        ],
        [
          37.28478,
          56.63517
        ],
        [
          37.28478,
          56.63517
        ],
        [
          37.28462,
          56.6352599
        ],
        [
          37.28453,
          56.63531
        ],
        [
          37.28446,
          56.6353599
        ],
        [
          37.2843099,
          56.6354499
        ],
        [
          37.2843099,
          56.6354499
        ],
        [
          37.28423,
          56.6355
        ],
        [
          37.2841499,
          56.6355499
        ],
        [
          37.28406,
          56.6356
        ],
        [
          37.28397,
          56.63564
        ],
        [
          37.2838899,
          56.6356899
        ],
        [
          37.28381,
          56.63574
        ],
        [
          37.28373,
          56.6357899
        ],
        [
          37.2836499,
          56.63584
        ],
        [
          37.2835599,
          56.6358799
        ],
        [
          37.2835599,
          56.6358799
        ],
        [
          37.28348,
          56.63593
        ],
        [
          37.28332,
          56.6360199
        ],
        [
          37.28332,
          56.6360199
        ],
        [
          37.28324,
          56.63607
        ],
        [
          37.2830699,
          56.63616
        ],
        [
          37.28299,
          56.6362099
        ],
        [
          37.28291,
          56.6362499
        ],
        [
          37.2827399,
          56.63635
        ],
        [
          37.2827399,
          56.63635
        ],
        [
          37.2827399,
          56.63635
        ],
        [
          37.28265,
          56.6364
        ],
        [
          37.2824699,
          56.6364699
        ],
        [
          37.2823699,
          56.63649
        ],
        [
          37.28227,
          56.6365099
        ],
        [
          37.28227,
          56.6365099
        ],
        [
          37.2821399,
          56.63656
        ],
        [
          37.2821399,
          56.63656
        ],
        [
          37.28207,
          56.63659
        ],
        [
          37.282,
          56.63662
        ],
        [
          37.28181,
          56.63666
        ],
        [
          37.2817199,
          56.63669
        ],
        [
          37.2817199,
          56.63669
        ],
        [
          37.28157,
          56.6367699
        ],
        [
          37.28157,
          56.6367699
        ],
        [
          37.2814899,
          56.63682
        ],
        [
          37.28134,
          56.6368999
        ],
        [
          37.28134,
          56.6368999
        ],
        [
          37.28124,
          56.63694
        ],
        [
          37.28108,
          56.63701
        ],
        [
          37.28108,
          56.63701
        ],
        [
          37.28102,
          56.6370599
        ],
        [
          37.28098,
          56.6371299
        ],
        [
          37.28098,
          56.6371299
        ],
        [
          37.28099,
          56.63717
        ],
        [
          37.28107,
          56.63728
        ],
        [
          37.28107,
          56.63728
        ],
        [
          37.2810999,
          56.63734
        ],
        [
          37.28114,
          56.63747
        ],
        [
          37.28114,
          56.63747
        ],
        [
          37.28117,
          56.63754
        ],
        [
          37.28127,
          56.63767
        ],
        [
          37.28127,
          56.63767
        ],
        [
          37.2813199,
          56.63774
        ],
        [
          37.28138,
          56.63781
        ],
        [
          37.2814299,
          56.63787
        ],
        [
          37.28148,
          56.63793
        ],
        [
          37.28153,
          56.638
        ],
        [
          37.28158,
          56.63806
        ],
        [
          37.2816199,
          56.63814
        ],
        [
          37.2816499,
          56.6382
        ],
        [
          37.28164,
          56.63827
        ],
        [
          37.2816,
          56.6383399
        ],
        [
          37.28154,
          56.6384
        ],
        [
          37.28147,
          56.63846
        ],
        [
          37.2814,
          56.6385099
        ],
        [
          37.2813299,
          56.6385699
        ],
        [
          37.28125,
          56.63862
        ],
        [
          37.28118,
          56.63868
        ],
        [
          37.28111,
          56.6387399
        ],
        [
          37.2809599,
          56.6388399
        ],
        [
          37.2809599,
          56.6388399
        ],
        [
          37.28089,
          56.6388999
        ],
        [
          37.2808299,
          56.63896
        ],
        [
          37.28076,
          56.63901
        ],
        [
          37.28069,
          56.6390599
        ],
        [
          37.28062,
          56.63911
        ],
        [
          37.28056,
          56.6391599
        ],
        [
          37.2804999,
          56.63921
        ],
        [
          37.2804399,
          56.63925
        ],
        [
          37.28038,
          56.6392999
        ],
        [
          37.28032,
          56.63934
        ],
        [
          37.2802699,
          56.6393899
        ],
        [
          37.2802099,
          56.6394299
        ],
        [
          37.2801399,
          56.63948
        ],
        [
          37.2800799,
          56.6395299
        ],
        [
          37.28002,
          56.63958
        ],
        [
          37.2799499,
          56.6396299
        ],
        [
          37.2798799,
          56.63968
        ],
        [
          37.2798199,
          56.63973
        ],
        [
          37.2797499,
          56.63978
        ],
        [
          37.2796799,
          56.63983
        ],
        [
          37.27961,
          56.63987
        ],
        [
          37.27954,
          56.6399199
        ],
        [
          37.27947,
          56.63996
        ],
        [
          37.2794199,
          56.64
        ],
        [
          37.2793599,
          56.64004
        ],
        [
          37.2793,
          56.6400799
        ],
        [
          37.27925,
          56.64011
        ],
        [
          37.27915,
          56.6401799
        ],
        [
          37.27915,
          56.6401799
        ],
        [
          37.27911,
          56.6402099
        ],
        [
          37.27901,
          56.6402799
        ],
        [
          37.27897,
          56.6403099
        ],
        [
          37.2789299,
          56.6403499
        ],
        [
          37.27888,
          56.6403799
        ],
        [
          37.27888,
          56.6403799
        ],
        [
          37.2787999,
          56.6404399
        ],
        [
          37.2787599,
          56.64046
        ],
        [
          37.27872,
          56.64049
        ],
        [
          37.27868,
          56.64052
        ],
        [
          37.2786399,
          56.6405399
        ],
        [
          37.2785999,
          56.6405699
        ],
        [
          37.27855,
          56.6406099
        ],
        [
          37.2784999,
          56.6406399
        ],
        [
          37.27846,
          56.6406799
        ],
        [
          37.2784099,
          56.6407099
        ],
        [
          37.27836,
          56.64075
        ],
        [
          37.27836,
          56.64075
        ],
        [
          37.2783099,
          56.64079
        ],
        [
          37.27822,
          56.64086
        ],
        [
          37.2781699,
          56.64089
        ],
        [
          37.2781699,
          56.64089
        ],
        [
          37.27812,
          56.64093
        ],
        [
          37.27806,
          56.6409699
        ],
        [
          37.2780099,
          56.6409999
        ],
        [
          37.27797,
          56.6410399
        ],
        [
          37.2779099,
          56.6410699
        ],
        [
          37.2778499,
          56.64111
        ],
        [
          37.2778099,
          56.64115
        ],
        [
          37.2777499,
          56.64119
        ],
        [
          37.2777,
          56.64122
        ],
        [
          37.2776499,
          56.6412599
        ],
        [
          37.2776,
          56.6412999
        ],
        [
          37.2775499,
          56.64134
        ],
        [
          37.2774899,
          56.6413699
        ],
        [
          37.27744,
          56.64141
        ],
        [
          37.2774,
          56.64145
        ],
        [
          37.2773499,
          56.64148
        ],
        [
          37.2773,
          56.64151
        ],
        [
          37.2772499,
          56.64155
        ],
        [
          37.2772,
          56.64158
        ],
        [
          37.2771499,
          56.64161
        ],
        [
          37.27711,
          56.64165
        ],
        [
          37.27707,
          56.64168
        ],
        [
          37.27697,
          56.64175
        ],
        [
          37.2769199,
          56.64178
        ],
        [
          37.2769199,
          56.64178
        ],
        [
          37.27687,
          56.6418199
        ],
        [
          37.27682,
          56.6418599
        ],
        [
          37.27677,
          56.6419
        ],
        [
          37.27671,
          56.64194
        ],
        [
          37.2766599,
          56.64197
        ],
        [
          37.27661,
          56.64201
        ],
        [
          37.27655,
          56.6420499
        ],
        [
          37.2764999,
          56.6420799
        ],
        [
          37.27645,
          56.6421199
        ],
        [
          37.27639,
          56.64216
        ],
        [
          37.27635,
          56.6422
        ],
        [
          37.2762999,
          56.64224
        ],
        [
          37.27626,
          56.64227
        ],
        [
          37.2762099,
          56.6423
        ],
        [
          37.2761699,
          56.64234
        ],
        [
          37.27613,
          56.64237
        ],
        [
          37.27609,
          56.6424
        ],
        [
          37.27605,
          56.64243
        ],
        [
          37.276,
          56.64247
        ],
        [
          37.27596,
          56.6425
        ],
        [
          37.2759099,
          56.6425399
        ],
        [
          37.27586,
          56.64257
        ],
        [
          37.27582,
          56.6426099
        ],
        [
          37.27577,
          56.6426399
        ],
        [
          37.2757099,
          56.6426799
        ],
        [
          37.27566,
          56.64272
        ],
        [
          37.2756,
          56.64276
        ],
        [
          37.2755,
          56.6428399
        ],
        [
          37.2755,
          56.6428399
        ],
        [
          37.2754499,
          56.6428799
        ],
        [
          37.2753899,
          56.64292
        ],
        [
          37.27534,
          56.64296
        ],
        [
          37.2752899,
          56.6429999
        ],
        [
          37.27523,
          56.64303
        ],
        [
          37.27518,
          56.6430699
        ],
        [
          37.2751199,
          56.6431099
        ],
        [
          37.2750599,
          56.64315
        ],
        [
          37.27501,
          56.64319
        ],
        [
          37.27495,
          56.6432399
        ],
        [
          37.2748899,
          56.64328
        ],
        [
          37.27484,
          56.64332
        ],
        [
          37.27478,
          56.6433699
        ],
        [
          37.27472,
          56.6433999
        ],
        [
          37.27467,
          56.64345
        ],
        [
          37.27462,
          56.64349
        ],
        [
          37.2745599,
          56.6435299
        ],
        [
          37.27451,
          56.6435699
        ],
        [
          37.27445,
          56.64361
        ],
        [
          37.27439,
          56.6436599
        ],
        [
          37.2743299,
          56.6436999
        ],
        [
          37.27428,
          56.64374
        ],
        [
          37.27422,
          56.6437899
        ],
        [
          37.2741699,
          56.6438299
        ],
        [
          37.2741099,
          56.64387
        ],
        [
          37.27405,
          56.6439199
        ],
        [
          37.27399,
          56.6439599
        ],
        [
          37.27393,
          56.64401
        ],
        [
          37.2738799,
          56.6440499
        ],
        [
          37.27382,
          56.6441
        ],
        [
          37.27375,
          56.64414
        ],
        [
          37.27369,
          56.6441899
        ],
        [
          37.27362,
          56.64423
        ],
        [
          37.27356,
          56.6442799
        ],
        [
          37.2735,
          56.6443199
        ],
        [
          37.27343,
          56.64436
        ],
        [
          37.27337,
          56.64441
        ],
        [
          37.2733099,
          56.6444499
        ],
        [
          37.2732499,
          56.6445
        ],
        [
          37.27313,
          56.64459
        ],
        [
          37.27307,
          56.64464
        ],
        [
          37.273,
          56.6446799
        ],
        [
          37.27294,
          56.64472
        ],
        [
          37.27288,
          56.64477
        ],
        [
          37.27288,
          56.64477
        ],
        [
          37.2727599,
          56.6448499
        ],
        [
          37.27271,
          56.6449
        ],
        [
          37.27264,
          56.64495
        ],
        [
          37.27258,
          56.64499
        ],
        [
          37.27258,
          56.64499
        ],
        [
          37.27251,
          56.64503
        ],
        [
          37.2724599,
          56.6450799
        ],
        [
          37.27234,
          56.6451699
        ],
        [
          37.27234,
          56.6451699
        ],
        [
          37.2722699,
          56.64522
        ],
        [
          37.27221,
          56.64526
        ],
        [
          37.27215,
          56.64531
        ],
        [
          37.27209,
          56.64536
        ],
        [
          37.2720299,
          56.6453999
        ],
        [
          37.2719699,
          56.6454399
        ],
        [
          37.2719099,
          56.64549
        ],
        [
          37.27185,
          56.64554
        ],
        [
          37.27179,
          56.64558
        ],
        [
          37.27172,
          56.6456299
        ],
        [
          37.27166,
          56.6456699
        ],
        [
          37.2716,
          56.64572
        ],
        [
          37.27155,
          56.6457599
        ],
        [
          37.2714799,
          56.64581
        ],
        [
          37.27143,
          56.64585
        ],
        [
          37.27137,
          56.6458899
        ],
        [
          37.2713099,
          56.64594
        ],
        [
          37.27119,
          56.6460299
        ],
        [
          37.27119,
          56.6460299
        ],
        [
          37.27113,
          56.64607
        ],
        [
          37.27107,
          56.64611
        ],
        [
          37.27101,
          56.6461599
        ],
        [
          37.2709499,
          56.6462
        ],
        [
          37.2708899,
          56.6462499
        ],
        [
          37.27084,
          56.6462899
        ],
        [
          37.27078,
          56.64633
        ],
        [
          37.27073,
          56.6463799
        ],
        [
          37.27067,
          56.6464199
        ],
        [
          37.27061,
          56.64646
        ],
        [
          37.27055,
          56.6465
        ],
        [
          37.2704899,
          56.6465499
        ],
        [
          37.2704299,
          56.6465899
        ],
        [
          37.27037,
          56.64664
        ],
        [
          37.27031,
          56.6466799
        ],
        [
          37.27025,
          56.64673
        ],
        [
          37.27019,
          56.64677
        ],
        [
          37.2701299,
          56.6468099
        ],
        [
          37.2700699,
          56.64686
        ],
        [
          37.27002,
          56.6469099
        ],
        [
          37.26995,
          56.6469499
        ],
        [
          37.26989,
          56.64699
        ],
        [
          37.2698299,
          56.6470399
        ],
        [
          37.26976,
          56.6470799
        ],
        [
          37.2696999,
          56.64713
        ],
        [
          37.2696399,
          56.6471699
        ],
        [
          37.2695799,
          56.6472099
        ],
        [
          37.26952,
          56.64726
        ],
        [
          37.26946,
          56.6473099
        ],
        [
          37.26939,
          56.64735
        ],
        [
          37.26933,
          56.6473999
        ],
        [
          37.26926,
          56.6474399
        ],
        [
          37.2692,
          56.64749
        ],
        [
          37.26913,
          56.6475299
        ],
        [
          37.26907,
          56.64758
        ],
        [
          37.269,
          56.64762
        ],
        [
          37.26894,
          56.6476699
        ],
        [
          37.2688799,
          56.64772
        ],
        [
          37.2688199,
          56.6477599
        ],
        [
          37.26876,
          56.64781
        ],
        [
          37.2686899,
          56.6478599
        ],
        [
          37.26863,
          56.6478999
        ],
        [
          37.26857,
          56.64795
        ],
        [
          37.26851,
          56.6479999
        ],
        [
          37.26844,
          56.64804
        ],
        [
          37.26838,
          56.6480899
        ],
        [
          37.2683199,
          56.6481299
        ],
        [
          37.2682599,
          56.64818
        ],
        [
          37.2681999,
          56.6482299
        ],
        [
          37.26814,
          56.64827
        ],
        [
          37.2680699,
          56.6483199
        ],
        [
          37.26801,
          56.6483599
        ],
        [
          37.26795,
          56.64841
        ],
        [
          37.26789,
          56.6484499
        ],
        [
          37.26776,
          56.6485499
        ],
        [
          37.26776,
          56.6485499
        ],
        [
          37.2676399,
          56.64863
        ],
        [
          37.2676399,
          56.64863
        ],
        [
          37.2675699,
          56.6486799
        ],
        [
          37.2675099,
          56.64873
        ],
        [
          37.26745,
          56.6487799
        ],
        [
          37.2673799,
          56.64883
        ],
        [
          37.2673099,
          56.6488799
        ],
        [
          37.26725,
          56.6489199
        ],
        [
          37.2671799,
          56.64897
        ],
        [
          37.26712,
          56.64902
        ],
        [
          37.26706,
          56.64906
        ],
        [
          37.26699,
          56.6491099
        ],
        [
          37.26693,
          56.64916
        ],
        [
          37.26686,
          56.6492099
        ],
        [
          37.2668,
          56.64926
        ],
        [
          37.26674,
          56.6493
        ],
        [
          37.26666,
          56.64935
        ],
        [
          37.2665899,
          56.6493999
        ],
        [
          37.26653,
          56.64945
        ],
        [
          37.26647,
          56.6494999
        ],
        [
          37.2664,
          56.64955
        ],
        [
          37.26634,
          56.64959
        ],
        [
          37.26627,
          56.6496399
        ],
        [
          37.2662,
          56.64969
        ],
        [
          37.2661299,
          56.6497399
        ],
        [
          37.2660599,
          56.64979
        ],
        [
          37.2659999,
          56.64984
        ],
        [
          37.2658699,
          56.6499299
        ],
        [
          37.2658699,
          56.6499299
        ],
        [
          37.2657999,
          56.64998
        ],
        [
          37.2657299,
          56.6500299
        ],
        [
          37.2656699,
          56.65008
        ],
        [
          37.26561,
          56.65012
        ],
        [
          37.2655399,
          56.65017
        ],
        [
          37.26548,
          56.65022
        ],
        [
          37.26542,
          56.65027
        ],
        [
          37.26536,
          56.65031
        ],
        [
          37.2652999,
          56.6503599
        ],
        [
          37.2652399,
          56.6504
        ],
        [
          37.2651699,
          56.65045
        ],
        [
          37.2651099,
          56.6504899
        ],
        [
          37.2650399,
          56.65054
        ],
        [
          37.2649799,
          56.65058
        ],
        [
          37.26492,
          56.6506199
        ],
        [
          37.26487,
          56.6506599
        ],
        [
          37.2648199,
          56.6507
        ],
        [
          37.26477,
          56.65074
        ],
        [
          37.2647199,
          56.65077
        ],
        [
          37.2646799,
          56.65081
        ],
        [
          37.26463,
          56.6508499
        ],
        [
          37.2645799,
          56.6508799
        ],
        [
          37.26454,
          56.6509099
        ],
        [
          37.2644899,
          56.65094
        ],
        [
          37.2644499,
          56.65097
        ],
        [
          37.26441,
          56.651
        ],
        [
          37.26437,
          56.65103
        ],
        [
          37.2643199,
          56.65107
        ],
        [
          37.2642899,
          56.6511
        ],
        [
          37.2642499,
          56.65113
        ],
        [
          37.26421,
          56.6511499
        ],
        [
          37.26418,
          56.6511799
        ],
        [
          37.26414,
          56.6512099
        ],
        [
          37.26411,
          56.65123
        ],
        [
          37.26408,
          56.65126
        ],
        [
          37.26405,
          56.6512799
        ],
        [
          37.26401,
          56.6513
        ],
        [
          37.26398,
          56.65133
        ],
        [
          37.26394,
          56.65136
        ],
        [
          37.26391,
          56.6513799
        ],
        [
          37.26387,
          56.6514099
        ],
        [
          37.26384,
          56.6514399
        ],
        [
          37.2637899,
          56.65146
        ],
        [
          37.26375,
          56.65149
        ],
        [
          37.26372,
          56.65152
        ],
        [
          37.26368,
          56.65156
        ],
        [
          37.26364,
          56.65159
        ],
        [
          37.2635999,
          56.65162
        ],
        [
          37.26355,
          56.65165
        ],
        [
          37.2634999,
          56.65168
        ],
        [
          37.26346,
          56.6517099
        ],
        [
          37.26341,
          56.6517399
        ],
        [
          37.26336,
          56.65178
        ],
        [
          37.2633099,
          56.65181
        ],
        [
          37.26326,
          56.65185
        ],
        [
          37.2632099,
          56.65189
        ],
        [
          37.26315,
          56.6519299
        ],
        [
          37.2631099,
          56.6519699
        ],
        [
          37.26306,
          56.65201
        ],
        [
          37.263,
          56.65204
        ],
        [
          37.26295,
          56.65209
        ],
        [
          37.2629,
          56.65212
        ],
        [
          37.2628399,
          56.6521599
        ],
        [
          37.26279,
          56.6521999
        ],
        [
          37.26273,
          56.65224
        ],
        [
          37.26267,
          56.65228
        ],
        [
          37.2626199,
          56.65231
        ],
        [
          37.26256,
          56.6523599
        ],
        [
          37.2625,
          56.6523999
        ],
        [
          37.2624499,
          56.65244
        ],
        [
          37.2624,
          56.65248
        ],
        [
          37.26234,
          56.6525199
        ],
        [
          37.26228,
          56.65257
        ],
        [
          37.26223,
          56.65261
        ],
        [
          37.26218,
          56.6526499
        ],
        [
          37.2621199,
          56.6526899
        ],
        [
          37.26207,
          56.65273
        ],
        [
          37.2620199,
          56.6527599
        ],
        [
          37.26197,
          56.6528
        ],
        [
          37.2619199,
          56.65284
        ],
        [
          37.26187,
          56.6528799
        ],
        [
          37.26182,
          56.65291
        ],
        [
          37.2617599,
          56.6529499
        ],
        [
          37.26172,
          56.6529799
        ],
        [
          37.26167,
          56.6530199
        ],
        [
          37.2616299,
          56.6530499
        ],
        [
          37.26161,
          56.6530799
        ],
        [
          37.26159,
          56.6531
        ],
        [
          37.26159,
          56.6531
        ],
        [
          37.26155,
          56.65313
        ],
        [
          37.2615299,
          56.65314
        ],
        [
          37.26151,
          56.6531499
        ],
        [
          37.26148,
          56.65317
        ],
        [
          37.26144,
          56.65319
        ],
        [
          37.26141,
          56.6532099
        ],
        [
          37.26138,
          56.65324
        ],
        [
          37.2613399,
          56.65327
        ],
        [
          37.26129,
          56.6533099
        ],
        [
          37.2612399,
          56.6533399
        ],
        [
          37.26118,
          56.6533799
        ],
        [
          37.26113,
          56.65342
        ],
        [
          37.26108,
          56.65346
        ],
        [
          37.26102,
          56.6535
        ],
        [
          37.26096,
          56.6535399
        ],
        [
          37.2609099,
          56.6535799
        ],
        [
          37.26085,
          56.65362
        ],
        [
          37.2607799,
          56.65366
        ],
        [
          37.26072,
          56.6537099
        ],
        [
          37.26066,
          56.65375
        ],
        [
          37.2606,
          56.6537999
        ],
        [
          37.26054,
          56.6538399
        ],
        [
          37.2604799,
          56.65389
        ],
        [
          37.2604199,
          56.6539299
        ],
        [
          37.26036,
          56.65398
        ],
        [
          37.2603,
          56.65402
        ],
        [
          37.26023,
          56.6540699
        ],
        [
          37.2601799,
          56.65411
        ],
        [
          37.2601199,
          56.6541599
        ],
        [
          37.2600499,
          56.6541999
        ],
        [
          37.2599899,
          56.65424
        ],
        [
          37.25993,
          56.65429
        ],
        [
          37.2598599,
          56.65434
        ],
        [
          37.2598,
          56.6543899
        ],
        [
          37.25974,
          56.65444
        ],
        [
          37.25968,
          56.6544899
        ],
        [
          37.25961,
          56.6545299
        ],
        [
          37.25955,
          56.65458
        ],
        [
          37.2594899,
          56.6546199
        ],
        [
          37.2594299,
          56.65467
        ],
        [
          37.2593699,
          56.65471
        ],
        [
          37.2592999,
          56.6547599
        ],
        [
          37.2592399,
          56.6548
        ],
        [
          37.2591699,
          56.6548499
        ],
        [
          37.25912,
          56.6548899
        ],
        [
          37.25906,
          56.65494
        ],
        [
          37.2589999,
          56.6549799
        ],
        [
          37.25893,
          56.65503
        ],
        [
          37.25888,
          56.65507
        ],
        [
          37.25882,
          56.6551199
        ],
        [
          37.2587699,
          56.65516
        ],
        [
          37.2587,
          56.6552099
        ],
        [
          37.2586399,
          56.6552499
        ],
        [
          37.25859,
          56.65529
        ],
        [
          37.25853,
          56.65533
        ],
        [
          37.25846,
          56.6553799
        ],
        [
          37.2584,
          56.65542
        ],
        [
          37.2583499,
          56.65547
        ],
        [
          37.25829,
          56.6555099
        ],
        [
          37.2582199,
          56.65556
        ],
        [
          37.25817,
          56.6556
        ],
        [
          37.25811,
          56.6556399
        ],
        [
          37.2580499,
          56.6556799
        ],
        [
          37.2579899,
          56.65573
        ],
        [
          37.25793,
          56.6557699
        ],
        [
          37.25787,
          56.6558099
        ],
        [
          37.2578,
          56.65585
        ],
        [
          37.25774,
          56.6558999
        ],
        [
          37.25768,
          56.6559399
        ],
        [
          37.2576199,
          56.65599
        ],
        [
          37.2575599,
          56.65603
        ],
        [
          37.2574999,
          56.65608
        ],
        [
          37.25744,
          56.6561299
        ],
        [
          37.25737,
          56.6561699
        ],
        [
          37.25732,
          56.65622
        ],
        [
          37.2572599,
          56.65626
        ],
        [
          37.25719,
          56.65631
        ],
        [
          37.2571299,
          56.65635
        ],
        [
          37.25706,
          56.6563999
        ],
        [
          37.2569999,
          56.65645
        ],
        [
          37.2569399,
          56.6564899
        ],
        [
          37.2568699,
          56.65654
        ],
        [
          37.2568099,
          56.65658
        ],
        [
          37.25675,
          56.6566299
        ],
        [
          37.25669,
          56.65667
        ],
        [
          37.25663,
          56.65671
        ],
        [
          37.2565699,
          56.6567599
        ],
        [
          37.2565099,
          56.65681
        ],
        [
          37.2564499,
          56.65685
        ],
        [
          37.25639,
          56.6569
        ],
        [
          37.25633,
          56.65694
        ],
        [
          37.25627,
          56.6569899
        ],
        [
          37.2562,
          56.65704
        ],
        [
          37.25614,
          56.65708
        ],
        [
          37.2560799,
          56.6571199
        ],
        [
          37.2560199,
          56.65717
        ],
        [
          37.2559499,
          56.6572199
        ],
        [
          37.2559,
          56.65726
        ],
        [
          37.25584,
          56.65731
        ],
        [
          37.25578,
          56.6573499
        ],
        [
          37.25571,
          56.6574
        ],
        [
          37.2556499,
          56.65744
        ],
        [
          37.2555899,
          56.65749
        ],
        [
          37.2555299,
          56.65753
        ],
        [
          37.25547,
          56.6575799
        ],
        [
          37.25541,
          56.65762
        ],
        [
          37.25535,
          56.65767
        ],
        [
          37.2552899,
          56.65772
        ],
        [
          37.25522,
          56.65776
        ],
        [
          37.2551599,
          56.6578099
        ],
        [
          37.2550999,
          56.65785
        ],
        [
          37.2550299,
          56.6579
        ],
        [
          37.25496,
          56.6579399
        ],
        [
          37.2548999,
          56.6579799
        ],
        [
          37.2548299,
          56.65802
        ],
        [
          37.25475,
          56.65806
        ],
        [
          37.2546699,
          56.6580999
        ],
        [
          37.25458,
          56.65813
        ],
        [
          37.2545,
          56.6581699
        ],
        [
          37.25442,
          56.6581999
        ],
        [
          37.25433,
          56.6582299
        ],
        [
          37.2542499,
          56.65826
        ],
        [
          37.25416,
          56.6582999
        ],
        [
          37.2540799,
          56.6583299
        ],
        [
          37.2540099,
          56.6583699
        ],
        [
          37.25394,
          56.65841
        ],
        [
          37.2538799,
          56.65845
        ],
        [
          37.2538,
          56.6584699
        ],
        [
          37.2537199,
          56.6584999
        ],
        [
          37.25367,
          56.6585299
        ],
        [
          37.2536199,
          56.6585699
        ],
        [
          37.2535599,
          56.65861
        ],
        [
          37.25351,
          56.65865
        ],
        [
          37.2534599,
          56.6586899
        ],
        [
          37.25341,
          56.6587299
        ],
        [
          37.25337,
          56.65877
        ],
        [
          37.2533299,
          56.6587999
        ],
        [
          37.25328,
          56.6588299
        ],
        [
          37.2532299,
          56.6588599
        ],
        [
          37.25317,
          56.6588899
        ],
        [
          37.25312,
          56.6589299
        ],
        [
          37.25307,
          56.6589599
        ],
        [
          37.2530299,
          56.659
        ],
        [
          37.25299,
          56.65904
        ],
        [
          37.25295,
          56.65908
        ],
        [
          37.25291,
          56.6591199
        ],
        [
          37.25288,
          56.65917
        ],
        [
          37.25284,
          56.6592199
        ],
        [
          37.2527999,
          56.6592599
        ],
        [
          37.2527699,
          56.65931
        ],
        [
          37.2527399,
          56.6593499
        ],
        [
          37.25271,
          56.6594
        ],
        [
          37.25268,
          56.6594499
        ],
        [
          37.2526399,
          56.6595
        ],
        [
          37.25261,
          56.6595499
        ],
        [
          37.2525699,
          56.6596
        ],
        [
          37.2525399,
          56.6596499
        ],
        [
          37.2524999,
          56.6597
        ],
        [
          37.25246,
          56.6597499
        ],
        [
          37.25242,
          56.6598
        ],
        [
          37.2523699,
          56.6598399
        ],
        [
          37.25232,
          56.65989
        ],
        [
          37.25226,
          56.65993
        ],
        [
          37.2522,
          56.6599699
        ],
        [
          37.2521399,
          56.66002
        ],
        [
          37.25207,
          56.66006
        ],
        [
          37.2520099,
          56.6601099
        ],
        [
          37.25194,
          56.66015
        ],
        [
          37.2518799,
          56.6601999
        ],
        [
          37.2518099,
          56.66025
        ],
        [
          37.25174,
          56.6602999
        ],
        [
          37.25167,
          56.66035
        ],
        [
          37.25161,
          56.66039
        ],
        [
          37.25154,
          56.6604399
        ],
        [
          37.25147,
          56.66049
        ],
        [
          37.2514,
          56.6605399
        ],
        [
          37.25134,
          56.6605999
        ],
        [
          37.25127,
          56.66065
        ],
        [
          37.2512,
          56.6606999
        ],
        [
          37.2511299,
          56.66074
        ],
        [
          37.2510599,
          56.6607899
        ],
        [
          37.2509999,
          56.66084
        ],
        [
          37.2509299,
          56.6608899
        ],
        [
          37.2508599,
          56.66094
        ],
        [
          37.2507999,
          56.6609899
        ],
        [
          37.2507299,
          56.66104
        ],
        [
          37.2506699,
          56.6610899
        ],
        [
          37.2505999,
          56.66114
        ],
        [
          37.2505399,
          56.66118
        ],
        [
          37.2504699,
          56.66123
        ],
        [
          37.2504099,
          56.66128
        ],
        [
          37.2503399,
          56.6613199
        ],
        [
          37.25028,
          56.66137
        ],
        [
          37.2502099,
          56.6614199
        ],
        [
          37.25015,
          56.66147
        ],
        [
          37.2500799,
          56.6615199
        ],
        [
          37.25002,
          56.66157
        ],
        [
          37.2499499,
          56.66161
        ],
        [
          37.24989,
          56.66166
        ],
        [
          37.24982,
          56.6617099
        ],
        [
          37.2497499,
          56.66176
        ],
        [
          37.2496799,
          56.6618099
        ],
        [
          37.2496099,
          56.66186
        ],
        [
          37.24954,
          56.6619
        ],
        [
          37.2494799,
          56.6619499
        ],
        [
          37.2494199,
          56.662
        ],
        [
          37.2493499,
          56.6620499
        ],
        [
          37.24928,
          56.6621
        ],
        [
          37.24921,
          56.66215
        ],
        [
          37.24915,
          56.66219
        ],
        [
          37.24908,
          56.6622399
        ],
        [
          37.2490199,
          56.66229
        ],
        [
          37.2489599,
          56.6623399
        ],
        [
          37.2488999,
          56.66238
        ],
        [
          37.24884,
          56.66243
        ],
        [
          37.24877,
          56.6624699
        ],
        [
          37.2486999,
          56.66252
        ],
        [
          37.2486299,
          56.6625699
        ],
        [
          37.2485699,
          56.66261
        ],
        [
          37.2484999,
          56.66266
        ],
        [
          37.2484399,
          56.66271
        ],
        [
          37.2483699,
          56.6627599
        ],
        [
          37.24831,
          56.66281
        ],
        [
          37.2482399,
          56.6628599
        ],
        [
          37.2481699,
          56.66291
        ],
        [
          37.2480999,
          56.6629599
        ],
        [
          37.24803,
          56.66301
        ],
        [
          37.2479699,
          56.66305
        ],
        [
          37.2479099,
          56.6630999
        ],
        [
          37.2478399,
          56.66315
        ],
        [
          37.2477799,
          56.6631899
        ],
        [
          37.24772,
          56.66324
        ],
        [
          37.2476499,
          56.6632899
        ],
        [
          37.2475799,
          56.6633299
        ],
        [
          37.2475199,
          56.66338
        ],
        [
          37.2474499,
          56.66343
        ],
        [
          37.2473799,
          56.66348
        ],
        [
          37.2473199,
          56.66353
        ],
        [
          37.2472499,
          56.66358
        ],
        [
          37.2471899,
          56.66363
        ],
        [
          37.2471199,
          56.6636799
        ],
        [
          37.2470599,
          56.6637199
        ],
        [
          37.2469899,
          56.66377
        ],
        [
          37.2469199,
          56.6638199
        ],
        [
          37.24685,
          56.66387
        ],
        [
          37.2467899,
          56.6639199
        ],
        [
          37.2467299,
          56.66397
        ],
        [
          37.2466599,
          56.6640099
        ],
        [
          37.2465899,
          56.66406
        ],
        [
          37.24652,
          56.6641099
        ],
        [
          37.24645,
          56.66417
        ],
        [
          37.24639,
          56.66422
        ],
        [
          37.24632,
          56.6642699
        ],
        [
          37.24625,
          56.6643099
        ],
        [
          37.2461699,
          56.66436
        ],
        [
          37.2460999,
          56.6644099
        ],
        [
          37.24603,
          56.66446
        ],
        [
          37.2459699,
          56.6645099
        ],
        [
          37.2459,
          56.66456
        ],
        [
          37.24583,
          56.6646099
        ],
        [
          37.2457699,
          56.66466
        ],
        [
          37.2457099,
          56.6646999
        ],
        [
          37.24566,
          56.6647399
        ],
        [
          37.2456099,
          56.66479
        ],
        [
          37.2455499,
          56.6648299
        ],
        [
          37.24549,
          56.6648699
        ],
        [
          37.24544,
          56.66491
        ],
        [
          37.24539,
          56.66495
        ],
        [
          37.24533,
          56.66499
        ],
        [
          37.2452799,
          56.6650299
        ],
        [
          37.2452199,
          56.6650699
        ],
        [
          37.24517,
          56.66511
        ],
        [
          37.24511,
          56.66514
        ],
        [
          37.2450599,
          56.66518
        ],
        [
          37.24501,
          56.66522
        ],
        [
          37.2449499,
          56.6652599
        ],
        [
          37.2449,
          56.6652999
        ],
        [
          37.24485,
          56.6653299
        ],
        [
          37.24481,
          56.66537
        ],
        [
          37.24477,
          56.6654
        ],
        [
          37.2447199,
          56.6654299
        ],
        [
          37.24468,
          56.6654599
        ],
        [
          37.24465,
          56.6654899
        ],
        [
          37.24461,
          56.66551
        ],
        [
          37.24457,
          56.66554
        ],
        [
          37.24454,
          56.6655599
        ],
        [
          37.24451,
          56.6655899
        ],
        [
          37.24448,
          56.66561
        ],
        [
          37.24445,
          56.66563
        ],
        [
          37.24442,
          56.6656499
        ],
        [
          37.24438,
          56.66568
        ],
        [
          37.24435,
          56.6657
        ],
        [
          37.24431,
          56.66573
        ],
        [
          37.24428,
          56.6657499
        ],
        [
          37.24424,
          56.66577
        ],
        [
          37.24421,
          56.6657899
        ],
        [
          37.24418,
          56.66581
        ],
        [
          37.24416,
          56.66584
        ],
        [
          37.2441299,
          56.66586
        ],
        [
          37.24409,
          56.6658799
        ],
        [
          37.24405,
          56.66591
        ],
        [
          37.2439999,
          56.66593
        ],
        [
          37.24396,
          56.66596
        ],
        [
          37.24393,
          56.66599
        ],
        [
          37.24389,
          56.6660199
        ],
        [
          37.2438399,
          56.6660499
        ],
        [
          37.2437999,
          56.6660799
        ],
        [
          37.2437699,
          56.6661099
        ],
        [
          37.24373,
          56.6661499
        ],
        [
          37.24369,
          56.6661799
        ],
        [
          37.2436399,
          56.66622
        ],
        [
          37.2436,
          56.6662499
        ],
        [
          37.2435499,
          56.66629
        ],
        [
          37.2435,
          56.66633
        ],
        [
          37.2434499,
          56.66636
        ],
        [
          37.2434,
          56.66639
        ],
        [
          37.2433499,
          56.66642
        ],
        [
          37.2433,
          56.66646
        ],
        [
          37.2432499,
          56.6665
        ],
        [
          37.2432,
          56.6665399
        ],
        [
          37.2431499,
          56.6665699
        ],
        [
          37.2431,
          56.6665999
        ],
        [
          37.2430499,
          56.6666399
        ],
        [
          37.243,
          56.66668
        ],
        [
          37.2429499,
          56.66672
        ],
        [
          37.24291,
          56.66675
        ],
        [
          37.2428599,
          56.66678
        ],
        [
          37.24281,
          56.66682
        ],
        [
          37.2427599,
          56.66686
        ],
        [
          37.2427199,
          56.66689
        ],
        [
          37.24267,
          56.6669299
        ],
        [
          37.2426199,
          56.66696
        ],
        [
          37.24258,
          56.66699
        ],
        [
          37.2425299,
          56.6670299
        ],
        [
          37.2424899,
          56.6670599
        ],
        [
          37.24245,
          56.6670999
        ],
        [
          37.2423999,
          56.6671299
        ],
        [
          37.24235,
          56.6671599
        ],
        [
          37.2422999,
          56.6671999
        ],
        [
          37.2422599,
          56.6672299
        ],
        [
          37.24221,
          56.66727
        ],
        [
          37.2421599,
          56.66731
        ],
        [
          37.24211,
          56.66734
        ],
        [
          37.2420599,
          56.66738
        ],
        [
          37.24201,
          56.66742
        ],
        [
          37.24196,
          56.6674599
        ],
        [
          37.24191,
          56.6674899
        ],
        [
          37.24186,
          56.6675299
        ],
        [
          37.24182,
          56.6675599
        ],
        [
          37.2417699,
          56.6676
        ],
        [
          37.24172,
          56.66764
        ],
        [
          37.24166,
          56.66768
        ],
        [
          37.2416099,
          56.66771
        ],
        [
          37.24156,
          56.6677499
        ],
        [
          37.2415099,
          56.6677899
        ],
        [
          37.24146,
          56.66783
        ],
        [
          37.2414099,
          56.66787
        ],
        [
          37.24136,
          56.66791
        ],
        [
          37.2413,
          56.6679499
        ],
        [
          37.2412499,
          56.6679899
        ],
        [
          37.2412,
          56.66803
        ],
        [
          37.24114,
          56.66807
        ],
        [
          37.2410799,
          56.6681099
        ],
        [
          37.2410199,
          56.6681499
        ],
        [
          37.24097,
          56.66819
        ],
        [
          37.24091,
          56.66823
        ],
        [
          37.24086,
          56.66826
        ],
        [
          37.2408,
          56.6683
        ],
        [
          37.24073,
          56.6683399
        ],
        [
          37.24068,
          56.6683799
        ],
        [
          37.24063,
          56.66842
        ],
        [
          37.24057,
          56.66846
        ],
        [
          37.24051,
          56.6685
        ],
        [
          37.2404599,
          56.6685399
        ],
        [
          37.2404,
          56.6685799
        ],
        [
          37.24035,
          56.66862
        ],
        [
          37.24028,
          56.66866
        ],
        [
          37.24022,
          56.6687
        ],
        [
          37.24017,
          56.6687399
        ],
        [
          37.24011,
          56.6687699
        ],
        [
          37.2400599,
          56.6688099
        ],
        [
          37.24001,
          56.6688399
        ],
        [
          37.2399599,
          56.6688699
        ],
        [
          37.23991,
          56.6688999
        ],
        [
          37.2398699,
          56.66893
        ],
        [
          37.2398299,
          56.66896
        ],
        [
          37.23978,
          56.66898
        ],
        [
          37.2397399,
          56.66901
        ],
        [
          37.2396999,
          56.6690399
        ],
        [
          37.23966,
          56.66906
        ],
        [
          37.23962,
          56.66909
        ],
        [
          37.23958,
          56.66911
        ],
        [
          37.2395399,
          56.6691399
        ],
        [
          37.2394999,
          56.6691699
        ],
        [
          37.23946,
          56.66919
        ],
        [
          37.23946,
          56.66919
        ],
        [
          37.23939,
          56.66924
        ],
        [
          37.23936,
          56.6692699
        ],
        [
          37.23933,
          56.66929
        ],
        [
          37.23933,
          56.66929
        ],
        [
          37.2392699,
          56.6693299
        ],
        [
          37.23923,
          56.66935
        ],
        [
          37.2392,
          56.6693699
        ],
        [
          37.23917,
          56.66939
        ],
        [
          37.2391399,
          56.66941
        ],
        [
          37.2391,
          56.6694299
        ],
        [
          37.23907,
          56.6694599
        ],
        [
          37.23903,
          56.66948
        ],
        [
          37.23899,
          56.66951
        ],
        [
          37.2389499,
          56.6695299
        ],
        [
          37.2389199,
          56.66955
        ],
        [
          37.2388799,
          56.66958
        ],
        [
          37.23884,
          56.6695999
        ],
        [
          37.2388,
          56.6696299
        ],
        [
          37.2387499,
          56.6696599
        ],
        [
          37.23871,
          56.6696899
        ],
        [
          37.23871,
          56.6696899
        ],
        [
          37.2386199,
          56.66975
        ],
        [
          37.23857,
          56.66978
        ],
        [
          37.23851,
          56.66981
        ],
        [
          37.2384599,
          56.66984
        ],
        [
          37.23841,
          56.66987
        ],
        [
          37.2383599,
          56.66991
        ],
        [
          37.23831,
          56.6699499
        ],
        [
          37.23825,
          56.66998
        ],
        [
          37.2382,
          56.67001
        ],
        [
          37.23815,
          56.67004
        ],
        [
          37.2380899,
          56.67007
        ],
        [
          37.2380299,
          56.67011
        ],
        [
          37.23798,
          56.67014
        ],
        [
          37.23792,
          56.67017
        ],
        [
          37.2378699,
          56.67021
        ],
        [
          37.23781,
          56.6702499
        ],
        [
          37.23775,
          56.6702799
        ],
        [
          37.23769,
          56.6703199
        ],
        [
          37.2376299,
          56.6703499
        ],
        [
          37.2375699,
          56.67039
        ],
        [
          37.2375099,
          56.67043
        ],
        [
          37.23745,
          56.67046
        ],
        [
          37.23745,
          56.67046
        ],
        [
          37.23733,
          56.6705399
        ],
        [
          37.23726,
          56.6705799
        ],
        [
          37.23726,
          56.6705799
        ],
        [
          37.2372,
          56.6706099
        ],
        [
          37.23707,
          56.67069
        ],
        [
          37.2370099,
          56.67073
        ],
        [
          37.2369399,
          56.6707699
        ],
        [
          37.23687,
          56.6708099
        ],
        [
          37.2368099,
          56.67085
        ],
        [
          37.23674,
          56.6708799
        ],
        [
          37.2366799,
          56.67092
        ],
        [
          37.23661,
          56.67096
        ],
        [
          37.2365499,
          56.67099
        ],
        [
          37.2364799,
          56.67103
        ],
        [
          37.2364199,
          56.67106
        ],
        [
          37.2363499,
          56.6710999
        ],
        [
          37.2362899,
          56.6711399
        ],
        [
          37.2362199,
          56.6711699
        ],
        [
          37.2361599,
          56.6711999
        ],
        [
          37.2360899,
          56.6712399
        ],
        [
          37.2360299,
          56.67128
        ],
        [
          37.2359599,
          56.67131
        ],
        [
          37.2358999,
          56.67135
        ],
        [
          37.2358299,
          56.67138
        ],
        [
          37.2357599,
          56.67141
        ],
        [
          37.2356999,
          56.6714599
        ],
        [
          37.2356999,
          56.6714599
        ],
        [
          37.2355699,
          56.6715299
        ],
        [
          37.23549,
          56.67157
        ],
        [
          37.23542,
          56.67161
        ],
        [
          37.23535,
          56.67165
        ],
        [
          37.23528,
          56.6716899
        ],
        [
          37.2352099,
          56.67172
        ],
        [
          37.2351399,
          56.6717599
        ],
        [
          37.2350699,
          56.6718
        ],
        [
          37.235,
          56.67184
        ],
        [
          37.23492,
          56.67187
        ],
        [
          37.23486,
          56.67191
        ],
        [
          37.23479,
          56.67195
        ],
        [
          37.2347199,
          56.67198
        ],
        [
          37.2346499,
          56.6720199
        ],
        [
          37.23459,
          56.6720599
        ],
        [
          37.2345199,
          56.6720899
        ],
        [
          37.23446,
          56.67213
        ],
        [
          37.2343899,
          56.6721599
        ],
        [
          37.23433,
          56.6722
        ],
        [
          37.2342599,
          56.67223
        ],
        [
          37.2341899,
          56.67227
        ],
        [
          37.2341199,
          56.6723
        ],
        [
          37.23405,
          56.67234
        ],
        [
          37.23398,
          56.6723799
        ],
        [
          37.23398,
          56.6723799
        ],
        [
          37.23384,
          56.67244
        ],
        [
          37.23377,
          56.6724799
        ],
        [
          37.23377,
          56.6724799
        ],
        [
          37.23364,
          56.67254
        ],
        [
          37.2335699,
          56.6725799
        ],
        [
          37.2334999,
          56.6726099
        ],
        [
          37.2334299,
          56.6726499
        ],
        [
          37.2334299,
          56.6726499
        ],
        [
          37.23329,
          56.67272
        ],
        [
          37.23322,
          56.6727499
        ],
        [
          37.23315,
          56.67279
        ],
        [
          37.23315,
          56.67279
        ],
        [
          37.233,
          56.67286
        ],
        [
          37.233,
          56.67286
        ],
        [
          37.23286,
          56.67293
        ],
        [
          37.23279,
          56.6729699
        ],
        [
          37.23272,
          56.673
        ],
        [
          37.2326399,
          56.67303
        ],
        [
          37.23257,
          56.6730699
        ],
        [
          37.2325,
          56.6730999
        ],
        [
          37.23243,
          56.6731399
        ],
        [
          37.2323499,
          56.6731699
        ],
        [
          37.2322799,
          56.6731999
        ],
        [
          37.23221,
          56.67323
        ],
        [
          37.23214,
          56.67326
        ],
        [
          37.2320599,
          56.6732999
        ],
        [
          37.2319899,
          56.6733299
        ],
        [
          37.2319199,
          56.67336
        ],
        [
          37.23185,
          56.67339
        ],
        [
          37.23178,
          56.6734299
        ],
        [
          37.23171,
          56.67346
        ],
        [
          37.23164,
          56.67349
        ],
        [
          37.23157,
          56.6735299
        ],
        [
          37.23149,
          56.6735699
        ],
        [
          37.2314299,
          56.6735999
        ],
        [
          37.23135,
          56.6736299
        ],
        [
          37.23128,
          56.6736699
        ],
        [
          37.23121,
          56.6736999
        ],
        [
          37.23121,
          56.6736999
        ],
        [
          37.23106,
          56.6737599
        ],
        [
          37.23098,
          56.6737999
        ],
        [
          37.2309099,
          56.6738299
        ],
        [
          37.2308399,
          56.6738599
        ],
        [
          37.2307699,
          56.6738899
        ],
        [
          37.2307,
          56.6739199
        ],
        [
          37.23063,
          56.6739599
        ],
        [
          37.23056,
          56.6739899
        ],
        [
          37.2304799,
          56.6740199
        ],
        [
          37.2304099,
          56.67405
        ],
        [
          37.23034,
          56.6740899
        ],
        [
          37.23026,
          56.6741199
        ],
        [
          37.2301899,
          56.6741499
        ],
        [
          37.2301199,
          56.6741899
        ],
        [
          37.2300499,
          56.6742199
        ],
        [
          37.22997,
          56.6742499
        ],
        [
          37.22997,
          56.6742499
        ],
        [
          37.2298199,
          56.67431
        ],
        [
          37.22974,
          56.67434
        ],
        [
          37.22967,
          56.6743799
        ],
        [
          37.2296,
          56.67441
        ],
        [
          37.22952,
          56.67444
        ],
        [
          37.22944,
          56.67447
        ],
        [
          37.2293599,
          56.67451
        ],
        [
          37.2293599,
          56.67451
        ],
        [
          37.2291999,
          56.67457
        ],
        [
          37.22912,
          56.6746
        ],
        [
          37.2290399,
          56.67464
        ],
        [
          37.2289699,
          56.67467
        ],
        [
          37.22889,
          56.6747099
        ],
        [
          37.2288099,
          56.67474
        ],
        [
          37.22872,
          56.67477
        ],
        [
          37.2286399,
          56.6748
        ],
        [
          37.22855,
          56.6748399
        ],
        [
          37.22847,
          56.67487
        ],
        [
          37.22839,
          56.6749099
        ],
        [
          37.2283099,
          56.6749399
        ],
        [
          37.2282199,
          56.67497
        ],
        [
          37.22814,
          56.675
        ],
        [
          37.22806,
          56.6750399
        ],
        [
          37.2279799,
          56.6750699
        ],
        [
          37.2279,
          56.6751
        ],
        [
          37.2278199,
          56.67513
        ],
        [
          37.22774,
          56.67516
        ],
        [
          37.2276599,
          56.6752
        ],
        [
          37.22758,
          56.67523
        ],
        [
          37.2275,
          56.67526
        ],
        [
          37.22742,
          56.67529
        ],
        [
          37.22734,
          56.67532
        ],
        [
          37.22725,
          56.67536
        ],
        [
          37.2271699,
          56.67539
        ],
        [
          37.22709,
          56.67542
        ],
        [
          37.22701,
          56.67545
        ],
        [
          37.22692,
          56.67548
        ],
        [
          37.2268399,
          56.67551
        ],
        [
          37.22676,
          56.6755399
        ],
        [
          37.2266699,
          56.67558
        ],
        [
          37.22658,
          56.67561
        ],
        [
          37.22649,
          56.67565
        ],
        [
          37.2264099,
          56.67568
        ],
        [
          37.22632,
          56.67571
        ],
        [
          37.2262399,
          56.67574
        ],
        [
          37.2262399,
          56.67574
        ],
        [
          37.22607,
          56.67581
        ],
        [
          37.226,
          56.67584
        ],
        [
          37.22591,
          56.67587
        ],
        [
          37.22583,
          56.6758999
        ],
        [
          37.2257499,
          56.67594
        ],
        [
          37.22567,
          56.67597
        ],
        [
          37.2255899,
          56.6759999
        ],
        [
          37.22551,
          56.6760299
        ],
        [
          37.22551,
          56.6760299
        ],
        [
          37.22535,
          56.6761
        ],
        [
          37.22527,
          56.6761299
        ],
        [
          37.2251899,
          56.6761599
        ],
        [
          37.22511,
          56.67618
        ],
        [
          37.22511,
          56.67618
        ],
        [
          37.22494,
          56.67624
        ],
        [
          37.2248599,
          56.67627
        ],
        [
          37.22478,
          56.67631
        ],
        [
          37.2246999,
          56.67634
        ],
        [
          37.2246099,
          56.67637
        ],
        [
          37.22453,
          56.6764
        ],
        [
          37.22445,
          56.67644
        ],
        [
          37.2243699,
          56.67647
        ],
        [
          37.22429,
          56.6765
        ],
        [
          37.2242099,
          56.67653
        ],
        [
          37.22412,
          56.67656
        ],
        [
          37.2240399,
          56.6766
        ],
        [
          37.2239499,
          56.67663
        ],
        [
          37.22387,
          56.67667
        ],
        [
          37.22379,
          56.6767
        ],
        [
          37.22371,
          56.67673
        ],
        [
          37.22363,
          56.67676
        ],
        [
          37.2235499,
          56.67679
        ],
        [
          37.22347,
          56.6768199
        ],
        [
          37.22338,
          56.6768499
        ],
        [
          37.2233,
          56.6768799
        ],
        [
          37.2232199,
          56.6769099
        ],
        [
          37.22314,
          56.6769399
        ],
        [
          37.2230599,
          56.67697
        ],
        [
          37.22298,
          56.677
        ],
        [
          37.2228999,
          56.67703
        ],
        [
          37.22282,
          56.67706
        ],
        [
          37.22274,
          56.67709
        ],
        [
          37.22265,
          56.67713
        ],
        [
          37.2225699,
          56.67716
        ],
        [
          37.22248,
          56.67719
        ],
        [
          37.2223999,
          56.67722
        ],
        [
          37.2223099,
          56.67726
        ],
        [
          37.22223,
          56.67729
        ],
        [
          37.22215,
          56.67732
        ],
        [
          37.22206,
          56.67735
        ],
        [
          37.2219799,
          56.67738
        ],
        [
          37.2219,
          56.67742
        ],
        [
          37.2218099,
          56.67745
        ],
        [
          37.22173,
          56.67748
        ],
        [
          37.2216499,
          56.6775099
        ],
        [
          37.22157,
          56.6775399
        ],
        [
          37.2214899,
          56.67758
        ],
        [
          37.2214899,
          56.67758
        ],
        [
          37.2213199,
          56.6776399
        ],
        [
          37.22124,
          56.6776699
        ],
        [
          37.2211599,
          56.67771
        ],
        [
          37.22107,
          56.6777399
        ],
        [
          37.2209899,
          56.6777699
        ],
        [
          37.22091,
          56.6777999
        ],
        [
          37.2208299,
          56.6778299
        ],
        [
          37.22075,
          56.6778699
        ],
        [
          37.2206699,
          56.6778999
        ],
        [
          37.22058,
          56.6779299
        ],
        [
          37.2204999,
          56.6779599
        ],
        [
          37.22042,
          56.67799
        ],
        [
          37.2203399,
          56.67802
        ],
        [
          37.22025,
          56.67805
        ],
        [
          37.2201699,
          56.67808
        ],
        [
          37.22009,
          56.67811
        ],
        [
          37.2200099,
          56.67814
        ],
        [
          37.2200099,
          56.67814
        ],
        [
          37.2198399,
          56.6781999
        ],
        [
          37.21976,
          56.67824
        ],
        [
          37.21967,
          56.67827
        ],
        [
          37.21967,
          56.67827
        ],
        [
          37.21959,
          56.6783
        ],
        [
          37.21943,
          56.6783599
        ],
        [
          37.21934,
          56.67838
        ],
        [
          37.21926,
          56.6784199
        ],
        [
          37.21926,
          56.6784199
        ],
        [
          37.2191,
          56.67848
        ],
        [
          37.2190199,
          56.6785199
        ],
        [
          37.21894,
          56.6785499
        ],
        [
          37.2188599,
          56.67858
        ],
        [
          37.21877,
          56.6786199
        ],
        [
          37.2186999,
          56.6786499
        ],
        [
          37.21861,
          56.6786799
        ],
        [
          37.2185299,
          56.67871
        ],
        [
          37.21845,
          56.67874
        ],
        [
          37.21836,
          56.67877
        ],
        [
          37.21828,
          56.67881
        ],
        [
          37.2181999,
          56.67884
        ],
        [
          37.2181999,
          56.67884
        ],
        [
          37.2180399,
          56.6789
        ],
        [
          37.21796,
          56.67894
        ],
        [
          37.2178799,
          56.67897
        ],
        [
          37.2178,
          56.679
        ],
        [
          37.2177099,
          56.67904
        ],
        [
          37.2177099,
          56.67904
        ],
        [
          37.2175399,
          56.6791099
        ],
        [
          37.21746,
          56.6791399
        ],
        [
          37.2173799,
          56.67917
        ],
        [
          37.2173799,
          56.67917
        ],
        [
          37.21721,
          56.6792399
        ],
        [
          37.21713,
          56.67927
        ],
        [
          37.21704,
          56.6793099
        ],
        [
          37.2169599,
          56.6793399
        ],
        [
          37.21688,
          56.6793699
        ],
        [
          37.2167899,
          56.6794099
        ],
        [
          37.21671,
          56.6794399
        ],
        [
          37.21671,
          56.6794399
        ],
        [
          37.2165299,
          56.6795
        ],
        [
          37.21644,
          56.6795399
        ],
        [
          37.21635,
          56.6795699
        ],
        [
          37.2162699,
          56.6796099
        ],
        [
          37.21618,
          56.6796399
        ],
        [
          37.21618,
          56.6796399
        ],
        [
          37.21609,
          56.67968
        ],
        [
          37.21592,
          56.6797399
        ],
        [
          37.21583,
          56.67978
        ],
        [
          37.21575,
          56.67981
        ],
        [
          37.21575,
          56.67981
        ],
        [
          37.2155799,
          56.67988
        ],
        [
          37.2155,
          56.67991
        ],
        [
          37.2155,
          56.67991
        ],
        [
          37.21542,
          56.6799399
        ],
        [
          37.21526,
          56.68001
        ],
        [
          37.2151799,
          56.68004
        ],
        [
          37.2150899,
          56.6800699
        ],
        [
          37.21501,
          56.6800999
        ],
        [
          37.2149199,
          56.68014
        ],
        [
          37.21484,
          56.68017
        ],
        [
          37.2147499,
          56.6801999
        ],
        [
          37.2147499,
          56.6801999
        ],
        [
          37.21458,
          56.68027
        ],
        [
          37.2144999,
          56.6802999
        ],
        [
          37.21441,
          56.6803299
        ],
        [
          37.2143299,
          56.6803599
        ],
        [
          37.21424,
          56.6804
        ],
        [
          37.2141599,
          56.6804299
        ],
        [
          37.2140699,
          56.6804599
        ],
        [
          37.2140699,
          56.6804599
        ],
        [
          37.21399,
          56.6805
        ],
        [
          37.21382,
          56.6805599
        ],
        [
          37.21382,
          56.6805599
        ],
        [
          37.21365,
          56.68063
        ],
        [
          37.21356,
          56.6806599
        ],
        [
          37.2134699,
          56.6806899
        ],
        [
          37.21339,
          56.6807199
        ],
        [
          37.2133099,
          56.6807499
        ],
        [
          37.2132199,
          56.6807899
        ],
        [
          37.21314,
          56.6808199
        ],
        [
          37.21307,
          56.68086
        ],
        [
          37.21307,
          56.68086
        ],
        [
          37.2128899,
          56.6809199
        ],
        [
          37.21281,
          56.6809499
        ],
        [
          37.21273,
          56.6809899
        ],
        [
          37.21264,
          56.6810199
        ],
        [
          37.21255,
          56.68106
        ],
        [
          37.21247,
          56.68109
        ],
        [
          37.21247,
          56.68109
        ],
        [
          37.2123899,
          56.68113
        ],
        [
          37.21222,
          56.68119
        ],
        [
          37.2121299,
          56.68123
        ],
        [
          37.2121299,
          56.68123
        ],
        [
          37.21204,
          56.68126
        ],
        [
          37.2118699,
          56.68132
        ],
        [
          37.21179,
          56.68136
        ],
        [
          37.2116999,
          56.68139
        ],
        [
          37.2116999,
          56.68139
        ],
        [
          37.2115399,
          56.68146
        ],
        [
          37.2115399,
          56.68146
        ],
        [
          37.21136,
          56.68152
        ],
        [
          37.21136,
          56.68152
        ],
        [
          37.2112799,
          56.68156
        ],
        [
          37.21119,
          56.68159
        ],
        [
          37.2110099,
          56.68166
        ],
        [
          37.21093,
          56.68169
        ],
        [
          37.21093,
          56.68169
        ],
        [
          37.21084,
          56.68172
        ],
        [
          37.2107499,
          56.68176
        ],
        [
          37.21067,
          56.68179
        ],
        [
          37.2105,
          56.68186
        ],
        [
          37.2105,
          56.68186
        ],
        [
          37.21041,
          56.68189
        ],
        [
          37.21025,
          56.68196
        ],
        [
          37.21025,
          56.68196
        ],
        [
          37.2101599,
          56.68199
        ],
        [
          37.21008,
          56.6820299
        ],
        [
          37.20999,
          56.68206
        ],
        [
          37.2098999,
          56.68209
        ],
        [
          37.20982,
          56.68212
        ],
        [
          37.20972,
          56.6821599
        ],
        [
          37.2096399,
          56.68219
        ],
        [
          37.20955,
          56.6822299
        ],
        [
          37.20946,
          56.6822599
        ],
        [
          37.2093699,
          56.68228
        ],
        [
          37.2092799,
          56.68232
        ],
        [
          37.2092,
          56.68235
        ],
        [
          37.2091,
          56.6823899
        ],
        [
          37.2089099,
          56.68247
        ],
        [
          37.2089099,
          56.68247
        ],
        [
          37.2088099,
          56.6824999
        ],
        [
          37.2087099,
          56.68254
        ],
        [
          37.20861,
          56.68258
        ],
        [
          37.20851,
          56.6826199
        ],
        [
          37.2084199,
          56.6826599
        ],
        [
          37.20833,
          56.6826899
        ],
        [
          37.20824,
          56.6827299
        ],
        [
          37.2081599,
          56.6827599
        ],
        [
          37.20807,
          56.6827899
        ],
        [
          37.2079899,
          56.6828199
        ],
        [
          37.20792,
          56.6828499
        ],
        [
          37.20784,
          56.68288
        ],
        [
          37.2077599,
          56.68291
        ],
        [
          37.20768,
          56.68294
        ],
        [
          37.20761,
          56.68297
        ],
        [
          37.2075299,
          56.683
        ],
        [
          37.20745,
          56.68303
        ],
        [
          37.20738,
          56.6830499
        ],
        [
          37.20725,
          56.68311
        ],
        [
          37.2071799,
          56.68313
        ],
        [
          37.20712,
          56.68316
        ],
        [
          37.20705,
          56.68319
        ],
        [
          37.2069799,
          56.6832099
        ],
        [
          37.2069799,
          56.6832099
        ],
        [
          37.2068399,
          56.68326
        ],
        [
          37.20677,
          56.68329
        ],
        [
          37.2067,
          56.6833199
        ],
        [
          37.20663,
          56.68334
        ],
        [
          37.20656,
          56.68337
        ],
        [
          37.20656,
          56.68337
        ],
        [
          37.20641,
          56.68342
        ],
        [
          37.20633,
          56.68346
        ],
        [
          37.2062599,
          56.68349
        ],
        [
          37.20618,
          56.68352
        ],
        [
          37.2061,
          56.6835499
        ],
        [
          37.2060199,
          56.6835799
        ],
        [
          37.20594,
          56.6836099
        ],
        [
          37.2058599,
          56.6836399
        ],
        [
          37.2058599,
          56.6836399
        ],
        [
          37.2056899,
          56.6837099
        ],
        [
          37.2056899,
          56.6837099
        ],
        [
          37.2055999,
          56.68375
        ],
        [
          37.20552,
          56.6837799
        ],
        [
          37.2054299,
          56.68382
        ],
        [
          37.2053399,
          56.68385
        ],
        [
          37.20525,
          56.68388
        ],
        [
          37.20516,
          56.68392
        ],
        [
          37.2050699,
          56.68396
        ],
        [
          37.2049799,
          56.68399
        ],
        [
          37.2049,
          56.6840299
        ],
        [
          37.2048099,
          56.68406
        ],
        [
          37.20472,
          56.68409
        ],
        [
          37.20463,
          56.6841299
        ],
        [
          37.20454,
          56.6841699
        ],
        [
          37.20446,
          56.6841999
        ],
        [
          37.20437,
          56.6842299
        ],
        [
          37.2042799,
          56.6842699
        ],
        [
          37.2042,
          56.6842999
        ],
        [
          37.20411,
          56.68434
        ],
        [
          37.2040199,
          56.6843699
        ],
        [
          37.20394,
          56.6843999
        ],
        [
          37.20385,
          56.6844299
        ],
        [
          37.2037599,
          56.6844599
        ],
        [
          37.20368,
          56.6844899
        ],
        [
          37.2035899,
          56.68452
        ],
        [
          37.20351,
          56.6845599
        ],
        [
          37.2034299,
          56.6845899
        ],
        [
          37.20335,
          56.68462
        ],
        [
          37.2032699,
          56.68465
        ],
        [
          37.20318,
          56.68468
        ],
        [
          37.20309,
          56.68471
        ],
        [
          37.2030099,
          56.68475
        ],
        [
          37.20292,
          56.68478
        ],
        [
          37.2028399,
          56.6848199
        ],
        [
          37.20275,
          56.68485
        ],
        [
          37.20266,
          56.68488
        ],
        [
          37.20257,
          56.68491
        ],
        [
          37.2024799,
          56.6849499
        ],
        [
          37.2024,
          56.68498
        ],
        [
          37.2023,
          56.68501
        ],
        [
          37.2022199,
          56.6850499
        ],
        [
          37.20213,
          56.68508
        ],
        [
          37.20204,
          56.6851199
        ],
        [
          37.2019499,
          56.6851499
        ],
        [
          37.2018599,
          56.6851899
        ],
        [
          37.20177,
          56.6852199
        ],
        [
          37.20168,
          56.68526
        ],
        [
          37.2015999,
          56.6853
        ],
        [
          37.2014999,
          56.68533
        ],
        [
          37.20142,
          56.68537
        ],
        [
          37.2013299,
          56.6854
        ],
        [
          37.20124,
          56.68544
        ],
        [
          37.20115,
          56.68547
        ],
        [
          37.20106,
          56.6855099
        ],
        [
          37.2009699,
          56.6855399
        ],
        [
          37.2008699,
          56.68557
        ],
        [
          37.20079,
          56.6856
        ],
        [
          37.2007,
          56.6856399
        ],
        [
          37.2006,
          56.68567
        ],
        [
          37.2005099,
          56.6857099
        ],
        [
          37.20042,
          56.6857399
        ],
        [
          37.2003399,
          56.6857799
        ],
        [
          37.20024,
          56.68582
        ],
        [
          37.20016,
          56.68585
        ],
        [
          37.20007,
          56.68589
        ],
        [
          37.19997,
          56.68593
        ],
        [
          37.1998899,
          56.68596
        ],
        [
          37.1998,
          56.68599
        ],
        [
          37.19971,
          56.68603
        ],
        [
          37.1996299,
          56.68606
        ],
        [
          37.19954,
          56.68609
        ],
        [
          37.19945,
          56.68613
        ],
        [
          37.1993599,
          56.68616
        ],
        [
          37.19928,
          56.68619
        ],
        [
          37.1990999,
          56.68626
        ],
        [
          37.1990999,
          56.68626
        ],
        [
          37.19902,
          56.68629
        ],
        [
          37.1989299,
          56.6863299
        ],
        [
          37.1988399,
          56.68636
        ],
        [
          37.19875,
          56.6863999
        ],
        [
          37.1986699,
          56.6864299
        ],
        [
          37.19859,
          56.6864699
        ],
        [
          37.1985,
          56.6864999
        ],
        [
          37.1984099,
          56.6865299
        ],
        [
          37.19833,
          56.6865699
        ],
        [
          37.1982499,
          56.6865999
        ],
        [
          37.19817,
          56.68664
        ],
        [
          37.1980799,
          56.68667
        ],
        [
          37.19799,
          56.6866999
        ],
        [
          37.19791,
          56.6867299
        ],
        [
          37.19783,
          56.68677
        ],
        [
          37.1977499,
          56.6867999
        ],
        [
          37.19767,
          56.6868299
        ],
        [
          37.1976,
          56.6868599
        ],
        [
          37.19753,
          56.68688
        ],
        [
          37.1974599,
          56.68691
        ],
        [
          37.1973899,
          56.68694
        ],
        [
          37.1973199,
          56.6869599
        ],
        [
          37.19725,
          56.6869899
        ],
        [
          37.1971999,
          56.68701
        ],
        [
          37.19714,
          56.6870299
        ],
        [
          37.1970899,
          56.6870499
        ],
        [
          37.1970299,
          56.68707
        ],
        [
          37.19698,
          56.6871
        ],
        [
          37.1969299,
          56.6871199
        ],
        [
          37.19689,
          56.68714
        ],
        [
          37.1968399,
          56.6871499
        ],
        [
          37.1967999,
          56.68717
        ],
        [
          37.19675,
          56.6871899
        ],
        [
          37.19671,
          56.6872
        ],
        [
          37.1966699,
          56.6872199
        ],
        [
          37.19662,
          56.68723
        ],
        [
          37.19658,
          56.6872499
        ],
        [
          37.19653,
          56.68727
        ],
        [
          37.1964699,
          56.6872899
        ],
        [
          37.19642,
          56.68731
        ],
        [
          37.19636,
          56.68733
        ],
        [
          37.1963,
          56.6873499
        ],
        [
          37.19625,
          56.6873799
        ],
        [
          37.19619,
          56.6873899
        ],
        [
          37.1961399,
          56.68741
        ],
        [
          37.19609,
          56.68744
        ],
        [
          37.19603,
          56.68746
        ],
        [
          37.19597,
          56.68749
        ],
        [
          37.1959,
          56.6875199
        ],
        [
          37.19584,
          56.68754
        ],
        [
          37.19577,
          56.68757
        ],
        [
          37.1957,
          56.68759
        ],
        [
          37.19563,
          56.6876199
        ],
        [
          37.1955599,
          56.6876499
        ],
        [
          37.1954899,
          56.6876799
        ],
        [
          37.1954199,
          56.6877099
        ],
        [
          37.19535,
          56.6877399
        ],
        [
          37.19528,
          56.68776
        ],
        [
          37.19521,
          56.68779
        ],
        [
          37.19514,
          56.68782
        ],
        [
          37.1950599,
          56.6878499
        ],
        [
          37.1949899,
          56.6878799
        ],
        [
          37.19491,
          56.6879099
        ],
        [
          37.1948299,
          56.6879399
        ],
        [
          37.1947599,
          56.6879699
        ],
        [
          37.19469,
          56.688
        ],
        [
          37.1945299,
          56.68805
        ],
        [
          37.1945299,
          56.68805
        ],
        [
          37.19445,
          56.6880799
        ],
        [
          37.1943699,
          56.6881099
        ],
        [
          37.19429,
          56.6881399
        ],
        [
          37.1942099,
          56.6881699
        ],
        [
          37.19413,
          56.6881999
        ],
        [
          37.1940499,
          56.68823
        ],
        [
          37.19397,
          56.6882699
        ],
        [
          37.1938799,
          56.6882999
        ],
        [
          37.1938,
          56.6883299
        ],
        [
          37.1937199,
          56.68836
        ],
        [
          37.19364,
          56.68839
        ],
        [
          37.19356,
          56.68842
        ],
        [
          37.1934899,
          56.68845
        ],
        [
          37.19341,
          56.68848
        ],
        [
          37.19333,
          56.68851
        ],
        [
          37.1932599,
          56.6885399
        ],
        [
          37.19318,
          56.6885699
        ],
        [
          37.1931,
          56.6885999
        ],
        [
          37.1930199,
          56.6886299
        ],
        [
          37.19294,
          56.6886599
        ],
        [
          37.19285,
          56.68869
        ],
        [
          37.1927699,
          56.68872
        ],
        [
          37.19269,
          56.68875
        ],
        [
          37.19261,
          56.6887899
        ],
        [
          37.19252,
          56.68882
        ],
        [
          37.1924399,
          56.68885
        ],
        [
          37.19236,
          56.68888
        ],
        [
          37.19228,
          56.68891
        ],
        [
          37.19219,
          56.68894
        ],
        [
          37.1921099,
          56.68897
        ],
        [
          37.19202,
          56.68901
        ],
        [
          37.1919399,
          56.68904
        ],
        [
          37.1918499,
          56.68907
        ],
        [
          37.19177,
          56.68911
        ],
        [
          37.1916799,
          56.68914
        ],
        [
          37.1916,
          56.68918
        ],
        [
          37.1915099,
          56.68921
        ],
        [
          37.19143,
          56.68924
        ],
        [
          37.19134,
          56.68928
        ],
        [
          37.1912499,
          56.68931
        ],
        [
          37.19117,
          56.68934
        ],
        [
          37.19108,
          56.68938
        ],
        [
          37.191,
          56.6894199
        ],
        [
          37.19091,
          56.6894499
        ],
        [
          37.1908299,
          56.6894799
        ],
        [
          37.19074,
          56.6895199
        ],
        [
          37.19065,
          56.6895499
        ],
        [
          37.19048,
          56.6896199
        ],
        [
          37.19048,
          56.6896199
        ],
        [
          37.1903999,
          56.6896499
        ],
        [
          37.19032,
          56.68969
        ],
        [
          37.1902399,
          56.6897199
        ],
        [
          37.19016,
          56.6897499
        ],
        [
          37.1900699,
          56.6897799
        ],
        [
          37.18999,
          56.6898099
        ],
        [
          37.1899099,
          56.6898399
        ],
        [
          37.18983,
          56.68987
        ],
        [
          37.1897399,
          56.6899
        ],
        [
          37.18966,
          56.6899399
        ],
        [
          37.1895799,
          56.68997
        ],
        [
          37.1895099,
          56.69
        ],
        [
          37.18943,
          56.6900399
        ],
        [
          37.18936,
          56.6900699
        ],
        [
          37.1892899,
          56.6901
        ],
        [
          37.1892199,
          56.69012
        ],
        [
          37.18916,
          56.69015
        ],
        [
          37.1890899,
          56.6901799
        ],
        [
          37.18903,
          56.6902
        ],
        [
          37.18891,
          56.6902399
        ],
        [
          37.18891,
          56.6902399
        ],
        [
          37.18885,
          56.6902699
        ],
        [
          37.1887899,
          56.69029
        ],
        [
          37.18874,
          56.6903099
        ],
        [
          37.1886899,
          56.69033
        ],
        [
          37.18864,
          56.69035
        ],
        [
          37.1885899,
          56.6903699
        ],
        [
          37.1885299,
          56.69039
        ],
        [
          37.18848,
          56.6904099
        ],
        [
          37.1884299,
          56.69043
        ],
        [
          37.18838,
          56.69045
        ],
        [
          37.1883299,
          56.6904699
        ],
        [
          37.18828,
          56.69049
        ],
        [
          37.18822,
          56.69051
        ],
        [
          37.18818,
          56.6905299
        ],
        [
          37.18812,
          56.69055
        ],
        [
          37.18806,
          56.6905699
        ],
        [
          37.1880099,
          56.69059
        ],
        [
          37.18795,
          56.69061
        ],
        [
          37.1878999,
          56.6906299
        ],
        [
          37.1878399,
          56.69066
        ],
        [
          37.18779,
          56.69068
        ],
        [
          37.18773,
          56.6906999
        ],
        [
          37.1876799,
          56.69072
        ],
        [
          37.18762,
          56.69074
        ],
        [
          37.18756,
          56.6907599
        ],
        [
          37.1875,
          56.69078
        ],
        [
          37.1874399,
          56.6907999
        ],
        [
          37.1873799,
          56.6908299
        ],
        [
          37.1873199,
          56.69085
        ],
        [
          37.18726,
          56.6908699
        ],
        [
          37.18719,
          56.6908999
        ],
        [
          37.18713,
          56.69092
        ],
        [
          37.18707,
          56.69094
        ],
        [
          37.1870199,
          56.6909599
        ],
        [
          37.1869499,
          56.69098
        ],
        [
          37.1868899,
          56.69101
        ],
        [
          37.18684,
          56.6910299
        ],
        [
          37.18678,
          56.6910599
        ],
        [
          37.1867199,
          56.69108
        ],
        [
          37.1866599,
          56.6910999
        ],
        [
          37.1866,
          56.6911299
        ],
        [
          37.1865299,
          56.69114
        ],
        [
          37.18647,
          56.69117
        ],
        [
          37.18641,
          56.6911899
        ],
        [
          37.18635,
          56.69121
        ],
        [
          37.18629,
          56.69124
        ],
        [
          37.1862299,
          56.6912599
        ],
        [
          37.1861699,
          56.6912899
        ],
        [
          37.18611,
          56.69131
        ],
        [
          37.18605,
          56.69134
        ],
        [
          37.18599,
          56.6913599
        ],
        [
          37.18586,
          56.6914
        ],
        [
          37.18586,
          56.6914
        ],
        [
          37.18579,
          56.69143
        ],
        [
          37.18572,
          56.6914599
        ],
        [
          37.18565,
          56.69148
        ],
        [
          37.18559,
          56.69151
        ],
        [
          37.18552,
          56.69153
        ],
        [
          37.18546,
          56.6915599
        ],
        [
          37.1853799,
          56.6915899
        ],
        [
          37.1853099,
          56.6916199
        ],
        [
          37.18524,
          56.69164
        ],
        [
          37.18517,
          56.69167
        ],
        [
          37.1851,
          56.6917
        ],
        [
          37.18503,
          56.69173
        ],
        [
          37.18496,
          56.69176
        ],
        [
          37.1848899,
          56.69179
        ],
        [
          37.18481,
          56.6918199
        ],
        [
          37.18474,
          56.6918499
        ],
        [
          37.18467,
          56.6918799
        ],
        [
          37.1845899,
          56.6919
        ],
        [
          37.18451,
          56.69193
        ],
        [
          37.18444,
          56.69196
        ],
        [
          37.1843599,
          56.69199
        ],
        [
          37.1842899,
          56.69202
        ],
        [
          37.18422,
          56.6920499
        ],
        [
          37.18414,
          56.6920799
        ],
        [
          37.1840599,
          56.6921099
        ],
        [
          37.18399,
          56.69213
        ],
        [
          37.18391,
          56.69216
        ],
        [
          37.1837699,
          56.6922099
        ],
        [
          37.18369,
          56.6922399
        ],
        [
          37.18369,
          56.6922399
        ],
        [
          37.18362,
          56.6922699
        ],
        [
          37.18355,
          56.6923
        ],
        [
          37.1834799,
          56.69232
        ],
        [
          37.1834,
          56.69235
        ],
        [
          37.18333,
          56.6923799
        ],
        [
          37.1832499,
          56.6924099
        ],
        [
          37.1831799,
          56.6924399
        ],
        [
          37.1831,
          56.6924699
        ],
        [
          37.18303,
          56.6924999
        ],
        [
          37.1829499,
          56.69253
        ],
        [
          37.1828799,
          56.69256
        ],
        [
          37.1828,
          56.69259
        ],
        [
          37.18273,
          56.69262
        ],
        [
          37.1826499,
          56.69265
        ],
        [
          37.18258,
          56.69268
        ],
        [
          37.1825,
          56.69271
        ],
        [
          37.1824199,
          56.6927399
        ],
        [
          37.18235,
          56.6927699
        ],
        [
          37.18227,
          56.6927999
        ],
        [
          37.1821899,
          56.6928299
        ],
        [
          37.18211,
          56.6928599
        ],
        [
          37.1820299,
          56.69289
        ],
        [
          37.18195,
          56.6929299
        ],
        [
          37.1818699,
          56.6929599
        ],
        [
          37.18179,
          56.69299
        ],
        [
          37.18171,
          56.69302
        ],
        [
          37.1816299,
          56.69305
        ],
        [
          37.18156,
          56.69308
        ],
        [
          37.18148,
          56.69311
        ],
        [
          37.1813999,
          56.69314
        ],
        [
          37.18132,
          56.69317
        ],
        [
          37.1812399,
          56.6931999
        ],
        [
          37.18116,
          56.6932299
        ],
        [
          37.1810799,
          56.69327
        ],
        [
          37.181,
          56.6933
        ],
        [
          37.1809199,
          56.6933299
        ],
        [
          37.18084,
          56.6933599
        ],
        [
          37.18076,
          56.6933899
        ],
        [
          37.1806799,
          56.6934199
        ],
        [
          37.1806,
          56.6934599
        ],
        [
          37.1805199,
          56.6934899
        ],
        [
          37.1803599,
          56.6935499
        ],
        [
          37.18028,
          56.69357
        ],
        [
          37.18028,
          56.69357
        ],
        [
          37.1802,
          56.6936
        ],
        [
          37.1801199,
          56.69364
        ],
        [
          37.18004,
          56.69367
        ],
        [
          37.1799599,
          56.6937
        ],
        [
          37.17988,
          56.69373
        ],
        [
          37.1797999,
          56.69376
        ],
        [
          37.17972,
          56.6937899
        ],
        [
          37.1796299,
          56.6938199
        ],
        [
          37.17955,
          56.6938499
        ],
        [
          37.1794699,
          56.6938799
        ],
        [
          37.1794699,
          56.6938799
        ],
        [
          37.1792999,
          56.6939499
        ],
        [
          37.17922,
          56.6939799
        ],
        [
          37.1791399,
          56.6940099
        ],
        [
          37.17905,
          56.6940499
        ],
        [
          37.17897,
          56.6940799
        ],
        [
          37.17889,
          56.6941099
        ],
        [
          37.1788,
          56.6941499
        ],
        [
          37.1788,
          56.6941499
        ],
        [
          37.1787099,
          56.6941799
        ],
        [
          37.1785499,
          56.6942399
        ],
        [
          37.17847,
          56.69427
        ],
        [
          37.1783799,
          56.6943099
        ],
        [
          37.1783,
          56.6943399
        ],
        [
          37.1782199,
          56.6943699
        ],
        [
          37.1781299,
          56.6944
        ],
        [
          37.1779599,
          56.69446
        ],
        [
          37.1779599,
          56.69446
        ],
        [
          37.17788,
          56.69449
        ],
        [
          37.1777899,
          56.6945099
        ],
        [
          37.1776999,
          56.6945399
        ],
        [
          37.17761,
          56.69456
        ],
        [
          37.17752,
          56.69459
        ],
        [
          37.1774299,
          56.6946099
        ],
        [
          37.1773299,
          56.69463
        ],
        [
          37.1772399,
          56.69466
        ],
        [
          37.1771399,
          56.69468
        ],
        [
          37.17705,
          56.6946999
        ],
        [
          37.17695,
          56.69472
        ],
        [
          37.1768499,
          56.69475
        ],
        [
          37.17676,
          56.6947699
        ],
        [
          37.17666,
          56.69479
        ],
        [
          37.17666,
          56.69479
        ],
        [
          37.17647,
          56.6948299
        ],
        [
          37.17637,
          56.69485
        ],
        [
          37.1762799,
          56.6948699
        ],
        [
          37.1761899,
          56.6948999
        ],
        [
          37.1761,
          56.69492
        ],
        [
          37.17601,
          56.69496
        ],
        [
          37.1759299,
          56.69499
        ],
        [
          37.17584,
          56.69502
        ],
        [
          37.17584,
          56.69502
        ],
        [
          37.17568,
          56.69509
        ],
        [
          37.17568,
          56.69509
        ],
        [
          37.17544,
          56.6951999
        ],
        [
          37.17544,
          56.6951999
        ],
        [
          37.1753699,
          56.69524
        ],
        [
          37.1752999,
          56.69528
        ],
        [
          37.1752999,
          56.69528
        ],
        [
          37.17518,
          56.69537
        ],
        [
          37.17512,
          56.69541
        ],
        [
          37.17505,
          56.69545
        ],
        [
          37.17499,
          56.6955
        ],
        [
          37.17493,
          56.69554
        ],
        [
          37.1748699,
          56.69558
        ],
        [
          37.1748,
          56.6956299
        ],
        [
          37.1747399,
          56.69567
        ],
        [
          37.1746799,
          56.6957199
        ],
        [
          37.1746,
          56.6957599
        ],
        [
          37.17453,
          56.6957899
        ],
        [
          37.17453,
          56.6957899
        ],
        [
          37.17437,
          56.69587
        ],
        [
          37.17429,
          56.6959
        ],
        [
          37.17421,
          56.69593
        ],
        [
          37.17413,
          56.69596
        ],
        [
          37.1740499,
          56.6959899
        ],
        [
          37.1739599,
          56.6960199
        ],
        [
          37.17388,
          56.6960499
        ],
        [
          37.17388,
          56.6960499
        ],
        [
          37.1737199,
          56.6961099
        ],
        [
          37.17364,
          56.69614
        ],
        [
          37.17348,
          56.6962099
        ],
        [
          37.1733999,
          56.69624
        ],
        [
          37.1733999,
          56.69624
        ],
        [
          37.1733299,
          56.69627
        ],
        [
          37.17325,
          56.6963
        ],
        [
          37.1731699,
          56.69632
        ],
        [
          37.17309,
          56.69636
        ],
        [
          37.17302,
          56.69639
        ],
        [
          37.1729399,
          56.69642
        ],
        [
          37.17286,
          56.6964399
        ],
        [
          37.17279,
          56.69647
        ],
        [
          37.1727099,
          56.6965
        ],
        [
          37.17265,
          56.69653
        ],
        [
          37.1725699,
          56.6965699
        ],
        [
          37.1725099,
          56.69659
        ],
        [
          37.1724799,
          56.6966
        ],
        [
          37.17246,
          56.6966099
        ],
        [
          37.17246,
          56.6966099
        ],
        [
          37.17246,
          56.6966099
        ],
        [
          37.17237,
          56.69663
        ],
        [
          37.1723,
          56.69666
        ],
        [
          37.17226,
          56.6966699
        ],
        [
          37.1722199,
          56.69669
        ],
        [
          37.1722199,
          56.69669
        ],
        [
          37.1721199,
          56.69673
        ],
        [
          37.1720799,
          56.69675
        ],
        [
          37.17203,
          56.6967699
        ],
        [
          37.17197,
          56.69679
        ],
        [
          37.17197,
          56.69679
        ],
        [
          37.1719199,
          56.6968099
        ],
        [
          37.1717599,
          56.6968699
        ],
        [
          37.1717599,
          56.6968699
        ],
        [
          37.17167,
          56.69692
        ],
        [
          37.17167,
          56.69692
        ],
        [
          37.17167,
          56.69692
        ],
        [
          37.17158,
          56.69695
        ],
        [
          37.17158,
          56.69695
        ],
        [
          37.17154,
          56.6969699
        ],
        [
          37.17145,
          56.69701
        ],
        [
          37.17145,
          56.69701
        ],
        [
          37.1713999,
          56.69702
        ],
        [
          37.17131,
          56.69706
        ],
        [
          37.17127,
          56.69708
        ],
        [
          37.1712299,
          56.6970999
        ],
        [
          37.17119,
          56.69711
        ],
        [
          37.1711599,
          56.6971299
        ],
        [
          37.17112,
          56.69715
        ],
        [
          37.1710699,
          56.6971599
        ],
        [
          37.17102,
          56.69718
        ],
        [
          37.17102,
          56.69718
        ],
        [
          37.1709699,
          56.6971999
        ],
        [
          37.1709299,
          56.69722
        ],
        [
          37.17089,
          56.69724
        ],
        [
          37.17085,
          56.69725
        ],
        [
          37.17076,
          56.69729
        ],
        [
          37.17076,
          56.69729
        ],
        [
          37.17072,
          56.6972999
        ],
        [
          37.17068,
          56.69732
        ],
        [
          37.1706399,
          56.6973299
        ],
        [
          37.1706,
          56.69735
        ],
        [
          37.1705099,
          56.69738
        ],
        [
          37.1705099,
          56.69738
        ],
        [
          37.1704699,
          56.6973899
        ],
        [
          37.17043,
          56.69741
        ],
        [
          37.17039,
          56.69742
        ],
        [
          37.17036,
          56.6974299
        ],
        [
          37.17029,
          56.6974599
        ],
        [
          37.17029,
          56.6974599
        ],
        [
          37.17026,
          56.69747
        ],
        [
          37.17022,
          56.69748
        ],
        [
          37.17019,
          56.6974999
        ],
        [
          37.1701499,
          56.69751
        ],
        [
          37.1701199,
          56.6975299
        ],
        [
          37.1700799,
          56.69754
        ],
        [
          37.17,
          56.6975599
        ],
        [
          37.16996,
          56.69758
        ],
        [
          37.16996,
          56.69758
        ],
        [
          37.1698799,
          56.69761
        ],
        [
          37.16984,
          56.6976299
        ],
        [
          37.16984,
          56.6976299
        ],
        [
          37.16976,
          56.6976599
        ],
        [
          37.16976,
          56.6976599
        ],
        [
          37.16968,
          56.6976899
        ],
        [
          37.16964,
          56.6977
        ],
        [
          37.1696,
          56.6977199
        ],
        [
          37.1696,
          56.6977199
        ],
        [
          37.1695499,
          56.69774
        ],
        [
          37.1694599,
          56.69777
        ],
        [
          37.1694599,
          56.69777
        ],
        [
          37.16941,
          56.6977899
        ],
        [
          37.1693599,
          56.6978
        ],
        [
          37.16932,
          56.6978199
        ],
        [
          37.16927,
          56.69784
        ],
        [
          37.16922,
          56.6978599
        ],
        [
          37.16917,
          56.69788
        ],
        [
          37.16912,
          56.6979
        ],
        [
          37.1690699,
          56.6979199
        ],
        [
          37.16902,
          56.69794
        ],
        [
          37.1689599,
          56.6979599
        ],
        [
          37.16891,
          56.69798
        ],
        [
          37.1688699,
          56.698
        ],
        [
          37.16882,
          56.6980199
        ],
        [
          37.1687699,
          56.69804
        ],
        [
          37.16872,
          56.6980499
        ],
        [
          37.1686699,
          56.69807
        ],
        [
          37.16862,
          56.6980899
        ],
        [
          37.16858,
          56.69811
        ],
        [
          37.16853,
          56.69813
        ],
        [
          37.16848,
          56.6981499
        ],
        [
          37.1683699,
          56.6981899
        ],
        [
          37.1683699,
          56.6981899
        ],
        [
          37.16832,
          56.69821
        ],
        [
          37.1682699,
          56.6982199
        ],
        [
          37.1682099,
          56.6982499
        ],
        [
          37.16816,
          56.69827
        ],
        [
          37.1681,
          56.69829
        ],
        [
          37.1680499,
          56.6983099
        ],
        [
          37.16799,
          56.69833
        ],
        [
          37.16794,
          56.69834
        ],
        [
          37.16789,
          56.69836
        ],
        [
          37.16784,
          56.6983799
        ],
        [
          37.1677799,
          56.6984
        ],
        [
          37.16773,
          56.6984199
        ],
        [
          37.1676799,
          56.69844
        ],
        [
          37.1676199,
          56.69846
        ],
        [
          37.16757,
          56.6984799
        ],
        [
          37.1675199,
          56.6985
        ],
        [
          37.16747,
          56.69853
        ],
        [
          37.16741,
          56.6985499
        ],
        [
          37.1673599,
          56.69857
        ],
        [
          37.1673,
          56.69859
        ],
        [
          37.16724,
          56.6986099
        ],
        [
          37.16718,
          56.69863
        ],
        [
          37.1671299,
          56.6986499
        ],
        [
          37.16707,
          56.6986699
        ],
        [
          37.16702,
          56.69869
        ],
        [
          37.16691,
          56.6987399
        ],
        [
          37.16691,
          56.6987399
        ],
        [
          37.16685,
          56.69875
        ],
        [
          37.1667999,
          56.6987799
        ],
        [
          37.1667399,
          56.6988
        ],
        [
          37.16669,
          56.69882
        ],
        [
          37.1666299,
          56.69885
        ],
        [
          37.16658,
          56.6988699
        ],
        [
          37.1665299,
          56.69889
        ],
        [
          37.1664699,
          56.6989099
        ],
        [
          37.16642,
          56.69893
        ],
        [
          37.1663699,
          56.69895
        ],
        [
          37.1663099,
          56.69898
        ],
        [
          37.16625,
          56.6989999
        ],
        [
          37.16619,
          56.69903
        ],
        [
          37.16613,
          56.69905
        ],
        [
          37.1660799,
          56.6990699
        ],
        [
          37.16602,
          56.69909
        ],
        [
          37.16596,
          56.69912
        ],
        [
          37.1659,
          56.6991399
        ],
        [
          37.16584,
          56.69916
        ],
        [
          37.16579,
          56.69918
        ],
        [
          37.16573,
          56.6991999
        ],
        [
          37.16566,
          56.69922
        ],
        [
          37.16561,
          56.69925
        ],
        [
          37.1655499,
          56.6992699
        ],
        [
          37.1655,
          56.69929
        ],
        [
          37.16544,
          56.69932
        ],
        [
          37.1653899,
          56.69934
        ],
        [
          37.16533,
          56.6993599
        ],
        [
          37.16527,
          56.69938
        ],
        [
          37.16521,
          56.6993999
        ],
        [
          37.16515,
          56.6994299
        ],
        [
          37.1651,
          56.69945
        ],
        [
          37.16504,
          56.6994699
        ],
        [
          37.16497,
          56.69949
        ],
        [
          37.16492,
          56.69951
        ],
        [
          37.1648599,
          56.69954
        ],
        [
          37.16479,
          56.6995599
        ],
        [
          37.1647299,
          56.69958
        ],
        [
          37.1646699,
          56.69961
        ],
        [
          37.1645999,
          56.6996299
        ],
        [
          37.1645399,
          56.6996599
        ],
        [
          37.16448,
          56.69968
        ],
        [
          37.16442,
          56.69971
        ],
        [
          37.16436,
          56.6997299
        ],
        [
          37.1642999,
          56.6997599
        ],
        [
          37.16423,
          56.69978
        ],
        [
          37.1641699,
          56.6998
        ],
        [
          37.1641,
          56.6998299
        ],
        [
          37.16405,
          56.69985
        ],
        [
          37.16399,
          56.69988
        ],
        [
          37.16393,
          56.6999
        ],
        [
          37.16386,
          56.6999199
        ],
        [
          37.1638,
          56.69994
        ],
        [
          37.1637499,
          56.69997
        ],
        [
          37.1636799,
          56.6999899
        ],
        [
          37.1636199,
          56.70001
        ],
        [
          37.16356,
          56.70004
        ],
        [
          37.16351,
          56.7000599
        ],
        [
          37.1634499,
          56.7000899
        ],
        [
          37.1633899,
          56.70011
        ],
        [
          37.1633199,
          56.70014
        ],
        [
          37.1632499,
          56.7001599
        ],
        [
          37.1631899,
          56.7001799
        ],
        [
          37.1631199,
          56.7002
        ],
        [
          37.1630599,
          56.70023
        ],
        [
          37.163,
          56.7002499
        ],
        [
          37.1629299,
          56.70027
        ],
        [
          37.16287,
          56.7003
        ],
        [
          37.1627999,
          56.70033
        ],
        [
          37.16274,
          56.7003499
        ],
        [
          37.16267,
          56.7003799
        ],
        [
          37.1625999,
          56.7004099
        ],
        [
          37.1625299,
          56.70044
        ],
        [
          37.1624599,
          56.70047
        ],
        [
          37.16239,
          56.70049
        ],
        [
          37.16232,
          56.7005199
        ],
        [
          37.16225,
          56.70056
        ],
        [
          37.1621699,
          56.7005799
        ],
        [
          37.16209,
          56.7006099
        ],
        [
          37.16202,
          56.7006399
        ],
        [
          37.16195,
          56.70066
        ],
        [
          37.1618699,
          56.70069
        ],
        [
          37.1618,
          56.7007099
        ],
        [
          37.16172,
          56.7007399
        ],
        [
          37.1616499,
          56.70077
        ],
        [
          37.16157,
          56.7008
        ],
        [
          37.1615,
          56.70082
        ],
        [
          37.16143,
          56.70085
        ],
        [
          37.16136,
          56.7008699
        ],
        [
          37.1612899,
          56.70089
        ],
        [
          37.1612199,
          56.70092
        ],
        [
          37.16114,
          56.7009399
        ],
        [
          37.16107,
          56.7009699
        ],
        [
          37.161,
          56.701
        ],
        [
          37.1609199,
          56.70102
        ],
        [
          37.16085,
          56.70105
        ],
        [
          37.16078,
          56.70108
        ],
        [
          37.16071,
          56.7010999
        ],
        [
          37.16064,
          56.70113
        ],
        [
          37.16057,
          56.70115
        ],
        [
          37.1604999,
          56.70118
        ],
        [
          37.1604299,
          56.7012099
        ],
        [
          37.1603699,
          56.7012399
        ],
        [
          37.1602999,
          56.70126
        ],
        [
          37.1602299,
          56.70129
        ],
        [
          37.16016,
          56.70131
        ],
        [
          37.1600999,
          56.7013399
        ],
        [
          37.16003,
          56.70136
        ],
        [
          37.15996,
          56.70139
        ],
        [
          37.1598999,
          56.70141
        ],
        [
          37.15983,
          56.7014399
        ],
        [
          37.1597699,
          56.7014599
        ],
        [
          37.1597,
          56.70149
        ],
        [
          37.1596399,
          56.70151
        ],
        [
          37.1595799,
          56.70154
        ],
        [
          37.15952,
          56.7015599
        ],
        [
          37.1594499,
          56.70159
        ],
        [
          37.15939,
          56.70161
        ],
        [
          37.15934,
          56.7016299
        ],
        [
          37.1592799,
          56.7016599
        ],
        [
          37.1592199,
          56.70168
        ],
        [
          37.15916,
          56.7016999
        ],
        [
          37.1591,
          56.7017299
        ],
        [
          37.15903,
          56.70175
        ],
        [
          37.15897,
          56.70177
        ],
        [
          37.1589199,
          56.7017899
        ],
        [
          37.1588599,
          56.70182
        ],
        [
          37.1587899,
          56.70184
        ],
        [
          37.1587299,
          56.7018599
        ],
        [
          37.1586,
          56.7019199
        ],
        [
          37.1586,
          56.7019199
        ],
        [
          37.15854,
          56.70194
        ],
        [
          37.15847,
          56.70197
        ],
        [
          37.15841,
          56.7019899
        ],
        [
          37.15834,
          56.7020199
        ],
        [
          37.1582699,
          56.70204
        ],
        [
          37.1581999,
          56.70207
        ],
        [
          37.1581299,
          56.7020899
        ],
        [
          37.1580699,
          56.7021199
        ],
        [
          37.1579999,
          56.70214
        ],
        [
          37.1579299,
          56.70217
        ],
        [
          37.1578699,
          56.7021899
        ],
        [
          37.1578099,
          56.70221
        ],
        [
          37.15775,
          56.70224
        ],
        [
          37.1576799,
          56.7022599
        ],
        [
          37.15763,
          56.70228
        ],
        [
          37.1575699,
          56.7023
        ],
        [
          37.1575099,
          56.70233
        ],
        [
          37.1574499,
          56.7023499
        ],
        [
          37.15739,
          56.7023799
        ],
        [
          37.15733,
          56.7024
        ],
        [
          37.15726,
          56.7024199
        ],
        [
          37.1572,
          56.7024499
        ],
        [
          37.15714,
          56.7024799
        ],
        [
          37.15707,
          56.7025
        ],
        [
          37.15701,
          56.70253
        ],
        [
          37.1568799,
          56.7025799
        ],
        [
          37.1568799,
          56.7025799
        ],
        [
          37.15681,
          56.7026099
        ],
        [
          37.1567499,
          56.70264
        ],
        [
          37.15668,
          56.70266
        ],
        [
          37.15661,
          56.70269
        ],
        [
          37.15654,
          56.7027099
        ],
        [
          37.15648,
          56.70274
        ],
        [
          37.15641,
          56.70277
        ],
        [
          37.15635,
          56.70279
        ],
        [
          37.15628,
          56.7028099
        ],
        [
          37.15622,
          56.7028399
        ],
        [
          37.1561599,
          56.70287
        ],
        [
          37.15609,
          56.70289
        ],
        [
          37.1560299,
          56.70292
        ],
        [
          37.15596,
          56.7029399
        ],
        [
          37.1558999,
          56.7029699
        ],
        [
          37.1558299,
          56.70299
        ],
        [
          37.15576,
          56.70302
        ],
        [
          37.15569,
          56.70305
        ],
        [
          37.1556099,
          56.7030799
        ],
        [
          37.15553,
          56.7031099
        ],
        [
          37.15545,
          56.7031399
        ],
        [
          37.1553699,
          56.7031699
        ],
        [
          37.15522,
          56.7032399
        ],
        [
          37.15522,
          56.7032399
        ],
        [
          37.1551399,
          56.7032699
        ],
        [
          37.15507,
          56.7032999
        ],
        [
          37.155,
          56.70332
        ],
        [
          37.15493,
          56.70335
        ],
        [
          37.15486,
          56.7033699
        ],
        [
          37.1548,
          56.7033999
        ],
        [
          37.15474,
          56.70342
        ],
        [
          37.15468,
          56.7034399
        ],
        [
          37.1546199,
          56.70346
        ],
        [
          37.1545599,
          56.70348
        ],
        [
          37.1545,
          56.70351
        ],
        [
          37.15444,
          56.7035299
        ],
        [
          37.15437,
          56.70355
        ],
        [
          37.1543199,
          56.70358
        ],
        [
          37.15425,
          56.7035999
        ],
        [
          37.1541899,
          56.7036299
        ],
        [
          37.1541299,
          56.7036599
        ],
        [
          37.1540599,
          56.70368
        ],
        [
          37.1539999,
          56.70371
        ],
        [
          37.1539299,
          56.7037299
        ],
        [
          37.1538599,
          56.7037599
        ],
        [
          37.15379,
          56.70378
        ],
        [
          37.15372,
          56.70381
        ],
        [
          37.15365,
          56.70384
        ],
        [
          37.15358,
          56.7038599
        ],
        [
          37.1535099,
          56.7038899
        ],
        [
          37.15345,
          56.70392
        ],
        [
          37.1533799,
          56.70394
        ],
        [
          37.1533099,
          56.70397
        ],
        [
          37.1532399,
          56.7039999
        ],
        [
          37.15317,
          56.70402
        ],
        [
          37.1531,
          56.70405
        ],
        [
          37.15303,
          56.70408
        ],
        [
          37.15297,
          56.7041
        ],
        [
          37.1529,
          56.7041299
        ],
        [
          37.15283,
          56.70415
        ],
        [
          37.15276,
          56.70418
        ],
        [
          37.1526899,
          56.7042
        ],
        [
          37.15256,
          56.70425
        ],
        [
          37.15256,
          56.70425
        ],
        [
          37.1524199,
          56.70431
        ],
        [
          37.1524199,
          56.70431
        ],
        [
          37.1523499,
          56.70433
        ],
        [
          37.1522899,
          56.7043599
        ],
        [
          37.1522199,
          56.70438
        ],
        [
          37.15215,
          56.70441
        ],
        [
          37.1520899,
          56.70443
        ],
        [
          37.15202,
          56.7044599
        ],
        [
          37.1519599,
          56.7044799
        ],
        [
          37.15191,
          56.70451
        ],
        [
          37.15184,
          56.70453
        ],
        [
          37.15178,
          56.70456
        ],
        [
          37.15171,
          56.7045799
        ],
        [
          37.1516399,
          56.7046
        ],
        [
          37.15158,
          56.70463
        ],
        [
          37.15151,
          56.70466
        ],
        [
          37.15145,
          56.7046899
        ],
        [
          37.15138,
          56.7047199
        ],
        [
          37.1513099,
          56.70474
        ],
        [
          37.15125,
          56.70477
        ],
        [
          37.1511799,
          56.70479
        ],
        [
          37.1511099,
          56.7048199
        ],
        [
          37.15103,
          56.70484
        ],
        [
          37.15096,
          56.70487
        ],
        [
          37.15089,
          56.7049
        ],
        [
          37.1508199,
          56.70493
        ],
        [
          37.1507499,
          56.7049499
        ],
        [
          37.1506,
          56.7050099
        ],
        [
          37.15053,
          56.7050399
        ],
        [
          37.15053,
          56.7050399
        ],
        [
          37.15046,
          56.70507
        ],
        [
          37.15038,
          56.70509
        ],
        [
          37.15031,
          56.70512
        ],
        [
          37.15024,
          56.70515
        ],
        [
          37.15017,
          56.7051799
        ],
        [
          37.1500899,
          56.7052099
        ],
        [
          37.1500199,
          56.7052399
        ],
        [
          37.14994,
          56.70526
        ],
        [
          37.14987,
          56.70529
        ],
        [
          37.1497999,
          56.70532
        ],
        [
          37.1497299,
          56.70535
        ],
        [
          37.1496599,
          56.70538
        ],
        [
          37.14959,
          56.7053999
        ],
        [
          37.1495299,
          56.70543
        ],
        [
          37.1494699,
          56.70545
        ],
        [
          37.1493999,
          56.70548
        ],
        [
          37.1493399,
          56.7054999
        ],
        [
          37.14928,
          56.70553
        ],
        [
          37.14922,
          56.70555
        ],
        [
          37.14916,
          56.7055699
        ],
        [
          37.1490999,
          56.70559
        ],
        [
          37.1490399,
          56.70562
        ],
        [
          37.1489799,
          56.7056399
        ],
        [
          37.1489099,
          56.70566
        ],
        [
          37.1488499,
          56.70569
        ],
        [
          37.14879,
          56.70571
        ],
        [
          37.14873,
          56.7057399
        ],
        [
          37.1486,
          56.70579
        ],
        [
          37.1486,
          56.70579
        ],
        [
          37.14854,
          56.70581
        ],
        [
          37.14847,
          56.70584
        ],
        [
          37.1484,
          56.7058599
        ],
        [
          37.14834,
          56.70589
        ],
        [
          37.14827,
          56.70592
        ],
        [
          37.1482,
          56.70594
        ],
        [
          37.14813,
          56.7059699
        ],
        [
          37.1480599,
          56.7059899
        ],
        [
          37.148,
          56.70602
        ],
        [
          37.1479299,
          56.70605
        ],
        [
          37.14785,
          56.70608
        ],
        [
          37.1477899,
          56.70611
        ],
        [
          37.14772,
          56.7061299
        ],
        [
          37.1476599,
          56.7061599
        ],
        [
          37.1475899,
          56.70618
        ],
        [
          37.1475299,
          56.7062
        ],
        [
          37.1474599,
          56.7062299
        ],
        [
          37.14741,
          56.70625
        ],
        [
          37.14735,
          56.70627
        ],
        [
          37.1472999,
          56.7062899
        ],
        [
          37.1472399,
          56.70631
        ],
        [
          37.14719,
          56.7063299
        ],
        [
          37.1471399,
          56.70635
        ],
        [
          37.14709,
          56.70637
        ],
        [
          37.14705,
          56.7063899
        ],
        [
          37.14696,
          56.70643
        ],
        [
          37.14696,
          56.70643
        ],
        [
          37.14692,
          56.7064499
        ],
        [
          37.1468699,
          56.70647
        ],
        [
          37.14682,
          56.7064899
        ],
        [
          37.14676,
          56.70651
        ],
        [
          37.1467,
          56.70653
        ],
        [
          37.1466399,
          56.7065599
        ],
        [
          37.14659,
          56.70658
        ],
        [
          37.14653,
          56.7066
        ],
        [
          37.14647,
          56.7066199
        ],
        [
          37.1464,
          56.70664
        ],
        [
          37.14634,
          56.70667
        ],
        [
          37.1462799,
          56.7066899
        ],
        [
          37.1462199,
          56.7067199
        ],
        [
          37.14616,
          56.70674
        ],
        [
          37.1461,
          56.70677
        ],
        [
          37.14603,
          56.7067899
        ],
        [
          37.14597,
          56.70681
        ],
        [
          37.1459,
          56.70684
        ],
        [
          37.14584,
          56.70686
        ],
        [
          37.14578,
          56.7068799
        ],
        [
          37.1457299,
          56.7069099
        ],
        [
          37.14567,
          56.70693
        ],
        [
          37.14567,
          56.70693
        ],
        [
          37.14557,
          56.70696
        ],
        [
          37.1455299,
          56.7069799
        ],
        [
          37.14548,
          56.707
        ],
        [
          37.14545,
          56.7070199
        ],
        [
          37.1453999,
          56.70704
        ],
        [
          37.1453999,
          56.70704
        ],
        [
          37.14531,
          56.70707
        ],
        [
          37.14528,
          56.70709
        ],
        [
          37.14528,
          56.70709
        ],
        [
          37.14519,
          56.70712
        ],
        [
          37.1451399,
          56.7071399
        ],
        [
          37.1450999,
          56.70716
        ],
        [
          37.14506,
          56.7071799
        ],
        [
          37.1450099,
          56.7072
        ],
        [
          37.14496,
          56.70722
        ],
        [
          37.1448999,
          56.7072399
        ],
        [
          37.14485,
          56.70726
        ],
        [
          37.14479,
          56.7072799
        ],
        [
          37.1447399,
          56.7073
        ],
        [
          37.14469,
          56.70733
        ],
        [
          37.14463,
          56.70735
        ],
        [
          37.14452,
          56.7074
        ],
        [
          37.14452,
          56.7074
        ],
        [
          37.14452,
          56.7074
        ],
        [
          37.1444,
          56.70745
        ],
        [
          37.1443499,
          56.7074699
        ],
        [
          37.1443,
          56.70749
        ],
        [
          37.1443,
          56.70749
        ],
        [
          37.1442,
          56.7075399
        ],
        [
          37.1441499,
          56.70756
        ],
        [
          37.1440899,
          56.70759
        ],
        [
          37.14404,
          56.7076099
        ],
        [
          37.1439899,
          56.7076399
        ],
        [
          37.14393,
          56.70766
        ],
        [
          37.14388,
          56.70768
        ],
        [
          37.1438199,
          56.70771
        ],
        [
          37.1438199,
          56.70771
        ],
        [
          37.14371,
          56.70776
        ],
        [
          37.14365,
          56.70778
        ],
        [
          37.1436,
          56.70781
        ],
        [
          37.14354,
          56.7078399
        ],
        [
          37.14348,
          56.70786
        ],
        [
          37.14342,
          56.70789
        ],
        [
          37.1433599,
          56.70792
        ],
        [
          37.1432999,
          56.70795
        ],
        [
          37.1431699,
          56.70801
        ],
        [
          37.14311,
          56.7080299
        ],
        [
          37.1430399,
          56.7080599
        ],
        [
          37.14298,
          56.70809
        ],
        [
          37.14298,
          56.70809
        ],
        [
          37.14292,
          56.70812
        ],
        [
          37.14285,
          56.70815
        ],
        [
          37.14279,
          56.70818
        ],
        [
          37.14273,
          56.70821
        ],
        [
          37.14266,
          56.7082299
        ],
        [
          37.1426,
          56.7082599
        ],
        [
          37.1425399,
          56.7082899
        ],
        [
          37.1424799,
          56.70832
        ],
        [
          37.14242,
          56.70835
        ],
        [
          37.14236,
          56.70838
        ],
        [
          37.1423,
          56.7084
        ],
        [
          37.1422399,
          56.7084199
        ],
        [
          37.14219,
          56.70845
        ],
        [
          37.14213,
          56.70848
        ],
        [
          37.14207,
          56.70851
        ],
        [
          37.1420099,
          56.7085299
        ],
        [
          37.1419499,
          56.7085599
        ],
        [
          37.1419,
          56.7085899
        ],
        [
          37.14183,
          56.70861
        ],
        [
          37.1417799,
          56.70863
        ],
        [
          37.1417199,
          56.7086599
        ],
        [
          37.1417199,
          56.7086599
        ],
        [
          37.14161,
          56.70871
        ],
        [
          37.14155,
          56.70874
        ],
        [
          37.14145,
          56.7087899
        ],
        [
          37.1413899,
          56.70881
        ],
        [
          37.1413899,
          56.70881
        ],
        [
          37.1413299,
          56.70884
        ],
        [
          37.14127,
          56.70886
        ],
        [
          37.14121,
          56.7088899
        ],
        [
          37.1411599,
          56.7089199
        ],
        [
          37.1410999,
          56.7089499
        ],
        [
          37.14104,
          56.70897
        ],
        [
          37.14098,
          56.709
        ],
        [
          37.14092,
          56.70903
        ],
        [
          37.1408699,
          56.7090499
        ],
        [
          37.14081,
          56.7090799
        ],
        [
          37.14075,
          56.7091099
        ],
        [
          37.14075,
          56.7091099
        ],
        [
          37.1406399,
          56.70916
        ],
        [
          37.14058,
          56.7092
        ],
        [
          37.14052,
          56.70922
        ],
        [
          37.14046,
          56.70926
        ],
        [
          37.1404,
          56.70929
        ],
        [
          37.1403399,
          56.7093099
        ],
        [
          37.14029,
          56.7093399
        ],
        [
          37.14029,
          56.7093399
        ],
        [
          37.14023,
          56.70937
        ],
        [
          37.14012,
          56.70943
        ],
        [
          37.14006,
          56.70946
        ],
        [
          37.14,
          56.70949
        ],
        [
          37.13989,
          56.70955
        ],
        [
          37.13989,
          56.70955
        ],
        [
          37.13983,
          56.7095799
        ],
        [
          37.13977,
          56.7096099
        ],
        [
          37.13971,
          56.7096399
        ],
        [
          37.1396499,
          56.70966
        ],
        [
          37.1396499,
          56.70966
        ],
        [
          37.13953,
          56.70972
        ],
        [
          37.13947,
          56.70975
        ],
        [
          37.1394199,
          56.70978
        ],
        [
          37.13935,
          56.7098099
        ],
        [
          37.1392899,
          56.7098399
        ],
        [
          37.13924,
          56.7098699
        ],
        [
          37.13918,
          56.7098999
        ],
        [
          37.13912,
          56.7099299
        ],
        [
          37.1390599,
          56.70996
        ],
        [
          37.13901,
          56.70999
        ],
        [
          37.13895,
          56.71002
        ],
        [
          37.13889,
          56.71005
        ],
        [
          37.1388299,
          56.71008
        ],
        [
          37.1387699,
          56.71011
        ],
        [
          37.1387699,
          56.71011
        ],
        [
          37.13865,
          56.71018
        ],
        [
          37.13858,
          56.71021
        ],
        [
          37.1384699,
          56.71028
        ],
        [
          37.1384699,
          56.71028
        ],
        [
          37.1384099,
          56.71031
        ],
        [
          37.13835,
          56.71034
        ],
        [
          37.13829,
          56.71037
        ],
        [
          37.13823,
          56.7103999
        ],
        [
          37.1381699,
          56.7104299
        ],
        [
          37.1381099,
          56.7104599
        ],
        [
          37.1380499,
          56.7104999
        ],
        [
          37.138,
          56.7105299
        ],
        [
          37.1379399,
          56.7105599
        ],
        [
          37.1378799,
          56.7105899
        ],
        [
          37.1378199,
          56.7106199
        ],
        [
          37.13777,
          56.71065
        ],
        [
          37.1377099,
          56.71068
        ],
        [
          37.1376499,
          56.71071
        ],
        [
          37.1375899,
          56.71074
        ],
        [
          37.13754,
          56.71077
        ],
        [
          37.13754,
          56.71077
        ],
        [
          37.1374199,
          56.71084
        ],
        [
          37.1373599,
          56.71087
        ],
        [
          37.1373,
          56.7109
        ],
        [
          37.13724,
          56.71093
        ],
        [
          37.13718,
          56.71096
        ],
        [
          37.1371299,
          56.7109899
        ],
        [
          37.13707,
          56.71103
        ],
        [
          37.13707,
          56.71103
        ],
        [
          37.1369599,
          56.7110899
        ],
        [
          37.1368999,
          56.7111199
        ],
        [
          37.13684,
          56.7111499
        ],
        [
          37.13679,
          56.71119
        ],
        [
          37.13674,
          56.7112199
        ],
        [
          37.13674,
          56.7112199
        ],
        [
          37.13668,
          56.71124
        ],
        [
          37.1365399,
          56.71127
        ],
        [
          37.13646,
          56.7112799
        ],
        [
          37.13638,
          56.71127
        ],
        [
          37.1363099,
          56.71126
        ],
        [
          37.13623,
          56.7112499
        ],
        [
          37.13616,
          56.71124
        ],
        [
          37.1360799,
          56.71124
        ],
        [
          37.1360099,
          56.71124
        ],
        [
          37.1359399,
          56.71124
        ],
        [
          37.1358799,
          56.7112499
        ],
        [
          37.1358099,
          56.71126
        ],
        [
          37.13574,
          56.7112799
        ],
        [
          37.13567,
          56.7113
        ],
        [
          37.1356099,
          56.7113199
        ],
        [
          37.1355499,
          56.71134
        ],
        [
          37.1354899,
          56.7113499
        ],
        [
          37.13544,
          56.71137
        ],
        [
          37.1353799,
          56.7114
        ],
        [
          37.13533,
          56.71142
        ],
        [
          37.13528,
          56.7114399
        ],
        [
          37.13523,
          56.71146
        ],
        [
          37.13518,
          56.7114799
        ],
        [
          37.13513,
          56.7115
        ],
        [
          37.1350899,
          56.71153
        ],
        [
          37.13505,
          56.7115499
        ],
        [
          37.13501,
          56.7115699
        ],
        [
          37.13497,
          56.71159
        ],
        [
          37.13494,
          56.71162
        ],
        [
          37.1349,
          56.71165
        ],
        [
          37.1348599,
          56.71169
        ],
        [
          37.13482,
          56.71172
        ],
        [
          37.13478,
          56.71175
        ],
        [
          37.1347299,
          56.7117799
        ],
        [
          37.1346899,
          56.7118099
        ],
        [
          37.13465,
          56.71185
        ],
        [
          37.1345999,
          56.71188
        ],
        [
          37.13455,
          56.71192
        ],
        [
          37.1344999,
          56.71195
        ],
        [
          37.13445,
          56.71199
        ],
        [
          37.13439,
          56.7120299
        ],
        [
          37.1343399,
          56.71206
        ],
        [
          37.13428,
          56.7120999
        ],
        [
          37.13422,
          56.7121399
        ],
        [
          37.1341699,
          56.7121699
        ],
        [
          37.1341699,
          56.7121699
        ],
        [
          37.13406,
          56.71224
        ],
        [
          37.1340099,
          56.7122699
        ],
        [
          37.13396,
          56.7122999
        ],
        [
          37.1339,
          56.7123299
        ],
        [
          37.13385,
          56.7123599
        ],
        [
          37.1338,
          56.71239
        ],
        [
          37.13376,
          56.71242
        ],
        [
          37.13373,
          56.7124599
        ],
        [
          37.1337,
          56.7124999
        ],
        [
          37.13367,
          56.7125299
        ],
        [
          37.1336499,
          56.71257
        ],
        [
          37.13363,
          56.71261
        ],
        [
          37.1336099,
          56.7126599
        ],
        [
          37.1335799,
          56.7127
        ],
        [
          37.1335499,
          56.71274
        ],
        [
          37.1335099,
          56.71277
        ],
        [
          37.13346,
          56.7128
        ],
        [
          37.1334099,
          56.7128299
        ],
        [
          37.1333499,
          56.7128599
        ],
        [
          37.1333,
          56.7128899
        ],
        [
          37.13324,
          56.7129199
        ],
        [
          37.1331799,
          56.7129499
        ],
        [
          37.1331199,
          56.71297
        ],
        [
          37.1330599,
          56.713
        ],
        [
          37.13301,
          56.71303
        ],
        [
          37.13295,
          56.7130599
        ],
        [
          37.1329,
          56.7130799
        ],
        [
          37.13285,
          56.7131199
        ],
        [
          37.1328,
          56.7131499
        ],
        [
          37.13275,
          56.7131799
        ],
        [
          37.13275,
          56.7131799
        ],
        [
          37.1326299,
          56.71323
        ],
        [
          37.1326299,
          56.71323
        ],
        [
          37.13251,
          56.7133
        ],
        [
          37.13244,
          56.71333
        ],
        [
          37.13244,
          56.71333
        ],
        [
          37.13231,
          56.7133799
        ],
        [
          37.13226,
          56.7134099
        ],
        [
          37.1321999,
          56.71344
        ],
        [
          37.13216,
          56.71347
        ],
        [
          37.13212,
          56.71349
        ],
        [
          37.1320999,
          56.71353
        ],
        [
          37.13209,
          56.7135499
        ],
        [
          37.1320699,
          56.71357
        ],
        [
          37.13205,
          56.7135799
        ],
        [
          37.13202,
          56.7136
        ],
        [
          37.13198,
          56.7136099
        ],
        [
          37.13196,
          56.71362
        ],
        [
          37.13193,
          56.71363
        ],
        [
          37.13192,
          56.7136499
        ],
        [
          37.13192,
          56.71367
        ],
        [
          37.13193,
          56.7136799
        ],
        [
          37.13196,
          56.7136799
        ],
        [
          37.13202,
          56.71367
        ],
        [
          37.13202,
          56.71367
        ],
        [
          37.13203,
          56.71366
        ],
        [
          37.13203,
          56.71366
        ],
        [
          37.13203,
          56.71366
        ],
        [
          37.13208,
          56.7136399
        ],
        [
          37.13209,
          56.71363
        ],
        [
          37.13222,
          56.7136399
        ],
        [
          37.1322399,
          56.7136399
        ],
        [
          37.13226,
          56.7136399
        ],
        [
          37.13229,
          56.7136399
        ],
        [
          37.13231,
          56.7136399
        ],
        [
          37.13234,
          56.7136399
        ],
        [
          37.1323699,
          56.7136399
        ],
        [
          37.13239,
          56.7136399
        ],
        [
          37.13242,
          56.7136399
        ],
        [
          37.13244,
          56.7136399
        ],
        [
          37.1324599,
          56.7136399
        ],
        [
          37.1343999,
          56.71468
        ],
        [
          37.13441,
          56.7146999
        ],
        [
          37.1344299,
          56.71471
        ],
        [
          37.1344399,
          56.7147299
        ],
        [
          37.13446,
          56.71474
        ],
        [
          37.13449,
          56.7147599
        ],
        [
          37.13451,
          56.71478
        ],
        [
          37.13452,
          56.7147999
        ],
        [
          37.13454,
          56.7148199
        ],
        [
          37.1345599,
          56.71484
        ],
        [
          37.1345699,
          56.7148599
        ],
        [
          37.1345999,
          56.71488
        ],
        [
          37.13462,
          56.7149
        ],
        [
          37.13464,
          56.7149199
        ],
        [
          37.1346599,
          56.71494
        ],
        [
          37.13468,
          56.71497
        ],
        [
          37.13471,
          56.7149899
        ],
        [
          37.1347299,
          56.7150199
        ],
        [
          37.13475,
          56.7150499
        ],
        [
          37.13477,
          56.71507
        ],
        [
          37.1347899,
          56.7151
        ],
        [
          37.1347999,
          56.71513
        ],
        [
          37.1347999,
          56.71517
        ],
        [
          37.1347999,
          56.7152
        ],
        [
          37.1347999,
          56.7152
        ],
        [
          37.1347999,
          56.7152899
        ],
        [
          37.1347999,
          56.7152899
        ],
        [
          37.1347999,
          56.71531
        ],
        [
          37.1347999,
          56.71533
        ],
        [
          37.1347999,
          56.71533
        ],
        [
          37.1347999,
          56.71533
        ],
        [
          37.13484,
          56.71533
        ],
        [
          37.1348599,
          56.71534
        ],
        [
          37.1348899,
          56.7153499
        ],
        [
          37.1349199,
          56.71536
        ],
        [
          37.13495,
          56.7153799
        ],
        [
          37.13498,
          56.71541
        ],
        [
          37.1349899,
          56.71544
        ],
        [
          37.13501,
          56.71549
        ],
        [
          37.13501,
          56.71549
        ],
        [
          37.13505,
          56.71559
        ],
        [
          37.13507,
          56.71563
        ],
        [
          37.1351,
          56.7156799
        ],
        [
          37.1351199,
          56.71573
        ],
        [
          37.1351499,
          56.71579
        ],
        [
          37.13518,
          56.7158399
        ],
        [
          37.1352,
          56.71589
        ],
        [
          37.13523,
          56.71595
        ],
        [
          37.1352599,
          56.716
        ],
        [
          37.13528,
          56.71606
        ],
        [
          37.13531,
          56.71612
        ],
        [
          37.13534,
          56.7161699
        ],
        [
          37.13537,
          56.71623
        ],
        [
          37.1354,
          56.71629
        ],
        [
          37.13543,
          56.71635
        ],
        [
          37.13546,
          56.71641
        ],
        [
          37.1354899,
          56.7164699
        ],
        [
          37.1355199,
          56.7165299
        ],
        [
          37.13556,
          56.71659
        ],
        [
          37.13559,
          56.71665
        ],
        [
          37.1356199,
          56.71671
        ],
        [
          37.1356499,
          56.71678
        ],
        [
          37.1356799,
          56.71684
        ],
        [
          37.1357099,
          56.7168999
        ],
        [
          37.1357499,
          56.7169599
        ],
        [
          37.1357799,
          56.7170199
        ],
        [
          37.1358099,
          56.7170899
        ],
        [
          37.1358399,
          56.71715
        ],
        [
          37.13587,
          56.71721
        ],
        [
          37.1359,
          56.71728
        ],
        [
          37.13593,
          56.71734
        ],
        [
          37.13596,
          56.7174
        ],
        [
          37.13599,
          56.71746
        ],
        [
          37.13602,
          56.7175199
        ],
        [
          37.13605,
          56.71757
        ],
        [
          37.1360799,
          56.71763
        ],
        [
          37.1361099,
          56.7176799
        ],
        [
          37.1361399,
          56.71774
        ],
        [
          37.1361699,
          56.71779
        ],
        [
          37.1361999,
          56.7178499
        ],
        [
          37.13622,
          56.7179
        ],
        [
          37.1362399,
          56.71796
        ],
        [
          37.1362699,
          56.71802
        ],
        [
          37.1362999,
          56.71806
        ],
        [
          37.13632,
          56.7181099
        ],
        [
          37.13635,
          56.71816
        ],
        [
          37.1363699,
          56.7182099
        ],
        [
          37.13639,
          56.71826
        ],
        [
          37.13642,
          56.7183099
        ],
        [
          37.1364399,
          56.71836
        ],
        [
          37.1364699,
          56.7184099
        ],
        [
          37.13649,
          56.7184699
        ],
        [
          37.13652,
          56.71852
        ],
        [
          37.1365399,
          56.7185699
        ],
        [
          37.1365699,
          56.71862
        ],
        [
          37.13659,
          56.7186699
        ],
        [
          37.13661,
          56.71872
        ],
        [
          37.13664,
          56.7187699
        ],
        [
          37.1366699,
          56.71882
        ],
        [
          37.1366999,
          56.7188699
        ],
        [
          37.13672,
          56.7189299
        ],
        [
          37.13675,
          56.71898
        ],
        [
          37.13678,
          56.7190299
        ],
        [
          37.1367999,
          56.71908
        ],
        [
          37.1368299,
          56.7191299
        ],
        [
          37.13685,
          56.71918
        ],
        [
          37.13687,
          56.7192299
        ],
        [
          37.1368999,
          56.71928
        ],
        [
          37.1368999,
          56.71928
        ],
        [
          37.1369599,
          56.71938
        ],
        [
          37.1369899,
          56.71944
        ],
        [
          37.13701,
          56.7195
        ],
        [
          37.13704,
          56.7195499
        ],
        [
          37.13707,
          56.7196
        ],
        [
          37.1370899,
          56.7196499
        ],
        [
          37.1370899,
          56.7196499
        ],
        [
          37.13714,
          56.71976
        ],
        [
          37.13714,
          56.71976
        ],
        [
          37.13717,
          56.7198099
        ],
        [
          37.1372299,
          56.7199199
        ],
        [
          37.13725,
          56.7199799
        ],
        [
          37.13725,
          56.7199799
        ],
        [
          37.13731,
          56.72009
        ],
        [
          37.13731,
          56.72009
        ],
        [
          37.1373599,
          56.7202
        ],
        [
          37.1373599,
          56.7202
        ],
        [
          37.1374199,
          56.72032
        ],
        [
          37.1374499,
          56.7203799
        ],
        [
          37.13751,
          56.72049
        ],
        [
          37.13751,
          56.72049
        ],
        [
          37.13754,
          56.72055
        ],
        [
          37.13757,
          56.7206099
        ],
        [
          37.1375899,
          56.7206699
        ],
        [
          37.1376199,
          56.7207299
        ],
        [
          37.1376499,
          56.72078
        ],
        [
          37.1376799,
          56.72084
        ],
        [
          37.1377,
          56.7208999
        ],
        [
          37.13773,
          56.72095
        ],
        [
          37.13776,
          56.72101
        ],
        [
          37.13776,
          56.72101
        ],
        [
          37.1378099,
          56.72112
        ],
        [
          37.13783,
          56.72117
        ],
        [
          37.13786,
          56.7212299
        ],
        [
          37.1378799,
          56.72128
        ],
        [
          37.1378799,
          56.72128
        ],
        [
          37.1379399,
          56.72138
        ],
        [
          37.13796,
          56.72144
        ],
        [
          37.13796,
          56.72144
        ],
        [
          37.13799,
          56.7214899
        ],
        [
          37.1380499,
          56.7216
        ],
        [
          37.1380499,
          56.7216
        ],
        [
          37.1380799,
          56.7216599
        ],
        [
          37.1381099,
          56.7217199
        ],
        [
          37.13813,
          56.72177
        ],
        [
          37.13816,
          56.72183
        ],
        [
          37.13819,
          56.7218799
        ],
        [
          37.1382099,
          56.72194
        ],
        [
          37.13823,
          56.72199
        ],
        [
          37.13826,
          56.7220499
        ],
        [
          37.1382799,
          56.7221099
        ],
        [
          37.1383,
          56.72217
        ],
        [
          37.13833,
          56.7222799
        ],
        [
          37.13833,
          56.7222799
        ],
        [
          37.1383399,
          56.72233
        ],
        [
          37.13836,
          56.72245
        ],
        [
          37.13836,
          56.72245
        ],
        [
          37.1383699,
          56.7225099
        ],
        [
          37.1383699,
          56.72262
        ],
        [
          37.1383699,
          56.72262
        ],
        [
          37.13836,
          56.7226699
        ],
        [
          37.13836,
          56.72273
        ],
        [
          37.1383399,
          56.72278
        ],
        [
          37.13833,
          56.7228399
        ],
        [
          37.1383099,
          56.72289
        ],
        [
          37.13829,
          56.72295
        ],
        [
          37.1382699,
          56.7229999
        ],
        [
          37.1382399,
          56.7230599
        ],
        [
          37.1382099,
          56.72311
        ],
        [
          37.1381799,
          56.7231599
        ],
        [
          37.13815,
          56.72322
        ],
        [
          37.13812,
          56.72328
        ],
        [
          37.13809,
          56.7233299
        ],
        [
          37.13806,
          56.7233899
        ],
        [
          37.13796,
          56.72355
        ],
        [
          37.13796,
          56.72355
        ],
        [
          37.1379399,
          56.7236
        ],
        [
          37.13792,
          56.7236599
        ],
        [
          37.13789,
          56.72371
        ],
        [
          37.13786,
          56.7237599
        ],
        [
          37.1378199,
          56.72381
        ],
        [
          37.1378199,
          56.72381
        ],
        [
          37.13776,
          56.7239
        ],
        [
          37.13776,
          56.7239
        ],
        [
          37.13773,
          56.72396
        ],
        [
          37.1377,
          56.72401
        ],
        [
          37.13764,
          56.7241099
        ],
        [
          37.13761,
          56.72416
        ],
        [
          37.1375799,
          56.7242099
        ],
        [
          37.1375499,
          56.72426
        ],
        [
          37.1375199,
          56.72432
        ],
        [
          37.1374799,
          56.72437
        ],
        [
          37.1374199,
          56.7244799
        ],
        [
          37.13738,
          56.72453
        ],
        [
          37.13738,
          56.72453
        ],
        [
          37.1373599,
          56.72459
        ],
        [
          37.13733,
          56.7246399
        ],
        [
          37.1372899,
          56.72469
        ],
        [
          37.1372899,
          56.72469
        ],
        [
          37.13725,
          56.72475
        ],
        [
          37.13721,
          56.7247999
        ],
        [
          37.13718,
          56.72485
        ],
        [
          37.13715,
          56.7249099
        ],
        [
          37.1371299,
          56.72496
        ],
        [
          37.1371,
          56.72502
        ],
        [
          37.13707,
          56.7250699
        ],
        [
          37.13704,
          56.72512
        ],
        [
          37.1369999,
          56.7251699
        ],
        [
          37.13697,
          56.72522
        ],
        [
          37.13694,
          56.7252699
        ],
        [
          37.13692,
          56.72532
        ],
        [
          37.1368999,
          56.72537
        ],
        [
          37.13688,
          56.72542
        ],
        [
          37.13685,
          56.72547
        ],
        [
          37.13682,
          56.72551
        ],
        [
          37.13679,
          56.7255599
        ],
        [
          37.1367599,
          56.72561
        ],
        [
          37.13671,
          56.72571
        ],
        [
          37.13671,
          56.72571
        ],
        [
          37.13665,
          56.7258
        ],
        [
          37.13662,
          56.72584
        ],
        [
          37.13662,
          56.72584
        ],
        [
          37.13661,
          56.72588
        ],
        [
          37.13662,
          56.7259199
        ],
        [
          37.13664,
          56.7259599
        ],
        [
          37.1366699,
          56.726
        ],
        [
          37.13671,
          56.72603
        ],
        [
          37.1367299,
          56.72606
        ],
        [
          37.13675,
          56.7261
        ],
        [
          37.1367699,
          56.72614
        ],
        [
          37.13678,
          56.72617
        ],
        [
          37.13679,
          56.7262099
        ],
        [
          37.13679,
          56.72624
        ],
        [
          37.13678,
          56.72627
        ],
        [
          37.1367699,
          56.7263
        ],
        [
          37.1367599,
          56.72633
        ],
        [
          37.1367599,
          56.7263499
        ],
        [
          37.1367599,
          56.7263799
        ],
        [
          37.1367699,
          56.72639
        ],
        [
          37.1367699,
          56.7264099
        ],
        [
          37.1367699,
          56.72643
        ],
        [
          37.1367599,
          56.7264399
        ],
        [
          37.13675,
          56.72646
        ],
        [
          37.13674,
          56.7264799
        ],
        [
          37.1367299,
          56.7265
        ],
        [
          37.13672,
          56.72652
        ],
        [
          37.13671,
          56.7265399
        ],
        [
          37.13669,
          56.72656
        ],
        [
          37.13668,
          56.72657
        ],
        [
          37.1366699,
          56.72659
        ],
        [
          37.1366699,
          56.7266
        ],
        [
          37.1366599,
          56.7266099
        ],
        [
          37.13664,
          56.7266399
        ],
        [
          37.1366299,
          56.72665
        ],
        [
          37.13661,
          56.7266699
        ],
        [
          37.13659,
          56.72669
        ],
        [
          37.1365699,
          56.7267
        ],
        [
          37.13656,
          56.72673
        ],
        [
          37.1365399,
          56.72676
        ],
        [
          37.1365299,
          56.72679
        ],
        [
          37.13651,
          56.72682
        ],
        [
          37.13651,
          56.72685
        ],
        [
          37.1365399,
          56.72688
        ],
        [
          37.1365699,
          56.7268999
        ],
        [
          37.13661,
          56.7269099
        ],
        [
          37.13665,
          56.72692
        ],
        [
          37.13668,
          56.72693
        ],
        [
          37.13672,
          56.72695
        ],
        [
          37.13675,
          56.7269699
        ],
        [
          37.13674,
          56.7269999
        ],
        [
          37.1367299,
          56.72702
        ],
        [
          37.13672,
          56.72705
        ],
        [
          37.1366999,
          56.7270699
        ],
        [
          37.13669,
          56.7270999
        ],
        [
          37.13669,
          56.7271299
        ],
        [
          37.1366999,
          56.72716
        ],
        [
          37.13672,
          56.72718
        ],
        [
          37.13675,
          56.72719
        ],
        [
          37.1367699,
          56.72719
        ],
        [
          37.13679,
          56.7271699
        ],
        [
          37.13681,
          56.72716
        ],
        [
          37.1368299,
          56.72715
        ],
        [
          37.1368599,
          56.72712
        ],
        [
          37.1368599,
          56.72712
        ],
        [
          37.13688,
          56.72709
        ],
        [
          37.1368999,
          56.7270699
        ],
        [
          37.13692,
          56.72706
        ],
        [
          37.1369599,
          56.72706
        ],
        [
          37.13698,
          56.72705
        ],
        [
          37.1369999,
          56.72706
        ],
        [
          37.13702,
          56.72706
        ],
        [
          37.13704,
          56.7270699
        ],
        [
          37.13714,
          56.72711
        ],
        [
          37.13715,
          56.72711
        ],
        [
          37.13717,
          56.72712
        ],
        [
          37.1371899,
          56.72715
        ],
        [
          37.13721,
          56.7271699
        ],
        [
          37.1372299,
          56.72718
        ],
        [
          37.13725,
          56.72719
        ],
        [
          37.1372599,
          56.72721
        ],
        [
          37.1372899,
          56.72722
        ],
        [
          37.13731,
          56.72722
        ],
        [
          37.13733,
          56.7272299
        ],
        [
          37.1373199,
          56.7272699
        ],
        [
          37.1373,
          56.72728
        ],
        [
          37.13728,
          56.72728
        ],
        [
          37.13725,
          56.7272999
        ],
        [
          37.13721,
          56.72732
        ],
        [
          37.1371899,
          56.72734
        ],
        [
          37.13717,
          56.7273599
        ],
        [
          37.13714,
          56.72738
        ],
        [
          37.13711,
          56.7273999
        ],
        [
          37.13708,
          56.72741
        ],
        [
          37.13705,
          56.7274299
        ],
        [
          37.13701,
          56.72745
        ],
        [
          37.13698,
          56.7274699
        ],
        [
          37.13695,
          56.72749
        ],
        [
          37.13691,
          56.72752
        ],
        [
          37.13688,
          56.72754
        ],
        [
          37.13684,
          56.72755
        ],
        [
          37.1367999,
          56.7275599
        ],
        [
          37.1367599,
          56.72757
        ],
        [
          37.1367299,
          56.7275899
        ],
        [
          37.13671,
          56.72761
        ],
        [
          37.13668,
          56.72762
        ],
        [
          37.1366699,
          56.72765
        ],
        [
          37.1366599,
          56.7276899
        ],
        [
          37.1366699,
          56.7277299
        ],
        [
          37.13668,
          56.72777
        ],
        [
          37.13671,
          56.72781
        ],
        [
          37.1367599,
          56.72784
        ],
        [
          37.13681,
          56.72788
        ],
        [
          37.1368599,
          56.72791
        ],
        [
          37.13691,
          56.72794
        ],
        [
          37.1369599,
          56.72797
        ],
        [
          37.13701,
          56.728
        ],
        [
          37.13707,
          56.7280199
        ],
        [
          37.1371199,
          56.7280499
        ],
        [
          37.13717,
          56.72808
        ],
        [
          37.1372,
          56.72811
        ],
        [
          37.13721,
          56.72814
        ],
        [
          37.1372,
          56.7281799
        ],
        [
          37.1371899,
          56.72821
        ],
        [
          37.1371899,
          56.7282499
        ],
        [
          37.1372,
          56.7282799
        ],
        [
          37.1372,
          56.72831
        ],
        [
          37.13721,
          56.72834
        ],
        [
          37.1372199,
          56.7283499
        ],
        [
          37.1372199,
          56.7283499
        ],
        [
          37.13724,
          56.72784
        ],
        [
          37.1372199,
          56.72784
        ],
        [
          37.1372,
          56.72784
        ],
        [
          37.13717,
          56.72785
        ],
        [
          37.13715,
          56.72785
        ],
        [
          37.1371199,
          56.7278599
        ],
        [
          37.13708,
          56.7278599
        ],
        [
          37.13705,
          56.7278599
        ],
        [
          37.13698,
          56.7278599
        ],
        [
          37.13694,
          56.7278599
        ],
        [
          37.13694,
          56.7278599
        ],
        [
          37.1368999,
          56.7278599
        ],
        [
          37.1368599,
          56.7278599
        ],
        [
          37.1368299,
          56.72787
        ],
        [
          37.13678,
          56.72787
        ],
        [
          37.1367599,
          56.7278599
        ],
        [
          37.13674,
          56.72785
        ],
        [
          37.1367299,
          56.7278299
        ],
        [
          37.13672,
          56.7278199
        ],
        [
          37.13671,
          56.7278
        ],
        [
          37.1366999,
          56.7278
        ],
        [
          37.13669,
          56.7277899
        ],
        [
          37.13668,
          56.7277899
        ],
        [
          37.13668,
          56.7277899
        ],
        [
          37.13665,
          56.72775
        ],
        [
          37.13665,
          56.72774
        ],
        [
          37.13665,
          56.7277199
        ],
        [
          37.1366599,
          56.7277199
        ],
        [
          37.1366599,
          56.7277199
        ],
        [
          37.1366599,
          56.7277199
        ],
        [
          37.1366599,
          56.7277199
        ],
        [
          37.1367599,
          56.7275999
        ],
        [
          37.1367599,
          56.7275899
        ],
        [
          37.1367599,
          56.72758
        ],
        [
          37.13682,
          56.72755
        ],
        [
          37.1368299,
          56.72754
        ],
        [
          37.13685,
          56.72754
        ],
        [
          37.13688,
          56.7275299
        ],
        [
          37.1368999,
          56.7275299
        ],
        [
          37.13692,
          56.72752
        ],
        [
          37.13694,
          56.72751
        ],
        [
          37.1369599,
          56.7274999
        ],
        [
          37.13697,
          56.72749
        ],
        [
          37.1369899,
          56.72748
        ],
        [
          37.1369999,
          56.7274599
        ],
        [
          37.13702,
          56.72745
        ],
        [
          37.1370599,
          56.72742
        ],
        [
          37.13708,
          56.72741
        ],
        [
          37.13708,
          56.72741
        ],
        [
          37.1371,
          56.7273999
        ],
        [
          37.1371199,
          56.72738
        ],
        [
          37.1371299,
          56.7273699
        ],
        [
          37.1371299,
          56.7273699
        ],
        [
          37.13717,
          56.72734
        ],
        [
          37.1372,
          56.7273299
        ],
        [
          37.13721,
          56.72732
        ],
        [
          37.1372299,
          56.72731
        ],
        [
          37.13724,
          56.7272999
        ],
        [
          37.13724,
          56.72729
        ],
        [
          37.13725,
          56.72729
        ],
        [
          37.1372599,
          56.72728
        ],
        [
          37.13727,
          56.7272699
        ],
        [
          37.13728,
          56.72726
        ],
        [
          37.1372899,
          56.72726
        ],
        [
          37.13661,
          56.7267799
        ],
        [
          37.13661,
          56.7267799
        ],
        [
          37.13661,
          56.7267799
        ],
        [
          37.13661,
          56.7267799
        ],
        [
          37.13661,
          56.7267799
        ],
        [
          37.13661,
          56.7267799
        ],
        [
          37.13661,
          56.7267799
        ],
        [
          37.13661,
          56.7267799
        ],
        [
          37.13661,
          56.7267799
        ],
        [
          37.13661,
          56.7267799
        ],
        [
          37.13661,
          56.7267799
        ]
      ],
      [
        [
          37.5749699,
          55.84875
        ],
        [
          37.575,
          55.84872
        ],
        [
          37.575,
          55.84872
        ],
        [
          37.5750799,
          55.8486699
        ],
        [
          37.57512,
          55.8486399
        ],
        [
          37.57516,
          55.84863
        ],
        [
          37.57522,
          55.84862
        ],
        [
          37.57528,
          55.84862
        ],
        [
          37.57533,
          55.84862
        ],
        [
          37.57539,
          55.84862
        ],
        [
          37.57542,
          55.84862
        ],
        [
          37.5754699,
          55.84862
        ],
        [
          37.57551,
          55.84862
        ],
        [
          37.57555,
          55.8486099
        ],
        [
          37.57559,
          55.8486099
        ],
        [
          37.57564,
          55.8486
        ],
        [
          37.57568,
          55.8486
        ],
        [
          37.5757299,
          55.8486
        ],
        [
          37.57578,
          55.84859
        ],
        [
          37.5758299,
          55.84859
        ],
        [
          37.57588,
          55.84859
        ],
        [
          37.57594,
          55.8485799
        ],
        [
          37.57601,
          55.84857
        ],
        [
          37.57607,
          55.84856
        ],
        [
          37.57615,
          55.8485499
        ],
        [
          37.57621,
          55.8485399
        ],
        [
          37.57628,
          55.84853
        ],
        [
          37.57628,
          55.84853
        ],
        [
          37.5764,
          55.84853
        ],
        [
          37.57647,
          55.84852
        ],
        [
          37.57653,
          55.8485099
        ],
        [
          37.5765899,
          55.8485
        ],
        [
          37.57666,
          55.8485
        ],
        [
          37.57673,
          55.84849
        ],
        [
          37.57679,
          55.8484799
        ],
        [
          37.57679,
          55.8484799
        ],
        [
          37.57692,
          55.84846
        ],
        [
          37.5769799,
          55.8484499
        ],
        [
          37.5770499,
          55.84844
        ],
        [
          37.57712,
          55.84844
        ],
        [
          37.57712,
          55.84844
        ],
        [
          37.57726,
          55.84843
        ],
        [
          37.5773099,
          55.8484199
        ],
        [
          37.5773699,
          55.8484199
        ],
        [
          37.57743,
          55.8484199
        ],
        [
          37.57749,
          55.8484099
        ],
        [
          37.57756,
          55.8484
        ],
        [
          37.5776299,
          55.8484
        ],
        [
          37.5776999,
          55.84839
        ],
        [
          37.5777699,
          55.8483799
        ],
        [
          37.57784,
          55.84837
        ],
        [
          37.57791,
          55.84837
        ],
        [
          37.57797,
          55.84836
        ],
        [
          37.5780299,
          55.84836
        ],
        [
          37.5780899,
          55.8483499
        ],
        [
          37.57815,
          55.84834
        ],
        [
          37.5782199,
          55.84834
        ],
        [
          37.5782899,
          55.84833
        ],
        [
          37.57837,
          55.84833
        ],
        [
          37.57844,
          55.84833
        ],
        [
          37.57853,
          55.8483199
        ],
        [
          37.57861,
          55.8483199
        ],
        [
          37.5787,
          55.8483199
        ],
        [
          37.5787899,
          55.8483099
        ],
        [
          37.5788799,
          55.8483099
        ],
        [
          37.57896,
          55.8483099
        ],
        [
          37.57907,
          55.8483199
        ],
        [
          37.57917,
          55.8483199
        ],
        [
          37.57917,
          55.8483199
        ],
        [
          37.57939,
          55.84833
        ],
        [
          37.5795099,
          55.84833
        ],
        [
          37.5796399,
          55.84834
        ],
        [
          37.57976,
          55.84834
        ],
        [
          37.57988,
          55.84834
        ],
        [
          37.57998,
          55.84834
        ],
        [
          37.5800599,
          55.84833
        ],
        [
          37.5800599,
          55.84833
        ],
        [
          37.58015,
          55.8483099
        ],
        [
          37.58017,
          55.8483
        ],
        [
          37.58017,
          55.84829
        ],
        [
          37.58017,
          55.84826
        ],
        [
          37.58017,
          55.84824
        ],
        [
          37.58017,
          55.8482199
        ],
        [
          37.58018,
          55.8482
        ],
        [
          37.5801899,
          55.84817
        ],
        [
          37.5801999,
          55.8481499
        ],
        [
          37.5801999,
          55.8481499
        ],
        [
          37.58027,
          55.8480899
        ],
        [
          37.5802999,
          55.84806
        ],
        [
          37.5802999,
          55.84806
        ],
        [
          37.58034,
          55.8480199
        ],
        [
          37.58035,
          55.848
        ],
        [
          37.58035,
          55.84797
        ],
        [
          37.58035,
          55.8479199
        ],
        [
          37.58035,
          55.84787
        ],
        [
          37.58035,
          55.84781
        ],
        [
          37.5803299,
          55.8477599
        ],
        [
          37.58032,
          55.84771
        ],
        [
          37.5802999,
          55.84767
        ],
        [
          37.58028,
          55.8476299
        ],
        [
          37.58027,
          55.84761
        ],
        [
          37.58024,
          55.8475899
        ],
        [
          37.58021,
          55.84757
        ],
        [
          37.58018,
          55.84755
        ],
        [
          37.5801599,
          55.84755
        ],
        [
          37.58014,
          55.84754
        ],
        [
          37.58014,
          55.84754
        ],
        [
          37.58014,
          55.84754
        ],
        [
          37.58014,
          55.84754
        ],
        [
          37.5800999,
          55.8474899
        ],
        [
          37.58009,
          55.8474899
        ],
        [
          37.58009,
          55.8474899
        ],
        [
          37.57988,
          55.8474299
        ],
        [
          37.57989,
          55.84742
        ],
        [
          37.57991,
          55.8473999
        ],
        [
          37.57992,
          55.84738
        ],
        [
          37.57994,
          55.8473599
        ],
        [
          37.5799699,
          55.84735
        ],
        [
          37.5799999,
          55.84735
        ],
        [
          37.58004,
          55.84735
        ],
        [
          37.5800699,
          55.84735
        ],
        [
          37.5800999,
          55.84735
        ],
        [
          37.5801299,
          55.84735
        ],
        [
          37.5801599,
          55.84734
        ],
        [
          37.58018,
          55.8473299
        ],
        [
          37.58017,
          55.84731
        ],
        [
          37.58017,
          55.84729
        ],
        [
          37.5801599,
          55.8472599
        ],
        [
          37.58015,
          55.84724
        ],
        [
          37.58014,
          55.84722
        ],
        [
          37.58012,
          55.84719
        ],
        [
          37.58011,
          55.8471699
        ],
        [
          37.58009,
          55.8471299
        ],
        [
          37.5800699,
          55.84711
        ],
        [
          37.58005,
          55.84708
        ],
        [
          37.5800299,
          55.84706
        ],
        [
          37.58001,
          55.8470299
        ],
        [
          37.57999,
          55.84701
        ],
        [
          37.5799699,
          55.84698
        ],
        [
          37.57995,
          55.84695
        ],
        [
          37.5799299,
          55.84692
        ],
        [
          37.57991,
          55.84689
        ],
        [
          37.5798999,
          55.84686
        ],
        [
          37.5798999,
          55.84683
        ],
        [
          37.5798999,
          55.8467999
        ],
        [
          37.5798999,
          55.84676
        ],
        [
          37.5799299,
          55.8467399
        ],
        [
          37.5799699,
          55.84673
        ],
        [
          37.58002,
          55.8467399
        ],
        [
          37.58008,
          55.84675
        ],
        [
          37.5801299,
          55.84676
        ],
        [
          37.5801899,
          55.84676
        ],
        [
          37.5802299,
          55.84675
        ],
        [
          37.5802599,
          55.84673
        ],
        [
          37.58028,
          55.8467
        ],
        [
          37.5802999,
          55.8466799
        ],
        [
          37.5802999,
          55.84665
        ],
        [
          37.5802999,
          55.84663
        ],
        [
          37.58031,
          55.8466099
        ],
        [
          37.58031,
          55.84659
        ],
        [
          37.58031,
          55.84656
        ],
        [
          37.58031,
          55.8465399
        ],
        [
          37.58031,
          55.84652
        ],
        [
          37.58031,
          55.8465
        ],
        [
          37.58031,
          55.8464799
        ],
        [
          37.58032,
          55.8464499
        ],
        [
          37.5803299,
          55.84642
        ],
        [
          37.5803299,
          55.84639
        ],
        [
          37.58034,
          55.84637
        ],
        [
          37.5803299,
          55.8463399
        ],
        [
          37.5803299,
          55.8463099
        ],
        [
          37.58032,
          55.8462799
        ],
        [
          37.58032,
          55.8462499
        ],
        [
          37.5803299,
          55.8462099
        ],
        [
          37.5803299,
          55.8461799
        ],
        [
          37.5803299,
          55.8461499
        ],
        [
          37.5803299,
          55.8461199
        ],
        [
          37.5803299,
          55.8460899
        ],
        [
          37.5803299,
          55.84606
        ],
        [
          37.58034,
          55.8460199
        ],
        [
          37.58035,
          55.8459899
        ],
        [
          37.58034,
          55.84596
        ],
        [
          37.58035,
          55.84593
        ],
        [
          37.58035,
          55.8459
        ],
        [
          37.58035,
          55.84587
        ],
        [
          37.58035,
          55.84584
        ],
        [
          37.58035,
          55.84581
        ],
        [
          37.58035,
          55.84578
        ],
        [
          37.58035,
          55.8457499
        ],
        [
          37.5803599,
          55.8457199
        ],
        [
          37.5803599,
          55.8457
        ],
        [
          37.5803599,
          55.84567
        ],
        [
          37.5803599,
          55.84564
        ],
        [
          37.5803599,
          55.8456199
        ],
        [
          37.5803599,
          55.8455899
        ],
        [
          37.58035,
          55.8455599
        ],
        [
          37.58035,
          55.8455299
        ],
        [
          37.58035,
          55.84551
        ],
        [
          37.58035,
          55.84548
        ],
        [
          37.5803599,
          55.84545
        ],
        [
          37.5803599,
          55.8454299
        ],
        [
          37.5803599,
          55.8453999
        ],
        [
          37.5803599,
          55.84537
        ],
        [
          37.5803599,
          55.84535
        ],
        [
          37.5803599,
          55.84532
        ],
        [
          37.5803599,
          55.8452999
        ],
        [
          37.5803599,
          55.84527
        ],
        [
          37.5803599,
          55.84525
        ],
        [
          37.5803599,
          55.8452299
        ],
        [
          37.5803599,
          55.8451999
        ],
        [
          37.58037,
          55.84518
        ],
        [
          37.58037,
          55.8451599
        ],
        [
          37.5803599,
          55.8451299
        ],
        [
          37.5803599,
          55.84511
        ],
        [
          37.58035,
          55.84508
        ],
        [
          37.58035,
          55.84505
        ],
        [
          37.58035,
          55.8450299
        ],
        [
          37.5803599,
          55.8449999
        ],
        [
          37.5803599,
          55.8449699
        ],
        [
          37.58038,
          55.84495
        ],
        [
          37.5803899,
          55.8449299
        ],
        [
          37.5804,
          55.84491
        ],
        [
          37.5803899,
          55.84489
        ],
        [
          37.58038,
          55.8448699
        ],
        [
          37.58037,
          55.8448399
        ],
        [
          37.5803599,
          55.84482
        ],
        [
          37.5803599,
          55.84479
        ],
        [
          37.58035,
          55.84476
        ],
        [
          37.58035,
          55.84473
        ],
        [
          37.58035,
          55.8446999
        ],
        [
          37.58035,
          55.84468
        ],
        [
          37.58035,
          55.84465
        ],
        [
          37.5803599,
          55.84462
        ],
        [
          37.5803599,
          55.84459
        ],
        [
          37.5803599,
          55.84456
        ],
        [
          37.5803599,
          55.8445399
        ],
        [
          37.5803599,
          55.8445099
        ],
        [
          37.5803599,
          55.8444799
        ],
        [
          37.5803599,
          55.84445
        ],
        [
          37.5803599,
          55.84442
        ],
        [
          37.58035,
          55.84439
        ],
        [
          37.58035,
          55.84436
        ],
        [
          37.58034,
          55.84433
        ],
        [
          37.5803299,
          55.8443099
        ],
        [
          37.5803299,
          55.8442799
        ],
        [
          37.5803299,
          55.8442499
        ],
        [
          37.58032,
          55.84422
        ],
        [
          37.58031,
          55.8442
        ],
        [
          37.5802999,
          55.84417
        ],
        [
          37.5802999,
          55.84414
        ],
        [
          37.5802999,
          55.8441099
        ],
        [
          37.5802999,
          55.8440799
        ],
        [
          37.5802899,
          55.84406
        ],
        [
          37.58028,
          55.84404
        ],
        [
          37.5802899,
          55.8440099
        ],
        [
          37.58028,
          55.84399
        ],
        [
          37.58028,
          55.84396
        ],
        [
          37.58028,
          55.84394
        ],
        [
          37.58027,
          55.8439199
        ],
        [
          37.58027,
          55.8439
        ],
        [
          37.58027,
          55.84387
        ],
        [
          37.58027,
          55.8438499
        ],
        [
          37.58027,
          55.8438199
        ],
        [
          37.58028,
          55.8438
        ],
        [
          37.58027,
          55.84377
        ],
        [
          37.58027,
          55.8437499
        ],
        [
          37.58027,
          55.8437199
        ],
        [
          37.58027,
          55.8436899
        ],
        [
          37.58027,
          55.84367
        ],
        [
          37.58027,
          55.84364
        ],
        [
          37.58028,
          55.84361
        ],
        [
          37.58028,
          55.84358
        ],
        [
          37.58027,
          55.8435499
        ],
        [
          37.58027,
          55.84353
        ],
        [
          37.58027,
          55.8435
        ],
        [
          37.58027,
          55.84347
        ],
        [
          37.58027,
          55.84344
        ],
        [
          37.58027,
          55.8434199
        ],
        [
          37.58027,
          55.8433899
        ],
        [
          37.58027,
          55.8433599
        ],
        [
          37.58027,
          55.84334
        ],
        [
          37.5802599,
          55.84331
        ],
        [
          37.58025,
          55.84328
        ],
        [
          37.58025,
          55.8432599
        ],
        [
          37.58025,
          55.84324
        ],
        [
          37.58025,
          55.84321
        ],
        [
          37.58025,
          55.8431899
        ],
        [
          37.58025,
          55.8431599
        ],
        [
          37.58025,
          55.8431299
        ],
        [
          37.58025,
          55.8430999
        ],
        [
          37.58025,
          55.84308
        ],
        [
          37.58025,
          55.8430599
        ],
        [
          37.58025,
          55.84304
        ],
        [
          37.58025,
          55.84302
        ],
        [
          37.58025,
          55.84299
        ],
        [
          37.58024,
          55.8429699
        ],
        [
          37.58025,
          55.8429299
        ],
        [
          37.58025,
          55.84291
        ],
        [
          37.58025,
          55.84288
        ],
        [
          37.58025,
          55.84285
        ],
        [
          37.58025,
          55.84282
        ],
        [
          37.58024,
          55.84279
        ],
        [
          37.58024,
          55.84276
        ],
        [
          37.5802299,
          55.8427399
        ],
        [
          37.5802299,
          55.84271
        ],
        [
          37.58022,
          55.84268
        ],
        [
          37.58021,
          55.84266
        ],
        [
          37.58021,
          55.84263
        ],
        [
          37.5802299,
          55.8425999
        ],
        [
          37.5802299,
          55.8425699
        ],
        [
          37.5802299,
          55.8425399
        ],
        [
          37.5802299,
          55.84252
        ],
        [
          37.5802299,
          55.84249
        ],
        [
          37.5802299,
          55.84246
        ],
        [
          37.5802299,
          55.84243
        ],
        [
          37.58022,
          55.8424
        ],
        [
          37.58022,
          55.8423699
        ],
        [
          37.58022,
          55.8423399
        ],
        [
          37.58022,
          55.8423099
        ],
        [
          37.58022,
          55.8422799
        ],
        [
          37.58022,
          55.8422399
        ],
        [
          37.58022,
          55.8422099
        ],
        [
          37.58022,
          55.8421799
        ],
        [
          37.58022,
          55.8421499
        ],
        [
          37.58021,
          55.84212
        ],
        [
          37.5801999,
          55.84209
        ],
        [
          37.58021,
          55.84206
        ],
        [
          37.58021,
          55.84203
        ],
        [
          37.58021,
          55.842
        ],
        [
          37.58021,
          55.84197
        ],
        [
          37.58021,
          55.84194
        ],
        [
          37.5801999,
          55.8419099
        ],
        [
          37.5801999,
          55.84187
        ],
        [
          37.5801899,
          55.84184
        ],
        [
          37.5801899,
          55.8418099
        ],
        [
          37.5801899,
          55.8417799
        ],
        [
          37.5801899,
          55.8417499
        ],
        [
          37.5801899,
          55.84171
        ],
        [
          37.5801899,
          55.8416799
        ],
        [
          37.5801899,
          55.8416499
        ],
        [
          37.5801899,
          55.8416199
        ],
        [
          37.5801899,
          55.8415899
        ],
        [
          37.5801899,
          55.8415599
        ],
        [
          37.5801899,
          55.8415199
        ],
        [
          37.5801899,
          55.8414899
        ],
        [
          37.5801999,
          55.8414599
        ],
        [
          37.5801999,
          55.8414199
        ],
        [
          37.5801999,
          55.8413899
        ],
        [
          37.5801999,
          55.8413599
        ],
        [
          37.5801999,
          55.8413299
        ],
        [
          37.5801999,
          55.8412899
        ],
        [
          37.5801999,
          55.8412599
        ],
        [
          37.5801999,
          55.8412299
        ],
        [
          37.5801899,
          55.8412
        ],
        [
          37.5801899,
          55.8411599
        ],
        [
          37.5801899,
          55.8411299
        ],
        [
          37.5801899,
          55.8410999
        ],
        [
          37.58018,
          55.84107
        ],
        [
          37.58018,
          55.84104
        ],
        [
          37.58018,
          55.84101
        ],
        [
          37.58018,
          55.84098
        ],
        [
          37.58018,
          55.84095
        ],
        [
          37.5801899,
          55.84092
        ],
        [
          37.5801899,
          55.84089
        ],
        [
          37.5801999,
          55.8408599
        ],
        [
          37.5801899,
          55.8408299
        ],
        [
          37.5801899,
          55.84079
        ],
        [
          37.5801999,
          55.8407599
        ],
        [
          37.58024,
          55.84074
        ],
        [
          37.58028,
          55.8407299
        ],
        [
          37.5803299,
          55.84074
        ],
        [
          37.5803599,
          55.8407599
        ],
        [
          37.5804,
          55.84078
        ],
        [
          37.58044,
          55.8407999
        ],
        [
          37.5804899,
          55.84082
        ],
        [
          37.5805199,
          55.84084
        ],
        [
          37.5805499,
          55.8408599
        ],
        [
          37.5805599,
          55.84089
        ],
        [
          37.5805599,
          55.84091
        ],
        [
          37.5805499,
          55.84094
        ],
        [
          37.58054,
          55.8409599
        ],
        [
          37.58054,
          55.8409899
        ],
        [
          37.58054,
          55.84101
        ],
        [
          37.58054,
          55.8410299
        ],
        [
          37.58054,
          55.8410599
        ],
        [
          37.5805299,
          55.84108
        ],
        [
          37.58054,
          55.84112
        ],
        [
          37.58054,
          55.84115
        ],
        [
          37.58054,
          55.84118
        ],
        [
          37.58054,
          55.84121
        ],
        [
          37.5805499,
          55.84125
        ],
        [
          37.5805499,
          55.84128
        ],
        [
          37.5805499,
          55.8413199
        ],
        [
          37.5805499,
          55.8413599
        ],
        [
          37.5805499,
          55.8413899
        ],
        [
          37.5805499,
          55.84143
        ],
        [
          37.5805599,
          55.8414599
        ],
        [
          37.58058,
          55.8415
        ],
        [
          37.5806199,
          55.8415199
        ],
        [
          37.58067,
          55.84153
        ],
        [
          37.58071,
          55.84154
        ],
        [
          37.5807499,
          55.8415499
        ],
        [
          37.5808,
          55.84157
        ],
        [
          37.5808499,
          55.8415799
        ],
        [
          37.58091,
          55.8416
        ],
        [
          37.58096,
          55.8416199
        ],
        [
          37.5810099,
          55.84164
        ],
        [
          37.58106,
          55.84166
        ],
        [
          37.5811099,
          55.84167
        ],
        [
          37.58116,
          55.8416899
        ],
        [
          37.58122,
          55.84171
        ],
        [
          37.5812799,
          55.84171
        ],
        [
          37.5813499,
          55.84171
        ],
        [
          37.5814099,
          55.84171
        ],
        [
          37.5814799,
          55.8417
        ],
        [
          37.58153,
          55.8416899
        ],
        [
          37.5815699,
          55.8416799
        ],
        [
          37.5816099,
          55.8416799
        ],
        [
          37.58165,
          55.8416799
        ],
        [
          37.58168,
          55.8417
        ],
        [
          37.5817099,
          55.8417
        ],
        [
          37.58175,
          55.84171
        ],
        [
          37.5817699,
          55.84171
        ],
        [
          37.5817999,
          55.84171
        ],
        [
          37.58182,
          55.8417199
        ],
        [
          37.5818399,
          55.84173
        ],
        [
          37.58186,
          55.84174
        ],
        [
          37.5818699,
          55.8417499
        ],
        [
          37.5818699,
          55.8417499
        ],
        [
          37.5818699,
          55.8417499
        ],
        [
          37.5818699,
          55.8417499
        ],
        [
          37.58196,
          55.8416899
        ],
        [
          37.58176,
          55.84171
        ],
        [
          37.58173,
          55.84171
        ],
        [
          37.58169,
          55.84171
        ],
        [
          37.58165,
          55.84171
        ],
        [
          37.58162,
          55.84171
        ],
        [
          37.5815699,
          55.84171
        ],
        [
          37.58153,
          55.84171
        ],
        [
          37.5814799,
          55.8417199
        ],
        [
          37.58142,
          55.8417199
        ],
        [
          37.58136,
          55.8417199
        ],
        [
          37.58129,
          55.8417199
        ],
        [
          37.58123,
          55.8417
        ],
        [
          37.5811799,
          55.8416799
        ],
        [
          37.58113,
          55.84166
        ],
        [
          37.58109,
          55.8416499
        ],
        [
          37.58104,
          55.84163
        ],
        [
          37.5809799,
          55.8416
        ],
        [
          37.58093,
          55.8415899
        ],
        [
          37.58087,
          55.84157
        ],
        [
          37.5808199,
          55.8415499
        ],
        [
          37.58077,
          55.8415499
        ],
        [
          37.58073,
          55.84153
        ],
        [
          37.5806899,
          55.84153
        ],
        [
          37.5806499,
          55.84153
        ],
        [
          37.5806199,
          55.84153
        ],
        [
          37.5806,
          55.84154
        ],
        [
          37.5805899,
          55.8415599
        ],
        [
          37.5805899,
          55.8415799
        ],
        [
          37.5805899,
          55.84161
        ],
        [
          37.5805899,
          55.84164
        ],
        [
          37.58058,
          55.84167
        ],
        [
          37.5805899,
          55.8417
        ],
        [
          37.5805899,
          55.84173
        ],
        [
          37.58057,
          55.84176
        ],
        [
          37.58054,
          55.8417799
        ],
        [
          37.5804899,
          55.84179
        ],
        [
          37.58044,
          55.84179
        ],
        [
          37.5803899,
          55.84179
        ],
        [
          37.58035,
          55.84179
        ],
        [
          37.5802999,
          55.84179
        ],
        [
          37.5802599,
          55.8418099
        ],
        [
          37.5802299,
          55.8418199
        ],
        [
          37.58022,
          55.84184
        ],
        [
          37.58022,
          55.84186
        ],
        [
          37.5802299,
          55.84189
        ],
        [
          37.58024,
          55.8419099
        ],
        [
          37.58024,
          55.84194
        ],
        [
          37.58025,
          55.84197
        ],
        [
          37.58025,
          55.842
        ],
        [
          37.58024,
          55.84202
        ],
        [
          37.58024,
          55.84203
        ],
        [
          37.58024,
          55.8420499
        ],
        [
          37.58024,
          55.84207
        ],
        [
          37.58025,
          55.8420799
        ],
        [
          37.58024,
          55.84209
        ],
        [
          37.58024,
          55.84209
        ],
        [
          37.58024,
          55.84209
        ],
        [
          37.58024,
          55.84209
        ],
        [
          37.58024,
          55.84209
        ],
        [
          37.58024,
          55.84209
        ],
        [
          37.58024,
          55.84209
        ],
        [
          37.58024,
          55.84209
        ],
        [
          37.58024,
          55.84209
        ],
        [
          37.58024,
          55.84209
        ],
        [
          37.58024,
          55.84209
        ],
        [
          37.58024,
          55.84209
        ],
        [
          37.58024,
          55.84209
        ],
        [
          37.58024,
          55.84209
        ],
        [
          37.58024,
          55.84209
        ],
        [
          37.58024,
          55.84209
        ],
        [
          37.58024,
          55.84209
        ],
        [
          37.58024,
          55.84209
        ],
        [
          37.58024,
          55.84209
        ],
        [
          37.58024,
          55.84209
        ],
        [
          37.58024,
          55.84209
        ],
        [
          37.58024,
          55.84209
        ],
        [
          37.58024,
          55.84209
        ],
        [
          37.58024,
          55.84209
        ],
        [
          37.58024,
          55.84209
        ],
        [
          37.58024,
          55.84209
        ],
        [
          37.58024,
          55.84209
        ],
        [
          37.58024,
          55.84209
        ],
        [
          37.58024,
          55.84209
        ],
        [
          37.58024,
          55.84209
        ],
        [
          37.58024,
          55.84209
        ],
        [
          37.58024,
          55.84209
        ],
        [
          37.58024,
          55.84209
        ],
        [
          37.58024,
          55.84209
        ],
        [
          37.58024,
          55.84209
        ],
        [
          37.58024,
          55.84209
        ],
        [
          37.58024,
          55.84209
        ],
        [
          37.58028,
          55.84209
        ],
        [
          37.58028,
          55.84209
        ],
        [
          37.58028,
          55.8421
        ],
        [
          37.58027,
          55.8421099
        ],
        [
          37.5802599,
          55.8421
        ],
        [
          37.58025,
          55.8421
        ],
        [
          37.5802599,
          55.84209
        ],
        [
          37.58027,
          55.84209
        ],
        [
          37.58027,
          55.84209
        ],
        [
          37.58027,
          55.84209
        ],
        [
          37.58027,
          55.84209
        ],
        [
          37.58027,
          55.84209
        ],
        [
          37.58024,
          55.8420799
        ],
        [
          37.58024,
          55.8420799
        ],
        [
          37.58024,
          55.8420799
        ],
        [
          37.58024,
          55.8420799
        ],
        [
          37.58024,
          55.8420799
        ],
        [
          37.58027,
          55.84209
        ],
        [
          37.5802599,
          55.8420799
        ],
        [
          37.5802599,
          55.84209
        ],
        [
          37.58025,
          55.8420799
        ],
        [
          37.58025,
          55.8420799
        ],
        [
          37.58025,
          55.8420799
        ],
        [
          37.58025,
          55.8420799
        ],
        [
          37.58025,
          55.8420799
        ],
        [
          37.58025,
          55.8420799
        ],
        [
          37.58025,
          55.8420799
        ],
        [
          37.58025,
          55.8420799
        ],
        [
          37.58025,
          55.8420499
        ],
        [
          37.58025,
          55.8420499
        ],
        [
          37.5802299,
          55.84202
        ],
        [
          37.58022,
          55.842
        ],
        [
          37.58022,
          55.84199
        ],
        [
          37.58021,
          55.84197
        ],
        [
          37.5801999,
          55.8419499
        ],
        [
          37.5801999,
          55.84193
        ],
        [
          37.5801999,
          55.84193
        ],
        [
          37.5801999,
          55.8419
        ],
        [
          37.58021,
          55.84189
        ],
        [
          37.58022,
          55.84187
        ],
        [
          37.58022,
          55.84186
        ],
        [
          37.58022,
          55.84184
        ],
        [
          37.58022,
          55.84183
        ],
        [
          37.5802299,
          55.8418099
        ],
        [
          37.5802299,
          55.8418
        ],
        [
          37.5802299,
          55.8417799
        ],
        [
          37.58022,
          55.84176
        ],
        [
          37.58021,
          55.84174
        ],
        [
          37.58021,
          55.8417199
        ],
        [
          37.58022,
          55.84171
        ],
        [
          37.58022,
          55.8417
        ],
        [
          37.5802299,
          55.8417
        ],
        [
          37.5802299,
          55.8417
        ],
        [
          37.5802299,
          55.8417
        ],
        [
          37.5802299,
          55.8417
        ],
        [
          37.5802299,
          55.8417
        ],
        [
          37.58022,
          55.8416
        ],
        [
          37.58022,
          55.8415899
        ],
        [
          37.58022,
          55.8415799
        ],
        [
          37.58022,
          55.8415799
        ],
        [
          37.58021,
          55.84154
        ],
        [
          37.58022,
          55.8415199
        ],
        [
          37.58022,
          55.8415
        ],
        [
          37.58022,
          55.8414899
        ],
        [
          37.58021,
          55.84147
        ],
        [
          37.58022,
          55.8414499
        ],
        [
          37.58021,
          55.84143
        ],
        [
          37.5801999,
          55.84141
        ],
        [
          37.5801999,
          55.8413899
        ],
        [
          37.5801999,
          55.8413599
        ],
        [
          37.5801999,
          55.8413599
        ],
        [
          37.5801999,
          55.84134
        ],
        [
          37.58021,
          55.84131
        ],
        [
          37.58021,
          55.8412899
        ],
        [
          37.58021,
          55.8412599
        ],
        [
          37.5801999,
          55.84124
        ],
        [
          37.5801999,
          55.84121
        ],
        [
          37.5801999,
          55.84118
        ],
        [
          37.5801999,
          55.8411599
        ],
        [
          37.5801999,
          55.84114
        ],
        [
          37.5801999,
          55.84111
        ],
        [
          37.5801899,
          55.84108
        ],
        [
          37.5801899,
          55.84105
        ],
        [
          37.5801899,
          55.8410299
        ],
        [
          37.5801899,
          55.8409999
        ],
        [
          37.5801899,
          55.84097
        ],
        [
          37.5801899,
          55.84095
        ],
        [
          37.5801899,
          55.8409299
        ],
        [
          37.5801899,
          55.84091
        ],
        [
          37.5801899,
          55.84088
        ],
        [
          37.5801899,
          55.84085
        ],
        [
          37.5801899,
          55.8408299
        ],
        [
          37.5801899,
          55.8407999
        ],
        [
          37.5801899,
          55.8407699
        ],
        [
          37.5801999,
          55.84075
        ],
        [
          37.58022,
          55.8407299
        ],
        [
          37.5802299,
          55.84071
        ],
        [
          37.58027,
          55.8406999
        ],
        [
          37.5802999,
          55.84071
        ],
        [
          37.58032,
          55.84072
        ],
        [
          37.58035,
          55.84074
        ],
        [
          37.5803599,
          55.84075
        ],
        [
          37.5803899,
          55.8407599
        ],
        [
          37.5804299,
          55.8407699
        ],
        [
          37.58047,
          55.84078
        ],
        [
          37.5805,
          55.84079
        ],
        [
          37.58054,
          55.8407999
        ],
        [
          37.5805899,
          55.84081
        ],
        [
          37.58063,
          55.84082
        ],
        [
          37.58067,
          55.8408299
        ],
        [
          37.5807,
          55.84085
        ],
        [
          37.58074,
          55.8408699
        ],
        [
          37.5807799,
          55.84088
        ],
        [
          37.58081,
          55.8408999
        ],
        [
          37.58086,
          55.84092
        ],
        [
          37.58091,
          55.84094
        ],
        [
          37.5809499,
          55.8409599
        ],
        [
          37.581,
          55.84098
        ],
        [
          37.5810499,
          55.8409999
        ],
        [
          37.58109,
          55.84102
        ],
        [
          37.58114,
          55.84105
        ],
        [
          37.58119,
          55.84108
        ],
        [
          37.5812499,
          55.8410999
        ],
        [
          37.5813,
          55.8411299
        ],
        [
          37.5813499,
          55.8411599
        ],
        [
          37.58139,
          55.8411899
        ],
        [
          37.58145,
          55.8412199
        ],
        [
          37.5815,
          55.84125
        ],
        [
          37.58155,
          55.84128
        ],
        [
          37.58159,
          55.84131
        ],
        [
          37.5816399,
          55.8413299
        ],
        [
          37.58169,
          55.8413599
        ],
        [
          37.58175,
          55.8413899
        ],
        [
          37.5817999,
          55.8414199
        ],
        [
          37.58186,
          55.8414499
        ],
        [
          37.58191,
          55.84148
        ],
        [
          37.5819699,
          55.8415
        ],
        [
          37.5820299,
          55.84153
        ],
        [
          37.58208,
          55.84157
        ],
        [
          37.58214,
          55.8415899
        ],
        [
          37.5821999,
          55.8416199
        ],
        [
          37.5822599,
          55.8416499
        ],
        [
          37.58231,
          55.8416799
        ],
        [
          37.58237,
          55.84171
        ],
        [
          37.58242,
          55.84174
        ],
        [
          37.58247,
          55.84177
        ],
        [
          37.5825199,
          55.84179
        ],
        [
          37.58257,
          55.8418199
        ],
        [
          37.5826299,
          55.8418499
        ],
        [
          37.5826899,
          55.84187
        ],
        [
          37.58274,
          55.8419
        ],
        [
          37.5828,
          55.84193
        ],
        [
          37.5828499,
          55.84197
        ],
        [
          37.58291,
          55.842
        ],
        [
          37.58297,
          55.84203
        ],
        [
          37.58303,
          55.8420499
        ],
        [
          37.5830799,
          55.8420799
        ],
        [
          37.5831499,
          55.8421099
        ],
        [
          37.5832,
          55.8421399
        ],
        [
          37.58326,
          55.84217
        ],
        [
          37.5833199,
          55.8422
        ],
        [
          37.5833799,
          55.84223
        ],
        [
          37.5834399,
          55.84226
        ],
        [
          37.58349,
          55.84229
        ],
        [
          37.5835499,
          55.84232
        ],
        [
          37.5836099,
          55.8423399
        ],
        [
          37.5836699,
          55.8423699
        ],
        [
          37.58373,
          55.8424
        ],
        [
          37.58379,
          55.84242
        ],
        [
          37.5838399,
          55.84245
        ],
        [
          37.5838999,
          55.84248
        ],
        [
          37.58396,
          55.8425099
        ],
        [
          37.58401,
          55.8425399
        ],
        [
          37.58406,
          55.8425699
        ],
        [
          37.58411,
          55.8425999
        ],
        [
          37.58416,
          55.84263
        ],
        [
          37.5841999,
          55.84266
        ],
        [
          37.58425,
          55.84269
        ],
        [
          37.5842999,
          55.84272
        ],
        [
          37.58434,
          55.84275
        ],
        [
          37.58439,
          55.8427699
        ],
        [
          37.58444,
          55.84279
        ],
        [
          37.5844899,
          55.84281
        ],
        [
          37.58455,
          55.84281
        ],
        [
          37.58461,
          55.84281
        ],
        [
          37.5846599,
          55.84281
        ],
        [
          37.5847199,
          55.84281
        ],
        [
          37.5847899,
          55.84281
        ],
        [
          37.5848599,
          55.84281
        ],
        [
          37.58494,
          55.84281
        ],
        [
          37.5850199,
          55.84282
        ],
        [
          37.5851,
          55.84282
        ],
        [
          37.58517,
          55.84282
        ],
        [
          37.58524,
          55.84281
        ],
        [
          37.5853,
          55.8427999
        ],
        [
          37.58536,
          55.8427999
        ],
        [
          37.5854199,
          55.84282
        ],
        [
          37.58547,
          55.84285
        ],
        [
          37.58552,
          55.84288
        ],
        [
          37.58556,
          55.8428999
        ],
        [
          37.58559,
          55.8429299
        ],
        [
          37.5856099,
          55.8429599
        ],
        [
          37.5856399,
          55.84299
        ],
        [
          37.58567,
          55.84302
        ],
        [
          37.5857,
          55.84304
        ],
        [
          37.58572,
          55.8430599
        ],
        [
          37.5857399,
          55.8430899
        ],
        [
          37.5857699,
          55.84312
        ],
        [
          37.5858,
          55.84314
        ],
        [
          37.58582,
          55.84317
        ],
        [
          37.58585,
          55.8431999
        ],
        [
          37.5858699,
          55.84322
        ],
        [
          37.5858799,
          55.84324
        ],
        [
          37.5859,
          55.8432599
        ],
        [
          37.5859099,
          55.84327
        ],
        [
          37.5859099,
          55.84327
        ],
        [
          37.5859099,
          55.84327
        ],
        [
          37.5859099,
          55.84327
        ],
        [
          37.5859099,
          55.84327
        ],
        [
          37.58596,
          55.84331
        ],
        [
          37.5859999,
          55.8433299
        ],
        [
          37.58603,
          55.84335
        ],
        [
          37.5860699,
          55.84338
        ],
        [
          37.5861099,
          55.84341
        ],
        [
          37.58612,
          55.84344
        ],
        [
          37.58613,
          55.84347
        ],
        [
          37.58615,
          55.8435
        ],
        [
          37.5861699,
          55.84353
        ],
        [
          37.5861999,
          55.8435599
        ],
        [
          37.5862299,
          55.84358
        ],
        [
          37.58626,
          55.8436
        ],
        [
          37.5862999,
          55.8436199
        ],
        [
          37.5863299,
          55.8436499
        ],
        [
          37.5863599,
          55.84367
        ],
        [
          37.58639,
          55.8436899
        ],
        [
          37.58642,
          55.84371
        ],
        [
          37.58644,
          55.84374
        ],
        [
          37.5864699,
          55.84376
        ],
        [
          37.5864999,
          55.8437799
        ],
        [
          37.5865299,
          55.8438
        ],
        [
          37.5865599,
          55.8438199
        ],
        [
          37.5865899,
          55.8438499
        ],
        [
          37.5866299,
          55.84387
        ],
        [
          37.5866599,
          55.8439
        ],
        [
          37.5866899,
          55.84393
        ],
        [
          37.5867299,
          55.84396
        ],
        [
          37.58677,
          55.8439799
        ],
        [
          37.5868,
          55.8440099
        ],
        [
          37.58684,
          55.8440499
        ],
        [
          37.58687,
          55.8440799
        ],
        [
          37.5869,
          55.8441099
        ],
        [
          37.5869299,
          55.8441499
        ],
        [
          37.58695,
          55.84419
        ],
        [
          37.58697,
          55.84423
        ],
        [
          37.5869899,
          55.84426
        ],
        [
          37.58701,
          55.84429
        ],
        [
          37.58703,
          55.84433
        ],
        [
          37.58704,
          55.8443699
        ],
        [
          37.5870499,
          55.8444
        ],
        [
          37.5870499,
          55.8444399
        ],
        [
          37.5870599,
          55.8444799
        ],
        [
          37.5870599,
          55.84452
        ],
        [
          37.5870599,
          55.84456
        ],
        [
          37.5870599,
          55.8445999
        ],
        [
          37.58707,
          55.8446399
        ],
        [
          37.58707,
          55.84468
        ],
        [
          37.58707,
          55.84472
        ],
        [
          37.58707,
          55.84475
        ],
        [
          37.58707,
          55.84478
        ],
        [
          37.58707,
          55.8447999
        ],
        [
          37.5871,
          55.84481
        ],
        [
          37.58714,
          55.8448299
        ],
        [
          37.58718,
          55.8448399
        ],
        [
          37.5872199,
          55.84486
        ],
        [
          37.58727,
          55.84488
        ],
        [
          37.5873199,
          55.84488
        ],
        [
          37.5873799,
          55.84489
        ],
        [
          37.5874499,
          55.84489
        ],
        [
          37.5875199,
          55.8448999
        ],
        [
          37.58759,
          55.8448999
        ],
        [
          37.58766,
          55.84491
        ],
        [
          37.58773,
          55.84491
        ],
        [
          37.5878099,
          55.84492
        ],
        [
          37.5878799,
          55.84492
        ],
        [
          37.58796,
          55.8449299
        ],
        [
          37.5880399,
          55.8449299
        ],
        [
          37.58812,
          55.8449399
        ],
        [
          37.58819,
          55.84495
        ],
        [
          37.58828,
          55.84496
        ],
        [
          37.58836,
          55.84498
        ],
        [
          37.5884399,
          55.8449999
        ],
        [
          37.58852,
          55.84502
        ],
        [
          37.5885999,
          55.84504
        ],
        [
          37.5886699,
          55.8450599
        ],
        [
          37.58875,
          55.84509
        ],
        [
          37.5888299,
          55.84511
        ],
        [
          37.58891,
          55.84514
        ],
        [
          37.58897,
          55.8451699
        ],
        [
          37.5890299,
          55.84521
        ],
        [
          37.5890899,
          55.84525
        ],
        [
          37.58915,
          55.84528
        ],
        [
          37.5892,
          55.84532
        ],
        [
          37.5892599,
          55.8453599
        ],
        [
          37.5893199,
          55.8453999
        ],
        [
          37.58937,
          55.84544
        ],
        [
          37.5893899,
          55.84548
        ],
        [
          37.58937,
          55.8455299
        ],
        [
          37.58931,
          55.84557
        ],
        [
          37.58927,
          55.8456
        ],
        [
          37.58923,
          55.84564
        ],
        [
          37.58921,
          55.84567
        ],
        [
          37.5892,
          55.84571
        ],
        [
          37.5891899,
          55.8457499
        ],
        [
          37.58918,
          55.8458
        ],
        [
          37.58917,
          55.84583
        ],
        [
          37.58918,
          55.84587
        ],
        [
          37.5892199,
          55.84591
        ],
        [
          37.58928,
          55.8459199
        ],
        [
          37.58934,
          55.8459199
        ],
        [
          37.5894,
          55.84593
        ],
        [
          37.5894499,
          55.84593
        ],
        [
          37.5895,
          55.84594
        ],
        [
          37.5895499,
          55.8459499
        ],
        [
          37.58959,
          55.84597
        ],
        [
          37.58963,
          55.8459899
        ],
        [
          37.58966,
          55.84601
        ],
        [
          37.5897,
          55.84603
        ],
        [
          37.58973,
          55.84606
        ],
        [
          37.58974,
          55.8460799
        ],
        [
          37.5897799,
          55.8461099
        ],
        [
          37.5898099,
          55.84613
        ],
        [
          37.58986,
          55.8461499
        ],
        [
          37.5899,
          55.84616
        ],
        [
          37.58993,
          55.8461799
        ],
        [
          37.5899399,
          55.84619
        ],
        [
          37.5899499,
          55.8462099
        ],
        [
          37.5899499,
          55.8462199
        ],
        [
          37.5899399,
          55.84623
        ],
        [
          37.5899399,
          55.8462499
        ],
        [
          37.5899399,
          55.84626
        ],
        [
          37.58992,
          55.8462799
        ],
        [
          37.5899099,
          55.8463
        ],
        [
          37.5899,
          55.8463099
        ],
        [
          37.5899,
          55.8463099
        ],
        [
          37.5899,
          55.8463099
        ],
        [
          37.5899,
          55.8463099
        ],
        [
          37.58997,
          55.84626
        ],
        [
          37.58997,
          55.8462499
        ],
        [
          37.58996,
          55.8462199
        ],
        [
          37.5899499,
          55.8462
        ],
        [
          37.5899399,
          55.84617
        ],
        [
          37.58993,
          55.84614
        ],
        [
          37.58992,
          55.8461099
        ],
        [
          37.5899,
          55.8460799
        ],
        [
          37.5899,
          55.8460499
        ],
        [
          37.5899,
          55.84601
        ],
        [
          37.58989,
          55.8459799
        ],
        [
          37.5898499,
          55.8459499
        ],
        [
          37.5898099,
          55.84593
        ],
        [
          37.58979,
          55.8458899
        ],
        [
          37.58976,
          55.8458599
        ],
        [
          37.5897199,
          55.84583
        ],
        [
          37.58967,
          55.8458
        ],
        [
          37.5896199,
          55.84577
        ],
        [
          37.58957,
          55.8457499
        ],
        [
          37.58953,
          55.84573
        ],
        [
          37.5894899,
          55.8457
        ],
        [
          37.5894499,
          55.84568
        ],
        [
          37.5894199,
          55.84564
        ],
        [
          37.5893899,
          55.8456199
        ],
        [
          37.5893799,
          55.84558
        ],
        [
          37.5893899,
          55.84555
        ],
        [
          37.5893899,
          55.8455199
        ],
        [
          37.5893799,
          55.84548
        ],
        [
          37.58934,
          55.8454599
        ],
        [
          37.58931,
          55.8454299
        ],
        [
          37.58927,
          55.84541
        ],
        [
          37.58923,
          55.84538
        ],
        [
          37.58918,
          55.84535
        ],
        [
          37.5891299,
          55.8453299
        ],
        [
          37.58908,
          55.8452999
        ],
        [
          37.58904,
          55.84527
        ],
        [
          37.58898,
          55.84524
        ],
        [
          37.58892,
          55.84522
        ],
        [
          37.58887,
          55.84519
        ],
        [
          37.58882,
          55.8451599
        ],
        [
          37.5887599,
          55.8451299
        ],
        [
          37.58871,
          55.8450999
        ],
        [
          37.5886699,
          55.8450699
        ],
        [
          37.5886299,
          55.84504
        ],
        [
          37.5886299,
          55.8449999
        ],
        [
          37.58865,
          55.8449699
        ],
        [
          37.5886599,
          55.84495
        ],
        [
          37.5886599,
          55.8449299
        ],
        [
          37.58865,
          55.84492
        ],
        [
          37.58862,
          55.84491
        ],
        [
          37.5885999,
          55.8448999
        ],
        [
          37.5885699,
          55.8448999
        ],
        [
          37.5885299,
          55.8448999
        ],
        [
          37.58848,
          55.8448999
        ],
        [
          37.5884299,
          55.8448999
        ],
        [
          37.58838,
          55.8448999
        ],
        [
          37.5883399,
          55.8448999
        ],
        [
          37.58831,
          55.8448999
        ],
        [
          37.58829,
          55.8448999
        ],
        [
          37.5882699,
          55.84489
        ],
        [
          37.58825,
          55.84488
        ],
        [
          37.58823,
          55.8448699
        ],
        [
          37.58823,
          55.84485
        ],
        [
          37.5882399,
          55.8448299
        ],
        [
          37.58825,
          55.8447999
        ],
        [
          37.5882699,
          55.8447699
        ],
        [
          37.5882999,
          55.8447399
        ],
        [
          37.58832,
          55.8446999
        ],
        [
          37.58836,
          55.8446699
        ],
        [
          37.58839,
          55.8446399
        ],
        [
          37.5884399,
          55.8445999
        ],
        [
          37.5884699,
          55.8445699
        ],
        [
          37.58852,
          55.84453
        ],
        [
          37.58855,
          55.8445
        ],
        [
          37.58859,
          55.84446
        ],
        [
          37.5885999,
          55.84442
        ],
        [
          37.5885999,
          55.8443799
        ],
        [
          37.58861,
          55.84433
        ],
        [
          37.5885999,
          55.84429
        ],
        [
          37.5885999,
          55.8442499
        ],
        [
          37.58859,
          55.8442
        ],
        [
          37.58858,
          55.84416
        ],
        [
          37.58858,
          55.8441099
        ],
        [
          37.58858,
          55.84407
        ],
        [
          37.58859,
          55.84403
        ],
        [
          37.58859,
          55.84399
        ],
        [
          37.58861,
          55.8439499
        ],
        [
          37.5886599,
          55.8439199
        ],
        [
          37.58871,
          55.8439
        ],
        [
          37.58878,
          55.84387
        ],
        [
          37.58884,
          55.8438499
        ],
        [
          37.5888999,
          55.84383
        ],
        [
          37.58897,
          55.8438199
        ],
        [
          37.58904,
          55.8438
        ],
        [
          37.58911,
          55.8437899
        ],
        [
          37.58918,
          55.8437899
        ],
        [
          37.58924,
          55.8438
        ],
        [
          37.58931,
          55.8438199
        ],
        [
          37.5893799,
          55.84383
        ],
        [
          37.5894499,
          55.8438499
        ],
        [
          37.5895199,
          55.84386
        ],
        [
          37.58959,
          55.84387
        ],
        [
          37.58966,
          55.8438799
        ],
        [
          37.58974,
          55.84387
        ],
        [
          37.58982,
          55.8438499
        ],
        [
          37.58982,
          55.8438499
        ],
        [
          37.58997,
          55.84383
        ],
        [
          37.59005,
          55.8438199
        ],
        [
          37.5901399,
          55.84383
        ],
        [
          37.59022,
          55.84384
        ],
        [
          37.5903099,
          55.8438499
        ],
        [
          37.59039,
          55.84386
        ],
        [
          37.59048,
          55.8438499
        ],
        [
          37.59055,
          55.84383
        ],
        [
          37.59061,
          55.8438
        ],
        [
          37.5906399,
          55.84376
        ],
        [
          37.5906599,
          55.8437199
        ],
        [
          37.5906699,
          55.84368
        ],
        [
          37.5906599,
          55.84363
        ],
        [
          37.59065,
          55.8435899
        ],
        [
          37.5906399,
          55.8435499
        ],
        [
          37.5906399,
          55.8435
        ],
        [
          37.5906399,
          55.8434599
        ],
        [
          37.5906599,
          55.8434199
        ],
        [
          37.59069,
          55.8433899
        ],
        [
          37.5907599,
          55.8433599
        ],
        [
          37.5908299,
          55.84334
        ],
        [
          37.5908999,
          55.8433299
        ],
        [
          37.59098,
          55.8433199
        ],
        [
          37.59105,
          55.8433199
        ],
        [
          37.5911299,
          55.8433199
        ],
        [
          37.59121,
          55.84331
        ],
        [
          37.5913,
          55.84331
        ],
        [
          37.59138,
          55.8433
        ],
        [
          37.5914599,
          55.8433
        ],
        [
          37.5915499,
          55.8433
        ],
        [
          37.59163,
          55.8432899
        ],
        [
          37.59171,
          55.8432899
        ],
        [
          37.5918,
          55.8433
        ],
        [
          37.5918799,
          55.8433
        ],
        [
          37.59197,
          55.8433
        ],
        [
          37.59206,
          55.8433
        ],
        [
          37.5921499,
          55.8433
        ],
        [
          37.5922399,
          55.8432899
        ],
        [
          37.59233,
          55.84328
        ],
        [
          37.59243,
          55.84327
        ],
        [
          37.59253,
          55.84327
        ],
        [
          37.5926299,
          55.8432599
        ],
        [
          37.5927299,
          55.8432599
        ],
        [
          37.5928299,
          55.8432599
        ],
        [
          37.59294,
          55.8432599
        ],
        [
          37.59305,
          55.84325
        ],
        [
          37.5931599,
          55.84325
        ],
        [
          37.59327,
          55.84324
        ],
        [
          37.59337,
          55.84324
        ],
        [
          37.59347,
          55.84324
        ],
        [
          37.59357,
          55.8432299
        ],
        [
          37.5936799,
          55.8432299
        ],
        [
          37.5937799,
          55.8432299
        ],
        [
          37.5938799,
          55.8432299
        ],
        [
          37.59399,
          55.8432299
        ],
        [
          37.59409,
          55.8432299
        ],
        [
          37.59419,
          55.84322
        ],
        [
          37.5943,
          55.84322
        ],
        [
          37.5944099,
          55.84322
        ],
        [
          37.5945099,
          55.84322
        ],
        [
          37.59462,
          55.84321
        ],
        [
          37.59473,
          55.84321
        ],
        [
          37.5948399,
          55.84321
        ],
        [
          37.59496,
          55.84321
        ],
        [
          37.59496,
          55.84321
        ],
        [
          37.59518,
          55.8431999
        ],
        [
          37.5952899,
          55.8431899
        ],
        [
          37.59541,
          55.8431899
        ],
        [
          37.59551,
          55.8431899
        ],
        [
          37.59563,
          55.84318
        ],
        [
          37.59574,
          55.84318
        ],
        [
          37.59586,
          55.84318
        ],
        [
          37.5959799,
          55.84317
        ],
        [
          37.5961,
          55.84317
        ],
        [
          37.59623,
          55.8431599
        ],
        [
          37.59636,
          55.84315
        ],
        [
          37.5964799,
          55.84315
        ],
        [
          37.5966099,
          55.84315
        ],
        [
          37.5967399,
          55.84314
        ],
        [
          37.59686,
          55.84314
        ],
        [
          37.59699,
          55.84314
        ],
        [
          37.59712,
          55.8431299
        ],
        [
          37.59725,
          55.8431299
        ],
        [
          37.59725,
          55.8431299
        ],
        [
          37.5974999,
          55.8431299
        ],
        [
          37.5976299,
          55.84312
        ],
        [
          37.5977599,
          55.84311
        ],
        [
          37.59788,
          55.84311
        ],
        [
          37.598,
          55.84311
        ],
        [
          37.59813,
          55.84311
        ],
        [
          37.5982499,
          55.8430999
        ],
        [
          37.5982499,
          55.8430999
        ],
        [
          37.5985,
          55.8430999
        ],
        [
          37.59862,
          55.8430999
        ],
        [
          37.5987399,
          55.8430899
        ],
        [
          37.5988699,
          55.8430899
        ],
        [
          37.5989999,
          55.84308
        ],
        [
          37.59912,
          55.84308
        ],
        [
          37.59926,
          55.84308
        ],
        [
          37.59939,
          55.84308
        ],
        [
          37.5995299,
          55.84308
        ],
        [
          37.5996599,
          55.8430699
        ],
        [
          37.5998,
          55.8430599
        ],
        [
          37.59993,
          55.8430599
        ],
        [
          37.6000599,
          55.84305
        ],
        [
          37.6002,
          55.84305
        ],
        [
          37.60033,
          55.84304
        ],
        [
          37.6004799,
          55.8430299
        ],
        [
          37.6006099,
          55.8430299
        ],
        [
          37.6007499,
          55.8430299
        ],
        [
          37.6009,
          55.84302
        ],
        [
          37.6009,
          55.84302
        ],
        [
          37.60118,
          55.84301
        ],
        [
          37.60131,
          55.8429999
        ],
        [
          37.60145,
          55.8429999
        ],
        [
          37.60159,
          55.8429999
        ],
        [
          37.60172,
          55.8429999
        ],
        [
          37.60184,
          55.84299
        ],
        [
          37.60197,
          55.84299
        ],
        [
          37.6021,
          55.84298
        ],
        [
          37.6021,
          55.84298
        ],
        [
          37.60236,
          55.84299
        ],
        [
          37.6024899,
          55.84299
        ],
        [
          37.6026199,
          55.84298
        ],
        [
          37.6027499,
          55.84298
        ],
        [
          37.60289,
          55.8429699
        ],
        [
          37.60302,
          55.8429699
        ],
        [
          37.60315,
          55.8429699
        ],
        [
          37.60328,
          55.8429699
        ],
        [
          37.60341,
          55.8429699
        ],
        [
          37.60341,
          55.8429699
        ],
        [
          37.6036699,
          55.84295
        ],
        [
          37.6037999,
          55.84294
        ],
        [
          37.6039299,
          55.8429299
        ],
        [
          37.60405,
          55.8429299
        ],
        [
          37.60418,
          55.8429299
        ],
        [
          37.60431,
          55.84292
        ],
        [
          37.60444,
          55.8429299
        ],
        [
          37.60456,
          55.84292
        ],
        [
          37.6047,
          55.84292
        ],
        [
          37.60483,
          55.84292
        ],
        [
          37.60496,
          55.84291
        ],
        [
          37.6050799,
          55.8428999
        ],
        [
          37.60522,
          55.8428999
        ],
        [
          37.60535,
          55.84289
        ],
        [
          37.60549,
          55.84289
        ],
        [
          37.60562,
          55.84289
        ],
        [
          37.6057599,
          55.84288
        ],
        [
          37.60589,
          55.84288
        ],
        [
          37.6060299,
          55.84288
        ],
        [
          37.60617,
          55.8428699
        ],
        [
          37.60631,
          55.84285
        ],
        [
          37.6064499,
          55.84285
        ],
        [
          37.6065899,
          55.8428399
        ],
        [
          37.60674,
          55.8428399
        ],
        [
          37.6068799,
          55.8428299
        ],
        [
          37.6070099,
          55.84282
        ],
        [
          37.6071499,
          55.84282
        ],
        [
          37.6072799,
          55.84281
        ],
        [
          37.60742,
          55.84281
        ],
        [
          37.60756,
          55.8427999
        ],
        [
          37.60769,
          55.84279
        ],
        [
          37.60782,
          55.84278
        ],
        [
          37.60795,
          55.8427699
        ],
        [
          37.60808,
          55.8427699
        ],
        [
          37.60822,
          55.8427699
        ],
        [
          37.60822,
          55.8427699
        ],
        [
          37.60847,
          55.8427699
        ],
        [
          37.6086,
          55.8427699
        ],
        [
          37.60873,
          55.8427699
        ],
        [
          37.60887,
          55.84276
        ],
        [
          37.60899,
          55.84276
        ],
        [
          37.6091199,
          55.84275
        ],
        [
          37.6092499,
          55.84275
        ],
        [
          37.6093799,
          55.8427399
        ],
        [
          37.60949,
          55.8427399
        ],
        [
          37.60962,
          55.8427399
        ],
        [
          37.60975,
          55.8427399
        ],
        [
          37.6098699,
          55.8427399
        ],
        [
          37.6099999,
          55.8427399
        ],
        [
          37.61012,
          55.8427399
        ],
        [
          37.61025,
          55.8427299
        ],
        [
          37.61037,
          55.8427299
        ],
        [
          37.6104899,
          55.8427299
        ],
        [
          37.61061,
          55.84272
        ],
        [
          37.61073,
          55.84272
        ],
        [
          37.6108499,
          55.84271
        ],
        [
          37.61096,
          55.84271
        ],
        [
          37.6110799,
          55.8426999
        ],
        [
          37.61119,
          55.84269
        ],
        [
          37.6113199,
          55.84268
        ],
        [
          37.61143,
          55.84268
        ],
        [
          37.61155,
          55.8426699
        ],
        [
          37.61166,
          55.8426699
        ],
        [
          37.61178,
          55.84266
        ],
        [
          37.6118999,
          55.84266
        ],
        [
          37.61202,
          55.84266
        ],
        [
          37.61215,
          55.84266
        ],
        [
          37.6122699,
          55.84265
        ],
        [
          37.6123999,
          55.84265
        ],
        [
          37.61252,
          55.8426399
        ],
        [
          37.61265,
          55.8426399
        ],
        [
          37.61265,
          55.8426399
        ],
        [
          37.6129,
          55.8426399
        ],
        [
          37.61303,
          55.84263
        ],
        [
          37.61316,
          55.84263
        ],
        [
          37.6132799,
          55.84263
        ],
        [
          37.61339,
          55.84262
        ],
        [
          37.6135099,
          55.84262
        ],
        [
          37.61362,
          55.8426099
        ],
        [
          37.6137399,
          55.8426099
        ],
        [
          37.61385,
          55.8426099
        ],
        [
          37.61396,
          55.8426099
        ],
        [
          37.6140699,
          55.8426099
        ],
        [
          37.6141699,
          55.8425999
        ],
        [
          37.6141699,
          55.8425999
        ],
        [
          37.61439,
          55.8425999
        ],
        [
          37.6144999,
          55.84259
        ],
        [
          37.6145999,
          55.84258
        ],
        [
          37.6146999,
          55.84258
        ],
        [
          37.6148,
          55.84258
        ],
        [
          37.6149,
          55.8425699
        ],
        [
          37.615,
          55.8425699
        ],
        [
          37.6150899,
          55.8425699
        ],
        [
          37.6150899,
          55.8425699
        ],
        [
          37.61527,
          55.84256
        ],
        [
          37.6153499,
          55.8425399
        ],
        [
          37.6154,
          55.84252
        ],
        [
          37.61544,
          55.84248
        ],
        [
          37.61546,
          55.8424399
        ],
        [
          37.61546,
          55.8424
        ],
        [
          37.61546,
          55.84236
        ],
        [
          37.6154499,
          55.84232
        ],
        [
          37.61544,
          55.8422799
        ],
        [
          37.61544,
          55.8422799
        ],
        [
          37.6154199,
          55.8422
        ],
        [
          37.6154,
          55.84216
        ],
        [
          37.6153799,
          55.84212
        ],
        [
          37.61536,
          55.84207
        ],
        [
          37.61536,
          55.84203
        ],
        [
          37.61536,
          55.84199
        ],
        [
          37.61537,
          55.84194
        ],
        [
          37.6153899,
          55.84189
        ],
        [
          37.6153899,
          55.8418499
        ],
        [
          37.6153899,
          55.8418
        ],
        [
          37.6153899,
          55.84174
        ],
        [
          37.6153799,
          55.8416899
        ],
        [
          37.61537,
          55.8416499
        ],
        [
          37.6153499,
          55.8416
        ],
        [
          37.61533,
          55.8415499
        ],
        [
          37.61533,
          55.84151
        ],
        [
          37.6153499,
          55.84148
        ],
        [
          37.6153799,
          55.8414499
        ],
        [
          37.61543,
          55.84144
        ],
        [
          37.6155,
          55.8414499
        ],
        [
          37.61557,
          55.8414499
        ],
        [
          37.6156499,
          55.8414599
        ],
        [
          37.61572,
          55.84147
        ],
        [
          37.61579,
          55.84147
        ],
        [
          37.6158699,
          55.84148
        ],
        [
          37.61595,
          55.84148
        ],
        [
          37.61603,
          55.8414899
        ],
        [
          37.61612,
          55.8414899
        ],
        [
          37.6161999,
          55.8414899
        ],
        [
          37.61629,
          55.8415
        ],
        [
          37.61638,
          55.8415
        ],
        [
          37.61646,
          55.8415
        ],
        [
          37.61654,
          55.8415
        ],
        [
          37.61662,
          55.84151
        ],
        [
          37.61671,
          55.8415199
        ],
        [
          37.6167999,
          55.84153
        ],
        [
          37.6168899,
          55.84154
        ],
        [
          37.61698,
          55.8415499
        ],
        [
          37.61707,
          55.84157
        ],
        [
          37.6171599,
          55.8415899
        ],
        [
          37.6172499,
          55.84161
        ],
        [
          37.61734,
          55.84163
        ],
        [
          37.6174199,
          55.8416499
        ],
        [
          37.6175,
          55.84167
        ],
        [
          37.61759,
          55.8416899
        ],
        [
          37.6176799,
          55.8417
        ],
        [
          37.61777,
          55.8417199
        ],
        [
          37.61786,
          55.84174
        ],
        [
          37.6179499,
          55.84176
        ],
        [
          37.61805,
          55.84177
        ],
        [
          37.61815,
          55.84179
        ],
        [
          37.61815,
          55.84179
        ],
        [
          37.61835,
          55.84183
        ],
        [
          37.6184399,
          55.84186
        ],
        [
          37.6185299,
          55.84187
        ],
        [
          37.6186299,
          55.8419
        ],
        [
          37.61872,
          55.8419199
        ],
        [
          37.61881,
          55.84194
        ],
        [
          37.6188999,
          55.84196
        ],
        [
          37.61898,
          55.84197
        ],
        [
          37.61908,
          55.8419799
        ],
        [
          37.61917,
          55.84199
        ],
        [
          37.6192599,
          55.842
        ],
        [
          37.6193499,
          55.842
        ],
        [
          37.61944,
          55.84202
        ],
        [
          37.61953,
          55.84202
        ],
        [
          37.61963,
          55.84202
        ],
        [
          37.6197199,
          55.84203
        ],
        [
          37.6198,
          55.8420399
        ],
        [
          37.6198,
          55.8420399
        ],
        [
          37.6199499,
          55.84207
        ],
        [
          37.62003,
          55.8420799
        ],
        [
          37.62009,
          55.8421099
        ],
        [
          37.62016,
          55.8421399
        ],
        [
          37.62022,
          55.84217
        ],
        [
          37.62022,
          55.84217
        ],
        [
          37.62029,
          55.8422
        ],
        [
          37.6204399,
          55.84226
        ],
        [
          37.62052,
          55.84229
        ],
        [
          37.62059,
          55.84232
        ],
        [
          37.62059,
          55.84232
        ],
        [
          37.6207299,
          55.8423799
        ],
        [
          37.62081,
          55.84242
        ],
        [
          37.62089,
          55.84245
        ],
        [
          37.6209599,
          55.84248
        ],
        [
          37.62104,
          55.8424999
        ],
        [
          37.62111,
          55.84253
        ],
        [
          37.62118,
          55.84256
        ],
        [
          37.62125,
          55.84258
        ],
        [
          37.62131,
          55.8426099
        ],
        [
          37.62131,
          55.8426099
        ],
        [
          37.6214499,
          55.84266
        ],
        [
          37.6215199,
          55.84269
        ],
        [
          37.6216,
          55.84271
        ],
        [
          37.6216799,
          55.8427399
        ],
        [
          37.6216799,
          55.8427399
        ],
        [
          37.62184,
          55.8427999
        ],
        [
          37.6219099,
          55.8428399
        ],
        [
          37.62199,
          55.8428699
        ],
        [
          37.62207,
          55.8428999
        ],
        [
          37.6221499,
          55.84294
        ],
        [
          37.62223,
          55.8429699
        ],
        [
          37.6223099,
          55.84299
        ],
        [
          37.6224,
          55.84302
        ],
        [
          37.6225,
          55.8430299
        ],
        [
          37.6226099,
          55.84304
        ],
        [
          37.6227099,
          55.84304
        ],
        [
          37.62281,
          55.84304
        ],
        [
          37.62291,
          55.84304
        ],
        [
          37.62302,
          55.84304
        ],
        [
          37.62312,
          55.8430299
        ],
        [
          37.62321,
          55.84302
        ],
        [
          37.62332,
          55.84302
        ],
        [
          37.6234299,
          55.8429999
        ],
        [
          37.62354,
          55.8429999
        ],
        [
          37.62364,
          55.84298
        ],
        [
          37.6237499,
          55.8429599
        ],
        [
          37.62386,
          55.84295
        ],
        [
          37.62396,
          55.84295
        ],
        [
          37.62406,
          55.84294
        ],
        [
          37.62416,
          55.8429299
        ],
        [
          37.62426,
          55.84292
        ],
        [
          37.62437,
          55.84292
        ],
        [
          37.6244799,
          55.84292
        ],
        [
          37.6245699,
          55.84292
        ],
        [
          37.62465,
          55.84291
        ],
        [
          37.6247099,
          55.8428999
        ],
        [
          37.62476,
          55.84288
        ],
        [
          37.6247699,
          55.84285
        ],
        [
          37.62478,
          55.84282
        ],
        [
          37.62478,
          55.84279
        ],
        [
          37.6247699,
          55.84276
        ],
        [
          37.62476,
          55.8427299
        ],
        [
          37.6247399,
          55.84269
        ],
        [
          37.6247099,
          55.84266
        ],
        [
          37.62469,
          55.84263
        ],
        [
          37.62465,
          55.8426099
        ],
        [
          37.62462,
          55.84258
        ],
        [
          37.6245799,
          55.84255
        ],
        [
          37.6245399,
          55.84253
        ],
        [
          37.6245,
          55.8424999
        ],
        [
          37.6244499,
          55.8424699
        ],
        [
          37.6244,
          55.8424399
        ],
        [
          37.62436,
          55.84242
        ],
        [
          37.6243,
          55.84239
        ],
        [
          37.6242499,
          55.84236
        ],
        [
          37.6242,
          55.8423399
        ],
        [
          37.62414,
          55.84232
        ],
        [
          37.6241,
          55.84229
        ],
        [
          37.62407,
          55.84226
        ],
        [
          37.62404,
          55.84223
        ],
        [
          37.62404,
          55.84223
        ],
        [
          37.62401,
          55.8422099
        ],
        [
          37.6239499,
          55.84216
        ],
        [
          37.6239199,
          55.84213
        ],
        [
          37.6238899,
          55.8421
        ],
        [
          37.6238899,
          55.8421
        ],
        [
          37.62384,
          55.84203
        ],
        [
          37.62381,
          55.842
        ],
        [
          37.62378,
          55.84199
        ],
        [
          37.6237499,
          55.84196
        ],
        [
          37.62371,
          55.84193
        ],
        [
          37.62368,
          55.8419099
        ],
        [
          37.62364,
          55.84187
        ],
        [
          37.6236,
          55.84184
        ],
        [
          37.6235599,
          55.8418099
        ],
        [
          37.6235599,
          55.8418099
        ],
        [
          37.6235199,
          55.8417799
        ],
        [
          37.62344,
          55.84174
        ],
        [
          37.62344,
          55.84174
        ],
        [
          37.62334,
          55.8416799
        ],
        [
          37.6232899,
          55.8416499
        ],
        [
          37.6232299,
          55.8416199
        ],
        [
          37.62317,
          55.8415799
        ],
        [
          37.62311,
          55.8415599
        ],
        [
          37.62304,
          55.84153
        ],
        [
          37.62304,
          55.84153
        ],
        [
          37.6229699,
          55.8414899
        ],
        [
          37.6228399,
          55.8414199
        ],
        [
          37.62278,
          55.8413899
        ],
        [
          37.6227299,
          55.8413599
        ],
        [
          37.6226699,
          55.8413299
        ],
        [
          37.6225999,
          55.8412899
        ],
        [
          37.62253,
          55.8412599
        ],
        [
          37.62245,
          55.8412199
        ],
        [
          37.62245,
          55.8412199
        ],
        [
          37.62229,
          55.8411599
        ],
        [
          37.62229,
          55.8411599
        ],
        [
          37.62212,
          55.8410999
        ],
        [
          37.62204,
          55.84108
        ],
        [
          37.62204,
          55.84108
        ],
        [
          37.62197,
          55.84105
        ],
        [
          37.62189,
          55.8410299
        ],
        [
          37.62181,
          55.84101
        ],
        [
          37.62174,
          55.84098
        ],
        [
          37.62163,
          55.84091
        ],
        [
          37.62163,
          55.84091
        ],
        [
          37.62158,
          55.84088
        ],
        [
          37.62151,
          55.8408299
        ],
        [
          37.62151,
          55.8408299
        ],
        [
          37.62148,
          55.8407999
        ],
        [
          37.62144,
          55.84078
        ],
        [
          37.62141,
          55.8407599
        ],
        [
          37.6213899,
          55.84074
        ],
        [
          37.62137,
          55.8406999
        ],
        [
          37.62137,
          55.8406999
        ],
        [
          37.62137,
          55.84068
        ],
        [
          37.62138,
          55.8406699
        ],
        [
          37.62141,
          55.84065
        ],
        [
          37.6214599,
          55.84065
        ],
        [
          37.62151,
          55.8406399
        ],
        [
          37.62157,
          55.8406399
        ],
        [
          37.62164,
          55.8406399
        ],
        [
          37.6217,
          55.8406399
        ],
        [
          37.6217799,
          55.8406399
        ],
        [
          37.6218499,
          55.8406299
        ],
        [
          37.62193,
          55.8406299
        ],
        [
          37.6220099,
          55.8406299
        ],
        [
          37.62209,
          55.8406299
        ],
        [
          37.62217,
          55.8406299
        ],
        [
          37.62226,
          55.8406299
        ],
        [
          37.62235,
          55.84062
        ],
        [
          37.62243,
          55.84062
        ],
        [
          37.62252,
          55.84062
        ],
        [
          37.6226099,
          55.84061
        ],
        [
          37.6226999,
          55.84061
        ],
        [
          37.6227999,
          55.8405999
        ],
        [
          37.62299,
          55.84059
        ],
        [
          37.62308,
          55.84059
        ],
        [
          37.62318,
          55.84058
        ],
        [
          37.62327,
          55.8405699
        ],
        [
          37.6233599,
          55.84058
        ],
        [
          37.62345,
          55.84058
        ],
        [
          37.62354,
          55.84058
        ],
        [
          37.62363,
          55.84058
        ],
        [
          37.62373,
          55.84058
        ],
        [
          37.6238199,
          55.8405699
        ],
        [
          37.6239199,
          55.8405699
        ],
        [
          37.6240199,
          55.84056
        ],
        [
          37.6241199,
          55.84056
        ],
        [
          37.6242199,
          55.84055
        ],
        [
          37.6243099,
          55.84055
        ],
        [
          37.6244099,
          55.84056
        ],
        [
          37.6245,
          55.84056
        ],
        [
          37.62459,
          55.84056
        ],
        [
          37.62468,
          55.8405699
        ],
        [
          37.62476,
          55.84059
        ],
        [
          37.62482,
          55.84062
        ],
        [
          37.62485,
          55.8406699
        ],
        [
          37.62485,
          55.8406699
        ],
        [
          37.6248699,
          55.8406999
        ],
        [
          37.6248999,
          55.8407299
        ],
        [
          37.6249299,
          55.8407599
        ],
        [
          37.62495,
          55.84078
        ],
        [
          37.62498,
          55.84079
        ],
        [
          37.62501,
          55.84081
        ],
        [
          37.6250299,
          55.84082
        ],
        [
          37.62506,
          55.8408299
        ],
        [
          37.62509,
          55.84085
        ],
        [
          37.6251299,
          55.8408699
        ],
        [
          37.62518,
          55.84089
        ],
        [
          37.6252299,
          55.84091
        ],
        [
          37.62529,
          55.8409299
        ],
        [
          37.62535,
          55.8409599
        ],
        [
          37.62542,
          55.84098
        ],
        [
          37.62548,
          55.8409999
        ],
        [
          37.6255599,
          55.84102
        ],
        [
          37.62564,
          55.84104
        ],
        [
          37.6257199,
          55.84105
        ],
        [
          37.62581,
          55.84107
        ],
        [
          37.6259,
          55.8410899
        ],
        [
          37.6259799,
          55.84112
        ],
        [
          37.62607,
          55.84114
        ],
        [
          37.62616,
          55.8411599
        ],
        [
          37.62626,
          55.84118
        ],
        [
          37.6263499,
          55.8412
        ],
        [
          37.6264499,
          55.8412199
        ],
        [
          37.6265499,
          55.84124
        ],
        [
          37.62665,
          55.8412599
        ],
        [
          37.62675,
          55.84128
        ],
        [
          37.6268699,
          55.8412899
        ],
        [
          37.62698,
          55.84131
        ],
        [
          37.62709,
          55.8413199
        ],
        [
          37.6271999,
          55.84134
        ],
        [
          37.62732,
          55.84135
        ],
        [
          37.6274299,
          55.84137
        ],
        [
          37.62754,
          55.8413899
        ],
        [
          37.62764,
          55.8414199
        ],
        [
          37.62774,
          55.8414499
        ],
        [
          37.6278299,
          55.84147
        ],
        [
          37.62793,
          55.8414899
        ],
        [
          37.62804,
          55.8415
        ],
        [
          37.62814,
          55.84151
        ],
        [
          37.62823,
          55.8415199
        ],
        [
          37.6283199,
          55.8415199
        ],
        [
          37.6283799,
          55.84153
        ],
        [
          37.6284199,
          55.84153
        ],
        [
          37.6284499,
          55.84153
        ],
        [
          37.6285,
          55.84153
        ],
        [
          37.62857,
          55.84153
        ],
        [
          37.6286399,
          55.84153
        ],
        [
          37.6287099,
          55.84154
        ],
        [
          37.6287699,
          55.8415499
        ],
        [
          37.62883,
          55.8415499
        ],
        [
          37.62889,
          55.8415499
        ],
        [
          37.62893,
          55.8415499
        ],
        [
          37.62896,
          55.84154
        ],
        [
          37.62899,
          55.84154
        ],
        [
          37.62902,
          55.84154
        ],
        [
          37.6290399,
          55.84153
        ],
        [
          37.6290699,
          55.84153
        ],
        [
          37.62909,
          55.84153
        ],
        [
          37.6290999,
          55.84153
        ],
        [
          37.62918,
          55.84151
        ],
        [
          37.62921,
          55.84151
        ],
        [
          37.62925,
          55.84151
        ],
        [
          37.62928,
          55.84151
        ],
        [
          37.62931,
          55.8415
        ],
        [
          37.6293399,
          55.84151
        ],
        [
          37.62936,
          55.84151
        ],
        [
          37.62939,
          55.84151
        ],
        [
          37.62941,
          55.84151
        ],
        [
          37.6294599,
          55.84151
        ],
        [
          37.6294599,
          55.84151
        ],
        [
          37.62948,
          55.84151
        ],
        [
          37.62951,
          55.84151
        ],
        [
          37.62954,
          55.8415
        ],
        [
          37.6295699,
          55.8415
        ],
        [
          37.62962,
          55.8415
        ],
        [
          37.6296599,
          55.8415
        ],
        [
          37.62971,
          55.8415
        ],
        [
          37.6297599,
          55.8415
        ],
        [
          37.62982,
          55.8415
        ],
        [
          37.62988,
          55.8414899
        ],
        [
          37.62994,
          55.8414899
        ],
        [
          37.63,
          55.8414899
        ],
        [
          37.6300599,
          55.84148
        ],
        [
          37.6301199,
          55.84148
        ],
        [
          37.63018,
          55.84147
        ],
        [
          37.63023,
          55.8414599
        ],
        [
          37.6302899,
          55.8414499
        ],
        [
          37.63034,
          55.84144
        ],
        [
          37.6303899,
          55.8414199
        ],
        [
          37.63044,
          55.8414199
        ],
        [
          37.63049,
          55.8414199
        ],
        [
          37.63053,
          55.84144
        ],
        [
          37.63057,
          55.8414599
        ],
        [
          37.6306099,
          55.8414899
        ],
        [
          37.6306499,
          55.8415199
        ],
        [
          37.6307,
          55.8415499
        ],
        [
          37.6307399,
          55.8415799
        ],
        [
          37.63079,
          55.8416
        ],
        [
          37.6308399,
          55.8416199
        ],
        [
          37.6309,
          55.84163
        ],
        [
          37.63096,
          55.84163
        ],
        [
          37.63102,
          55.8416499
        ],
        [
          37.6310699,
          55.8416499
        ],
        [
          37.63113,
          55.84166
        ],
        [
          37.63119,
          55.84167
        ],
        [
          37.63125,
          55.8416799
        ],
        [
          37.6313099,
          55.8417
        ],
        [
          37.6313699,
          55.84171
        ],
        [
          37.6314399,
          55.8417199
        ],
        [
          37.63151,
          55.84173
        ],
        [
          37.63159,
          55.84174
        ],
        [
          37.6316599,
          55.84174
        ],
        [
          37.63174,
          55.8417499
        ],
        [
          37.63181,
          55.84176
        ],
        [
          37.63187,
          55.84177
        ],
        [
          37.6319299,
          55.8417799
        ],
        [
          37.6319899,
          55.84179
        ],
        [
          37.63205,
          55.8418099
        ],
        [
          37.6321,
          55.8418199
        ],
        [
          37.63215,
          55.84183
        ],
        [
          37.63221,
          55.84184
        ],
        [
          37.6322499,
          55.84186
        ],
        [
          37.6323,
          55.84187
        ],
        [
          37.6323499,
          55.84189
        ],
        [
          37.6324,
          55.8419
        ],
        [
          37.63244,
          55.8419199
        ],
        [
          37.6325,
          55.84193
        ],
        [
          37.63256,
          55.84194
        ],
        [
          37.6326199,
          55.8419499
        ],
        [
          37.63267,
          55.84196
        ],
        [
          37.6327199,
          55.84197
        ],
        [
          37.63277,
          55.84199
        ],
        [
          37.6328,
          55.8420099
        ],
        [
          37.6328499,
          55.84203
        ],
        [
          37.6328799,
          55.8420499
        ],
        [
          37.6329099,
          55.8420799
        ],
        [
          37.6329499,
          55.8421
        ],
        [
          37.6329799,
          55.8421099
        ],
        [
          37.63303,
          55.8421099
        ],
        [
          37.6330799,
          55.84212
        ],
        [
          37.63313,
          55.84213
        ],
        [
          37.6331799,
          55.8421499
        ],
        [
          37.63322,
          55.84216
        ],
        [
          37.63326,
          55.84217
        ],
        [
          37.6332999,
          55.8421799
        ],
        [
          37.63333,
          55.84219
        ],
        [
          37.6333699,
          55.8422099
        ],
        [
          37.63342,
          55.84222
        ],
        [
          37.63348,
          55.84223
        ],
        [
          37.6335399,
          55.8422399
        ],
        [
          37.63361,
          55.84225
        ],
        [
          37.6336699,
          55.84226
        ],
        [
          37.6337299,
          55.8422799
        ],
        [
          37.63379,
          55.8423099
        ],
        [
          37.63385,
          55.84233
        ],
        [
          37.6338999,
          55.84236
        ],
        [
          37.63395,
          55.8423799
        ],
        [
          37.6339899,
          55.8424099
        ],
        [
          37.6340299,
          55.84243
        ],
        [
          37.63408,
          55.84246
        ],
        [
          37.63412,
          55.84248
        ],
        [
          37.63417,
          55.8424999
        ],
        [
          37.6342299,
          55.84252
        ],
        [
          37.6343,
          55.84253
        ],
        [
          37.63437,
          55.84255
        ],
        [
          37.63443,
          55.84258
        ],
        [
          37.6345,
          55.8425999
        ],
        [
          37.6345599,
          55.84262
        ],
        [
          37.63461,
          55.84265
        ],
        [
          37.63466,
          55.84268
        ],
        [
          37.6347,
          55.84271
        ],
        [
          37.6347499,
          55.8427399
        ],
        [
          37.6348099,
          55.84276
        ],
        [
          37.63486,
          55.84279
        ],
        [
          37.63493,
          55.84281
        ],
        [
          37.63499,
          55.84282
        ],
        [
          37.63506,
          55.8428399
        ],
        [
          37.63512,
          55.8428599
        ],
        [
          37.6351799,
          55.84289
        ],
        [
          37.6352399,
          55.8428999
        ],
        [
          37.6353,
          55.84292
        ],
        [
          37.63536,
          55.84294
        ],
        [
          37.63542,
          55.8429599
        ],
        [
          37.63548,
          55.84298
        ],
        [
          37.6355399,
          55.8429999
        ],
        [
          37.6355999,
          55.84302
        ],
        [
          37.63566,
          55.84304
        ],
        [
          37.63572,
          55.84305
        ],
        [
          37.63578,
          55.8430599
        ],
        [
          37.6358299,
          55.8430599
        ],
        [
          37.6358599,
          55.8430699
        ],
        [
          37.63588,
          55.8430899
        ],
        [
          37.63589,
          55.84311
        ],
        [
          37.6358999,
          55.8431299
        ],
        [
          37.6358999,
          55.8431599
        ],
        [
          37.63591,
          55.8431899
        ],
        [
          37.63591,
          55.84321
        ],
        [
          37.63591,
          55.84324
        ],
        [
          37.63591,
          55.84327
        ],
        [
          37.63591,
          55.8432899
        ],
        [
          37.63591,
          55.84331
        ],
        [
          37.63592,
          55.8433299
        ],
        [
          37.6359299,
          55.84335
        ],
        [
          37.6359299,
          55.84337
        ],
        [
          37.6359299,
          55.8433899
        ],
        [
          37.6359299,
          55.8434199
        ],
        [
          37.6359299,
          55.84344
        ],
        [
          37.63594,
          55.8434599
        ],
        [
          37.63594,
          55.8434899
        ],
        [
          37.63594,
          55.8435199
        ],
        [
          37.63594,
          55.8435499
        ],
        [
          37.63594,
          55.84358
        ],
        [
          37.63594,
          55.84361
        ],
        [
          37.63594,
          55.84364
        ],
        [
          37.6359299,
          55.84368
        ],
        [
          37.63594,
          55.84371
        ],
        [
          37.6359299,
          55.84373
        ],
        [
          37.6359299,
          55.84376
        ],
        [
          37.6359299,
          55.8438
        ],
        [
          37.6359299,
          55.84384
        ],
        [
          37.63592,
          55.84387
        ],
        [
          37.63592,
          55.84391
        ],
        [
          37.63591,
          55.84394
        ],
        [
          37.6358999,
          55.84397
        ],
        [
          37.6358999,
          55.844
        ],
        [
          37.6358999,
          55.84404
        ],
        [
          37.6358999,
          55.84407
        ],
        [
          37.6358999,
          55.8441099
        ],
        [
          37.63591,
          55.84413
        ],
        [
          37.63591,
          55.84416
        ],
        [
          37.63592,
          55.8442
        ],
        [
          37.63591,
          55.84423
        ],
        [
          37.6358999,
          55.84426
        ],
        [
          37.63589,
          55.84429
        ],
        [
          37.63589,
          55.84432
        ],
        [
          37.63588,
          55.8443499
        ],
        [
          37.63588,
          55.84439
        ],
        [
          37.6358699,
          55.84442
        ],
        [
          37.6358599,
          55.84446
        ],
        [
          37.6358599,
          55.84449
        ],
        [
          37.63585,
          55.8445099
        ],
        [
          37.6358399,
          55.8445399
        ],
        [
          37.6358299,
          55.84455
        ],
        [
          37.63582,
          55.84456
        ],
        [
          37.63582,
          55.84456
        ],
        [
          37.63582,
          55.84456
        ],
        [
          37.63582,
          55.84456
        ],
        [
          37.63582,
          55.84456
        ],
        [
          37.6358299,
          55.84459
        ],
        [
          37.6358599,
          55.8445999
        ],
        [
          37.63589,
          55.8445999
        ],
        [
          37.63592,
          55.8446099
        ],
        [
          37.6359599,
          55.8446099
        ],
        [
          37.63601,
          55.8446099
        ],
        [
          37.6360599,
          55.8446099
        ],
        [
          37.63611,
          55.8446099
        ],
        [
          37.6361599,
          55.84462
        ],
        [
          37.6361999,
          55.84462
        ],
        [
          37.6362299,
          55.84462
        ],
        [
          37.6362599,
          55.8446099
        ],
        [
          37.63628,
          55.8445999
        ],
        [
          37.63631,
          55.84459
        ],
        [
          37.6363299,
          55.84456
        ],
        [
          37.63634,
          55.84453
        ],
        [
          37.6363599,
          55.8445099
        ],
        [
          37.63638,
          55.84449
        ],
        [
          37.6364,
          55.84446
        ],
        [
          37.63644,
          55.84445
        ],
        [
          37.63647,
          55.84443
        ],
        [
          37.6364899,
          55.8444
        ],
        [
          37.6365,
          55.8443699
        ],
        [
          37.63651,
          55.84433
        ],
        [
          37.63653,
          55.8443
        ],
        [
          37.63658,
          55.8442799
        ],
        [
          37.63661,
          55.84427
        ],
        [
          37.63663,
          55.8442399
        ],
        [
          37.6366499,
          55.8442099
        ],
        [
          37.6366599,
          55.8441799
        ],
        [
          37.63667,
          55.84414
        ],
        [
          37.6366899,
          55.8441099
        ],
        [
          37.6366899,
          55.84407
        ],
        [
          37.6367,
          55.84403
        ],
        [
          37.6367,
          55.84399
        ],
        [
          37.63671,
          55.8439499
        ],
        [
          37.6367199,
          55.8439199
        ],
        [
          37.6367199,
          55.8438899
        ],
        [
          37.63673,
          55.8438499
        ],
        [
          37.63673,
          55.84383
        ],
        [
          37.63673,
          55.8438199
        ],
        [
          37.63673,
          55.8438
        ],
        [
          37.63673,
          55.8437899
        ],
        [
          37.6367199,
          55.84376
        ],
        [
          37.63673,
          55.84374
        ],
        [
          37.63673,
          55.8437199
        ],
        [
          37.63673,
          55.8437
        ],
        [
          37.63674,
          55.84368
        ],
        [
          37.63674,
          55.8436599
        ],
        [
          37.63673,
          55.84364
        ],
        [
          37.63673,
          55.8436199
        ],
        [
          37.63673,
          55.8436
        ],
        [
          37.63674,
          55.84358
        ],
        [
          37.6367499,
          55.8435499
        ],
        [
          37.6367499,
          55.84353
        ],
        [
          37.6367499,
          55.8435
        ],
        [
          37.63676,
          55.84348
        ],
        [
          37.6367799,
          55.84345
        ],
        [
          37.6368,
          55.8434299
        ],
        [
          37.63683,
          55.8434199
        ],
        [
          37.6368499,
          55.8434
        ],
        [
          37.6368899,
          55.8433899
        ],
        [
          37.6369499,
          55.8433899
        ],
        [
          37.637,
          55.84338
        ],
        [
          37.6370499,
          55.8433899
        ],
        [
          37.6371099,
          55.8434
        ],
        [
          37.63716,
          55.8434199
        ],
        [
          37.6372,
          55.84344
        ],
        [
          37.6372099,
          55.84347
        ],
        [
          37.63723,
          55.8434899
        ],
        [
          37.63726,
          55.84351
        ],
        [
          37.6373,
          55.8435199
        ],
        [
          37.6373499,
          55.84353
        ],
        [
          37.6373799,
          55.84354
        ],
        [
          37.6373799,
          55.84357
        ],
        [
          37.6373799,
          55.84361
        ],
        [
          37.63739,
          55.84363
        ],
        [
          37.63743,
          55.84364
        ],
        [
          37.6374799,
          55.8436499
        ],
        [
          37.6375399,
          55.8436599
        ],
        [
          37.6375999,
          55.8436599
        ],
        [
          37.63766,
          55.8436599
        ],
        [
          37.63772,
          55.84367
        ],
        [
          37.6377699,
          55.8436899
        ],
        [
          37.6378299,
          55.84371
        ],
        [
          37.6378699,
          55.84374
        ],
        [
          37.63792,
          55.84377
        ],
        [
          37.63795,
          55.8438
        ],
        [
          37.63799,
          55.84383
        ],
        [
          37.6380299,
          55.84387
        ],
        [
          37.63805,
          55.8439
        ],
        [
          37.63808,
          55.84394
        ],
        [
          37.6380999,
          55.8439799
        ],
        [
          37.63812,
          55.8440199
        ],
        [
          37.63815,
          55.84406
        ],
        [
          37.63818,
          55.84409
        ],
        [
          37.63821,
          55.8441199
        ],
        [
          37.6382299,
          55.8441499
        ],
        [
          37.63824,
          55.8441799
        ],
        [
          37.63825,
          55.8442
        ],
        [
          37.63827,
          55.84423
        ],
        [
          37.63828,
          55.8442499
        ],
        [
          37.6382899,
          55.84427
        ],
        [
          37.6382999,
          55.84429
        ],
        [
          37.63831,
          55.84432
        ],
        [
          37.6383299,
          55.8443399
        ],
        [
          37.63834,
          55.84436
        ],
        [
          37.63835,
          55.8443799
        ],
        [
          37.63837,
          55.84442
        ],
        [
          37.6383899,
          55.84445
        ],
        [
          37.6383999,
          55.8444799
        ],
        [
          37.63842,
          55.8445
        ],
        [
          37.6384299,
          55.84453
        ],
        [
          37.63844,
          55.84456
        ],
        [
          37.63845,
          55.8446099
        ],
        [
          37.6384599,
          55.84465
        ],
        [
          37.63847,
          55.84469
        ],
        [
          37.6384899,
          55.84472
        ],
        [
          37.6384899,
          55.84475
        ],
        [
          37.6384899,
          55.8447699
        ],
        [
          37.6384899,
          55.8447999
        ],
        [
          37.6385,
          55.84482
        ],
        [
          37.63851,
          55.84485
        ],
        [
          37.6385199,
          55.8448699
        ],
        [
          37.6385199,
          55.84491
        ],
        [
          37.6385299,
          55.8449399
        ],
        [
          37.63854,
          55.84498
        ],
        [
          37.63857,
          55.84501
        ],
        [
          37.63858,
          55.8450299
        ],
        [
          37.6386,
          55.8450599
        ],
        [
          37.6386299,
          55.84508
        ],
        [
          37.63867,
          55.8450999
        ],
        [
          37.6386899,
          55.84512
        ],
        [
          37.63871,
          55.84514
        ],
        [
          37.63873,
          55.8451599
        ],
        [
          37.63877,
          55.8451699
        ],
        [
          37.6388,
          55.84518
        ],
        [
          37.6388499,
          55.84518
        ],
        [
          37.6388899,
          55.84518
        ],
        [
          37.63894,
          55.84518
        ],
        [
          37.6389799,
          55.84518
        ],
        [
          37.63903,
          55.8451699
        ],
        [
          37.63907,
          55.8451699
        ],
        [
          37.6391099,
          55.8451699
        ],
        [
          37.6391499,
          55.8451599
        ],
        [
          37.63919,
          55.8451699
        ],
        [
          37.63924,
          55.8451699
        ],
        [
          37.63929,
          55.8451699
        ],
        [
          37.63932,
          55.8451699
        ],
        [
          37.6393499,
          55.8451599
        ],
        [
          37.6393799,
          55.8451599
        ],
        [
          37.63939,
          55.8451599
        ],
        [
          37.6394099,
          55.8451699
        ],
        [
          37.63942,
          55.8451999
        ],
        [
          37.63943,
          55.84522
        ],
        [
          37.6394399,
          55.84522
        ],
        [
          37.63947,
          55.84522
        ],
        [
          37.6395099,
          55.84522
        ],
        [
          37.63953,
          55.84522
        ],
        [
          37.6395699,
          55.84521
        ],
        [
          37.6396099,
          55.8451999
        ],
        [
          37.63965,
          55.84519
        ],
        [
          37.63969,
          55.84519
        ],
        [
          37.63972,
          55.84519
        ],
        [
          37.63972,
          55.84519
        ],
        [
          37.63972,
          55.84519
        ],
        [
          37.63973,
          55.84519
        ],
        [
          37.63973,
          55.84519
        ],
        [
          37.63973,
          55.84519
        ]
      ],
      [
        [
          37.323256,
          55.815594
        ],
        [
          37.323176000000004,
          55.815624
        ],
        [
          37.323041,
          55.815512
        ],
        [
          37.322632000000006,
          55.815187
        ],
        [
          37.322239,
          55.814884
        ],
        [
          37.322172,
          55.814845999999996
        ],
        [
          37.322038,
          55.814749
        ],
        [
          37.321847,
          55.814572999999996
        ],
        [
          37.321683,
          55.814423
        ],
        [
          37.321374,
          55.814161999999996
        ],
        [
          37.321256,
          55.81406199999999
        ],
        [
          37.321188,
          55.81401499999999
        ],
        [
          37.321067,
          55.81393099999999
        ],
        [
          37.321011999999996,
          55.81390899999999
        ],
        [
          37.320797,
          55.81389199999999
        ],
        [
          37.320736,
          55.813875999999986
        ],
        [
          37.320705999999994,
          55.81384899999998
        ],
        [
          37.32069599999999,
          55.81381599999998
        ],
        [
          37.32069699999999,
          55.81372899999998
        ],
        [
          37.32069699999999,
          55.81368999999998
        ],
        [
          37.32068899999999,
          55.81366999999998
        ],
        [
          37.32065999999999,
          55.81363599999998
        ],
        [
          37.320618999999986,
          55.81359499999998
        ],
        [
          37.32054499999999,
          55.813547999999976
        ],
        [
          37.32036399999999,
          55.813395999999976
        ],
        [
          37.32042299999999,
          55.813350999999976
        ],
        [
          37.32023199999999,
          55.81319999999997
        ],
        [
          37.32019999999999,
          55.81323499999997
        ],
        [
          37.320148999999994,
          55.81321199999997
        ],
        [
          37.320069,
          55.81315599999997
        ],
        [
          37.319551,
          55.81273599999997
        ],
        [
          37.319230999999995,
          55.81247999999997
        ],
        [
          37.319188999999994,
          55.812470999999974
        ],
        [
          37.319230999999995,
          55.81247999999997
        ],
        [
          37.31903499999999,
          55.812320999999976
        ],
        [
          37.31899299999999,
          55.812295999999975
        ],
        [
          37.31893899999999,
          55.81226999999998
        ],
        [
          37.318878999999995,
          55.812247999999975
        ],
        [
          37.31881799999999,
          55.812227999999976
        ],
        [
          37.31871699999999,
          55.81220499999998
        ],
        [
          37.31854299999999,
          55.812177999999975
        ],
        [
          37.31717799999999,
          55.81199099999998
        ],
        [
          37.31692399999999,
          55.81195099999998
        ],
        [
          37.31678699999999,
          55.81191699999998
        ],
        [
          37.31663199999999,
          55.81189599999998
        ],
        [
          37.31652999999999,
          55.81189299999998
        ],
        [
          37.31531799999999,
          55.81173299999998
        ],
        [
          37.31524099999999,
          55.811725999999986
        ],
        [
          37.31510699999999,
          55.81171999999999
        ],
        [
          37.314919999999994,
          55.81172499999999
        ],
        [
          37.31472399999999,
          55.81173799999999
        ],
        [
          37.31433299999999,
          55.81177099999999
        ],
        [
          37.31403499999999,
          55.81179699999999
        ],
        [
          37.31374099999999,
          55.811823999999994
        ],
        [
          37.313483999999995,
          55.811848
        ],
        [
          37.31341499999999,
          55.811853
        ],
        [
          37.313430999999994,
          55.81191
        ],
        [
          37.313441999999995,
          55.811958999999995
        ],
        [
          37.313342999999996,
          55.811964999999994
        ],
        [
          37.312461,
          55.811992999999994
        ],
        [
          37.312025,
          55.81201299999999
        ],
        [
          37.311997999999996,
          55.812020999999994
        ],
        [
          37.311969,
          55.812037999999994
        ],
        [
          37.311871,
          55.812048
        ],
        [
          37.311195,
          55.812101
        ],
        [
          37.31108,
          55.812113
        ],
        [
          37.310863999999995,
          55.812141
        ],
        [
          37.310652,
          55.812166
        ],
        [
          37.310401999999996,
          55.812199
        ],
        [
          37.31036099999999,
          55.812205
        ],
        [
          37.310325999999996,
          55.812211999999995
        ],
        [
          37.30969699999999,
          55.812366
        ],
        [
          37.309515999999995,
          55.81241
        ],
        [
          37.30848399999999,
          55.812768
        ],
        [
          37.308254999999996,
          55.812867
        ],
        [
          37.308144999999996,
          55.812920999999996
        ],
        [
          37.308105999999995,
          55.81294
        ],
        [
          37.308105,
          55.812957999999995
        ],
        [
          37.308001,
          55.812965999999996
        ],
        [
          37.307952,
          55.812988
        ],
        [
          37.307929,
          55.812999
        ],
        [
          37.307888,
          55.812971
        ],
        [
          37.307825,
          55.812931
        ],
        [
          37.307103,
          55.813285
        ],
        [
          37.306905,
          55.813383
        ],
        [
          37.3068,
          55.813435
        ],
        [
          37.306726000000005,
          55.813472
        ],
        [
          37.306583,
          55.813544
        ],
        [
          37.30654800000001,
          55.813562
        ],
        [
          37.306250000000006,
          55.813708999999996
        ],
        [
          37.30582400000001,
          55.813917
        ],
        [
          37.305642000000006,
          55.814006
        ],
        [
          37.30556200000001,
          55.814045
        ],
        [
          37.30545000000001,
          55.8141
        ],
        [
          37.30519900000001,
          55.814222
        ],
        [
          37.30518300000001,
          55.814228
        ],
        [
          37.305175000000006,
          55.814228
        ],
        [
          37.305167000000004,
          55.814228
        ],
        [
          37.305154,
          55.814221
        ],
        [
          37.304826,
          55.814015000000005
        ],
        [
          37.304758,
          55.81405
        ],
        [
          37.304748,
          55.814043000000005
        ],
        [
          37.304725,
          55.814029000000005
        ],
        [
          37.304812,
          55.813984000000005
        ],
        [
          37.304677,
          55.813908000000005
        ],
        [
          37.304655,
          55.813895
        ],
        [
          37.304758,
          55.813841000000004
        ],
        [
          37.304735,
          55.813827
        ],
        [
          37.304594,
          55.813900000000004
        ],
        [
          37.304527,
          55.813914000000004
        ],
        [
          37.304486,
          55.813934
        ],
        [
          37.304429,
          55.813964000000006
        ],
        [
          37.304362,
          55.81400000000001
        ],
        [
          37.304355,
          55.81400500000001
        ],
        [
          37.304351000000004,
          55.814012000000005
        ],
        [
          37.304353000000006,
          55.814020000000006
        ],
        [
          37.304359000000005,
          55.814024
        ],
        [
          37.304384000000006,
          55.814040000000006
        ],
        [
          37.30417500000001,
          55.814147000000006
        ],
        [
          37.304170000000006,
          55.814144000000006
        ]
      ],
      [
        [
          37.30418,
          55.81443
        ],
        [
          37.304198,
          55.814442
        ],
        [
          37.304391,
          55.814347
        ],
        [
          37.304675,
          55.814206999999996
        ],
        [
          37.304816,
          55.814136
        ],
        [
          37.304855,
          55.814125999999995
        ],
        [
          37.30489600000001,
          55.814128
        ],
        [
          37.304931,
          55.814142
        ],
        [
          37.305177,
          55.814313
        ],
        [
          37.305273,
          55.814265999999996
        ],
        [
          37.305414999999996,
          55.81419699999999
        ],
        [
          37.305521,
          55.814142999999994
        ],
        [
          37.305631999999996,
          55.814086999999994
        ],
        [
          37.306149,
          55.81382299999999
        ],
        [
          37.306307,
          55.813745999999995
        ],
        [
          37.306602999999996,
          55.813596999999994
        ],
        [
          37.306656999999994,
          55.81356999999999
        ],
        [
          37.306650999999995,
          55.813565999999994
        ],
        [
          37.306656999999994,
          55.81356999999999
        ],
        [
          37.306704999999994,
          55.81354499999999
        ],
        [
          37.306816999999995,
          55.81349099999999
        ],
        [
          37.30696699999999,
          55.81341799999999
        ],
        [
          37.30701499999999,
          55.813447999999994
        ],
        [
          37.307061999999995,
          55.813477999999996
        ],
        [
          37.307410999999995,
          55.813314
        ],
        [
          37.30745699999999,
          55.813269999999996
        ],
        [
          37.30752299999999,
          55.813204999999996
        ],
        [
          37.30792899999999,
          55.812999
        ],
        [
          37.307951999999986,
          55.812988
        ],
        [
          37.30800099999998,
          55.812965999999996
        ],
        [
          37.30810499999998,
          55.812957999999995
        ],
        [
          37.30810599999998,
          55.81294
        ],
        [
          37.30814499999998,
          55.812920999999996
        ],
        [
          37.30825499999998,
          55.812867
        ],
        [
          37.30848399999998,
          55.812768
        ],
        [
          37.30951599999998,
          55.81241
        ],
        [
          37.30969699999998,
          55.812366
        ],
        [
          37.31032599999998,
          55.812211999999995
        ],
        [
          37.31036099999998,
          55.812205
        ],
        [
          37.31040199999998,
          55.812199
        ],
        [
          37.31065199999998,
          55.812166
        ],
        [
          37.31086399999998,
          55.812141
        ],
        [
          37.31107999999998,
          55.812113
        ],
        [
          37.311194999999984,
          55.812101
        ],
        [
          37.31187099999998,
          55.812048
        ],
        [
          37.31196899999998,
          55.812037999999994
        ],
        [
          37.31199799999998,
          55.812020999999994
        ],
        [
          37.312024999999984,
          55.81201299999999
        ],
        [
          37.312460999999985,
          55.811992999999994
        ],
        [
          37.31334299999998,
          55.811964999999994
        ],
        [
          37.31344199999998,
          55.811958999999995
        ],
        [
          37.31343099999998,
          55.81191
        ],
        [
          37.31341499999998,
          55.811853
        ],
        [
          37.31348399999998,
          55.811848
        ],
        [
          37.31374099999998,
          55.811823999999994
        ],
        [
          37.314034999999976,
          55.81179699999999
        ],
        [
          37.314332999999976,
          55.81177099999999
        ],
        [
          37.31472399999998,
          55.81173799999999
        ],
        [
          37.31491999999998,
          55.81172499999999
        ],
        [
          37.315106999999976,
          55.81171999999999
        ],
        [
          37.31524099999998,
          55.811725999999986
        ],
        [
          37.31531799999998,
          55.81173299999998
        ],
        [
          37.31652999999998,
          55.81189299999998
        ],
        [
          37.31663199999998,
          55.81189599999998
        ],
        [
          37.31678699999998,
          55.81191699999998
        ],
        [
          37.31692399999998,
          55.81195099999998
        ],
        [
          37.31717799999998,
          55.81199099999998
        ],
        [
          37.31854299999998,
          55.812177999999975
        ],
        [
          37.31871699999998,
          55.81220499999998
        ],
        [
          37.31881799999998,
          55.812227999999976
        ],
        [
          37.31887899999998,
          55.812247999999975
        ],
        [
          37.31893899999998,
          55.81226999999998
        ],
        [
          37.31899299999998,
          55.812295999999975
        ],
        [
          37.31903499999998,
          55.812320999999976
        ],
        [
          37.31920999999998,
          55.81246299999997
        ],
        [
          37.31918899999998,
          55.812470999999974
        ],
        [
          37.31920999999998,
          55.81246299999997
        ],
        [
          37.319230999999974,
          55.81247999999997
        ],
        [
          37.319550999999976,
          55.81273599999997
        ],
        [
          37.320068999999975,
          55.81315599999997
        ],
        [
          37.32014899999997,
          55.81321199999997
        ],
        [
          37.32019999999997,
          55.81323499999997
        ],
        [
          37.32023199999997,
          55.81319999999997
        ],
        [
          37.32042299999997,
          55.813350999999976
        ],
        [
          37.32036399999997,
          55.813395999999976
        ],
        [
          37.32054499999997,
          55.813547999999976
        ],
        [
          37.320618999999965,
          55.81359499999998
        ],
        [
          37.32065999999997,
          55.81363599999998
        ],
        [
          37.320688999999966,
          55.81366999999998
        ],
        [
          37.32069699999997,
          55.81368999999998
        ],
        [
          37.32069699999997,
          55.81372899999998
        ],
        [
          37.32069599999997,
          55.81381599999998
        ],
        [
          37.32070599999997,
          55.81384899999998
        ],
        [
          37.320735999999975,
          55.813875999999986
        ],
        [
          37.32079699999998,
          55.81389199999999
        ],
        [
          37.321011999999975,
          55.81390899999999
        ],
        [
          37.32106699999998,
          55.81393099999999
        ],
        [
          37.32118799999998,
          55.81401499999999
        ],
        [
          37.32125599999998,
          55.81406199999999
        ],
        [
          37.32137399999998,
          55.814161999999996
        ],
        [
          37.32168299999998,
          55.814423
        ],
        [
          37.32184699999998,
          55.814572999999996
        ],
        [
          37.32203799999998,
          55.814749
        ],
        [
          37.32217199999998,
          55.814845999999996
        ],
        [
          37.32223899999998,
          55.814884
        ],
        [
          37.322631999999984,
          55.815187
        ],
        [
          37.32304099999998,
          55.815512
        ],
        [
          37.32316599999998,
          55.815616
        ],
        [
          37.32317499999998,
          55.815612
        ]
      ]
    ]
  }
}
