{
  "type": "Feature",
  "id": "6f8d4946-da59-4e08-a2db-94b0c209bf29",
  "properties": {
    "id": "6f8d4946-da59-4e08-a2db-94b0c209bf29",
    "name": "Речной Вокзал Стрешнево",
    "color": "#ff3300",
    "routeType": "Twiter Gravel V1",
    "isSelected": false
  },
  "geometry": {
    "type": "MultiLineString",
    "coordinates": [
      [
        [
          37.4697999,
          55.84839
        ],
        [
          37.46973,
          55.84839
        ],
        [
          37.46966,
          55.84837
        ],
        [
          37.4696,
          55.84836
        ],
        [
          37.4695399,
          55.84834
        ],
        [
          37.4694799,
          55.84833
        ],
        [
          37.46942,
          55.8483099
        ],
        [
          37.46936,
          55.8483
        ],
        [
          37.46929,
          55.84829
        ],
        [
          37.46923,
          55.84827
        ],
        [
          37.46917,
          55.84826
        ],
        [
          37.4691199,
          55.8482499
        ],
        [
          37.46906,
          55.84823
        ],
        [
          37.46901,
          55.8482199
        ],
        [
          37.46896,
          55.8482
        ],
        [
          37.4689199,
          55.8481899
        ],
        [
          37.4688899,
          55.8481799
        ],
        [
          37.46887,
          55.8481799
        ],
        [
          37.4688499,
          55.84816
        ],
        [
          37.46883,
          55.84816
        ],
        [
          37.46883,
          55.84816
        ],
        [
          37.46883,
          55.84816
        ],
        [
          37.46883,
          55.84816
        ],
        [
          37.46883,
          55.84816
        ],
        [
          37.46883,
          55.84816
        ],
        [
          37.46881,
          55.84816
        ],
        [
          37.4688199,
          55.84817
        ],
        [
          37.46884,
          55.84817
        ],
        [
          37.4688599,
          55.84817
        ],
        [
          37.4688799,
          55.84816
        ],
        [
          37.4689,
          55.84816
        ],
        [
          37.4689,
          55.8481499
        ],
        [
          37.4689,
          55.84814
        ],
        [
          37.4689199,
          55.84813
        ],
        [
          37.46893,
          55.8481199
        ],
        [
          37.46894,
          55.8481
        ],
        [
          37.46894,
          55.8480899
        ],
        [
          37.46896,
          55.8480799
        ],
        [
          37.46897,
          55.84806
        ],
        [
          37.4689799,
          55.84804
        ],
        [
          37.4689899,
          55.8480199
        ],
        [
          37.46901,
          55.848
        ],
        [
          37.4690199,
          55.84798
        ],
        [
          37.46904,
          55.8479599
        ],
        [
          37.46906,
          55.84793
        ],
        [
          37.46907,
          55.84791
        ],
        [
          37.46909,
          55.84788
        ],
        [
          37.4691099,
          55.8478499
        ],
        [
          37.46913,
          55.8478199
        ],
        [
          37.4691499,
          55.8477899
        ],
        [
          37.4691799,
          55.8477599
        ],
        [
          37.4692,
          55.8477299
        ],
        [
          37.4692199,
          55.8477
        ],
        [
          37.46924,
          55.84767
        ],
        [
          37.46927,
          55.8476299
        ],
        [
          37.46929,
          55.8475899
        ],
        [
          37.4693099,
          55.84755
        ],
        [
          37.46933,
          55.84752
        ],
        [
          37.4693499,
          55.84747
        ],
        [
          37.4693499,
          55.8474299
        ],
        [
          37.4693499,
          55.8473899
        ],
        [
          37.4693499,
          55.84735
        ],
        [
          37.46936,
          55.84731
        ],
        [
          37.4693799,
          55.84728
        ],
        [
          37.4694099,
          55.84724
        ],
        [
          37.46943,
          55.8471999
        ],
        [
          37.46946,
          55.8471699
        ],
        [
          37.46947,
          55.8471299
        ],
        [
          37.46949,
          55.8470999
        ],
        [
          37.46952,
          55.84706
        ],
        [
          37.4695399,
          55.84702
        ],
        [
          37.4695699,
          55.84698
        ],
        [
          37.4696,
          55.8469399
        ],
        [
          37.46962,
          55.8468999
        ],
        [
          37.46965,
          55.84686
        ],
        [
          37.4696799,
          55.84683
        ],
        [
          37.4697099,
          55.84679
        ],
        [
          37.46973,
          55.84676
        ],
        [
          37.46975,
          55.84672
        ],
        [
          37.4697699,
          55.8466799
        ],
        [
          37.4697999,
          55.84665
        ],
        [
          37.46983,
          55.8466099
        ],
        [
          37.46986,
          55.8465699
        ],
        [
          37.46989,
          55.84653
        ],
        [
          37.46992,
          55.8465
        ],
        [
          37.4699699,
          55.84646
        ],
        [
          37.4699999,
          55.84642
        ],
        [
          37.4700399,
          55.84637
        ],
        [
          37.4700699,
          55.84633
        ],
        [
          37.4700999,
          55.84629
        ],
        [
          37.4701299,
          55.84624
        ],
        [
          37.4701699,
          55.8462
        ],
        [
          37.4701999,
          55.8461499
        ],
        [
          37.4702299,
          55.8461099
        ],
        [
          37.4702599,
          55.84607
        ],
        [
          37.47029,
          55.8460199
        ],
        [
          37.4703299,
          55.8459799
        ],
        [
          37.4703699,
          55.84594
        ],
        [
          37.47041,
          55.8459
        ],
        [
          37.4704299,
          55.8458599
        ],
        [
          37.47047,
          55.8458199
        ],
        [
          37.4704999,
          55.84578
        ],
        [
          37.4705299,
          55.84574
        ],
        [
          37.47057,
          55.8457
        ],
        [
          37.4706,
          55.8456599
        ],
        [
          37.4706299,
          55.8456199
        ],
        [
          37.4706599,
          55.84558
        ],
        [
          37.4706899,
          55.84554
        ],
        [
          37.47071,
          55.8455
        ],
        [
          37.47074,
          55.8454599
        ],
        [
          37.47077,
          55.84541
        ],
        [
          37.4708,
          55.84537
        ],
        [
          37.47083,
          55.8453299
        ],
        [
          37.4708599,
          55.8452899
        ],
        [
          37.4708899,
          55.84524
        ],
        [
          37.4709199,
          55.8451999
        ],
        [
          37.4709499,
          55.8451599
        ],
        [
          37.4709899,
          55.84511
        ],
        [
          37.4710199,
          55.8450699
        ],
        [
          37.4710499,
          55.8450299
        ],
        [
          37.4710799,
          55.84498
        ],
        [
          37.4711199,
          55.8449399
        ],
        [
          37.47114,
          55.84489
        ],
        [
          37.47116,
          55.84485
        ],
        [
          37.4711899,
          55.8447999
        ],
        [
          37.4712,
          55.8447699
        ],
        [
          37.47121,
          55.8447399
        ],
        [
          37.47121,
          55.84473
        ],
        [
          37.47121,
          55.84473
        ],
        [
          37.47121,
          55.84473
        ],
        [
          37.47121,
          55.84473
        ],
        [
          37.47121,
          55.84473
        ],
        [
          37.47117,
          55.8446999
        ],
        [
          37.4711499,
          55.84469
        ],
        [
          37.47113,
          55.8446699
        ],
        [
          37.4711,
          55.8446399
        ],
        [
          37.47107,
          55.8446099
        ],
        [
          37.4710199,
          55.84459
        ],
        [
          37.4709499,
          55.8445799
        ],
        [
          37.47088,
          55.84459
        ],
        [
          37.47081,
          55.8446099
        ],
        [
          37.4707599,
          55.84465
        ],
        [
          37.47074,
          55.84469
        ],
        [
          37.47071,
          55.84473
        ],
        [
          37.4707,
          55.84476
        ],
        [
          37.47067,
          55.8447999
        ],
        [
          37.4706299,
          55.8448299
        ],
        [
          37.4706,
          55.8448699
        ],
        [
          37.47058,
          55.8448999
        ],
        [
          37.47055,
          55.8449299
        ],
        [
          37.47052,
          55.84496
        ],
        [
          37.4704899,
          55.84499
        ],
        [
          37.47047,
          55.8450299
        ],
        [
          37.47044,
          55.84505
        ],
        [
          37.47041,
          55.84508
        ],
        [
          37.47038,
          55.84511
        ],
        [
          37.4703599,
          55.84514
        ],
        [
          37.47034,
          55.8451599
        ],
        [
          37.47032,
          55.84519
        ],
        [
          37.4702999,
          55.84522
        ],
        [
          37.47029,
          55.84525
        ],
        [
          37.4702599,
          55.84527
        ],
        [
          37.47025,
          55.8452999
        ],
        [
          37.47025,
          55.8453299
        ],
        [
          37.47024,
          55.8453599
        ],
        [
          37.4702299,
          55.8453899
        ],
        [
          37.47022,
          55.84542
        ],
        [
          37.47021,
          55.84545
        ],
        [
          37.4701999,
          55.84548
        ],
        [
          37.47018,
          55.84551
        ],
        [
          37.4701699,
          55.84555
        ],
        [
          37.4701399,
          55.84558
        ],
        [
          37.47011,
          55.8456199
        ],
        [
          37.47009,
          55.84565
        ],
        [
          37.47006,
          55.8456899
        ],
        [
          37.4700399,
          55.8457199
        ],
        [
          37.47002,
          55.8457599
        ],
        [
          37.46999,
          55.8458
        ],
        [
          37.46998,
          55.84584
        ],
        [
          37.46996,
          55.8458799
        ],
        [
          37.4699399,
          55.84593
        ],
        [
          37.4699099,
          55.84597
        ],
        [
          37.46988,
          55.84601
        ],
        [
          37.46985,
          55.8460499
        ],
        [
          37.46982,
          55.8460899
        ],
        [
          37.4697999,
          55.84614
        ],
        [
          37.46975,
          55.84617
        ],
        [
          37.4697099,
          55.8462099
        ],
        [
          37.4696699,
          55.8462499
        ],
        [
          37.46963,
          55.8462799
        ],
        [
          37.46959,
          55.84632
        ],
        [
          37.46955,
          55.84636
        ],
        [
          37.46952,
          55.8464
        ],
        [
          37.46949,
          55.8464399
        ],
        [
          37.46947,
          55.8464799
        ],
        [
          37.4694399,
          55.84652
        ],
        [
          37.4694099,
          55.84656
        ],
        [
          37.46937,
          55.8466
        ],
        [
          37.4693499,
          55.84665
        ],
        [
          37.46933,
          55.84669
        ],
        [
          37.4693099,
          55.84673
        ],
        [
          37.46929,
          55.8467699
        ],
        [
          37.46927,
          55.8468099
        ],
        [
          37.4692499,
          55.84685
        ],
        [
          37.4692,
          55.84688
        ],
        [
          37.4691499,
          55.8468999
        ],
        [
          37.4691199,
          55.84693
        ],
        [
          37.46909,
          55.84696
        ],
        [
          37.46906,
          55.8469999
        ],
        [
          37.4690199,
          55.8470399
        ],
        [
          37.46896,
          55.8470699
        ],
        [
          37.4689199,
          55.8470999
        ],
        [
          37.4688899,
          55.8471299
        ],
        [
          37.4688799,
          55.84716
        ],
        [
          37.4688599,
          55.8471999
        ],
        [
          37.4688499,
          55.8472299
        ],
        [
          37.46883,
          55.8472599
        ],
        [
          37.4688199,
          55.84729
        ],
        [
          37.46881,
          55.84732
        ],
        [
          37.4687899,
          55.84735
        ],
        [
          37.4687499,
          55.84738
        ],
        [
          37.4687199,
          55.8473999
        ],
        [
          37.4686899,
          55.8474299
        ],
        [
          37.46867,
          55.8474599
        ],
        [
          37.4686599,
          55.84747
        ],
        [
          37.46864,
          55.8474899
        ],
        [
          37.46864,
          55.8474999
        ],
        [
          37.46864,
          55.8474999
        ],
        [
          37.46864,
          55.8474999
        ],
        [
          37.46857,
          55.8477
        ],
        [
          37.46857,
          55.84771
        ],
        [
          37.46857,
          55.8477199
        ],
        [
          37.46857,
          55.84774
        ],
        [
          37.46857,
          55.84775
        ],
        [
          37.46857,
          55.84777
        ],
        [
          37.46857,
          55.84778
        ],
        [
          37.46857,
          55.84778
        ],
        [
          37.4685599,
          55.8478
        ],
        [
          37.4685599,
          55.84781
        ],
        [
          37.4685599,
          55.84783
        ],
        [
          37.46855,
          55.84784
        ],
        [
          37.46854,
          55.8478499
        ],
        [
          37.4685199,
          55.8478599
        ],
        [
          37.4685,
          55.8478499
        ],
        [
          37.46848,
          55.8478499
        ],
        [
          37.4684599,
          55.8478499
        ],
        [
          37.46844,
          55.8478499
        ],
        [
          37.46842,
          55.8478599
        ],
        [
          37.46842,
          55.84788
        ],
        [
          37.46841,
          55.8478899
        ],
        [
          37.4683999,
          55.84791
        ],
        [
          37.4683899,
          55.8479199
        ],
        [
          37.46838,
          55.84794
        ],
        [
          37.4683599,
          55.8479599
        ],
        [
          37.46835,
          55.84798
        ],
        [
          37.46834,
          55.848
        ],
        [
          37.4683299,
          55.8480199
        ],
        [
          37.4683299,
          55.8480199
        ],
        [
          37.4682999,
          55.84807
        ],
        [
          37.46828,
          55.8480899
        ],
        [
          37.4682599,
          55.84811
        ],
        [
          37.46825,
          55.84813
        ],
        [
          37.4682299,
          55.84816
        ],
        [
          37.46822,
          55.8481799
        ],
        [
          37.4681999,
          55.84821
        ],
        [
          37.46819,
          55.84823
        ],
        [
          37.4681699,
          55.84826
        ],
        [
          37.4681299,
          55.8483099
        ],
        [
          37.4681299,
          55.8483099
        ],
        [
          37.46812,
          55.84833
        ],
        [
          37.46811,
          55.84836
        ],
        [
          37.46811,
          55.8483799
        ],
        [
          37.46812,
          55.8484
        ],
        [
          37.46814,
          55.8484099
        ],
        [
          37.46814,
          55.8484099
        ],
        [
          37.46819,
          55.8484199
        ],
        [
          37.46819,
          55.84844
        ],
        [
          37.4681699,
          55.8484499
        ],
        [
          37.46815,
          55.84847
        ],
        [
          37.4681299,
          55.84847
        ],
        [
          37.4680999,
          55.84847
        ],
        [
          37.4680699,
          55.84847
        ],
        [
          37.46804,
          55.84849
        ],
        [
          37.4680299,
          55.8485
        ],
        [
          37.46801,
          55.84853
        ],
        [
          37.46801,
          55.8485499
        ],
        [
          37.46799,
          55.84857
        ],
        [
          37.46799,
          55.84857
        ],
        [
          37.46798,
          55.84859
        ],
        [
          37.46796,
          55.84862
        ],
        [
          37.46795,
          55.84863
        ],
        [
          37.4679399,
          55.84866
        ],
        [
          37.46792,
          55.8486799
        ],
        [
          37.46791,
          55.8487
        ],
        [
          37.4678999,
          55.84873
        ],
        [
          37.46789,
          55.84875
        ],
        [
          37.46788,
          55.8487699
        ],
        [
          37.4678699,
          55.84879
        ],
        [
          37.46786,
          55.84882
        ],
        [
          37.46785,
          55.8488399
        ],
        [
          37.4678299,
          55.8488699
        ],
        [
          37.46782,
          55.84889
        ],
        [
          37.46782,
          55.8489099
        ],
        [
          37.46782,
          55.8489399
        ],
        [
          37.4677999,
          55.84895
        ],
        [
          37.46778,
          55.84895
        ],
        [
          37.4677699,
          55.8489399
        ],
        [
          37.46778,
          55.84892
        ],
        [
          37.4677999,
          55.8488999
        ],
        [
          37.46782,
          55.84889
        ],
        [
          37.4678299,
          55.8488799
        ],
        [
          37.46786,
          55.8488699
        ],
        [
          37.46788,
          55.84886
        ],
        [
          37.46791,
          55.8488399
        ],
        [
          37.4679299,
          55.8488399
        ],
        [
          37.4679399,
          55.8488399
        ],
        [
          37.4679399,
          55.8488399
        ],
        [
          37.4679399,
          55.8488399
        ],
        [
          37.4679399,
          55.8488399
        ],
        [
          37.46801,
          55.84889
        ],
        [
          37.4679999,
          55.8488999
        ],
        [
          37.46799,
          55.84892
        ],
        [
          37.46798,
          55.84895
        ],
        [
          37.4679699,
          55.8489699
        ],
        [
          37.46796,
          55.8489999
        ],
        [
          37.46795,
          55.84902
        ],
        [
          37.4679399,
          55.84905
        ],
        [
          37.4679299,
          55.8490699
        ],
        [
          37.46791,
          55.8490999
        ],
        [
          37.4678999,
          55.84912
        ],
        [
          37.46789,
          55.84915
        ],
        [
          37.46788,
          55.84918
        ],
        [
          37.4678699,
          55.8491999
        ],
        [
          37.46785,
          55.8492299
        ],
        [
          37.4678299,
          55.84925
        ],
        [
          37.46782,
          55.84928
        ],
        [
          37.4677999,
          55.8492999
        ],
        [
          37.46779,
          55.8493299
        ],
        [
          37.4677699,
          55.8493599
        ],
        [
          37.46775,
          55.84938
        ],
        [
          37.4676999,
          55.8494299
        ],
        [
          37.4676999,
          55.8494299
        ],
        [
          37.46766,
          55.84945
        ],
        [
          37.46763,
          55.84948
        ],
        [
          37.4675999,
          55.8494999
        ],
        [
          37.46758,
          55.8495299
        ],
        [
          37.4675399,
          55.84955
        ],
        [
          37.46752,
          55.84958
        ],
        [
          37.4675,
          55.84961
        ],
        [
          37.4674699,
          55.84964
        ],
        [
          37.46745,
          55.84967
        ],
        [
          37.4674099,
          55.8496999
        ],
        [
          37.46739,
          55.8497299
        ],
        [
          37.4673699,
          55.8497599
        ],
        [
          37.4673499,
          55.8497899
        ],
        [
          37.46732,
          55.8498199
        ],
        [
          37.4673,
          55.84985
        ],
        [
          37.46727,
          55.84988
        ],
        [
          37.46726,
          55.84991
        ],
        [
          37.4672399,
          55.84994
        ],
        [
          37.46722,
          55.84998
        ],
        [
          37.4672,
          55.85001
        ],
        [
          37.4671799,
          55.85004
        ],
        [
          37.46717,
          55.8500599
        ],
        [
          37.46716,
          55.8500899
        ],
        [
          37.46714,
          55.85011
        ],
        [
          37.46714,
          55.85011
        ],
        [
          37.46714,
          55.85011
        ],
        [
          37.46714,
          55.85011
        ],
        [
          37.4671199,
          55.8501899
        ],
        [
          37.4671199,
          55.8502
        ],
        [
          37.46713,
          55.85021
        ],
        [
          37.46713,
          55.8502199
        ],
        [
          37.4671199,
          55.85023
        ],
        [
          37.4671099,
          55.85024
        ],
        [
          37.4671,
          55.8502799
        ],
        [
          37.4671,
          55.8503
        ],
        [
          37.4671,
          55.85031
        ],
        [
          37.4671,
          55.85031
        ],
        [
          37.4671,
          55.85031
        ],
        [
          37.4670099,
          55.8504099
        ],
        [
          37.467,
          55.8504199
        ],
        [
          37.467,
          55.85044
        ],
        [
          37.46699,
          55.8504499
        ],
        [
          37.4669799,
          55.85047
        ],
        [
          37.46697,
          55.8504799
        ],
        [
          37.46696,
          55.8505
        ],
        [
          37.46694,
          55.8505099
        ],
        [
          37.46693,
          55.8505199
        ],
        [
          37.4669199,
          55.85053
        ],
        [
          37.4669,
          55.85054
        ],
        [
          37.46687,
          55.8505499
        ],
        [
          37.46684,
          55.8505499
        ],
        [
          37.4668,
          55.85056
        ],
        [
          37.46677,
          55.8505799
        ],
        [
          37.4667499,
          55.85059
        ],
        [
          37.4667199,
          55.8506099
        ],
        [
          37.4667,
          55.85063
        ],
        [
          37.4666899,
          55.8506499
        ],
        [
          37.46667,
          55.85067
        ],
        [
          37.4666599,
          55.85069
        ],
        [
          37.4666499,
          55.85072
        ],
        [
          37.46663,
          55.8507399
        ],
        [
          37.46661,
          55.85077
        ],
        [
          37.4665899,
          55.85079
        ],
        [
          37.46658,
          55.8508099
        ],
        [
          37.4665599,
          55.8508399
        ],
        [
          37.46654,
          55.85086
        ],
        [
          37.46653,
          55.8508799
        ],
        [
          37.46651,
          55.8509099
        ],
        [
          37.4665,
          55.85093
        ],
        [
          37.46648,
          55.85096
        ],
        [
          37.46647,
          55.85099
        ],
        [
          37.46645,
          55.8510099
        ],
        [
          37.4664299,
          55.8510399
        ],
        [
          37.4664199,
          55.8510699
        ],
        [
          37.4664,
          55.8510999
        ],
        [
          37.46638,
          55.85113
        ],
        [
          37.46637,
          55.85116
        ],
        [
          37.46635,
          55.85118
        ],
        [
          37.4663299,
          55.8512099
        ],
        [
          37.46631,
          55.8512399
        ],
        [
          37.4663,
          55.8512699
        ],
        [
          37.46628,
          55.8512999
        ],
        [
          37.46627,
          55.8513299
        ],
        [
          37.46624,
          55.8513699
        ],
        [
          37.46622,
          55.8513999
        ],
        [
          37.46621,
          55.8514299
        ],
        [
          37.46621,
          55.85146
        ],
        [
          37.46621,
          55.85149
        ],
        [
          37.46621,
          55.8515299
        ],
        [
          37.46621,
          55.8515599
        ],
        [
          37.4661999,
          55.85159
        ],
        [
          37.46618,
          55.8516299
        ],
        [
          37.4661299,
          55.8516999
        ],
        [
          37.4661299,
          55.8516999
        ],
        [
          37.46611,
          55.85174
        ],
        [
          37.4660899,
          55.85177
        ],
        [
          37.4660599,
          55.8517999
        ],
        [
          37.46604,
          55.85184
        ],
        [
          37.46602,
          55.85187
        ],
        [
          37.4659999,
          55.85191
        ],
        [
          37.4659699,
          55.85194
        ],
        [
          37.46595,
          55.85198
        ],
        [
          37.4659299,
          55.85201
        ],
        [
          37.4658999,
          55.85205
        ],
        [
          37.46588,
          55.85208
        ],
        [
          37.46585,
          55.8521199
        ],
        [
          37.4658299,
          55.8521499
        ],
        [
          37.46581,
          55.85218
        ],
        [
          37.46579,
          55.8522199
        ],
        [
          37.4657699,
          55.8522499
        ],
        [
          37.4657399,
          55.85228
        ],
        [
          37.4657299,
          55.85231
        ],
        [
          37.4656999,
          55.85233
        ],
        [
          37.46569,
          55.85236
        ],
        [
          37.4656699,
          55.8523899
        ],
        [
          37.46565,
          55.85241
        ],
        [
          37.46563,
          55.85244
        ],
        [
          37.4656099,
          55.85246
        ],
        [
          37.46559,
          55.8524899
        ],
        [
          37.46555,
          55.85251
        ],
        [
          37.46552,
          55.85253
        ],
        [
          37.46549,
          55.8525499
        ],
        [
          37.4654699,
          55.85257
        ],
        [
          37.4654399,
          55.8526099
        ],
        [
          37.46542,
          55.85263
        ],
        [
          37.4654,
          55.85266
        ],
        [
          37.46539,
          55.85269
        ],
        [
          37.4653699,
          55.85273
        ],
        [
          37.46535,
          55.85276
        ],
        [
          37.46533,
          55.85279
        ],
        [
          37.4653099,
          55.85282
        ],
        [
          37.46529,
          55.8528499
        ],
        [
          37.4652699,
          55.85289
        ],
        [
          37.46526,
          55.85292
        ],
        [
          37.4652399,
          55.8529499
        ],
        [
          37.4652099,
          55.8530099
        ],
        [
          37.4652099,
          55.8530099
        ],
        [
          37.46519,
          55.85305
        ],
        [
          37.4651799,
          55.8530799
        ],
        [
          37.4651799,
          55.8531099
        ],
        [
          37.4651799,
          55.85315
        ],
        [
          37.46519,
          55.8531799
        ],
        [
          37.46519,
          55.85322
        ],
        [
          37.4651799,
          55.85325
        ],
        [
          37.46516,
          55.8532999
        ],
        [
          37.4651499,
          55.85333
        ],
        [
          37.46513,
          55.8533699
        ],
        [
          37.4651099,
          55.85341
        ],
        [
          37.46509,
          55.8534399
        ],
        [
          37.46507,
          55.8534699
        ],
        [
          37.4650399,
          55.85351
        ],
        [
          37.4650099,
          55.8535399
        ],
        [
          37.46497,
          55.85358
        ],
        [
          37.46493,
          55.8535999
        ],
        [
          37.46489,
          55.8536299
        ],
        [
          37.46484,
          55.85365
        ],
        [
          37.4648,
          55.85368
        ],
        [
          37.4647799,
          55.85371
        ],
        [
          37.46476,
          55.85374
        ],
        [
          37.46474,
          55.8537699
        ],
        [
          37.4647199,
          55.85381
        ],
        [
          37.4647,
          55.85384
        ],
        [
          37.4646799,
          55.85388
        ],
        [
          37.46466,
          55.85391
        ],
        [
          37.46464,
          55.85394
        ],
        [
          37.4646199,
          55.85398
        ],
        [
          37.4646,
          55.85401
        ],
        [
          37.4645799,
          55.85405
        ],
        [
          37.46457,
          55.85408
        ],
        [
          37.4645499,
          55.8541199
        ],
        [
          37.46453,
          55.85415
        ],
        [
          37.4645,
          55.85418
        ],
        [
          37.4644899,
          55.85421
        ],
        [
          37.46447,
          55.85425
        ],
        [
          37.4644499,
          55.85428
        ],
        [
          37.46441,
          55.85434
        ],
        [
          37.4643899,
          55.85437
        ],
        [
          37.46437,
          55.8544
        ],
        [
          37.4643599,
          55.85443
        ],
        [
          37.46434,
          55.8544599
        ],
        [
          37.46434,
          55.8544899
        ],
        [
          37.46434,
          55.8545199
        ],
        [
          37.4643499,
          55.8545499
        ],
        [
          37.4643599,
          55.85457
        ],
        [
          37.4643599,
          55.8546
        ],
        [
          37.46434,
          55.8546199
        ],
        [
          37.4642899,
          55.8546199
        ],
        [
          37.4642599,
          55.8546
        ],
        [
          37.4642299,
          55.8545899
        ],
        [
          37.46421,
          55.85457
        ],
        [
          37.4642,
          55.8545499
        ],
        [
          37.4642,
          55.8545499
        ],
        [
          37.4642,
          55.8545499
        ],
        [
          37.4642299,
          55.8545
        ],
        [
          37.46425,
          55.8544899
        ],
        [
          37.46427,
          55.8544799
        ],
        [
          37.4642899,
          55.8544599
        ],
        [
          37.46431,
          55.8544499
        ],
        [
          37.4643199,
          55.85443
        ],
        [
          37.4643299,
          55.85441
        ],
        [
          37.46434,
          55.8543899
        ],
        [
          37.4643599,
          55.8543599
        ],
        [
          37.46437,
          55.85434
        ],
        [
          37.46438,
          55.8543199
        ],
        [
          37.4644,
          55.8543
        ],
        [
          37.46441,
          55.85428
        ],
        [
          37.4644199,
          55.85425
        ],
        [
          37.46443,
          55.8542299
        ],
        [
          37.4644499,
          55.8542
        ],
        [
          37.4644599,
          55.85418
        ],
        [
          37.46447,
          55.8541599
        ],
        [
          37.46448,
          55.8541299
        ],
        [
          37.4644899,
          55.85411
        ],
        [
          37.4645,
          55.8540899
        ],
        [
          37.4645199,
          55.8540599
        ],
        [
          37.46453,
          55.85404
        ],
        [
          37.4645499,
          55.85401
        ],
        [
          37.46457,
          55.8539899
        ],
        [
          37.4645799,
          55.8539599
        ],
        [
          37.4646,
          55.8539299
        ],
        [
          37.4646199,
          55.85391
        ],
        [
          37.4646499,
          55.85388
        ],
        [
          37.46466,
          55.85385
        ],
        [
          37.4646799,
          55.85382
        ],
        [
          37.4647,
          55.85379
        ],
        [
          37.4647199,
          55.8537599
        ],
        [
          37.46474,
          55.8537299
        ],
        [
          37.46476,
          55.8536999
        ],
        [
          37.46479,
          55.8536699
        ],
        [
          37.4648199,
          55.85364
        ],
        [
          37.46487,
          55.85362
        ],
        [
          37.4649099,
          55.8535999
        ],
        [
          37.46496,
          55.85358
        ],
        [
          37.465,
          55.85355
        ],
        [
          37.46502,
          55.85352
        ],
        [
          37.4650499,
          55.85349
        ],
        [
          37.46507,
          55.85346
        ],
        [
          37.46509,
          55.8534299
        ],
        [
          37.4651099,
          55.85339
        ],
        [
          37.46513,
          55.85336
        ],
        [
          37.4651499,
          55.85333
        ],
        [
          37.46517,
          55.8532999
        ],
        [
          37.46519,
          55.8532699
        ],
        [
          37.46519,
          55.85323
        ],
        [
          37.46519,
          55.8531999
        ],
        [
          37.46517,
          55.8531699
        ],
        [
          37.4651499,
          55.8531399
        ],
        [
          37.4651399,
          55.8531099
        ],
        [
          37.4651399,
          55.8530799
        ],
        [
          37.4651499,
          55.85305
        ],
        [
          37.46516,
          55.8530099
        ],
        [
          37.4651799,
          55.8529799
        ],
        [
          37.46519,
          55.8529499
        ],
        [
          37.4652099,
          55.85292
        ],
        [
          37.46523,
          55.85289
        ],
        [
          37.46525,
          55.85286
        ],
        [
          37.4652699,
          55.85283
        ],
        [
          37.46529,
          55.8528
        ],
        [
          37.46532,
          55.85277
        ],
        [
          37.4653399,
          55.85274
        ],
        [
          37.46536,
          55.8527099
        ],
        [
          37.4653799,
          55.8526799
        ],
        [
          37.4654,
          55.8526499
        ],
        [
          37.46542,
          55.8526199
        ],
        [
          37.4654399,
          55.85259
        ],
        [
          37.4654699,
          55.85256
        ],
        [
          37.46549,
          55.85253
        ],
        [
          37.46552,
          55.8525
        ],
        [
          37.46555,
          55.8524799
        ],
        [
          37.46559,
          55.8524499
        ],
        [
          37.46562,
          55.8524199
        ],
        [
          37.4656399,
          55.8523899
        ],
        [
          37.4656699,
          55.8523499
        ],
        [
          37.46568,
          55.8523199
        ],
        [
          37.4656999,
          55.85228
        ],
        [
          37.46572,
          55.8522499
        ],
        [
          37.4657399,
          55.8522199
        ],
        [
          37.46576,
          55.85218
        ],
        [
          37.46578,
          55.8521499
        ],
        [
          37.46581,
          55.85211
        ],
        [
          37.4658299,
          55.85208
        ],
        [
          37.46585,
          55.85204
        ],
        [
          37.4658699,
          55.85201
        ],
        [
          37.46589,
          55.85198
        ],
        [
          37.46591,
          55.85195
        ],
        [
          37.4659299,
          55.85191
        ],
        [
          37.46595,
          55.8518899
        ],
        [
          37.4659699,
          55.8518599
        ],
        [
          37.46599,
          55.8518299
        ],
        [
          37.46601,
          55.8517999
        ],
        [
          37.4660299,
          55.85177
        ],
        [
          37.46605,
          55.85174
        ],
        [
          37.4660699,
          55.8516999
        ],
        [
          37.46608,
          55.8516699
        ],
        [
          37.4660999,
          55.85164
        ],
        [
          37.46612,
          55.85161
        ],
        [
          37.46614,
          55.85158
        ],
        [
          37.46615,
          55.85155
        ],
        [
          37.4661599,
          55.85152
        ],
        [
          37.4661599,
          55.85149
        ],
        [
          37.46617,
          55.85146
        ],
        [
          37.46618,
          55.8514299
        ],
        [
          37.4661899,
          55.8513999
        ],
        [
          37.4661999,
          55.8513699
        ],
        [
          37.46622,
          55.85135
        ],
        [
          37.46624,
          55.85132
        ],
        [
          37.46625,
          55.85129
        ],
        [
          37.46627,
          55.85126
        ],
        [
          37.4662899,
          55.85123
        ],
        [
          37.4663,
          55.8511999
        ],
        [
          37.4663199,
          55.8511699
        ],
        [
          37.46634,
          55.8511399
        ],
        [
          37.4663599,
          55.8511099
        ],
        [
          37.46638,
          55.85108
        ],
        [
          37.4664,
          55.85105
        ],
        [
          37.46641,
          55.85102
        ],
        [
          37.4664299,
          55.85099
        ],
        [
          37.46644,
          55.85096
        ],
        [
          37.4664599,
          55.85093
        ],
        [
          37.46647,
          55.8509
        ],
        [
          37.4664899,
          55.8508699
        ],
        [
          37.46651,
          55.8508399
        ],
        [
          37.46653,
          55.8508099
        ],
        [
          37.4665499,
          55.8507799
        ],
        [
          37.46657,
          55.8507499
        ],
        [
          37.4665899,
          55.85072
        ],
        [
          37.46661,
          55.85069
        ],
        [
          37.46663,
          55.85066
        ],
        [
          37.46664,
          55.85063
        ],
        [
          37.4666599,
          55.8506
        ],
        [
          37.46668,
          55.85057
        ],
        [
          37.46671,
          55.85054
        ],
        [
          37.46673,
          55.8505099
        ],
        [
          37.46677,
          55.85049
        ],
        [
          37.4668,
          55.85046
        ],
        [
          37.46684,
          55.85044
        ],
        [
          37.4668799,
          55.8504099
        ],
        [
          37.46691,
          55.8503799
        ],
        [
          37.46693,
          55.8503499
        ],
        [
          37.46696,
          55.8503199
        ],
        [
          37.46699,
          55.8503
        ],
        [
          37.4670199,
          55.85027
        ],
        [
          37.46704,
          55.85024
        ],
        [
          37.4670799,
          55.85021
        ],
        [
          37.4671099,
          55.8501799
        ],
        [
          37.46714,
          55.8501499
        ],
        [
          37.46719,
          55.85013
        ],
        [
          37.46722,
          55.85011
        ],
        [
          37.4672399,
          55.85008
        ],
        [
          37.4672399,
          55.85007
        ],
        [
          37.4672399,
          55.85007
        ],
        [
          37.4672399,
          55.85007
        ],
        [
          37.4672399,
          55.85007
        ],
        [
          37.4672399,
          55.85007
        ],
        [
          37.4672399,
          55.85007
        ],
        [
          37.4672399,
          55.85007
        ],
        [
          37.4672399,
          55.85007
        ],
        [
          37.4672399,
          55.85007
        ],
        [
          37.4672399,
          55.8499899
        ],
        [
          37.4672399,
          55.84998
        ],
        [
          37.4672499,
          55.8499599
        ],
        [
          37.46727,
          55.84995
        ],
        [
          37.4672799,
          55.84995
        ],
        [
          37.4673,
          55.84995
        ],
        [
          37.46729,
          55.8499599
        ],
        [
          37.46729,
          55.84997
        ],
        [
          37.46727,
          55.84998
        ],
        [
          37.46726,
          55.8499899
        ],
        [
          37.4672499,
          55.85
        ],
        [
          37.4672399,
          55.85001
        ],
        [
          37.4672399,
          55.85001
        ],
        [
          37.46717,
          55.84997
        ],
        [
          37.4671799,
          55.8499599
        ],
        [
          37.46719,
          55.84994
        ],
        [
          37.4672,
          55.8499199
        ],
        [
          37.46722,
          55.8499
        ],
        [
          37.4672399,
          55.84987
        ],
        [
          37.4672499,
          55.84985
        ],
        [
          37.4672799,
          55.8498299
        ],
        [
          37.4673,
          55.84981
        ],
        [
          37.46732,
          55.84978
        ],
        [
          37.4673399,
          55.8497599
        ],
        [
          37.46736,
          55.8497299
        ],
        [
          37.4673799,
          55.8496999
        ],
        [
          37.4674,
          55.84967
        ],
        [
          37.4674,
          55.84967
        ],
        [
          37.46745,
          55.84961
        ],
        [
          37.46746,
          55.84958
        ],
        [
          37.46749,
          55.84955
        ],
        [
          37.46749,
          55.84955
        ],
        [
          37.4675399,
          55.8494999
        ],
        [
          37.46756,
          55.8494699
        ],
        [
          37.46756,
          55.8494699
        ],
        [
          37.4675999,
          55.84941
        ],
        [
          37.46763,
          55.84939
        ],
        [
          37.46766,
          55.8493599
        ],
        [
          37.46768,
          55.8493299
        ],
        [
          37.46768,
          55.8493299
        ],
        [
          37.4677399,
          55.84928
        ],
        [
          37.4677699,
          55.84925
        ],
        [
          37.46778,
          55.8492299
        ],
        [
          37.4677999,
          55.84919
        ],
        [
          37.46782,
          55.84916
        ],
        [
          37.4678399,
          55.8491399
        ],
        [
          37.46786,
          55.84911
        ],
        [
          37.46788,
          55.84908
        ],
        [
          37.4678999,
          55.84905
        ],
        [
          37.4679299,
          55.84902
        ],
        [
          37.46795,
          55.84899
        ],
        [
          37.46796,
          55.84896
        ],
        [
          37.46799,
          55.84893
        ],
        [
          37.46801,
          55.8488999
        ],
        [
          37.4680299,
          55.8488699
        ],
        [
          37.46805,
          55.8488399
        ],
        [
          37.4680699,
          55.8488
        ],
        [
          37.46809,
          55.8487699
        ],
        [
          37.46811,
          55.8487399
        ],
        [
          37.46812,
          55.8487099
        ],
        [
          37.46812,
          55.8487099
        ],
        [
          37.4681699,
          55.8486499
        ],
        [
          37.46819,
          55.84862
        ],
        [
          37.4681999,
          55.8485799
        ],
        [
          37.4682299,
          55.84856
        ],
        [
          37.4682599,
          55.84853
        ],
        [
          37.4682899,
          55.8485099
        ],
        [
          37.46832,
          55.8484799
        ],
        [
          37.46835,
          55.84846
        ],
        [
          37.4683599,
          55.84843
        ],
        [
          37.4683899,
          55.8484099
        ],
        [
          37.46841,
          55.8483799
        ],
        [
          37.4684299,
          55.84836
        ],
        [
          37.46845,
          55.84833
        ],
        [
          37.46847,
          55.8483099
        ],
        [
          37.4684899,
          55.8482799
        ],
        [
          37.4684899,
          55.84826
        ],
        [
          37.4684899,
          55.84826
        ],
        [
          37.4685199,
          55.84821
        ],
        [
          37.4685199,
          55.84821
        ],
        [
          37.46855,
          55.8481799
        ],
        [
          37.4685599,
          55.8481499
        ],
        [
          37.46858,
          55.84813
        ],
        [
          37.4686,
          55.84811
        ],
        [
          37.4686299,
          55.8480899
        ],
        [
          37.4686599,
          55.84807
        ],
        [
          37.4686899,
          55.84804
        ],
        [
          37.4687,
          55.848
        ],
        [
          37.4687,
          55.848
        ],
        [
          37.4687499,
          55.84794
        ],
        [
          37.46877,
          55.84791
        ],
        [
          37.4687899,
          55.84788
        ],
        [
          37.4688,
          55.84784
        ],
        [
          37.4688,
          55.8478
        ],
        [
          37.4688,
          55.8477599
        ],
        [
          37.4688,
          55.8477599
        ],
        [
          37.4688199,
          55.8476899
        ],
        [
          37.4688199,
          55.8476899
        ],
        [
          37.46884,
          55.8476199
        ],
        [
          37.46884,
          55.8476199
        ],
        [
          37.46887,
          55.8475599
        ],
        [
          37.4688899,
          55.8475299
        ],
        [
          37.46891,
          55.8474999
        ],
        [
          37.46891,
          55.8474999
        ],
        [
          37.46896,
          55.8474599
        ],
        [
          37.46896,
          55.8474599
        ],
        [
          37.4689899,
          55.84741
        ],
        [
          37.46901,
          55.84738
        ],
        [
          37.4690199,
          55.84735
        ],
        [
          37.46904,
          55.8473299
        ],
        [
          37.4690499,
          55.8472999
        ],
        [
          37.46906,
          55.8472699
        ],
        [
          37.4690799,
          55.84724
        ],
        [
          37.4690799,
          55.84724
        ],
        [
          37.4691199,
          55.84718
        ],
        [
          37.4691199,
          55.84718
        ],
        [
          37.4691799,
          55.8471299
        ],
        [
          37.4692199,
          55.84711
        ],
        [
          37.4692499,
          55.84708
        ],
        [
          37.4692799,
          55.84705
        ],
        [
          37.4693,
          55.84702
        ],
        [
          37.4693,
          55.84699
        ],
        [
          37.4693,
          55.84696
        ],
        [
          37.4693099,
          55.84693
        ],
        [
          37.4693099,
          55.84689
        ],
        [
          37.4693099,
          55.84686
        ],
        [
          37.46932,
          55.84682
        ],
        [
          37.46933,
          55.84678
        ],
        [
          37.4693399,
          55.84675
        ],
        [
          37.4693499,
          55.84672
        ],
        [
          37.46936,
          55.8466799
        ],
        [
          37.4693799,
          55.84665
        ],
        [
          37.46939,
          55.84662
        ],
        [
          37.4694099,
          55.84659
        ],
        [
          37.46943,
          55.84655
        ],
        [
          37.4694399,
          55.8465099
        ],
        [
          37.46946,
          55.8464799
        ],
        [
          37.46947,
          55.8464399
        ],
        [
          37.4695,
          55.8464099
        ],
        [
          37.46952,
          55.8463799
        ],
        [
          37.46955,
          55.8463399
        ],
        [
          37.4695699,
          55.8463099
        ],
        [
          37.4696,
          55.8462799
        ],
        [
          37.4696,
          55.8462799
        ],
        [
          37.46965,
          55.8462199
        ],
        [
          37.4696799,
          55.84619
        ],
        [
          37.4697099,
          55.84616
        ],
        [
          37.46973,
          55.84613
        ],
        [
          37.46976,
          55.8461
        ],
        [
          37.46978,
          55.84607
        ],
        [
          37.4697999,
          55.84604
        ],
        [
          37.46982,
          55.846
        ],
        [
          37.4698399,
          55.84597
        ],
        [
          37.46986,
          55.84593
        ],
        [
          37.46988,
          55.8459
        ],
        [
          37.4699099,
          55.8458599
        ],
        [
          37.46993,
          55.84583
        ],
        [
          37.46995,
          55.8457899
        ],
        [
          37.4699699,
          55.8457599
        ],
        [
          37.46999,
          55.84573
        ],
        [
          37.47001,
          55.8457
        ],
        [
          37.4700399,
          55.8456599
        ],
        [
          37.47005,
          55.8456299
        ],
        [
          37.4700699,
          55.8456
        ],
        [
          37.47009,
          55.84557
        ],
        [
          37.47011,
          55.84554
        ],
        [
          37.4701299,
          55.8455
        ],
        [
          37.47015,
          55.84547
        ],
        [
          37.47018,
          55.8454299
        ],
        [
          37.4701999,
          55.8453999
        ],
        [
          37.47022,
          55.84537
        ],
        [
          37.47024,
          55.8453299
        ],
        [
          37.4702599,
          55.8452999
        ],
        [
          37.47028,
          55.84527
        ],
        [
          37.4702999,
          55.8452299
        ],
        [
          37.47032,
          55.8451999
        ],
        [
          37.47034,
          55.8451699
        ],
        [
          37.4703599,
          55.8451299
        ],
        [
          37.4703899,
          55.8450999
        ],
        [
          37.47041,
          55.8450699
        ],
        [
          37.47044,
          55.84504
        ],
        [
          37.47048,
          55.84502
        ],
        [
          37.47051,
          55.8449999
        ],
        [
          37.47055,
          55.8449699
        ],
        [
          37.47057,
          55.8449399
        ],
        [
          37.4705899,
          55.84491
        ],
        [
          37.47061,
          55.84488
        ],
        [
          37.4706199,
          55.84485
        ],
        [
          37.4706299,
          55.84482
        ],
        [
          37.4706299,
          55.84482
        ],
        [
          37.47068,
          55.8447699
        ],
        [
          37.47068,
          55.8447699
        ],
        [
          37.47071,
          55.8447099
        ],
        [
          37.4707299,
          55.84469
        ],
        [
          37.47074,
          55.8446699
        ],
        [
          37.4707599,
          55.84465
        ],
        [
          37.47077,
          55.8446399
        ],
        [
          37.4707899,
          55.84462
        ],
        [
          37.47081,
          55.84462
        ],
        [
          37.47083,
          55.8446099
        ],
        [
          37.47083,
          55.8446099
        ],
        [
          37.47084,
          55.8445999
        ],
        [
          37.47084,
          55.8445999
        ],
        [
          37.4708499,
          55.8445399
        ],
        [
          37.4708599,
          55.84453
        ],
        [
          37.47087,
          55.8445099
        ],
        [
          37.47087,
          55.84449
        ],
        [
          37.47088,
          55.8444699
        ],
        [
          37.4708899,
          55.84445
        ],
        [
          37.4709,
          55.84443
        ],
        [
          37.4709199,
          55.8444099
        ],
        [
          37.47094,
          55.84439
        ],
        [
          37.47097,
          55.8443799
        ],
        [
          37.471,
          55.8443699
        ],
        [
          37.47104,
          55.8443499
        ],
        [
          37.47107,
          55.8443499
        ],
        [
          37.4711,
          55.8443499
        ],
        [
          37.47113,
          55.8443499
        ],
        [
          37.47113,
          55.8443499
        ],
        [
          37.47113,
          55.8443499
        ],
        [
          37.47113,
          55.8443499
        ],
        [
          37.47117,
          55.8443399
        ],
        [
          37.4711899,
          55.8443399
        ],
        [
          37.4711899,
          55.8443499
        ],
        [
          37.4712,
          55.8443499
        ],
        [
          37.47111,
          55.84449
        ],
        [
          37.4710899,
          55.8445099
        ],
        [
          37.47107,
          55.84452
        ],
        [
          37.47106,
          55.8445399
        ],
        [
          37.47107,
          55.84456
        ],
        [
          37.4710799,
          55.8445799
        ],
        [
          37.4710799,
          55.8445999
        ],
        [
          37.4711,
          55.84462
        ],
        [
          37.47111,
          55.84463
        ],
        [
          37.4711199,
          55.84465
        ],
        [
          37.47113,
          55.84466
        ],
        [
          37.47114,
          55.84468
        ],
        [
          37.4711499,
          55.84469
        ],
        [
          37.4711499,
          55.8447099
        ],
        [
          37.47116,
          55.84473
        ],
        [
          37.4711799,
          55.8447399
        ],
        [
          37.4712,
          55.84476
        ],
        [
          37.47121,
          55.84478
        ],
        [
          37.4712,
          55.8447999
        ],
        [
          37.4712,
          55.8448299
        ],
        [
          37.4711799,
          55.84485
        ],
        [
          37.47116,
          55.8448699
        ],
        [
          37.4711499,
          55.84489
        ],
        [
          37.47113,
          55.84491
        ],
        [
          37.4711199,
          55.8449299
        ],
        [
          37.47111,
          55.84495
        ],
        [
          37.4710899,
          55.84496
        ],
        [
          37.47107,
          55.84498
        ],
        [
          37.47106,
          55.84499
        ],
        [
          37.4710499,
          55.84501
        ],
        [
          37.4710199,
          55.8450299
        ],
        [
          37.47101,
          55.84504
        ],
        [
          37.471,
          55.8450699
        ],
        [
          37.471,
          55.84509
        ],
        [
          37.47098,
          55.84511
        ],
        [
          37.4709499,
          55.8451299
        ],
        [
          37.47093,
          55.84515
        ],
        [
          37.47091,
          55.8451699
        ],
        [
          37.4708899,
          55.84519
        ],
        [
          37.4708899,
          55.84521
        ],
        [
          37.47088,
          55.8452299
        ],
        [
          37.4708599,
          55.84525
        ],
        [
          37.4708599,
          55.84527
        ],
        [
          37.4708499,
          55.8452999
        ],
        [
          37.4708499,
          55.84532
        ],
        [
          37.47084,
          55.8453299
        ],
        [
          37.47084,
          55.8453599
        ],
        [
          37.47083,
          55.84538
        ],
        [
          37.4708199,
          55.8453999
        ],
        [
          37.47081,
          55.84542
        ],
        [
          37.4708,
          55.84545
        ],
        [
          37.4707899,
          55.84547
        ],
        [
          37.47077,
          55.8454899
        ],
        [
          37.47075,
          55.8455199
        ],
        [
          37.47074,
          55.84554
        ],
        [
          37.4707199,
          55.84557
        ],
        [
          37.4706899,
          55.8455899
        ],
        [
          37.47067,
          55.84561
        ],
        [
          37.47065,
          55.84564
        ],
        [
          37.4706299,
          55.84567
        ],
        [
          37.47061,
          55.8457
        ],
        [
          37.4705899,
          55.8457199
        ],
        [
          37.47057,
          55.8457499
        ],
        [
          37.47054,
          55.84578
        ],
        [
          37.4704999,
          55.8458
        ],
        [
          37.4704599,
          55.84583
        ],
        [
          37.47041,
          55.8458499
        ],
        [
          37.47038,
          55.8458899
        ],
        [
          37.47038,
          55.84593
        ],
        [
          37.47038,
          55.84597
        ],
        [
          37.4703599,
          55.84601
        ],
        [
          37.4703299,
          55.8460499
        ],
        [
          37.47031,
          55.8460899
        ],
        [
          37.47029,
          55.84613
        ],
        [
          37.4702599,
          55.84617
        ],
        [
          37.47024,
          55.8462
        ],
        [
          37.47021,
          55.84623
        ],
        [
          37.47019,
          55.84627
        ],
        [
          37.4701599,
          55.8463099
        ],
        [
          37.4701399,
          55.8463499
        ],
        [
          37.47011,
          55.8463799
        ],
        [
          37.47009,
          55.84642
        ],
        [
          37.47006,
          55.8464499
        ],
        [
          37.4700399,
          55.84649
        ],
        [
          37.47001,
          55.84652
        ],
        [
          37.46998,
          55.84656
        ],
        [
          37.46995,
          55.8466
        ],
        [
          37.46992,
          55.8466399
        ],
        [
          37.46988,
          55.8466699
        ],
        [
          37.4698399,
          55.8467099
        ],
        [
          37.4698099,
          55.84675
        ],
        [
          37.4697699,
          55.84678
        ],
        [
          37.4697399,
          55.84682
        ],
        [
          37.46972,
          55.84686
        ],
        [
          37.46969,
          55.84689
        ],
        [
          37.46969,
          55.84689
        ],
        [
          37.4696399,
          55.8469699
        ],
        [
          37.46962,
          55.84701
        ],
        [
          37.4696,
          55.84705
        ],
        [
          37.4695799,
          55.84709
        ],
        [
          37.4695799,
          55.84709
        ],
        [
          37.4695399,
          55.8471699
        ],
        [
          37.46952,
          55.84721
        ],
        [
          37.4695,
          55.84725
        ],
        [
          37.46949,
          55.84729
        ],
        [
          37.46949,
          55.84732
        ],
        [
          37.4695099,
          55.8473599
        ],
        [
          37.46955,
          55.84738
        ],
        [
          37.4696099,
          55.8473999
        ],
        [
          37.4696799,
          55.84741
        ],
        [
          37.46975,
          55.84742
        ],
        [
          37.46975,
          55.84742
        ],
        [
          37.46989,
          55.8474599
        ],
        [
          37.46989,
          55.8474599
        ],
        [
          37.4700399,
          55.8474999
        ],
        [
          37.47011,
          55.84752
        ],
        [
          37.47018,
          55.84754
        ],
        [
          37.4702599,
          55.84755
        ],
        [
          37.47034,
          55.8475599
        ],
        [
          37.47042,
          55.84757
        ],
        [
          37.4704999,
          55.84757
        ],
        [
          37.47058,
          55.84757
        ],
        [
          37.47065,
          55.84758
        ],
        [
          37.4707199,
          55.8475899
        ],
        [
          37.4707899,
          55.8476
        ],
        [
          37.4708599,
          55.8476199
        ],
        [
          37.4709199,
          55.8476299
        ],
        [
          37.4709199,
          55.8476299
        ],
        [
          37.47106,
          55.84767
        ],
        [
          37.47113,
          55.84768
        ],
        [
          37.4712,
          55.8477
        ],
        [
          37.4712799,
          55.84771
        ],
        [
          37.4713499,
          55.8477299
        ],
        [
          37.4714199,
          55.84775
        ],
        [
          37.47149,
          55.8477599
        ],
        [
          37.47149,
          55.8477599
        ],
        [
          37.47163,
          55.8477899
        ],
        [
          37.4717099,
          55.8478
        ],
        [
          37.4717799,
          55.84781
        ],
        [
          37.4718399,
          55.84783
        ],
        [
          37.4719099,
          55.8478499
        ],
        [
          37.47198,
          55.84787
        ],
        [
          37.47205,
          55.84788
        ],
        [
          37.47205,
          55.84788
        ],
        [
          37.47219,
          55.84791
        ],
        [
          37.4722699,
          55.8479199
        ],
        [
          37.47234,
          55.84794
        ],
        [
          37.47241,
          55.8479499
        ],
        [
          37.47248,
          55.84797
        ],
        [
          37.47248,
          55.84797
        ],
        [
          37.47261,
          55.848
        ],
        [
          37.47268,
          55.8480199
        ],
        [
          37.47275,
          55.84803
        ],
        [
          37.47281,
          55.8480499
        ],
        [
          37.47288,
          55.84806
        ],
        [
          37.47295,
          55.8480799
        ],
        [
          37.47301,
          55.8480899
        ],
        [
          37.47308,
          55.84811
        ],
        [
          37.4731499,
          55.84813
        ],
        [
          37.4732199,
          55.8481499
        ],
        [
          37.4732899,
          55.84816
        ],
        [
          37.47336,
          55.8481799
        ],
        [
          37.47343,
          55.8481899
        ],
        [
          37.47343,
          55.8481899
        ],
        [
          37.4735,
          55.8482
        ],
        [
          37.47366,
          55.8482199
        ],
        [
          37.47373,
          55.84823
        ],
        [
          37.4738,
          55.8482499
        ],
        [
          37.4738,
          55.8482499
        ],
        [
          37.47395,
          55.8482799
        ],
        [
          37.47402,
          55.84829
        ],
        [
          37.47409,
          55.8483099
        ],
        [
          37.47416,
          55.84833
        ],
        [
          37.47416,
          55.84833
        ],
        [
          37.4742999,
          55.84834
        ],
        [
          37.4743699,
          55.84834
        ],
        [
          37.47442,
          55.8483199
        ],
        [
          37.47445,
          55.84829
        ],
        [
          37.4744699,
          55.84826
        ],
        [
          37.47449,
          55.84823
        ],
        [
          37.47451,
          55.8481899
        ],
        [
          37.4745299,
          55.84816
        ],
        [
          37.4745299,
          55.84816
        ],
        [
          37.47458,
          55.8480799
        ],
        [
          37.4745999,
          55.84804
        ],
        [
          37.4746299,
          55.848
        ],
        [
          37.47465,
          55.84797
        ],
        [
          37.4746699,
          55.84793
        ],
        [
          37.4746899,
          55.84788
        ],
        [
          37.47472,
          55.84784
        ],
        [
          37.47472,
          55.84784
        ],
        [
          37.47477,
          55.8477599
        ],
        [
          37.47478,
          55.84771
        ],
        [
          37.47481,
          55.84767
        ],
        [
          37.47484,
          55.8476299
        ],
        [
          37.47487,
          55.8475899
        ],
        [
          37.4748899,
          55.84755
        ],
        [
          37.47491,
          55.84751
        ],
        [
          37.47495,
          55.84747
        ],
        [
          37.47498,
          55.84742
        ],
        [
          37.47501,
          55.84738
        ],
        [
          37.47505,
          55.84734
        ],
        [
          37.47508,
          55.8472999
        ],
        [
          37.47511,
          55.8472599
        ],
        [
          37.47514,
          55.84722
        ],
        [
          37.47517,
          55.8471699
        ],
        [
          37.4752,
          55.8471299
        ],
        [
          37.47524,
          55.84709
        ],
        [
          37.47527,
          55.84705
        ],
        [
          37.4753,
          55.84701
        ],
        [
          37.47533,
          55.8469699
        ],
        [
          37.47536,
          55.84693
        ],
        [
          37.4753899,
          55.84689
        ],
        [
          37.4754199,
          55.84685
        ],
        [
          37.4754499,
          55.8468099
        ],
        [
          37.4754899,
          55.8467699
        ],
        [
          37.4755199,
          55.84673
        ],
        [
          37.4755499,
          55.8466799
        ],
        [
          37.47557,
          55.8466399
        ],
        [
          37.4756,
          55.8466
        ],
        [
          37.47563,
          55.8465699
        ],
        [
          37.47566,
          55.84653
        ],
        [
          37.47569,
          55.84649
        ],
        [
          37.4757199,
          55.8464499
        ],
        [
          37.4757499,
          55.8464099
        ],
        [
          37.4757799,
          55.84636
        ],
        [
          37.4758099,
          55.84632
        ],
        [
          37.4758399,
          55.8462799
        ],
        [
          37.47587,
          55.84623
        ],
        [
          37.4759,
          55.84619
        ],
        [
          37.47592,
          55.8461499
        ],
        [
          37.4759399,
          55.8461099
        ],
        [
          37.4759699,
          55.84607
        ],
        [
          37.476,
          55.84603
        ],
        [
          37.47602,
          55.8459899
        ],
        [
          37.47606,
          55.8459499
        ],
        [
          37.47609,
          55.84591
        ],
        [
          37.47609,
          55.84591
        ],
        [
          37.47615,
          55.84583
        ],
        [
          37.4761699,
          55.8457899
        ],
        [
          37.4761999,
          55.8457499
        ],
        [
          37.47623,
          55.8457
        ],
        [
          37.47623,
          55.8457
        ],
        [
          37.47629,
          55.8456199
        ],
        [
          37.47632,
          55.84558
        ],
        [
          37.47635,
          55.8455299
        ],
        [
          37.47638,
          55.8454899
        ],
        [
          37.47641,
          55.8454599
        ],
        [
          37.4764399,
          55.84541
        ],
        [
          37.4764699,
          55.84538
        ],
        [
          37.47649,
          55.84535
        ],
        [
          37.47652,
          55.84532
        ],
        [
          37.4765399,
          55.84528
        ],
        [
          37.47655,
          55.84525
        ],
        [
          37.47658,
          55.84521
        ],
        [
          37.4765999,
          55.8451699
        ],
        [
          37.4766299,
          55.8451299
        ],
        [
          37.4766599,
          55.84509
        ],
        [
          37.47669,
          55.84504
        ],
        [
          37.47672,
          55.8449999
        ],
        [
          37.47675,
          55.84496
        ],
        [
          37.4767599,
          55.84492
        ],
        [
          37.47679,
          55.84488
        ],
        [
          37.47682,
          55.8448399
        ],
        [
          37.4768599,
          55.84481
        ],
        [
          37.47692,
          55.84478
        ],
        [
          37.47698,
          55.84475
        ],
        [
          37.47698,
          55.84475
        ],
        [
          37.4770299,
          55.8446699
        ],
        [
          37.47705,
          55.84463
        ],
        [
          37.47708,
          55.84459
        ],
        [
          37.47711,
          55.84455
        ],
        [
          37.47714,
          55.8445
        ],
        [
          37.47718,
          55.84446
        ],
        [
          37.4772199,
          55.84442
        ],
        [
          37.4772599,
          55.8443699
        ],
        [
          37.4772899,
          55.84433
        ],
        [
          37.47733,
          55.8442799
        ],
        [
          37.47737,
          55.8442399
        ],
        [
          37.4774,
          55.84419
        ],
        [
          37.47743,
          55.84414
        ],
        [
          37.4774599,
          55.8441
        ],
        [
          37.4775,
          55.8440499
        ],
        [
          37.47753,
          55.844
        ],
        [
          37.4775499,
          55.84396
        ],
        [
          37.47757,
          55.84391
        ],
        [
          37.4775799,
          55.84386
        ],
        [
          37.47761,
          55.84381
        ],
        [
          37.47764,
          55.84376
        ],
        [
          37.47767,
          55.8437199
        ],
        [
          37.4777099,
          55.84367
        ],
        [
          37.47774,
          55.8436199
        ],
        [
          37.4777799,
          55.84358
        ],
        [
          37.4778199,
          55.84353
        ],
        [
          37.4778499,
          55.84348
        ],
        [
          37.47789,
          55.8434299
        ],
        [
          37.47792,
          55.8433899
        ],
        [
          37.4779499,
          55.84334
        ],
        [
          37.47799,
          55.8432899
        ],
        [
          37.4780099,
          55.84324
        ],
        [
          37.4780099,
          55.84324
        ],
        [
          37.4780499,
          55.84314
        ],
        [
          37.4780799,
          55.8430899
        ],
        [
          37.47812,
          55.84304
        ],
        [
          37.47815,
          55.84298
        ],
        [
          37.4781799,
          55.8429299
        ],
        [
          37.47822,
          55.84288
        ],
        [
          37.47822,
          55.84288
        ],
        [
          37.4783099,
          55.8427699
        ],
        [
          37.4783099,
          55.8427699
        ],
        [
          37.47838,
          55.8426699
        ],
        [
          37.47842,
          55.84262
        ],
        [
          37.47846,
          55.8425699
        ],
        [
          37.47849,
          55.84252
        ],
        [
          37.47853,
          55.8424699
        ],
        [
          37.4785699,
          55.84242
        ],
        [
          37.4785699,
          55.84242
        ],
        [
          37.4786299,
          55.84232
        ],
        [
          37.47866,
          55.84226
        ],
        [
          37.47868,
          55.8422099
        ],
        [
          37.47871,
          55.84216
        ],
        [
          37.47875,
          55.8421099
        ],
        [
          37.47878,
          55.84206
        ],
        [
          37.47882,
          55.8420099
        ],
        [
          37.47885,
          55.84196
        ],
        [
          37.47888,
          55.8419099
        ],
        [
          37.47891,
          55.84187
        ],
        [
          37.47895,
          55.8418199
        ],
        [
          37.47898,
          55.84177
        ],
        [
          37.47901,
          55.84173
        ],
        [
          37.47904,
          55.8416799
        ],
        [
          37.47907,
          55.84163
        ],
        [
          37.47911,
          55.8415899
        ],
        [
          37.47915,
          55.84154
        ],
        [
          37.47918,
          55.8415
        ],
        [
          37.4792199,
          55.8414499
        ],
        [
          37.4792599,
          55.84141
        ],
        [
          37.4792899,
          55.8413599
        ],
        [
          37.4793299,
          55.84131
        ],
        [
          37.4793299,
          55.84131
        ],
        [
          37.47941,
          55.8412199
        ],
        [
          37.47944,
          55.84117
        ],
        [
          37.47948,
          55.84112
        ],
        [
          37.4795199,
          55.84107
        ],
        [
          37.4795499,
          55.84102
        ],
        [
          37.4795899,
          55.84097
        ],
        [
          37.47963,
          55.84092
        ],
        [
          37.47967,
          55.84088
        ],
        [
          37.47971,
          55.8408299
        ],
        [
          37.47974,
          55.84078
        ],
        [
          37.47977,
          55.8407299
        ],
        [
          37.47981,
          55.84068
        ],
        [
          37.47984,
          55.8406299
        ],
        [
          37.47987,
          55.84059
        ],
        [
          37.4799,
          55.8405399
        ],
        [
          37.47994,
          55.84049
        ],
        [
          37.4799799,
          55.84045
        ],
        [
          37.4800099,
          55.8404099
        ],
        [
          37.4800499,
          55.84036
        ],
        [
          37.48009,
          55.84032
        ],
        [
          37.48013,
          55.8402699
        ],
        [
          37.48016,
          55.84023
        ],
        [
          37.48019,
          55.8401799
        ],
        [
          37.4802399,
          55.8401399
        ],
        [
          37.4802799,
          55.8401
        ],
        [
          37.48032,
          55.84006
        ],
        [
          37.48036,
          55.8400099
        ],
        [
          37.4804,
          55.83997
        ],
        [
          37.48043,
          55.83992
        ],
        [
          37.48046,
          55.83987
        ],
        [
          37.4804799,
          55.8398199
        ],
        [
          37.4805099,
          55.8397799
        ],
        [
          37.4805399,
          55.83973
        ],
        [
          37.4805699,
          55.83969
        ],
        [
          37.4806099,
          55.83964
        ],
        [
          37.48065,
          55.8396
        ],
        [
          37.48069,
          55.83956
        ],
        [
          37.4807399,
          55.8395199
        ],
        [
          37.4807699,
          55.83947
        ],
        [
          37.4807999,
          55.83943
        ],
        [
          37.4808299,
          55.83938
        ],
        [
          37.4808699,
          55.83934
        ],
        [
          37.4808999,
          55.8393
        ],
        [
          37.4809299,
          55.8392499
        ],
        [
          37.4809699,
          55.8392
        ],
        [
          37.4809999,
          55.8391599
        ],
        [
          37.4810299,
          55.8391199
        ],
        [
          37.4810599,
          55.83907
        ],
        [
          37.4810599,
          55.83907
        ],
        [
          37.4811299,
          55.83898
        ],
        [
          37.4811299,
          55.83898
        ],
        [
          37.4811599,
          55.83894
        ],
        [
          37.4812299,
          55.83884
        ],
        [
          37.48127,
          55.8387999
        ],
        [
          37.4812899,
          55.8387699
        ],
        [
          37.48132,
          55.8387299
        ],
        [
          37.4813299,
          55.83871
        ],
        [
          37.48135,
          55.83869
        ],
        [
          37.48138,
          55.83868
        ],
        [
          37.4814,
          55.8386599
        ],
        [
          37.4814199,
          55.83864
        ],
        [
          37.48145,
          55.83862
        ],
        [
          37.48148,
          55.83859
        ],
        [
          37.48151,
          55.8385599
        ],
        [
          37.48154,
          55.8385299
        ],
        [
          37.4815599,
          55.83849
        ],
        [
          37.4815899,
          55.83845
        ],
        [
          37.4816199,
          55.83841
        ],
        [
          37.4816499,
          55.83836
        ],
        [
          37.48168,
          55.83832
        ],
        [
          37.48171,
          55.83828
        ],
        [
          37.48174,
          55.8382399
        ],
        [
          37.48177,
          55.83819
        ],
        [
          37.4818,
          55.83815
        ],
        [
          37.4818,
          55.83815
        ],
        [
          37.48186,
          55.83806
        ],
        [
          37.4819,
          55.8380099
        ],
        [
          37.48193,
          55.8379699
        ],
        [
          37.4819899,
          55.8378799
        ],
        [
          37.4820199,
          55.83783
        ],
        [
          37.4820499,
          55.83779
        ],
        [
          37.48209,
          55.8377399
        ],
        [
          37.4821199,
          55.83769
        ],
        [
          37.48216,
          55.8376499
        ],
        [
          37.4822,
          55.8376
        ],
        [
          37.48223,
          55.8375499
        ],
        [
          37.48226,
          55.8375099
        ],
        [
          37.48229,
          55.83746
        ],
        [
          37.48229,
          55.83746
        ],
        [
          37.48232,
          55.83741
        ],
        [
          37.4823499,
          55.83736
        ],
        [
          37.4823799,
          55.8373199
        ],
        [
          37.4824099,
          55.83727
        ],
        [
          37.4824399,
          55.8372199
        ],
        [
          37.4824799,
          55.83718
        ],
        [
          37.4825099,
          55.83714
        ],
        [
          37.48255,
          55.8370899
        ],
        [
          37.4825799,
          55.8370499
        ],
        [
          37.4826099,
          55.837
        ],
        [
          37.4826399,
          55.83695
        ],
        [
          37.4826699,
          55.83691
        ],
        [
          37.4827099,
          55.83687
        ],
        [
          37.4827399,
          55.83682
        ],
        [
          37.48278,
          55.83678
        ],
        [
          37.4828099,
          55.83674
        ],
        [
          37.48285,
          55.8366899
        ],
        [
          37.48289,
          55.83664
        ],
        [
          37.48292,
          55.8365999
        ],
        [
          37.48296,
          55.8365599
        ],
        [
          37.48299,
          55.83652
        ],
        [
          37.4830299,
          55.8364699
        ],
        [
          37.48306,
          55.8364299
        ],
        [
          37.48309,
          55.83639
        ],
        [
          37.48312,
          55.8363399
        ],
        [
          37.48314,
          55.8362999
        ],
        [
          37.4831699,
          55.83626
        ],
        [
          37.48319,
          55.83622
        ],
        [
          37.48321,
          55.8361699
        ],
        [
          37.4832299,
          55.83613
        ],
        [
          37.48325,
          55.83608
        ],
        [
          37.4832899,
          55.83603
        ],
        [
          37.4833299,
          55.83599
        ],
        [
          37.48337,
          55.83595
        ],
        [
          37.48341,
          55.8359
        ],
        [
          37.48345,
          55.83586
        ],
        [
          37.4834999,
          55.83582
        ],
        [
          37.48355,
          55.8357799
        ],
        [
          37.4835899,
          55.8357399
        ],
        [
          37.48365,
          55.8357
        ],
        [
          37.48368,
          55.83566
        ],
        [
          37.48371,
          55.83562
        ],
        [
          37.48373,
          55.83557
        ],
        [
          37.4837499,
          55.8355199
        ],
        [
          37.48378,
          55.8354799
        ],
        [
          37.48381,
          55.83544
        ],
        [
          37.48384,
          55.8354
        ],
        [
          37.48388,
          55.83536
        ],
        [
          37.4839199,
          55.83531
        ],
        [
          37.48396,
          55.83526
        ],
        [
          37.4839899,
          55.8352199
        ],
        [
          37.48403,
          55.83517
        ],
        [
          37.48407,
          55.83513
        ],
        [
          37.4841,
          55.83508
        ],
        [
          37.4841199,
          55.83503
        ],
        [
          37.48414,
          55.8349899
        ],
        [
          37.48417,
          55.83493
        ],
        [
          37.4842,
          55.83488
        ],
        [
          37.48424,
          55.8348299
        ],
        [
          37.48427,
          55.83478
        ],
        [
          37.4843099,
          55.8347299
        ],
        [
          37.4843499,
          55.83468
        ],
        [
          37.4843799,
          55.8346299
        ],
        [
          37.4844099,
          55.83458
        ],
        [
          37.4844399,
          55.83452
        ],
        [
          37.48447,
          55.83448
        ],
        [
          37.4845,
          55.8344299
        ],
        [
          37.48453,
          55.83438
        ],
        [
          37.48456,
          55.83434
        ],
        [
          37.48459,
          55.83429
        ],
        [
          37.48463,
          55.83425
        ],
        [
          37.48466,
          55.8341999
        ],
        [
          37.48469,
          55.83416
        ],
        [
          37.48473,
          55.83411
        ],
        [
          37.48475,
          55.83406
        ],
        [
          37.4847799,
          55.83402
        ],
        [
          37.4848099,
          55.8339699
        ],
        [
          37.4848399,
          55.83393
        ],
        [
          37.4848399,
          55.83393
        ],
        [
          37.4848999,
          55.83385
        ],
        [
          37.48493,
          55.83382
        ],
        [
          37.48495,
          55.83379
        ],
        [
          37.48499,
          55.8337699
        ],
        [
          37.4850299,
          55.8337399
        ],
        [
          37.48508,
          55.8337099
        ],
        [
          37.48512,
          55.8336799
        ],
        [
          37.48516,
          55.83365
        ],
        [
          37.48521,
          55.83362
        ],
        [
          37.48525,
          55.8335799
        ],
        [
          37.48529,
          55.8335399
        ],
        [
          37.48532,
          55.83349
        ],
        [
          37.4853599,
          55.8334499
        ],
        [
          37.4853999,
          55.8334
        ],
        [
          37.48544,
          55.8333499
        ],
        [
          37.48548,
          55.8333
        ],
        [
          37.48552,
          55.8332499
        ],
        [
          37.48557,
          55.8332
        ],
        [
          37.48561,
          55.8331499
        ],
        [
          37.4856599,
          55.8331
        ],
        [
          37.4857,
          55.8330499
        ],
        [
          37.4857599,
          55.833
        ],
        [
          37.4858199,
          55.8329599
        ],
        [
          37.48587,
          55.83291
        ],
        [
          37.48594,
          55.83288
        ],
        [
          37.48601,
          55.83284
        ],
        [
          37.48607,
          55.8328
        ],
        [
          37.48611,
          55.8327499
        ],
        [
          37.4861499,
          55.8327
        ],
        [
          37.4861799,
          55.83265
        ],
        [
          37.4862199,
          55.83261
        ],
        [
          37.4862499,
          55.8325599
        ],
        [
          37.4862899,
          55.83252
        ],
        [
          37.48633,
          55.83247
        ],
        [
          37.48637,
          55.83242
        ],
        [
          37.4864,
          55.83237
        ],
        [
          37.48644,
          55.8323299
        ],
        [
          37.48647,
          55.83229
        ],
        [
          37.4865099,
          55.83225
        ],
        [
          37.4865499,
          55.8321999
        ],
        [
          37.48659,
          55.83215
        ],
        [
          37.48663,
          55.83211
        ],
        [
          37.48666,
          55.83206
        ],
        [
          37.48669,
          55.83202
        ],
        [
          37.48672,
          55.8319699
        ],
        [
          37.48675,
          55.8319299
        ],
        [
          37.4867699,
          55.83189
        ],
        [
          37.4867699,
          55.83186
        ],
        [
          37.48676,
          55.83183
        ],
        [
          37.48676,
          55.8318099
        ],
        [
          37.4867699,
          55.83178
        ],
        [
          37.48679,
          55.8317699
        ],
        [
          37.4868,
          55.83175
        ],
        [
          37.48682,
          55.83172
        ],
        [
          37.48685,
          55.83168
        ],
        [
          37.4868699,
          55.8316399
        ],
        [
          37.4869,
          55.8316
        ],
        [
          37.4869399,
          55.83156
        ],
        [
          37.48698,
          55.83153
        ],
        [
          37.48703,
          55.83149
        ],
        [
          37.48708,
          55.8314499
        ],
        [
          37.4871399,
          55.8314099
        ],
        [
          37.4871999,
          55.8313799
        ],
        [
          37.48725,
          55.83133
        ],
        [
          37.4872999,
          55.8312799
        ],
        [
          37.4873399,
          55.8312399
        ],
        [
          37.4873699,
          55.83119
        ],
        [
          37.48741,
          55.83113
        ],
        [
          37.48745,
          55.83109
        ],
        [
          37.4874999,
          55.83103
        ],
        [
          37.48754,
          55.8309899
        ],
        [
          37.4875899,
          55.83094
        ],
        [
          37.4876299,
          55.8308899
        ],
        [
          37.48767,
          55.83084
        ],
        [
          37.48772,
          55.8307899
        ],
        [
          37.48774,
          55.83074
        ],
        [
          37.48775,
          55.83068
        ],
        [
          37.4877599,
          55.8306199
        ],
        [
          37.48777,
          55.83057
        ],
        [
          37.4877999,
          55.8304599
        ],
        [
          37.4877999,
          55.8304599
        ],
        [
          37.4878299,
          55.83041
        ],
        [
          37.48787,
          55.8303599
        ],
        [
          37.48791,
          55.83031
        ],
        [
          37.48795,
          55.83027
        ],
        [
          37.4879899,
          55.83022
        ],
        [
          37.48803,
          55.83017
        ],
        [
          37.48808,
          55.83012
        ],
        [
          37.48813,
          55.83008
        ],
        [
          37.48818,
          55.8300299
        ],
        [
          37.48823,
          55.82998
        ],
        [
          37.4882799,
          55.8299399
        ],
        [
          37.48833,
          55.82989
        ],
        [
          37.48837,
          55.8298399
        ],
        [
          37.48841,
          55.82979
        ],
        [
          37.48846,
          55.8297399
        ],
        [
          37.4885,
          55.82969
        ],
        [
          37.48854,
          55.8296399
        ],
        [
          37.4885799,
          55.82959
        ],
        [
          37.4886199,
          55.8295399
        ],
        [
          37.48866,
          55.8294799
        ],
        [
          37.4887,
          55.82943
        ],
        [
          37.4887499,
          55.8293799
        ],
        [
          37.4888,
          55.82933
        ],
        [
          37.4888499,
          55.82929
        ],
        [
          37.4889,
          55.8292399
        ],
        [
          37.48895,
          55.8292
        ],
        [
          37.48899,
          55.8291799
        ],
        [
          37.4890399,
          55.8291499
        ],
        [
          37.4890799,
          55.82913
        ],
        [
          37.4891099,
          55.8291
        ],
        [
          37.4891099,
          55.82906
        ],
        [
          37.4890399,
          55.829
        ],
        [
          37.4890399,
          55.829
        ],
        [
          37.48899,
          55.82897
        ],
        [
          37.4889399,
          55.82894
        ],
        [
          37.48889,
          55.8289
        ],
        [
          37.48883,
          55.82887
        ],
        [
          37.48877,
          55.82884
        ],
        [
          37.48872,
          55.8288
        ],
        [
          37.48867,
          55.82877
        ],
        [
          37.4886099,
          55.82874
        ],
        [
          37.48853,
          55.82873
        ],
        [
          37.4884499,
          55.82871
        ],
        [
          37.4883799,
          55.8286899
        ],
        [
          37.4883499,
          55.8286599
        ],
        [
          37.4883499,
          55.82861
        ],
        [
          37.48836,
          55.82857
        ],
        [
          37.4883799,
          55.82853
        ],
        [
          37.4884,
          55.82847
        ],
        [
          37.4884199,
          55.8284199
        ],
        [
          37.4884499,
          55.82837
        ],
        [
          37.48849,
          55.8283199
        ],
        [
          37.4885099,
          55.82828
        ],
        [
          37.48854,
          55.8282299
        ],
        [
          37.4885799,
          55.82818
        ],
        [
          37.4886099,
          55.8281299
        ],
        [
          37.4886499,
          55.82808
        ],
        [
          37.48869,
          55.8280299
        ],
        [
          37.48873,
          55.82799
        ],
        [
          37.48877,
          55.82795
        ],
        [
          37.4888,
          55.82791
        ],
        [
          37.4888399,
          55.8278599
        ],
        [
          37.48886,
          55.82782
        ],
        [
          37.4888799,
          55.8277699
        ],
        [
          37.4889,
          55.82772
        ],
        [
          37.48892,
          55.82768
        ],
        [
          37.48895,
          55.8276299
        ],
        [
          37.489,
          55.82758
        ],
        [
          37.4890399,
          55.8275399
        ],
        [
          37.4890799,
          55.8274999
        ],
        [
          37.48912,
          55.8274699
        ],
        [
          37.48916,
          55.82742
        ],
        [
          37.48919,
          55.82738
        ],
        [
          37.4892099,
          55.82733
        ],
        [
          37.4892099,
          55.8272699
        ],
        [
          37.48922,
          55.82722
        ],
        [
          37.4892399,
          55.8271799
        ],
        [
          37.48925,
          55.8271399
        ],
        [
          37.48926,
          55.8271
        ],
        [
          37.48926,
          55.8270499
        ],
        [
          37.48925,
          55.8270099
        ],
        [
          37.4891999,
          55.8269799
        ],
        [
          37.4891399,
          55.82696
        ],
        [
          37.4890699,
          55.8269399
        ],
        [
          37.4890099,
          55.82693
        ],
        [
          37.4889399,
          55.8269099
        ],
        [
          37.48887,
          55.8269
        ],
        [
          37.4888,
          55.8268799
        ],
        [
          37.4887399,
          55.82687
        ],
        [
          37.48866,
          55.8268499
        ],
        [
          37.4886,
          55.82683
        ],
        [
          37.48854,
          55.8268099
        ],
        [
          37.4884799,
          55.8267799
        ],
        [
          37.48843,
          55.8267499
        ],
        [
          37.48837,
          55.82671
        ],
        [
          37.48831,
          55.8267
        ],
        [
          37.48824,
          55.8266799
        ],
        [
          37.4882,
          55.82666
        ],
        [
          37.48817,
          55.82663
        ],
        [
          37.4881599,
          55.82661
        ],
        [
          37.48813,
          55.8265899
        ],
        [
          37.4880899,
          55.8265799
        ],
        [
          37.4880499,
          55.82657
        ],
        [
          37.488,
          55.82657
        ],
        [
          37.48795,
          55.8265499
        ],
        [
          37.4879299,
          55.82654
        ],
        [
          37.4879199,
          55.82651
        ],
        [
          37.4879199,
          55.8264899
        ],
        [
          37.4879199,
          55.8264599
        ],
        [
          37.4879199,
          55.82644
        ],
        [
          37.4878899,
          55.82643
        ],
        [
          37.4878599,
          55.8264199
        ],
        [
          37.4878199,
          55.82641
        ],
        [
          37.4877899,
          55.8264
        ],
        [
          37.48777,
          55.82638
        ],
        [
          37.48777,
          55.8263599
        ],
        [
          37.4877899,
          55.82634
        ],
        [
          37.4878199,
          55.82633
        ],
        [
          37.48785,
          55.8263199
        ],
        [
          37.48788,
          55.82631
        ],
        [
          37.4879,
          55.8263
        ],
        [
          37.4879,
          55.82628
        ],
        [
          37.48788,
          55.82625
        ],
        [
          37.48784,
          55.82624
        ],
        [
          37.4877899,
          55.8262299
        ],
        [
          37.48774,
          55.8262299
        ],
        [
          37.48768,
          55.8262299
        ],
        [
          37.48764,
          55.8262199
        ],
        [
          37.4875899,
          55.82621
        ],
        [
          37.48754,
          55.8262
        ],
        [
          37.48748,
          55.82618
        ],
        [
          37.4874299,
          55.82618
        ],
        [
          37.4873699,
          55.82618
        ],
        [
          37.48732,
          55.82617
        ],
        [
          37.4872699,
          55.82617
        ],
        [
          37.48721,
          55.8261599
        ],
        [
          37.48715,
          55.82615
        ],
        [
          37.48709,
          55.82615
        ],
        [
          37.48703,
          55.82615
        ],
        [
          37.48698,
          55.82614
        ],
        [
          37.48695,
          55.8261199
        ],
        [
          37.4869399,
          55.8261
        ],
        [
          37.4869399,
          55.82607
        ],
        [
          37.4869399,
          55.8260299
        ],
        [
          37.48693,
          55.8259999
        ],
        [
          37.4869,
          55.82598
        ],
        [
          37.48686,
          55.82597
        ],
        [
          37.4868,
          55.82597
        ],
        [
          37.4867399,
          55.82597
        ],
        [
          37.48669,
          55.82597
        ],
        [
          37.48663,
          55.82597
        ],
        [
          37.48656,
          55.82597
        ],
        [
          37.4865,
          55.82597
        ],
        [
          37.48644,
          55.82597
        ],
        [
          37.48637,
          55.82598
        ],
        [
          37.4863,
          55.82598
        ],
        [
          37.48623,
          55.82598
        ],
        [
          37.48616,
          55.82598
        ],
        [
          37.4860799,
          55.82598
        ],
        [
          37.486,
          55.82598
        ],
        [
          37.48593,
          55.82598
        ],
        [
          37.4858599,
          55.82598
        ],
        [
          37.4857899,
          55.82598
        ],
        [
          37.4857299,
          55.82597
        ],
        [
          37.4856599,
          55.82597
        ],
        [
          37.4855999,
          55.8259599
        ],
        [
          37.48554,
          55.82594
        ],
        [
          37.48548,
          55.8259299
        ],
        [
          37.48542,
          55.82592
        ],
        [
          37.4853599,
          55.8258999
        ],
        [
          37.48529,
          55.8258899
        ],
        [
          37.48524,
          55.82587
        ],
        [
          37.48518,
          55.82584
        ],
        [
          37.4851299,
          55.82581
        ],
        [
          37.48509,
          55.82578
        ],
        [
          37.48505,
          55.82575
        ],
        [
          37.48501,
          55.82572
        ],
        [
          37.48496,
          55.8256999
        ],
        [
          37.48492,
          55.8256699
        ],
        [
          37.48489,
          55.82565
        ],
        [
          37.4848699,
          55.8256299
        ],
        [
          37.48486,
          55.82561
        ],
        [
          37.48486,
          55.8255999
        ],
        [
          37.4848699,
          55.82558
        ],
        [
          37.48489,
          55.8255699
        ],
        [
          37.4849099,
          55.82555
        ],
        [
          37.4849399,
          55.8255299
        ],
        [
          37.4849699,
          55.82551
        ],
        [
          37.4849999,
          55.82549
        ],
        [
          37.4850399,
          55.82548
        ],
        [
          37.4850699,
          55.82546
        ],
        [
          37.48511,
          55.82545
        ],
        [
          37.48515,
          55.8254399
        ],
        [
          37.4851999,
          55.82542
        ],
        [
          37.48524,
          55.8254099
        ],
        [
          37.4852699,
          55.82539
        ],
        [
          37.48531,
          55.8253699
        ],
        [
          37.4853699,
          55.82535
        ],
        [
          37.48542,
          55.82533
        ],
        [
          37.48547,
          55.82532
        ],
        [
          37.48552,
          55.82529
        ],
        [
          37.48557,
          55.8252699
        ],
        [
          37.4855999,
          55.82523
        ],
        [
          37.4856299,
          55.8252099
        ],
        [
          37.48565,
          55.8251799
        ],
        [
          37.48567,
          55.82515
        ],
        [
          37.4856899,
          55.82512
        ],
        [
          37.4857199,
          55.82509
        ],
        [
          37.48575,
          55.82506
        ],
        [
          37.48578,
          55.82502
        ],
        [
          37.48581,
          55.82499
        ],
        [
          37.4858899,
          55.82492
        ],
        [
          37.4858899,
          55.82492
        ],
        [
          37.4859199,
          55.82489
        ],
        [
          37.4859599,
          55.8248499
        ],
        [
          37.4859899,
          55.8248099
        ],
        [
          37.4860199,
          55.82477
        ],
        [
          37.4860499,
          55.82473
        ],
        [
          37.4860799,
          55.82469
        ],
        [
          37.4861199,
          55.8246499
        ],
        [
          37.48616,
          55.8246099
        ],
        [
          37.4861899,
          55.82457
        ],
        [
          37.48623,
          55.82454
        ],
        [
          37.48627,
          55.8245
        ],
        [
          37.4863099,
          55.8244499
        ],
        [
          37.48637,
          55.82441
        ],
        [
          37.4864099,
          55.82436
        ],
        [
          37.4864499,
          55.8243199
        ],
        [
          37.4865,
          55.82427
        ],
        [
          37.4865499,
          55.8242199
        ],
        [
          37.4866,
          55.82417
        ],
        [
          37.4866499,
          55.82411
        ],
        [
          37.4867,
          55.8240599
        ],
        [
          37.48679,
          55.82395
        ],
        [
          37.48679,
          55.82395
        ],
        [
          37.4868399,
          55.82388
        ],
        [
          37.4868699,
          55.8238299
        ],
        [
          37.48693,
          55.8237599
        ],
        [
          37.48699,
          55.82369
        ],
        [
          37.48705,
          55.82361
        ],
        [
          37.48709,
          55.82355
        ],
        [
          37.48713,
          55.82348
        ],
        [
          37.48715,
          55.82342
        ],
        [
          37.48718,
          55.82336
        ],
        [
          37.4871999,
          55.8232999
        ],
        [
          37.48722,
          55.8232399
        ],
        [
          37.4872399,
          55.82319
        ],
        [
          37.48725,
          55.8231399
        ],
        [
          37.48726,
          55.82309
        ],
        [
          37.48728,
          55.82305
        ],
        [
          37.48729,
          55.823
        ],
        [
          37.4872699,
          55.82296
        ],
        [
          37.48725,
          55.82292
        ],
        [
          37.48722,
          55.8228799
        ],
        [
          37.48719,
          55.8228399
        ],
        [
          37.4871699,
          55.82279
        ],
        [
          37.4871399,
          55.8227499
        ],
        [
          37.4871099,
          55.8227099
        ],
        [
          37.48708,
          55.82267
        ],
        [
          37.48705,
          55.8226199
        ],
        [
          37.48703,
          55.8225799
        ],
        [
          37.4869999,
          55.82253
        ],
        [
          37.48698,
          55.8224799
        ],
        [
          37.48695,
          55.8224199
        ],
        [
          37.48692,
          55.82237
        ],
        [
          37.48689,
          55.82233
        ],
        [
          37.48685,
          55.8222799
        ],
        [
          37.48682,
          55.8222199
        ],
        [
          37.4867799,
          55.82218
        ],
        [
          37.4867399,
          55.8221199
        ],
        [
          37.4867,
          55.82207
        ],
        [
          37.48666,
          55.82201
        ],
        [
          37.4866099,
          55.8219599
        ],
        [
          37.48657,
          55.8219
        ],
        [
          37.4865399,
          55.82185
        ],
        [
          37.4865,
          55.8217899
        ],
        [
          37.48647,
          55.82174
        ],
        [
          37.48644,
          55.8216899
        ],
        [
          37.4864,
          55.82164
        ],
        [
          37.48636,
          55.8215899
        ],
        [
          37.4863199,
          55.82154
        ],
        [
          37.48627,
          55.8214999
        ],
        [
          37.48621,
          55.82145
        ],
        [
          37.4861499,
          55.8213999
        ],
        [
          37.4860899,
          55.82135
        ],
        [
          37.48604,
          55.8212999
        ],
        [
          37.48598,
          55.82126
        ],
        [
          37.48593,
          55.82121
        ],
        [
          37.4858899,
          55.82116
        ],
        [
          37.48584,
          55.82112
        ],
        [
          37.4857899,
          55.82108
        ],
        [
          37.48574,
          55.82103
        ],
        [
          37.4856899,
          55.82099
        ],
        [
          37.48564,
          55.82095
        ],
        [
          37.4855899,
          55.8209099
        ],
        [
          37.48554,
          55.8208699
        ],
        [
          37.4854899,
          55.82083
        ],
        [
          37.48544,
          55.82079
        ],
        [
          37.4853999,
          55.82076
        ],
        [
          37.48534,
          55.82073
        ],
        [
          37.48529,
          55.8207099
        ],
        [
          37.4851399,
          55.8207
        ],
        [
          37.4851399,
          55.8207
        ],
        [
          37.4850699,
          55.8207
        ],
        [
          37.4849999,
          55.82073
        ],
        [
          37.48495,
          55.82075
        ],
        [
          37.48489,
          55.8207799
        ],
        [
          37.48483,
          55.8208099
        ],
        [
          37.4847799,
          55.8208399
        ],
        [
          37.48473,
          55.82086
        ],
        [
          37.4846699,
          55.8208799
        ],
        [
          37.48463,
          55.8209
        ],
        [
          37.4845799,
          55.8209099
        ],
        [
          37.4845499,
          55.8209399
        ],
        [
          37.4845,
          55.82095
        ],
        [
          37.48446,
          55.8209699
        ],
        [
          37.48442,
          55.82099
        ],
        [
          37.4843799,
          55.8209999
        ],
        [
          37.48434,
          55.82102
        ],
        [
          37.48429,
          55.8210399
        ],
        [
          37.4842499,
          55.82105
        ],
        [
          37.4842099,
          55.8210699
        ],
        [
          37.48417,
          55.82108
        ],
        [
          37.48413,
          55.8210999
        ],
        [
          37.4840899,
          55.8211099
        ],
        [
          37.48406,
          55.8211299
        ],
        [
          37.4840199,
          55.8211399
        ],
        [
          37.4839899,
          55.82115
        ],
        [
          37.48397,
          55.82116
        ],
        [
          37.48394,
          55.82118
        ],
        [
          37.4839199,
          55.8211999
        ],
        [
          37.48391,
          55.8211999
        ],
        [
          37.48388,
          55.8211999
        ],
        [
          37.4838499,
          55.8211999
        ],
        [
          37.4838199,
          55.8211999
        ],
        [
          37.4838,
          55.82119
        ],
        [
          37.4837599,
          55.82118
        ],
        [
          37.4837199,
          55.82118
        ],
        [
          37.48368,
          55.8211699
        ],
        [
          37.4835899,
          55.82115
        ],
        [
          37.4835899,
          55.82115
        ],
        [
          37.48354,
          55.82115
        ],
        [
          37.4834899,
          55.8211399
        ],
        [
          37.4834299,
          55.82112
        ],
        [
          37.48338,
          55.8211099
        ],
        [
          37.48332,
          55.8210999
        ],
        [
          37.4832599,
          55.82108
        ],
        [
          37.48319,
          55.8210699
        ],
        [
          37.48311,
          55.82106
        ],
        [
          37.4830399,
          55.82105
        ],
        [
          37.4829699,
          55.8210399
        ],
        [
          37.4828999,
          55.82103
        ],
        [
          37.48282,
          55.8210399
        ],
        [
          37.48273,
          55.8210399
        ],
        [
          37.48265,
          55.82105
        ],
        [
          37.4825699,
          55.82106
        ],
        [
          37.4825,
          55.8210699
        ],
        [
          37.48243,
          55.82108
        ],
        [
          37.4823499,
          55.82109
        ],
        [
          37.4822799,
          55.8210999
        ],
        [
          37.48222,
          55.8211099
        ],
        [
          37.4821499,
          55.8211299
        ],
        [
          37.4820799,
          55.82115
        ],
        [
          37.4820099,
          55.8211699
        ],
        [
          37.4819499,
          55.8211999
        ],
        [
          37.4818799,
          55.82122
        ],
        [
          37.4818199,
          55.8212399
        ],
        [
          37.4817499,
          55.82126
        ],
        [
          37.4817,
          55.82129
        ],
        [
          37.48163,
          55.82131
        ],
        [
          37.48157,
          55.82135
        ],
        [
          37.48151,
          55.8213699
        ],
        [
          37.4814599,
          55.82141
        ],
        [
          37.4814299,
          55.82144
        ],
        [
          37.4814,
          55.8214699
        ],
        [
          37.48137,
          55.8214999
        ],
        [
          37.48135,
          55.8215299
        ],
        [
          37.48132,
          55.82155
        ],
        [
          37.4812999,
          55.8215899
        ],
        [
          37.48128,
          55.82161
        ],
        [
          37.4812599,
          55.82165
        ],
        [
          37.48124,
          55.82168
        ],
        [
          37.48122,
          55.82172
        ],
        [
          37.4811999,
          55.82175
        ],
        [
          37.48118,
          55.82178
        ],
        [
          37.4811599,
          55.82181
        ],
        [
          37.4811299,
          55.82185
        ],
        [
          37.48111,
          55.82188
        ],
        [
          37.48109,
          55.82191
        ],
        [
          37.48109,
          55.82194
        ],
        [
          37.48111,
          55.8219599
        ],
        [
          37.4811299,
          55.8219899
        ],
        [
          37.4811599,
          55.82201
        ],
        [
          37.4811899,
          55.82204
        ],
        [
          37.48122,
          55.8220599
        ],
        [
          37.48124,
          55.82208
        ],
        [
          37.48127,
          55.82211
        ],
        [
          37.4812999,
          55.82214
        ],
        [
          37.4813299,
          55.82217
        ],
        [
          37.48137,
          55.8222
        ],
        [
          37.4814,
          55.82223
        ],
        [
          37.4814299,
          55.82226
        ],
        [
          37.4814599,
          55.8222899
        ],
        [
          37.4814899,
          55.8223199
        ],
        [
          37.4815299,
          55.8223499
        ],
        [
          37.48157,
          55.82237
        ],
        [
          37.48161,
          55.8224
        ],
        [
          37.48164,
          55.82244
        ],
        [
          37.48167,
          55.82247
        ],
        [
          37.4817,
          55.8225
        ],
        [
          37.48173,
          55.82254
        ],
        [
          37.4817599,
          55.8225799
        ],
        [
          37.4818,
          55.8226099
        ],
        [
          37.48183,
          55.8226499
        ],
        [
          37.48186,
          55.82269
        ],
        [
          37.4818899,
          55.82273
        ],
        [
          37.4819199,
          55.82277
        ],
        [
          37.4819499,
          55.8228099
        ],
        [
          37.4819799,
          55.8228499
        ],
        [
          37.482,
          55.8229
        ],
        [
          37.482,
          55.82293
        ],
        [
          37.4819799,
          55.8229699
        ],
        [
          37.48193,
          55.823
        ],
        [
          37.4818899,
          55.82303
        ],
        [
          37.4818499,
          55.82305
        ],
        [
          37.4818,
          55.82308
        ],
        [
          37.4817499,
          55.8230999
        ],
        [
          37.4816899,
          55.82313
        ],
        [
          37.48164,
          55.82315
        ],
        [
          37.4815899,
          55.82318
        ],
        [
          37.4815299,
          55.8231999
        ],
        [
          37.48148,
          55.82322
        ],
        [
          37.4814199,
          55.8232399
        ],
        [
          37.4813599,
          55.8232699
        ],
        [
          37.4812999,
          55.82329
        ],
        [
          37.4812299,
          55.82332
        ],
        [
          37.48117,
          55.8233399
        ],
        [
          37.4810999,
          55.8233699
        ],
        [
          37.4810299,
          55.82339
        ],
        [
          37.4809699,
          55.82342
        ],
        [
          37.48092,
          55.8234399
        ],
        [
          37.4808699,
          55.82346
        ],
        [
          37.48082,
          55.82349
        ],
        [
          37.48078,
          55.8234999
        ],
        [
          37.4807399,
          55.82351
        ],
        [
          37.48069,
          55.82351
        ],
        [
          37.48065,
          55.82352
        ],
        [
          37.4806099,
          55.8235299
        ],
        [
          37.48056,
          55.82354
        ],
        [
          37.4805099,
          55.82354
        ],
        [
          37.4804399,
          55.82355
        ],
        [
          37.4803799,
          55.8235599
        ],
        [
          37.4803099,
          55.8235699
        ],
        [
          37.4802499,
          55.82359
        ],
        [
          37.4801799,
          55.82361
        ],
        [
          37.4801099,
          55.8236299
        ],
        [
          37.48003,
          55.8236599
        ],
        [
          37.47996,
          55.82369
        ],
        [
          37.4799,
          55.82371
        ],
        [
          37.47983,
          55.82374
        ],
        [
          37.47977,
          55.82377
        ],
        [
          37.47971,
          55.8237999
        ],
        [
          37.47966,
          55.8238299
        ],
        [
          37.4796,
          55.8238599
        ],
        [
          37.4795499,
          55.8238899
        ],
        [
          37.4795,
          55.82392
        ],
        [
          37.47944,
          55.8239599
        ],
        [
          37.47937,
          55.82398
        ],
        [
          37.47931,
          55.82401
        ],
        [
          37.47924,
          55.82404
        ],
        [
          37.47918,
          55.8240599
        ],
        [
          37.47912,
          55.8240899
        ],
        [
          37.47905,
          55.82411
        ],
        [
          37.4789899,
          55.82414
        ],
        [
          37.4789299,
          55.8241599
        ],
        [
          37.4788599,
          55.82418
        ],
        [
          37.47879,
          55.8242
        ],
        [
          37.4787299,
          55.8242199
        ],
        [
          37.47866,
          55.8242499
        ],
        [
          37.4785999,
          55.82428
        ],
        [
          37.4785399,
          55.82431
        ],
        [
          37.47848,
          55.82434
        ],
        [
          37.47842,
          55.82436
        ],
        [
          37.47836,
          55.8243799
        ],
        [
          37.4783,
          55.8243899
        ],
        [
          37.47825,
          55.8244
        ],
        [
          37.4782,
          55.82441
        ],
        [
          37.47815,
          55.82443
        ],
        [
          37.4781,
          55.82443
        ],
        [
          37.47806,
          55.8244499
        ],
        [
          37.47802,
          55.82446
        ],
        [
          37.47796,
          55.8244799
        ],
        [
          37.47792,
          55.8244899
        ],
        [
          37.47787,
          55.8245
        ],
        [
          37.4778199,
          55.82451
        ],
        [
          37.47777,
          55.8245199
        ],
        [
          37.4777099,
          55.82454
        ],
        [
          37.47767,
          55.8245499
        ],
        [
          37.47761,
          55.82456
        ],
        [
          37.4775499,
          55.82457
        ],
        [
          37.4774899,
          55.82457
        ],
        [
          37.47743,
          55.82457
        ],
        [
          37.47737,
          55.82457
        ],
        [
          37.47731,
          55.82457
        ],
        [
          37.47725,
          55.8245799
        ],
        [
          37.4771899,
          55.82459
        ],
        [
          37.4771199,
          55.82459
        ],
        [
          37.47705,
          55.82459
        ],
        [
          37.4769999,
          55.8245799
        ],
        [
          37.47694,
          55.82456
        ],
        [
          37.47688,
          55.8245499
        ],
        [
          37.47681,
          55.82454
        ],
        [
          37.4767599,
          55.82453
        ],
        [
          37.4766999,
          55.82451
        ],
        [
          37.47664,
          55.8245
        ],
        [
          37.4765999,
          55.8244799
        ],
        [
          37.47655,
          55.8244799
        ],
        [
          37.47649,
          55.8244899
        ],
        [
          37.47645,
          55.8244899
        ],
        [
          37.4763999,
          55.8244899
        ],
        [
          37.47635,
          55.8245
        ],
        [
          37.47629,
          55.82451
        ],
        [
          37.4762399,
          55.82451
        ],
        [
          37.47622,
          55.82451
        ],
        [
          37.4761999,
          55.8245
        ],
        [
          37.4761799,
          55.8244799
        ],
        [
          37.4761799,
          55.8244499
        ],
        [
          37.47616,
          55.82443
        ],
        [
          37.47615,
          55.8244
        ],
        [
          37.47615,
          55.8243799
        ],
        [
          37.47615,
          55.8243499
        ],
        [
          37.47615,
          55.82433
        ],
        [
          37.47615,
          55.8243
        ],
        [
          37.47615,
          55.82428
        ],
        [
          37.47615,
          55.8242499
        ],
        [
          37.47615,
          55.8242199
        ],
        [
          37.47615,
          55.8241899
        ],
        [
          37.47615,
          55.8241599
        ],
        [
          37.47615,
          55.8241299
        ],
        [
          37.47616,
          55.8240899
        ],
        [
          37.47616,
          55.82407
        ],
        [
          37.4761699,
          55.82404
        ],
        [
          37.4761699,
          55.82401
        ],
        [
          37.4761799,
          55.8239899
        ],
        [
          37.47619,
          55.82395
        ],
        [
          37.4761999,
          55.82392
        ],
        [
          37.4762099,
          55.8238899
        ],
        [
          37.4762099,
          55.82385
        ],
        [
          37.4762099,
          55.82382
        ],
        [
          37.4761999,
          55.8237899
        ],
        [
          37.4761999,
          55.8237599
        ],
        [
          37.4761999,
          55.8237299
        ],
        [
          37.4761999,
          55.8236999
        ],
        [
          37.47619,
          55.8236699
        ],
        [
          37.4761799,
          55.82362
        ],
        [
          37.4761799,
          55.82358
        ],
        [
          37.4761799,
          55.82354
        ],
        [
          37.47619,
          55.8234999
        ],
        [
          37.47619,
          55.8234699
        ],
        [
          37.47619,
          55.82345
        ],
        [
          37.47619,
          55.8234299
        ],
        [
          37.47619,
          55.8233999
        ],
        [
          37.47619,
          55.8233999
        ],
        [
          37.47619,
          55.8233999
        ],
        [
          37.47619,
          55.8233999
        ],
        [
          37.47619,
          55.8233999
        ],
        [
          37.47619,
          55.8233999
        ],
        [
          37.4762099,
          55.82306
        ],
        [
          37.4762099,
          55.82305
        ],
        [
          37.4762099,
          55.82305
        ],
        [
          37.4762099,
          55.8230399
        ],
        [
          37.4762099,
          55.8230399
        ],
        [
          37.4761999,
          55.82303
        ],
        [
          37.47619,
          55.82302
        ],
        [
          37.47619,
          55.8230099
        ],
        [
          37.4761999,
          55.8230099
        ],
        [
          37.47619,
          55.823
        ],
        [
          37.47619,
          55.823
        ],
        [
          37.4761999,
          55.8229799
        ],
        [
          37.4761999,
          55.8229799
        ],
        [
          37.4762099,
          55.8229699
        ],
        [
          37.47622,
          55.82296
        ],
        [
          37.47622,
          55.82295
        ],
        [
          37.47622,
          55.82295
        ],
        [
          37.4762099,
          55.82296
        ],
        [
          37.4762099,
          55.82296
        ],
        [
          37.47622,
          55.82293
        ],
        [
          37.47623,
          55.82292
        ],
        [
          37.47623,
          55.8229099
        ],
        [
          37.47623,
          55.8229099
        ],
        [
          37.47625,
          55.8228799
        ],
        [
          37.47626,
          55.8228699
        ],
        [
          37.4762699,
          55.8228499
        ],
        [
          37.4762699,
          55.8228399
        ],
        [
          37.4762699,
          55.8228399
        ],
        [
          37.47628,
          55.8228099
        ],
        [
          37.47629,
          55.82279
        ],
        [
          37.47629,
          55.8227799
        ],
        [
          37.47629,
          55.82277
        ],
        [
          37.47629,
          55.8227499
        ],
        [
          37.4762999,
          55.82273
        ],
        [
          37.4762999,
          55.8227099
        ],
        [
          37.4762999,
          55.8227
        ],
        [
          37.4763099,
          55.8226799
        ],
        [
          37.4763099,
          55.82267
        ],
        [
          37.47632,
          55.8226399
        ],
        [
          37.47632,
          55.82263
        ],
        [
          37.47632,
          55.8226199
        ],
        [
          37.47632,
          55.8226
        ],
        [
          37.47632,
          55.82259
        ],
        [
          37.47633,
          55.82256
        ],
        [
          37.47633,
          55.8225499
        ],
        [
          37.4763399,
          55.82253
        ],
        [
          37.47635,
          55.8225099
        ],
        [
          37.47635,
          55.8225
        ],
        [
          37.47635,
          55.8224799
        ],
        [
          37.47635,
          55.8224499
        ],
        [
          37.47635,
          55.82243
        ],
        [
          37.47636,
          55.8224
        ],
        [
          37.47636,
          55.8223799
        ],
        [
          37.4764699,
          55.8213299
        ],
        [
          37.4764699,
          55.82129
        ],
        [
          37.4764699,
          55.82126
        ],
        [
          37.47646,
          55.82122
        ],
        [
          37.47646,
          55.82118
        ],
        [
          37.47646,
          55.8211299
        ],
        [
          37.47646,
          55.8210999
        ],
        [
          37.47646,
          55.82106
        ],
        [
          37.47646,
          55.8210099
        ],
        [
          37.47646,
          55.8209699
        ],
        [
          37.47646,
          55.82093
        ],
        [
          37.47646,
          55.8208799
        ],
        [
          37.47646,
          55.8208399
        ],
        [
          37.47646,
          55.8208
        ],
        [
          37.47646,
          55.82076
        ],
        [
          37.47645,
          55.82072
        ],
        [
          37.4764399,
          55.8206799
        ],
        [
          37.4764399,
          55.8206399
        ],
        [
          37.4764299,
          55.8206099
        ],
        [
          37.47641,
          55.8205799
        ],
        [
          37.47641,
          55.8205499
        ],
        [
          37.4763999,
          55.82052
        ],
        [
          37.47639,
          55.82049
        ],
        [
          37.47639,
          55.82047
        ],
        [
          37.4763699,
          55.82044
        ],
        [
          37.47635,
          55.8204099
        ],
        [
          37.47633,
          55.8203799
        ],
        [
          37.4763099,
          55.8203499
        ],
        [
          37.47629,
          55.8203199
        ],
        [
          37.4762699,
          55.82029
        ],
        [
          37.47626,
          55.82026
        ],
        [
          37.4762399,
          55.82024
        ],
        [
          37.47622,
          55.8202
        ],
        [
          37.47619,
          55.82017
        ],
        [
          37.4761699,
          55.82013
        ],
        [
          37.4761399,
          55.8200799
        ],
        [
          37.47612,
          55.8200499
        ],
        [
          37.4761,
          55.8200199
        ],
        [
          37.47609,
          55.8199899
        ],
        [
          37.47609,
          55.81994
        ],
        [
          37.4760799,
          55.81991
        ],
        [
          37.4760799,
          55.8198599
        ],
        [
          37.47609,
          55.8198299
        ],
        [
          37.47609,
          55.8197899
        ],
        [
          37.47609,
          55.81975
        ],
        [
          37.4761,
          55.8197199
        ],
        [
          37.4761099,
          55.8196899
        ],
        [
          37.47613,
          55.81967
        ],
        [
          37.4761399,
          55.81965
        ],
        [
          37.47616,
          55.8196299
        ],
        [
          37.4761799,
          55.81961
        ],
        [
          37.4761799,
          55.8195899
        ],
        [
          37.47619,
          55.81957
        ],
        [
          37.47619,
          55.81955
        ],
        [
          37.47619,
          55.81952
        ],
        [
          37.4761999,
          55.8194899
        ],
        [
          37.4762099,
          55.8194599
        ],
        [
          37.47622,
          55.8194299
        ],
        [
          37.47623,
          55.8193999
        ],
        [
          37.4762399,
          55.8193699
        ],
        [
          37.47625,
          55.81934
        ],
        [
          37.47626,
          55.8192999
        ],
        [
          37.47626,
          55.8192599
        ],
        [
          37.47626,
          55.8192299
        ],
        [
          37.4762699,
          55.81919
        ],
        [
          37.47626,
          55.81916
        ],
        [
          37.4762699,
          55.81912
        ],
        [
          37.4762699,
          55.81909
        ],
        [
          37.47628,
          55.8190399
        ],
        [
          37.47629,
          55.81901
        ],
        [
          37.4763099,
          55.81898
        ],
        [
          37.4763399,
          55.81895
        ],
        [
          37.47638,
          55.81892
        ],
        [
          37.47642,
          55.81889
        ],
        [
          37.47646,
          55.81886
        ],
        [
          37.4764999,
          55.81885
        ],
        [
          37.4765399,
          55.81883
        ],
        [
          37.4765699,
          55.81882
        ],
        [
          37.47659,
          55.8187999
        ],
        [
          37.47661,
          55.81878
        ],
        [
          37.47662,
          55.81876
        ],
        [
          37.47662,
          55.8187399
        ],
        [
          37.47662,
          55.81872
        ],
        [
          37.4765999,
          55.8187
        ],
        [
          37.47659,
          55.8186699
        ],
        [
          37.47658,
          55.81865
        ],
        [
          37.4765699,
          55.81862
        ],
        [
          37.4765699,
          55.81859
        ],
        [
          37.4765699,
          55.81859
        ],
        [
          37.4765399,
          55.81853
        ],
        [
          37.4765399,
          55.8185
        ],
        [
          37.4765299,
          55.81846
        ],
        [
          37.4765299,
          55.81842
        ],
        [
          37.4765299,
          55.81839
        ],
        [
          37.4765299,
          55.8183499
        ],
        [
          37.4765299,
          55.8183199
        ],
        [
          37.47652,
          55.8182799
        ],
        [
          37.4765299,
          55.81824
        ],
        [
          37.4765299,
          55.8182
        ],
        [
          37.47652,
          55.81817
        ],
        [
          37.47652,
          55.81813
        ],
        [
          37.47652,
          55.81811
        ],
        [
          37.47651,
          55.81807
        ],
        [
          37.47651,
          55.81803
        ],
        [
          37.47651,
          55.818
        ],
        [
          37.4764999,
          55.81796
        ],
        [
          37.47649,
          55.8178899
        ],
        [
          37.47649,
          55.8178899
        ],
        [
          37.4764999,
          55.8178499
        ],
        [
          37.4764999,
          55.81781
        ],
        [
          37.4764699,
          55.81778
        ],
        [
          37.4764299,
          55.81777
        ],
        [
          37.4763699,
          55.81774
        ],
        [
          37.4763399,
          55.81773
        ],
        [
          37.47633,
          55.8177
        ],
        [
          37.4763399,
          55.81768
        ],
        [
          37.47635,
          55.81765
        ],
        [
          37.4763399,
          55.8176299
        ],
        [
          37.47633,
          55.8175899
        ],
        [
          37.47633,
          55.8175599
        ],
        [
          37.4763099,
          55.8175199
        ],
        [
          37.47628,
          55.81748
        ],
        [
          37.47625,
          55.81745
        ],
        [
          37.47623,
          55.81742
        ],
        [
          37.47619,
          55.8173999
        ],
        [
          37.4761,
          55.8173899
        ],
        [
          37.47605,
          55.81738
        ],
        [
          37.476,
          55.81738
        ],
        [
          37.47596,
          55.81737
        ],
        [
          37.4759399,
          55.81735
        ],
        [
          37.4759099,
          55.8173299
        ],
        [
          37.4758799,
          55.8172899
        ],
        [
          37.4758499,
          55.8172599
        ],
        [
          37.4758099,
          55.8172299
        ],
        [
          37.4757799,
          55.8171999
        ],
        [
          37.47574,
          55.8171699
        ],
        [
          37.47569,
          55.81715
        ],
        [
          37.47564,
          55.81712
        ],
        [
          37.47559,
          55.8170999
        ],
        [
          37.47554,
          55.81708
        ],
        [
          37.4754899,
          55.81705
        ],
        [
          37.47546,
          55.81702
        ],
        [
          37.4754199,
          55.81699
        ],
        [
          37.47536,
          55.81692
        ],
        [
          37.47536,
          55.81692
        ],
        [
          37.47533,
          55.81689
        ],
        [
          37.47531,
          55.81685
        ],
        [
          37.47528,
          55.81682
        ],
        [
          37.4752499,
          55.8167999
        ],
        [
          37.4752199,
          55.81679
        ],
        [
          37.47518,
          55.81679
        ],
        [
          37.4751499,
          55.81679
        ],
        [
          37.47511,
          55.81679
        ],
        [
          37.47507,
          55.8167999
        ],
        [
          37.4750299,
          55.8168099
        ],
        [
          37.4749899,
          55.8168299
        ],
        [
          37.47495,
          55.8168399
        ],
        [
          37.47491,
          55.81685
        ],
        [
          37.47488,
          55.8168699
        ],
        [
          37.47484,
          55.8168699
        ],
        [
          37.47481,
          55.81688
        ],
        [
          37.47477,
          55.81688
        ],
        [
          37.47471,
          55.81688
        ],
        [
          37.47471,
          55.81688
        ],
        [
          37.4746899,
          55.8168699
        ],
        [
          37.4746699,
          55.81686
        ],
        [
          37.47465,
          55.8168399
        ],
        [
          37.47464,
          55.8168299
        ],
        [
          37.47462,
          55.81682
        ],
        [
          37.47459,
          55.8167999
        ],
        [
          37.4745699,
          55.81678
        ],
        [
          37.47455,
          55.8167699
        ],
        [
          37.47452,
          55.81675
        ],
        [
          37.47449,
          55.81675
        ],
        [
          37.4744599,
          55.8167399
        ],
        [
          37.4744399,
          55.81673
        ],
        [
          37.47442,
          55.81672
        ],
        [
          37.4743999,
          55.81672
        ],
        [
          37.4743699,
          55.81672
        ],
        [
          37.4743299,
          55.8167099
        ],
        [
          37.4742999,
          55.8167099
        ],
        [
          37.47425,
          55.8166999
        ],
        [
          37.47425,
          55.8166999
        ],
        [
          37.47428,
          55.81668
        ],
        [
          37.47429,
          55.81666
        ],
        [
          37.4742999,
          55.8166399
        ],
        [
          37.47431,
          55.81662
        ],
        [
          37.47431,
          55.81659
        ],
        [
          37.47432,
          55.8165799
        ],
        [
          37.47432,
          55.81656
        ],
        [
          37.47432,
          55.81655
        ],
        [
          37.4743299,
          55.81653
        ],
        [
          37.4743299,
          55.8165099
        ],
        [
          37.4743299,
          55.81649
        ],
        [
          37.4743299,
          55.8164799
        ],
        [
          37.4743299,
          55.81646
        ],
        [
          37.47432,
          55.8164399
        ],
        [
          37.47432,
          55.81642
        ],
        [
          37.47431,
          55.8164099
        ],
        [
          37.4742999,
          55.8164
        ],
        [
          37.47429,
          55.81637
        ],
        [
          37.47429,
          55.81637
        ],
        [
          37.47429,
          55.81636
        ],
        [
          37.47428,
          55.8163499
        ],
        [
          37.4742699,
          55.8163399
        ],
        [
          37.47426,
          55.81632
        ],
        [
          37.47426,
          55.8163
        ],
        [
          37.47426,
          55.81627
        ],
        [
          37.47425,
          55.8162499
        ],
        [
          37.47425,
          55.81622
        ],
        [
          37.47425,
          55.8162
        ],
        [
          37.47423,
          55.81617
        ],
        [
          37.47422,
          55.8161499
        ],
        [
          37.47419,
          55.81613
        ],
        [
          37.4741699,
          55.8161
        ],
        [
          37.47415,
          55.81607
        ],
        [
          37.47413,
          55.8160499
        ],
        [
          37.4741099,
          55.8160199
        ],
        [
          37.4740699,
          55.8159499
        ],
        [
          37.4740699,
          55.8159499
        ],
        [
          37.47406,
          55.8159199
        ],
        [
          37.47405,
          55.8158899
        ],
        [
          37.4740399,
          55.81586
        ],
        [
          37.47402,
          55.81583
        ],
        [
          37.474,
          55.8158
        ],
        [
          37.4739799,
          55.81576
        ],
        [
          37.4739699,
          55.8157199
        ],
        [
          37.47396,
          55.81568
        ],
        [
          37.47396,
          55.81563
        ],
        [
          37.47396,
          55.8156
        ],
        [
          37.47396,
          55.8155599
        ],
        [
          37.4739799,
          55.8155199
        ],
        [
          37.474,
          55.81548
        ],
        [
          37.47403,
          55.81545
        ],
        [
          37.47406,
          55.8154199
        ],
        [
          37.47408,
          55.8153899
        ],
        [
          37.47409,
          55.81537
        ],
        [
          37.4741399,
          55.81531
        ],
        [
          37.47418,
          55.8152899
        ],
        [
          37.47422,
          55.8152599
        ],
        [
          37.47426,
          55.8152299
        ],
        [
          37.4742999,
          55.81521
        ],
        [
          37.4743299,
          55.81521
        ],
        [
          37.4743699,
          55.8151899
        ],
        [
          37.47441,
          55.8151899
        ],
        [
          37.47445,
          55.81518
        ],
        [
          37.47449,
          55.8151599
        ],
        [
          37.4745299,
          55.81515
        ],
        [
          37.4745599,
          55.81514
        ],
        [
          37.4745599,
          55.81514
        ],
        [
          37.4745599,
          55.81514
        ],
        [
          37.4745599,
          55.81514
        ],
        [
          37.4745599,
          55.81514
        ],
        [
          37.4745599,
          55.81514
        ],
        [
          37.4745599,
          55.81514
        ],
        [
          37.4745599,
          55.81514
        ],
        [
          37.4745599,
          55.81514
        ],
        [
          37.4745599,
          55.81514
        ],
        [
          37.4745599,
          55.81514
        ],
        [
          37.4745599,
          55.81514
        ],
        [
          37.4745599,
          55.81512
        ],
        [
          37.4745299,
          55.81512
        ],
        [
          37.47451,
          55.81512
        ],
        [
          37.47448,
          55.81512
        ],
        [
          37.47445,
          55.81511
        ],
        [
          37.47441,
          55.8150999
        ],
        [
          37.47438,
          55.8150999
        ],
        [
          37.47432,
          55.8150999
        ],
        [
          37.47432,
          55.8150999
        ],
        [
          37.47429,
          55.8150999
        ],
        [
          37.47425,
          55.81509
        ],
        [
          37.47423,
          55.81508
        ],
        [
          37.4741999,
          55.8150699
        ],
        [
          37.47418,
          55.8150599
        ],
        [
          37.47416,
          55.81505
        ],
        [
          37.4741399,
          55.81502
        ],
        [
          37.47412,
          55.8149999
        ],
        [
          37.4741099,
          55.8149699
        ],
        [
          37.47409,
          55.81495
        ],
        [
          37.47408,
          55.81492
        ],
        [
          37.47406,
          55.81489
        ],
        [
          37.47403,
          55.8148699
        ],
        [
          37.4740099,
          55.81485
        ],
        [
          37.47399,
          55.81482
        ],
        [
          37.47396,
          55.81479
        ],
        [
          37.47393,
          55.8147699
        ],
        [
          37.4739,
          55.8147299
        ],
        [
          37.4739,
          55.8147299
        ],
        [
          37.4738799,
          55.81471
        ],
        [
          37.4738699,
          55.81469
        ],
        [
          37.47386,
          55.81468
        ],
        [
          37.4738399,
          55.81468
        ],
        [
          37.47382,
          55.81466
        ],
        [
          37.4738,
          55.81465
        ],
        [
          37.47379,
          55.81463
        ],
        [
          37.47377,
          55.81462
        ],
        [
          37.4737499,
          55.8145999
        ],
        [
          37.47373,
          55.81458
        ],
        [
          37.47372,
          55.8145699
        ],
        [
          37.4737,
          55.8145399
        ],
        [
          37.4736799,
          55.81452
        ],
        [
          37.47367,
          55.8144999
        ],
        [
          37.47367,
          55.8144699
        ],
        [
          37.47366,
          55.81445
        ],
        [
          37.47366,
          55.81442
        ],
        [
          37.4736399,
          55.81439
        ],
        [
          37.47363,
          55.8143699
        ],
        [
          37.4736,
          55.8143399
        ],
        [
          37.47357,
          55.8143099
        ],
        [
          37.4735499,
          55.8142799
        ],
        [
          37.4735199,
          55.8142399
        ],
        [
          37.4735,
          55.8142099
        ],
        [
          37.47347,
          55.8141799
        ],
        [
          37.4734499,
          55.8141499
        ],
        [
          37.47343,
          55.8141099
        ],
        [
          37.4734099,
          55.81409
        ],
        [
          37.47339,
          55.81406
        ],
        [
          37.4733799,
          55.8140399
        ],
        [
          37.47337,
          55.8140099
        ],
        [
          37.4733799,
          55.8139799
        ],
        [
          37.47339,
          55.8139499
        ],
        [
          37.4734199,
          55.81393
        ],
        [
          37.47346,
          55.8139
        ],
        [
          37.4735,
          55.8138799
        ],
        [
          37.47356,
          55.81386
        ],
        [
          37.4736099,
          55.81384
        ],
        [
          37.47367,
          55.81383
        ],
        [
          37.47372,
          55.8138099
        ],
        [
          37.47376,
          55.8137899
        ],
        [
          37.4738,
          55.8137799
        ],
        [
          37.4738399,
          55.81376
        ],
        [
          37.4738799,
          55.81374
        ],
        [
          37.47392,
          55.81373
        ],
        [
          37.47396,
          55.81373
        ],
        [
          37.474,
          55.81374
        ],
        [
          37.47403,
          55.81374
        ],
        [
          37.4740699,
          55.8137499
        ],
        [
          37.4740999,
          55.81376
        ],
        [
          37.4741399,
          55.8137799
        ],
        [
          37.47418,
          55.8137899
        ],
        [
          37.47422,
          55.8138
        ],
        [
          37.47426,
          55.8138199
        ],
        [
          37.47429,
          55.81383
        ],
        [
          37.4743299,
          55.81384
        ],
        [
          37.47436,
          55.8138499
        ],
        [
          37.4743999,
          55.81386
        ],
        [
          37.4744299,
          55.81387
        ],
        [
          37.4744599,
          55.81387
        ],
        [
          37.47449,
          55.81387
        ],
        [
          37.47452,
          55.8138799
        ],
        [
          37.47454,
          55.81389
        ],
        [
          37.4745599,
          55.81389
        ],
        [
          37.47458,
          55.8139
        ],
        [
          37.4745999,
          55.8139099
        ],
        [
          37.47462,
          55.8139099
        ],
        [
          37.47464,
          55.8139199
        ],
        [
          37.4746699,
          55.81393
        ],
        [
          37.4746999,
          55.81394
        ],
        [
          37.4747299,
          55.8139499
        ],
        [
          37.47477,
          55.81397
        ],
        [
          37.4747999,
          55.8139799
        ],
        [
          37.4748299,
          55.81399
        ],
        [
          37.47487,
          55.8140199
        ],
        [
          37.4749,
          55.81403
        ],
        [
          37.4749299,
          55.8140499
        ],
        [
          37.4749599,
          55.81407
        ],
        [
          37.47498,
          55.81409
        ],
        [
          37.47501,
          55.8141099
        ],
        [
          37.47504,
          55.81413
        ],
        [
          37.47507,
          55.8141499
        ],
        [
          37.4751,
          55.81417
        ],
        [
          37.4751199,
          55.81419
        ],
        [
          37.4751499,
          55.81422
        ],
        [
          37.4751899,
          55.81425
        ],
        [
          37.47523,
          55.8142799
        ],
        [
          37.4752599,
          55.8143099
        ],
        [
          37.47528,
          55.8143399
        ],
        [
          37.47531,
          55.8143699
        ],
        [
          37.4753499,
          55.8144
        ],
        [
          37.4753799,
          55.81443
        ],
        [
          37.47541,
          55.81446
        ],
        [
          37.4754499,
          55.81449
        ],
        [
          37.4754899,
          55.81452
        ],
        [
          37.4755199,
          55.81455
        ],
        [
          37.4755499,
          55.81458
        ],
        [
          37.4755799,
          55.8146099
        ],
        [
          37.4756199,
          55.8146399
        ],
        [
          37.47566,
          55.8146699
        ],
        [
          37.4757,
          55.8146999
        ],
        [
          37.47577,
          55.81475
        ],
        [
          37.4758099,
          55.8147699
        ],
        [
          37.4758499,
          55.8147999
        ],
        [
          37.4758799,
          55.81482
        ],
        [
          37.47593,
          55.81485
        ],
        [
          37.4759699,
          55.81489
        ],
        [
          37.4760099,
          55.81492
        ],
        [
          37.47606,
          55.81495
        ],
        [
          37.47609,
          55.8149699
        ],
        [
          37.47613,
          55.8149999
        ],
        [
          37.4761699,
          55.8150299
        ],
        [
          37.4761999,
          55.8150599
        ],
        [
          37.47623,
          55.81509
        ],
        [
          37.4762699,
          55.81511
        ],
        [
          37.4763099,
          55.81514
        ],
        [
          37.4763399,
          55.81517
        ],
        [
          37.47638,
          55.81521
        ],
        [
          37.47642,
          55.81524
        ],
        [
          37.47651,
          55.8152899
        ],
        [
          37.4765399,
          55.8153199
        ],
        [
          37.4765699,
          55.81534
        ],
        [
          37.47661,
          55.81537
        ],
        [
          37.47665,
          55.8153899
        ],
        [
          37.4766999,
          55.8154199
        ],
        [
          37.4767299,
          55.81544
        ],
        [
          37.47678,
          55.81547
        ],
        [
          37.47682,
          55.8154899
        ],
        [
          37.4768599,
          55.8155199
        ],
        [
          37.4768899,
          55.8155499
        ],
        [
          37.47692,
          55.81558
        ],
        [
          37.47695,
          55.8156
        ],
        [
          37.47698,
          55.81563
        ],
        [
          37.47701,
          55.8156599
        ],
        [
          37.47704,
          55.8156899
        ],
        [
          37.47708,
          55.8157199
        ],
        [
          37.4771299,
          55.81577
        ],
        [
          37.47715,
          55.8157899
        ],
        [
          37.47718,
          55.81581
        ],
        [
          37.4772199,
          55.81583
        ],
        [
          37.4772599,
          55.8158499
        ],
        [
          37.47731,
          55.81586
        ],
        [
          37.4773499,
          55.81587
        ],
        [
          37.4773899,
          55.8158799
        ],
        [
          37.4774199,
          55.8159
        ],
        [
          37.4774499,
          55.81591
        ],
        [
          37.4774599,
          55.8159199
        ],
        [
          37.4774499,
          55.8159199
        ],
        [
          37.47744,
          55.81593
        ],
        [
          37.4774199,
          55.81594
        ],
        [
          37.47741,
          55.8159499
        ],
        [
          37.4773899,
          55.81596
        ],
        [
          37.4773599,
          55.81597
        ],
        [
          37.47733,
          55.81599
        ],
        [
          37.47731,
          55.8160099
        ],
        [
          37.4772899,
          55.81603
        ],
        [
          37.4772899,
          55.8160499
        ],
        [
          37.47728,
          55.81606
        ],
        [
          37.47728,
          55.8160799
        ],
        [
          37.47728,
          55.8161
        ],
        [
          37.47728,
          55.8161099
        ],
        [
          37.4772899,
          55.81613
        ],
        [
          37.47731,
          55.81614
        ],
        [
          37.47733,
          55.8161499
        ],
        [
          37.47734,
          55.81617
        ],
        [
          37.4773499,
          55.8161799
        ],
        [
          37.47737,
          55.8162
        ],
        [
          37.4774,
          55.81622
        ],
        [
          37.4774199,
          55.8162399
        ],
        [
          37.4774499,
          55.81627
        ],
        [
          37.4774799,
          55.81629
        ],
        [
          37.4775199,
          55.81632
        ],
        [
          37.4775499,
          55.8163499
        ],
        [
          37.4776,
          55.81637
        ],
        [
          37.4776499,
          55.8164
        ],
        [
          37.4776899,
          55.81643
        ],
        [
          37.47777,
          55.8164799
        ],
        [
          37.4778099,
          55.8165099
        ],
        [
          37.4778499,
          55.8165399
        ],
        [
          37.47789,
          55.81656
        ],
        [
          37.4779399,
          55.81659
        ],
        [
          37.47797,
          55.81662
        ],
        [
          37.4780099,
          55.81665
        ],
        [
          37.4780399,
          55.8166699
        ],
        [
          37.4780799,
          55.8167099
        ],
        [
          37.4781099,
          55.8167399
        ],
        [
          37.47813,
          55.81676
        ],
        [
          37.47816,
          55.8167999
        ],
        [
          37.47819,
          55.8168299
        ],
        [
          37.4782099,
          55.8168699
        ],
        [
          37.47823,
          55.81691
        ],
        [
          37.47826,
          55.81695
        ],
        [
          37.47829,
          55.81698
        ],
        [
          37.4783099,
          55.81702
        ],
        [
          37.47833,
          55.8170999
        ],
        [
          37.47833,
          55.81714
        ],
        [
          37.4783399,
          55.81718
        ],
        [
          37.4783399,
          55.81722
        ],
        [
          37.4783399,
          55.81727
        ],
        [
          37.4783399,
          55.81731
        ],
        [
          37.4783399,
          55.81735
        ],
        [
          37.4783399,
          55.8173999
        ],
        [
          37.4783399,
          55.81744
        ],
        [
          37.4783399,
          55.81748
        ],
        [
          37.47835,
          55.81751
        ],
        [
          37.4783699,
          55.8175599
        ],
        [
          37.4784099,
          55.8175899
        ],
        [
          37.47845,
          55.8176199
        ],
        [
          37.47852,
          55.81764
        ],
        [
          37.47858,
          55.81765
        ],
        [
          37.47865,
          55.81767
        ],
        [
          37.47876,
          55.8177
        ],
        [
          37.47882,
          55.81771
        ],
        [
          37.47888,
          55.8177199
        ],
        [
          37.47895,
          55.81774
        ],
        [
          37.47901,
          55.8177499
        ],
        [
          37.47908,
          55.8177499
        ],
        [
          37.47915,
          55.8177599
        ],
        [
          37.4792199,
          55.81777
        ],
        [
          37.4792899,
          55.81778
        ],
        [
          37.47935,
          55.8178
        ],
        [
          37.4794199,
          55.81781
        ],
        [
          37.47948,
          55.8178199
        ],
        [
          37.4795499,
          55.81784
        ],
        [
          37.47961,
          55.8178499
        ],
        [
          37.4796799,
          55.8178599
        ],
        [
          37.47974,
          55.81787
        ],
        [
          37.47981,
          55.8178899
        ],
        [
          37.47994,
          55.8179199
        ],
        [
          37.4800099,
          55.81794
        ],
        [
          37.4800799,
          55.81796
        ],
        [
          37.48016,
          55.8179799
        ],
        [
          37.4802399,
          55.8179899
        ],
        [
          37.48032,
          55.81801
        ],
        [
          37.4804,
          55.8180199
        ],
        [
          37.48049,
          55.81804
        ],
        [
          37.4805699,
          55.8180499
        ],
        [
          37.48065,
          55.81807
        ],
        [
          37.4807399,
          55.8180799
        ],
        [
          37.48082,
          55.8181
        ],
        [
          37.4808999,
          55.81811
        ],
        [
          37.48098,
          55.8181199
        ],
        [
          37.4810599,
          55.81814
        ],
        [
          37.48114,
          55.8181499
        ],
        [
          37.4812899,
          55.8181799
        ],
        [
          37.48135,
          55.81819
        ],
        [
          37.4814199,
          55.8182099
        ],
        [
          37.4814899,
          55.8182199
        ],
        [
          37.4815599,
          55.81823
        ],
        [
          37.4816199,
          55.8182499
        ],
        [
          37.4816899,
          55.81826
        ],
        [
          37.4817599,
          55.81827
        ],
        [
          37.4818199,
          55.8182799
        ],
        [
          37.4818899,
          55.81829
        ],
        [
          37.4819499,
          55.8183
        ],
        [
          37.4820099,
          55.8183099
        ],
        [
          37.48206,
          55.8183099
        ],
        [
          37.4821199,
          55.81833
        ],
        [
          37.4821799,
          55.81833
        ],
        [
          37.4822399,
          55.8183399
        ],
        [
          37.48236,
          55.81836
        ],
        [
          37.4824099,
          55.81837
        ],
        [
          37.4824699,
          55.8183799
        ],
        [
          37.48253,
          55.81839
        ],
        [
          37.48259,
          55.8184
        ],
        [
          37.48265,
          55.8184
        ],
        [
          37.4827099,
          55.8184099
        ],
        [
          37.4827699,
          55.8184099
        ],
        [
          37.48283,
          55.81843
        ],
        [
          37.4828999,
          55.81843
        ],
        [
          37.4829699,
          55.8184399
        ],
        [
          37.4830299,
          55.8184499
        ],
        [
          37.48309,
          55.81846
        ],
        [
          37.48315,
          55.81847
        ],
        [
          37.48322,
          55.81847
        ],
        [
          37.48328,
          55.81847
        ],
        [
          37.48332,
          55.81846
        ],
        [
          37.48337,
          55.8184499
        ],
        [
          37.48341,
          55.81843
        ],
        [
          37.4834599,
          55.8184099
        ],
        [
          37.48351,
          55.81839
        ],
        [
          37.48357,
          55.81837
        ],
        [
          37.4836299,
          55.8183499
        ],
        [
          37.4836899,
          55.8183199
        ],
        [
          37.4837499,
          55.81829
        ],
        [
          37.4838,
          55.81827
        ],
        [
          37.4838599,
          55.81824
        ],
        [
          37.48391,
          55.8182099
        ],
        [
          37.48396,
          55.8181799
        ],
        [
          37.4840199,
          55.8181499
        ],
        [
          37.4840899,
          55.8181199
        ],
        [
          37.4841499,
          55.8180899
        ],
        [
          37.4842099,
          55.8180499
        ],
        [
          37.4842799,
          55.8180199
        ],
        [
          37.48433,
          55.818
        ],
        [
          37.4843799,
          55.81797
        ],
        [
          37.4843799,
          55.81797
        ],
        [
          37.4844499,
          55.81791
        ],
        [
          37.4844799,
          55.81788
        ],
        [
          37.4844799,
          55.81788
        ],
        [
          37.4845499,
          55.8178199
        ],
        [
          37.4845799,
          55.81778
        ],
        [
          37.48462,
          55.8177499
        ],
        [
          37.48465,
          55.8177199
        ],
        [
          37.4846799,
          55.81768
        ],
        [
          37.48472,
          55.81764
        ],
        [
          37.48476,
          55.81761
        ],
        [
          37.48479,
          55.81757
        ],
        [
          37.48483,
          55.81755
        ],
        [
          37.48486,
          55.8175199
        ],
        [
          37.48489,
          55.81748
        ],
        [
          37.48493,
          55.81745
        ],
        [
          37.4849699,
          55.8173999
        ],
        [
          37.4849999,
          55.81737
        ],
        [
          37.48506,
          55.81735
        ],
        [
          37.48506,
          55.81735
        ],
        [
          37.48519,
          55.81732
        ],
        [
          37.48525,
          55.81731
        ],
        [
          37.48525,
          55.81731
        ],
        [
          37.4853699,
          55.81727
        ],
        [
          37.48544,
          55.81725
        ],
        [
          37.48551,
          55.8172299
        ],
        [
          37.48558,
          55.81721
        ],
        [
          37.48558,
          55.81721
        ],
        [
          37.4857199,
          55.8171699
        ],
        [
          37.48578,
          55.81714
        ],
        [
          37.48584,
          55.81712
        ],
        [
          37.4859,
          55.81711
        ],
        [
          37.48597,
          55.81709
        ],
        [
          37.4860199,
          55.8170699
        ],
        [
          37.4860899,
          55.81705
        ],
        [
          37.4861499,
          55.8170399
        ],
        [
          37.48621,
          55.8170299
        ],
        [
          37.48627,
          55.8170299
        ],
        [
          37.48633,
          55.81702
        ],
        [
          37.48639,
          55.81701
        ],
        [
          37.48644,
          55.81701
        ],
        [
          37.48649,
          55.81701
        ],
        [
          37.4865499,
          55.81701
        ],
        [
          37.4866099,
          55.81701
        ],
        [
          37.4866799,
          55.81701
        ],
        [
          37.4867399,
          55.81701
        ],
        [
          37.4868099,
          55.8169999
        ],
        [
          37.4868799,
          55.8169999
        ],
        [
          37.48695,
          55.8169999
        ],
        [
          37.4870099,
          55.8169999
        ],
        [
          37.4870699,
          55.81701
        ],
        [
          37.4871399,
          55.81701
        ],
        [
          37.4871399,
          55.81701
        ],
        [
          37.48725,
          55.81701
        ],
        [
          37.4872999,
          55.8169999
        ],
        [
          37.4873299,
          55.8169699
        ],
        [
          37.48735,
          55.8169399
        ],
        [
          37.48736,
          55.81691
        ],
        [
          37.48736,
          55.81688
        ],
        [
          37.48735,
          55.81685
        ],
        [
          37.48735,
          55.8168099
        ],
        [
          37.48735,
          55.8167699
        ],
        [
          37.48735,
          55.8167399
        ],
        [
          37.48735,
          55.8166999
        ],
        [
          37.4873399,
          55.81666
        ],
        [
          37.4873399,
          55.81663
        ],
        [
          37.4873399,
          55.81659
        ],
        [
          37.4873299,
          55.81655
        ],
        [
          37.4873299,
          55.8165099
        ],
        [
          37.4873299,
          55.8164699
        ],
        [
          37.4873399,
          55.81643
        ],
        [
          37.4873299,
          55.8164
        ],
        [
          37.4873299,
          55.8164
        ],
        [
          37.4873399,
          55.81636
        ],
        [
          37.4873399,
          55.81629
        ],
        [
          37.4873299,
          55.8162499
        ],
        [
          37.4873399,
          55.81622
        ],
        [
          37.4873399,
          55.8161799
        ],
        [
          37.4873399,
          55.81614
        ],
        [
          37.48735,
          55.8161
        ],
        [
          37.48735,
          55.81606
        ],
        [
          37.48736,
          55.8160199
        ],
        [
          37.4873699,
          55.8159799
        ],
        [
          37.4873699,
          55.8159499
        ],
        [
          37.4873699,
          55.8159499
        ],
        [
          37.4873999,
          55.8158799
        ],
        [
          37.4873999,
          55.8158799
        ],
        [
          37.4873999,
          55.81584
        ],
        [
          37.48741,
          55.8157899
        ],
        [
          37.48742,
          55.81576
        ],
        [
          37.48742,
          55.81576
        ],
        [
          37.48744,
          55.8157199
        ],
        [
          37.48745,
          55.8157
        ],
        [
          37.48745,
          55.81568
        ],
        [
          37.48744,
          55.8156599
        ],
        [
          37.4874299,
          55.81564
        ],
        [
          37.4874299,
          55.81563
        ],
        [
          37.4874299,
          55.81561
        ],
        [
          37.4874299,
          55.8156
        ],
        [
          37.48744,
          55.8156
        ],
        [
          37.48744,
          55.8156
        ],
        [
          37.4874299,
          55.8155899
        ],
        [
          37.4874299,
          55.81558
        ],
        [
          37.4874299,
          55.81558
        ],
        [
          37.4874299,
          55.81558
        ]
      ],
      [
        [
          37.323256,
          55.815594
        ],
        [
          37.323176,
          55.815624
        ],
        [
          37.323041,
          55.815512
        ],
        [
          37.322632,
          55.815187
        ],
        [
          37.322239,
          55.814884
        ],
        [
          37.322172,
          55.814846
        ],
        [
          37.322038,
          55.814749
        ],
        [
          37.321847,
          55.814573
        ],
        [
          37.321683,
          55.814423
        ],
        [
          37.321374,
          55.814162
        ],
        [
          37.321256,
          55.814062
        ],
        [
          37.321188,
          55.814015
        ],
        [
          37.321067,
          55.813931
        ],
        [
          37.321012,
          55.813909
        ],
        [
          37.320797,
          55.813892
        ],
        [
          37.320736,
          55.813876
        ],
        [
          37.320706,
          55.813849
        ],
        [
          37.320696,
          55.813816
        ],
        [
          37.320697,
          55.813729
        ],
        [
          37.320697,
          55.81369
        ],
        [
          37.320689,
          55.81367
        ],
        [
          37.32066,
          55.813636
        ],
        [
          37.320619,
          55.813595
        ],
        [
          37.320545,
          55.813548
        ],
        [
          37.320364,
          55.813396
        ],
        [
          37.320423,
          55.813351
        ],
        [
          37.320232,
          55.8132
        ],
        [
          37.3202,
          55.813235
        ],
        [
          37.320149,
          55.813212
        ],
        [
          37.320069,
          55.813156
        ],
        [
          37.319551,
          55.812736
        ],
        [
          37.319231,
          55.81248
        ],
        [
          37.319189,
          55.812471
        ],
        [
          37.319231,
          55.81248
        ],
        [
          37.319035,
          55.812321
        ],
        [
          37.318993,
          55.812296
        ],
        [
          37.318939,
          55.81227
        ],
        [
          37.318879,
          55.812248
        ],
        [
          37.318818,
          55.812228
        ],
        [
          37.318717,
          55.812205
        ],
        [
          37.318543,
          55.812178
        ],
        [
          37.317178,
          55.811991
        ],
        [
          37.316924,
          55.811951
        ],
        [
          37.316787,
          55.811917
        ],
        [
          37.316632,
          55.811896
        ],
        [
          37.31653,
          55.811893
        ],
        [
          37.315318,
          55.811733
        ],
        [
          37.315241,
          55.811726
        ],
        [
          37.315107,
          55.81172
        ],
        [
          37.31492,
          55.811725
        ],
        [
          37.314724,
          55.811738
        ],
        [
          37.314333,
          55.811771
        ],
        [
          37.314035,
          55.811797
        ],
        [
          37.313741,
          55.811824
        ],
        [
          37.313484,
          55.811848
        ],
        [
          37.313415,
          55.811853
        ],
        [
          37.313431,
          55.81191
        ],
        [
          37.313442,
          55.811959
        ],
        [
          37.313343,
          55.811965
        ],
        [
          37.312461,
          55.811993
        ],
        [
          37.312025,
          55.812013
        ],
        [
          37.311998,
          55.812021
        ],
        [
          37.311969,
          55.812038
        ],
        [
          37.311871,
          55.812048
        ],
        [
          37.311195,
          55.812101
        ],
        [
          37.31108,
          55.812113
        ],
        [
          37.310864,
          55.812141
        ],
        [
          37.310652,
          55.812166
        ],
        [
          37.310402,
          55.812199
        ],
        [
          37.310361,
          55.812205
        ],
        [
          37.310326,
          55.812212
        ],
        [
          37.309697,
          55.812366
        ],
        [
          37.309516,
          55.81241
        ],
        [
          37.308484,
          55.812768
        ],
        [
          37.308255,
          55.812867
        ],
        [
          37.308145,
          55.812921
        ],
        [
          37.308106,
          55.81294
        ],
        [
          37.308105,
          55.812958
        ],
        [
          37.308001,
          55.812966
        ],
        [
          37.307952,
          55.812988
        ],
        [
          37.307929,
          55.812999
        ],
        [
          37.307888,
          55.812971
        ],
        [
          37.307825,
          55.812931
        ],
        [
          37.307103,
          55.813285
        ],
        [
          37.306905,
          55.813383
        ],
        [
          37.3068,
          55.813435
        ],
        [
          37.306726,
          55.813472
        ],
        [
          37.306583,
          55.813544
        ],
        [
          37.306548,
          55.813562
        ],
        [
          37.30625,
          55.813709
        ],
        [
          37.305824,
          55.813917
        ],
        [
          37.305642,
          55.814006
        ],
        [
          37.305562,
          55.814045
        ],
        [
          37.30545,
          55.8141
        ],
        [
          37.305199,
          55.814222
        ],
        [
          37.305183,
          55.814228
        ],
        [
          37.305175,
          55.814228
        ],
        [
          37.305167,
          55.814228
        ],
        [
          37.305154,
          55.814221
        ],
        [
          37.304826,
          55.814015
        ],
        [
          37.304758,
          55.81405
        ],
        [
          37.304748,
          55.814043
        ],
        [
          37.304725,
          55.814029
        ],
        [
          37.304812,
          55.813984
        ],
        [
          37.304677,
          55.813908
        ],
        [
          37.304655,
          55.813895
        ],
        [
          37.304758,
          55.813841
        ],
        [
          37.304735,
          55.813827
        ],
        [
          37.304594,
          55.8139
        ],
        [
          37.304527,
          55.813914
        ],
        [
          37.304486,
          55.813934
        ],
        [
          37.304429,
          55.813964
        ],
        [
          37.304362,
          55.814
        ],
        [
          37.304355,
          55.814005
        ],
        [
          37.304351,
          55.814012
        ],
        [
          37.304353,
          55.81402
        ],
        [
          37.304359,
          55.814024
        ],
        [
          37.304384,
          55.81404
        ],
        [
          37.304175,
          55.814147
        ],
        [
          37.30417,
          55.814144
        ]
      ],
      [
        [
          37.30418,
          55.81443
        ],
        [
          37.304198,
          55.814442
        ],
        [
          37.304391,
          55.814347
        ],
        [
          37.304675,
          55.814207
        ],
        [
          37.304816,
          55.814136
        ],
        [
          37.304855,
          55.814126
        ],
        [
          37.304896,
          55.814128
        ],
        [
          37.304931,
          55.814142
        ],
        [
          37.305177,
          55.814313
        ],
        [
          37.305273,
          55.814266
        ],
        [
          37.305415,
          55.814197
        ],
        [
          37.305521,
          55.814143
        ],
        [
          37.305632,
          55.814087
        ],
        [
          37.306149,
          55.813823
        ],
        [
          37.306307,
          55.813746
        ],
        [
          37.306603,
          55.813597
        ],
        [
          37.306657,
          55.81357
        ],
        [
          37.306651,
          55.813566
        ],
        [
          37.306657,
          55.81357
        ],
        [
          37.306705,
          55.813545
        ],
        [
          37.306817,
          55.813491
        ],
        [
          37.306967,
          55.813418
        ],
        [
          37.307015,
          55.813448
        ],
        [
          37.307062,
          55.813478
        ],
        [
          37.307411,
          55.813314
        ],
        [
          37.307457,
          55.81327
        ],
        [
          37.307523,
          55.813205
        ],
        [
          37.307929,
          55.812999
        ],
        [
          37.307952,
          55.812988
        ],
        [
          37.308001,
          55.812966
        ],
        [
          37.308105,
          55.812958
        ],
        [
          37.308106,
          55.81294
        ],
        [
          37.308145,
          55.812921
        ],
        [
          37.308255,
          55.812867
        ],
        [
          37.308484,
          55.812768
        ],
        [
          37.309516,
          55.81241
        ],
        [
          37.309697,
          55.812366
        ],
        [
          37.310326,
          55.812212
        ],
        [
          37.310361,
          55.812205
        ],
        [
          37.310402,
          55.812199
        ],
        [
          37.310652,
          55.812166
        ],
        [
          37.310864,
          55.812141
        ],
        [
          37.31108,
          55.812113
        ],
        [
          37.311195,
          55.812101
        ],
        [
          37.311871,
          55.812048
        ],
        [
          37.311969,
          55.812038
        ],
        [
          37.311998,
          55.812021
        ],
        [
          37.312025,
          55.812013
        ],
        [
          37.312461,
          55.811993
        ],
        [
          37.313343,
          55.811965
        ],
        [
          37.313442,
          55.811959
        ],
        [
          37.313431,
          55.81191
        ],
        [
          37.313415,
          55.811853
        ],
        [
          37.313484,
          55.811848
        ],
        [
          37.313741,
          55.811824
        ],
        [
          37.314035,
          55.811797
        ],
        [
          37.314333,
          55.811771
        ],
        [
          37.314724,
          55.811738
        ],
        [
          37.31492,
          55.811725
        ],
        [
          37.315107,
          55.81172
        ],
        [
          37.315241,
          55.811726
        ],
        [
          37.315318,
          55.811733
        ],
        [
          37.31653,
          55.811893
        ],
        [
          37.316632,
          55.811896
        ],
        [
          37.316787,
          55.811917
        ],
        [
          37.316924,
          55.811951
        ],
        [
          37.317178,
          55.811991
        ],
        [
          37.318543,
          55.812178
        ],
        [
          37.318717,
          55.812205
        ],
        [
          37.318818,
          55.812228
        ],
        [
          37.318879,
          55.812248
        ],
        [
          37.318939,
          55.81227
        ],
        [
          37.318993,
          55.812296
        ],
        [
          37.319035,
          55.812321
        ],
        [
          37.31921,
          55.812463
        ],
        [
          37.319189,
          55.812471
        ],
        [
          37.31921,
          55.812463
        ],
        [
          37.319231,
          55.81248
        ],
        [
          37.319551,
          55.812736
        ],
        [
          37.320069,
          55.813156
        ],
        [
          37.320149,
          55.813212
        ],
        [
          37.3202,
          55.813235
        ],
        [
          37.320232,
          55.8132
        ],
        [
          37.320423,
          55.813351
        ],
        [
          37.320364,
          55.813396
        ],
        [
          37.320545,
          55.813548
        ],
        [
          37.320619,
          55.813595
        ],
        [
          37.32066,
          55.813636
        ],
        [
          37.320689,
          55.81367
        ],
        [
          37.320697,
          55.81369
        ],
        [
          37.320697,
          55.813729
        ],
        [
          37.320696,
          55.813816
        ],
        [
          37.320706,
          55.813849
        ],
        [
          37.320736,
          55.813876
        ],
        [
          37.320797,
          55.813892
        ],
        [
          37.321012,
          55.813909
        ],
        [
          37.321067,
          55.813931
        ],
        [
          37.321188,
          55.814015
        ],
        [
          37.321256,
          55.814062
        ],
        [
          37.321374,
          55.814162
        ],
        [
          37.321683,
          55.814423
        ],
        [
          37.321847,
          55.814573
        ],
        [
          37.322038,
          55.814749
        ],
        [
          37.322172,
          55.814846
        ],
        [
          37.322239,
          55.814884
        ],
        [
          37.322632,
          55.815187
        ],
        [
          37.323041,
          55.815512
        ],
        [
          37.323166,
          55.815616
        ],
        [
          37.323175,
          55.815612
        ]
      ],
      [
        [
          37.323256,
          55.815594
        ],
        [
          37.323176,
          55.815624
        ],
        [
          37.323041,
          55.815512
        ],
        [
          37.322632,
          55.815187
        ],
        [
          37.322239,
          55.814884
        ],
        [
          37.322172,
          55.814846
        ],
        [
          37.322038,
          55.814749
        ],
        [
          37.321847,
          55.814573
        ],
        [
          37.321683,
          55.814423
        ],
        [
          37.321374,
          55.814162
        ],
        [
          37.321256,
          55.814062
        ],
        [
          37.321188,
          55.814015
        ],
        [
          37.321067,
          55.813931
        ],
        [
          37.321012,
          55.813909
        ],
        [
          37.320797,
          55.813892
        ],
        [
          37.320736,
          55.813876
        ],
        [
          37.320706,
          55.813849
        ],
        [
          37.320696,
          55.813816
        ],
        [
          37.320697,
          55.813729
        ],
        [
          37.320697,
          55.81369
        ],
        [
          37.320689,
          55.81367
        ],
        [
          37.32066,
          55.813636
        ],
        [
          37.320619,
          55.813595
        ],
        [
          37.320545,
          55.813548
        ],
        [
          37.320364,
          55.813396
        ],
        [
          37.320423,
          55.813351
        ],
        [
          37.320232,
          55.8132
        ],
        [
          37.3202,
          55.813235
        ],
        [
          37.320149,
          55.813212
        ],
        [
          37.320069,
          55.813156
        ],
        [
          37.319551,
          55.812736
        ],
        [
          37.319231,
          55.81248
        ],
        [
          37.319189,
          55.812471
        ],
        [
          37.319231,
          55.81248
        ],
        [
          37.319035,
          55.812321
        ],
        [
          37.318993,
          55.812296
        ],
        [
          37.318939,
          55.81227
        ],
        [
          37.318879,
          55.812248
        ],
        [
          37.318818,
          55.812228
        ],
        [
          37.318717,
          55.812205
        ],
        [
          37.318543,
          55.812178
        ],
        [
          37.317178,
          55.811991
        ],
        [
          37.316924,
          55.811951
        ],
        [
          37.316787,
          55.811917
        ],
        [
          37.316632,
          55.811896
        ],
        [
          37.31653,
          55.811893
        ],
        [
          37.315318,
          55.811733
        ],
        [
          37.315241,
          55.811726
        ],
        [
          37.315107,
          55.81172
        ],
        [
          37.31492,
          55.811725
        ],
        [
          37.314724,
          55.811738
        ],
        [
          37.314333,
          55.811771
        ],
        [
          37.314035,
          55.811797
        ],
        [
          37.313741,
          55.811824
        ],
        [
          37.313484,
          55.811848
        ],
        [
          37.313415,
          55.811853
        ],
        [
          37.313431,
          55.81191
        ],
        [
          37.313442,
          55.811959
        ],
        [
          37.313343,
          55.811965
        ],
        [
          37.312461,
          55.811993
        ],
        [
          37.312025,
          55.812013
        ],
        [
          37.311998,
          55.812021
        ],
        [
          37.311969,
          55.812038
        ],
        [
          37.311871,
          55.812048
        ],
        [
          37.311195,
          55.812101
        ],
        [
          37.31108,
          55.812113
        ],
        [
          37.310864,
          55.812141
        ],
        [
          37.310652,
          55.812166
        ],
        [
          37.310402,
          55.812199
        ],
        [
          37.310361,
          55.812205
        ],
        [
          37.310326,
          55.812212
        ],
        [
          37.309697,
          55.812366
        ],
        [
          37.309516,
          55.81241
        ],
        [
          37.308484,
          55.812768
        ],
        [
          37.308255,
          55.812867
        ],
        [
          37.308145,
          55.812921
        ],
        [
          37.308106,
          55.81294
        ],
        [
          37.308105,
          55.812958
        ],
        [
          37.308001,
          55.812966
        ],
        [
          37.307952,
          55.812988
        ],
        [
          37.307929,
          55.812999
        ],
        [
          37.307888,
          55.812971
        ],
        [
          37.307825,
          55.812931
        ],
        [
          37.307103,
          55.813285
        ],
        [
          37.306905,
          55.813383
        ],
        [
          37.3068,
          55.813435
        ],
        [
          37.306726,
          55.813472
        ],
        [
          37.306583,
          55.813544
        ],
        [
          37.306548,
          55.813562
        ],
        [
          37.30625,
          55.813709
        ],
        [
          37.305824,
          55.813917
        ],
        [
          37.305642,
          55.814006
        ],
        [
          37.305562,
          55.814045
        ],
        [
          37.30545,
          55.8141
        ],
        [
          37.305199,
          55.814222
        ],
        [
          37.305183,
          55.814228
        ],
        [
          37.305175,
          55.814228
        ],
        [
          37.305167,
          55.814228
        ],
        [
          37.305154,
          55.814221
        ],
        [
          37.304826,
          55.814015
        ],
        [
          37.304758,
          55.81405
        ],
        [
          37.304748,
          55.814043
        ],
        [
          37.304725,
          55.814029
        ],
        [
          37.304812,
          55.813984
        ],
        [
          37.304677,
          55.813908
        ],
        [
          37.304655,
          55.813895
        ],
        [
          37.304758,
          55.813841
        ],
        [
          37.304735,
          55.813827
        ],
        [
          37.304594,
          55.8139
        ],
        [
          37.304527,
          55.813914
        ],
        [
          37.304486,
          55.813934
        ],
        [
          37.304429,
          55.813964
        ],
        [
          37.304362,
          55.814
        ],
        [
          37.304355,
          55.814005
        ],
        [
          37.304351,
          55.814012
        ],
        [
          37.304353,
          55.81402
        ],
        [
          37.304359,
          55.814024
        ],
        [
          37.304384,
          55.81404
        ],
        [
          37.304175,
          55.814147
        ],
        [
          37.30417,
          55.814144
        ]
      ],
      [
        [
          37.30418,
          55.81443
        ],
        [
          37.304198,
          55.814442
        ],
        [
          37.304391,
          55.814347
        ],
        [
          37.304675,
          55.814207
        ],
        [
          37.304816,
          55.814136
        ],
        [
          37.304855,
          55.814126
        ],
        [
          37.304896,
          55.814128
        ],
        [
          37.304931,
          55.814142
        ],
        [
          37.305177,
          55.814313
        ],
        [
          37.305273,
          55.814266
        ],
        [
          37.305415,
          55.814197
        ],
        [
          37.305521,
          55.814143
        ],
        [
          37.305632,
          55.814087
        ],
        [
          37.306149,
          55.813823
        ],
        [
          37.306307,
          55.813746
        ],
        [
          37.306603,
          55.813597
        ],
        [
          37.306657,
          55.81357
        ],
        [
          37.306651,
          55.813566
        ],
        [
          37.306657,
          55.81357
        ],
        [
          37.306705,
          55.813545
        ],
        [
          37.306817,
          55.813491
        ],
        [
          37.306967,
          55.813418
        ],
        [
          37.307015,
          55.813448
        ],
        [
          37.307062,
          55.813478
        ],
        [
          37.307411,
          55.813314
        ],
        [
          37.307457,
          55.81327
        ],
        [
          37.307523,
          55.813205
        ],
        [
          37.307929,
          55.812999
        ],
        [
          37.307952,
          55.812988
        ],
        [
          37.308001,
          55.812966
        ],
        [
          37.308105,
          55.812958
        ],
        [
          37.308106,
          55.81294
        ],
        [
          37.308145,
          55.812921
        ],
        [
          37.308255,
          55.812867
        ],
        [
          37.308484,
          55.812768
        ],
        [
          37.309516,
          55.81241
        ],
        [
          37.309697,
          55.812366
        ],
        [
          37.310326,
          55.812212
        ],
        [
          37.310361,
          55.812205
        ],
        [
          37.310402,
          55.812199
        ],
        [
          37.310652,
          55.812166
        ],
        [
          37.310864,
          55.812141
        ],
        [
          37.31108,
          55.812113
        ],
        [
          37.311195,
          55.812101
        ],
        [
          37.311871,
          55.812048
        ],
        [
          37.311969,
          55.812038
        ],
        [
          37.311998,
          55.812021
        ],
        [
          37.312025,
          55.812013
        ],
        [
          37.312461,
          55.811993
        ],
        [
          37.313343,
          55.811965
        ],
        [
          37.313442,
          55.811959
        ],
        [
          37.313431,
          55.81191
        ],
        [
          37.313415,
          55.811853
        ],
        [
          37.313484,
          55.811848
        ],
        [
          37.313741,
          55.811824
        ],
        [
          37.314035,
          55.811797
        ],
        [
          37.314333,
          55.811771
        ],
        [
          37.314724,
          55.811738
        ],
        [
          37.31492,
          55.811725
        ],
        [
          37.315107,
          55.81172
        ],
        [
          37.315241,
          55.811726
        ],
        [
          37.315318,
          55.811733
        ],
        [
          37.31653,
          55.811893
        ],
        [
          37.316632,
          55.811896
        ],
        [
          37.316787,
          55.811917
        ],
        [
          37.316924,
          55.811951
        ],
        [
          37.317178,
          55.811991
        ],
        [
          37.318543,
          55.812178
        ],
        [
          37.318717,
          55.812205
        ],
        [
          37.318818,
          55.812228
        ],
        [
          37.318879,
          55.812248
        ],
        [
          37.318939,
          55.81227
        ],
        [
          37.318993,
          55.812296
        ],
        [
          37.319035,
          55.812321
        ],
        [
          37.31921,
          55.812463
        ],
        [
          37.319189,
          55.812471
        ],
        [
          37.31921,
          55.812463
        ],
        [
          37.319231,
          55.81248
        ],
        [
          37.319551,
          55.812736
        ],
        [
          37.320069,
          55.813156
        ],
        [
          37.320149,
          55.813212
        ],
        [
          37.3202,
          55.813235
        ],
        [
          37.320232,
          55.8132
        ],
        [
          37.320423,
          55.813351
        ],
        [
          37.320364,
          55.813396
        ],
        [
          37.320545,
          55.813548
        ],
        [
          37.320619,
          55.813595
        ],
        [
          37.32066,
          55.813636
        ],
        [
          37.320689,
          55.81367
        ],
        [
          37.320697,
          55.81369
        ],
        [
          37.320697,
          55.813729
        ],
        [
          37.320696,
          55.813816
        ],
        [
          37.320706,
          55.813849
        ],
        [
          37.320736,
          55.813876
        ],
        [
          37.320797,
          55.813892
        ],
        [
          37.321012,
          55.813909
        ],
        [
          37.321067,
          55.813931
        ],
        [
          37.321188,
          55.814015
        ],
        [
          37.321256,
          55.814062
        ],
        [
          37.321374,
          55.814162
        ],
        [
          37.321683,
          55.814423
        ],
        [
          37.321847,
          55.814573
        ],
        [
          37.322038,
          55.814749
        ],
        [
          37.322172,
          55.814846
        ],
        [
          37.322239,
          55.814884
        ],
        [
          37.322632,
          55.815187
        ],
        [
          37.323041,
          55.815512
        ],
        [
          37.323166,
          55.815616
        ],
        [
          37.323175,
          55.815612
        ]
      ],
      [
        [
          37.323256,
          55.815594
        ],
        [
          37.323176000000004,
          55.815624
        ],
        [
          37.323041,
          55.815512
        ],
        [
          37.322632000000006,
          55.815187
        ],
        [
          37.322239,
          55.814884
        ],
        [
          37.322172,
          55.814845999999996
        ],
        [
          37.322038,
          55.814749
        ],
        [
          37.321847,
          55.814572999999996
        ],
        [
          37.321683,
          55.814423
        ],
        [
          37.321374,
          55.814161999999996
        ],
        [
          37.321256,
          55.81406199999999
        ],
        [
          37.321188,
          55.81401499999999
        ],
        [
          37.321067,
          55.81393099999999
        ],
        [
          37.321011999999996,
          55.81390899999999
        ],
        [
          37.320797,
          55.81389199999999
        ],
        [
          37.320736,
          55.813875999999986
        ],
        [
          37.320705999999994,
          55.81384899999998
        ],
        [
          37.32069599999999,
          55.81381599999998
        ],
        [
          37.32069699999999,
          55.81372899999998
        ],
        [
          37.32069699999999,
          55.81368999999998
        ],
        [
          37.32068899999999,
          55.81366999999998
        ],
        [
          37.32065999999999,
          55.81363599999998
        ],
        [
          37.320618999999986,
          55.81359499999998
        ],
        [
          37.32054499999999,
          55.813547999999976
        ],
        [
          37.32036399999999,
          55.813395999999976
        ],
        [
          37.32042299999999,
          55.813350999999976
        ],
        [
          37.32023199999999,
          55.81319999999997
        ],
        [
          37.32019999999999,
          55.81323499999997
        ],
        [
          37.320148999999994,
          55.81321199999997
        ],
        [
          37.320069,
          55.81315599999997
        ],
        [
          37.319551,
          55.81273599999997
        ],
        [
          37.319230999999995,
          55.81247999999997
        ],
        [
          37.319188999999994,
          55.812470999999974
        ],
        [
          37.319230999999995,
          55.81247999999997
        ],
        [
          37.31903499999999,
          55.812320999999976
        ],
        [
          37.31899299999999,
          55.812295999999975
        ],
        [
          37.31893899999999,
          55.81226999999998
        ],
        [
          37.318878999999995,
          55.812247999999975
        ],
        [
          37.31881799999999,
          55.812227999999976
        ],
        [
          37.31871699999999,
          55.81220499999998
        ],
        [
          37.31854299999999,
          55.812177999999975
        ],
        [
          37.31717799999999,
          55.81199099999998
        ],
        [
          37.31692399999999,
          55.81195099999998
        ],
        [
          37.31678699999999,
          55.81191699999998
        ],
        [
          37.31663199999999,
          55.81189599999998
        ],
        [
          37.31652999999999,
          55.81189299999998
        ],
        [
          37.31531799999999,
          55.81173299999998
        ],
        [
          37.31524099999999,
          55.811725999999986
        ],
        [
          37.31510699999999,
          55.81171999999999
        ],
        [
          37.314919999999994,
          55.81172499999999
        ],
        [
          37.31472399999999,
          55.81173799999999
        ],
        [
          37.31433299999999,
          55.81177099999999
        ],
        [
          37.31403499999999,
          55.81179699999999
        ],
        [
          37.31374099999999,
          55.811823999999994
        ],
        [
          37.313483999999995,
          55.811848
        ],
        [
          37.31341499999999,
          55.811853
        ],
        [
          37.313430999999994,
          55.81191
        ],
        [
          37.313441999999995,
          55.811958999999995
        ],
        [
          37.313342999999996,
          55.811964999999994
        ],
        [
          37.312461,
          55.811992999999994
        ],
        [
          37.312025,
          55.81201299999999
        ],
        [
          37.311997999999996,
          55.812020999999994
        ],
        [
          37.311969,
          55.812037999999994
        ],
        [
          37.311871,
          55.812048
        ],
        [
          37.311195,
          55.812101
        ],
        [
          37.31108,
          55.812113
        ],
        [
          37.310863999999995,
          55.812141
        ],
        [
          37.310652,
          55.812166
        ],
        [
          37.310401999999996,
          55.812199
        ],
        [
          37.31036099999999,
          55.812205
        ],
        [
          37.310325999999996,
          55.812211999999995
        ],
        [
          37.30969699999999,
          55.812366
        ],
        [
          37.309515999999995,
          55.81241
        ],
        [
          37.30848399999999,
          55.812768
        ],
        [
          37.308254999999996,
          55.812867
        ],
        [
          37.308144999999996,
          55.812920999999996
        ],
        [
          37.308105999999995,
          55.81294
        ],
        [
          37.308105,
          55.812957999999995
        ],
        [
          37.308001,
          55.812965999999996
        ],
        [
          37.307952,
          55.812988
        ],
        [
          37.307929,
          55.812999
        ],
        [
          37.307888,
          55.812971
        ],
        [
          37.307825,
          55.812931
        ],
        [
          37.307103,
          55.813285
        ],
        [
          37.306905,
          55.813383
        ],
        [
          37.3068,
          55.813435
        ],
        [
          37.306726000000005,
          55.813472
        ],
        [
          37.306583,
          55.813544
        ],
        [
          37.30654800000001,
          55.813562
        ],
        [
          37.306250000000006,
          55.813708999999996
        ],
        [
          37.30582400000001,
          55.813917
        ],
        [
          37.305642000000006,
          55.814006
        ],
        [
          37.30556200000001,
          55.814045
        ],
        [
          37.30545000000001,
          55.8141
        ],
        [
          37.30519900000001,
          55.814222
        ],
        [
          37.30518300000001,
          55.814228
        ],
        [
          37.305175000000006,
          55.814228
        ],
        [
          37.305167000000004,
          55.814228
        ],
        [
          37.305154,
          55.814221
        ],
        [
          37.304826,
          55.814015000000005
        ],
        [
          37.304758,
          55.81405
        ],
        [
          37.304748,
          55.814043000000005
        ],
        [
          37.304725,
          55.814029000000005
        ],
        [
          37.304812,
          55.813984000000005
        ],
        [
          37.304677,
          55.813908000000005
        ],
        [
          37.304655,
          55.813895
        ],
        [
          37.304758,
          55.813841000000004
        ],
        [
          37.304735,
          55.813827
        ],
        [
          37.304594,
          55.813900000000004
        ],
        [
          37.304527,
          55.813914000000004
        ],
        [
          37.304486,
          55.813934
        ],
        [
          37.304429,
          55.813964000000006
        ],
        [
          37.304362,
          55.81400000000001
        ],
        [
          37.304355,
          55.81400500000001
        ],
        [
          37.304351000000004,
          55.814012000000005
        ],
        [
          37.304353000000006,
          55.814020000000006
        ],
        [
          37.304359000000005,
          55.814024
        ],
        [
          37.304384000000006,
          55.814040000000006
        ],
        [
          37.30417500000001,
          55.814147000000006
        ],
        [
          37.304170000000006,
          55.814144000000006
        ]
      ],
      [
        [
          37.30418,
          55.81443
        ],
        [
          37.304198,
          55.814442
        ],
        [
          37.304391,
          55.814347
        ],
        [
          37.304675,
          55.814206999999996
        ],
        [
          37.304816,
          55.814136
        ],
        [
          37.304855,
          55.814125999999995
        ],
        [
          37.30489600000001,
          55.814128
        ],
        [
          37.304931,
          55.814142
        ],
        [
          37.305177,
          55.814313
        ],
        [
          37.305273,
          55.814265999999996
        ],
        [
          37.305414999999996,
          55.81419699999999
        ],
        [
          37.305521,
          55.814142999999994
        ],
        [
          37.305631999999996,
          55.814086999999994
        ],
        [
          37.306149,
          55.81382299999999
        ],
        [
          37.306307,
          55.813745999999995
        ],
        [
          37.306602999999996,
          55.813596999999994
        ],
        [
          37.306656999999994,
          55.81356999999999
        ],
        [
          37.306650999999995,
          55.813565999999994
        ],
        [
          37.306656999999994,
          55.81356999999999
        ],
        [
          37.306704999999994,
          55.81354499999999
        ],
        [
          37.306816999999995,
          55.81349099999999
        ],
        [
          37.30696699999999,
          55.81341799999999
        ],
        [
          37.30701499999999,
          55.813447999999994
        ],
        [
          37.307061999999995,
          55.813477999999996
        ],
        [
          37.307410999999995,
          55.813314
        ],
        [
          37.30745699999999,
          55.813269999999996
        ],
        [
          37.30752299999999,
          55.813204999999996
        ],
        [
          37.30792899999999,
          55.812999
        ],
        [
          37.307951999999986,
          55.812988
        ],
        [
          37.30800099999998,
          55.812965999999996
        ],
        [
          37.30810499999998,
          55.812957999999995
        ],
        [
          37.30810599999998,
          55.81294
        ],
        [
          37.30814499999998,
          55.812920999999996
        ],
        [
          37.30825499999998,
          55.812867
        ],
        [
          37.30848399999998,
          55.812768
        ],
        [
          37.30951599999998,
          55.81241
        ],
        [
          37.30969699999998,
          55.812366
        ],
        [
          37.31032599999998,
          55.812211999999995
        ],
        [
          37.31036099999998,
          55.812205
        ],
        [
          37.31040199999998,
          55.812199
        ],
        [
          37.31065199999998,
          55.812166
        ],
        [
          37.31086399999998,
          55.812141
        ],
        [
          37.31107999999998,
          55.812113
        ],
        [
          37.311194999999984,
          55.812101
        ],
        [
          37.31187099999998,
          55.812048
        ],
        [
          37.31196899999998,
          55.812037999999994
        ],
        [
          37.31199799999998,
          55.812020999999994
        ],
        [
          37.312024999999984,
          55.81201299999999
        ],
        [
          37.312460999999985,
          55.811992999999994
        ],
        [
          37.31334299999998,
          55.811964999999994
        ],
        [
          37.31344199999998,
          55.811958999999995
        ],
        [
          37.31343099999998,
          55.81191
        ],
        [
          37.31341499999998,
          55.811853
        ],
        [
          37.31348399999998,
          55.811848
        ],
        [
          37.31374099999998,
          55.811823999999994
        ],
        [
          37.314034999999976,
          55.81179699999999
        ],
        [
          37.314332999999976,
          55.81177099999999
        ],
        [
          37.31472399999998,
          55.81173799999999
        ],
        [
          37.31491999999998,
          55.81172499999999
        ],
        [
          37.315106999999976,
          55.81171999999999
        ],
        [
          37.31524099999998,
          55.811725999999986
        ],
        [
          37.31531799999998,
          55.81173299999998
        ],
        [
          37.31652999999998,
          55.81189299999998
        ],
        [
          37.31663199999998,
          55.81189599999998
        ],
        [
          37.31678699999998,
          55.81191699999998
        ],
        [
          37.31692399999998,
          55.81195099999998
        ],
        [
          37.31717799999998,
          55.81199099999998
        ],
        [
          37.31854299999998,
          55.812177999999975
        ],
        [
          37.31871699999998,
          55.81220499999998
        ],
        [
          37.31881799999998,
          55.812227999999976
        ],
        [
          37.31887899999998,
          55.812247999999975
        ],
        [
          37.31893899999998,
          55.81226999999998
        ],
        [
          37.31899299999998,
          55.812295999999975
        ],
        [
          37.31903499999998,
          55.812320999999976
        ],
        [
          37.31920999999998,
          55.81246299999997
        ],
        [
          37.31918899999998,
          55.812470999999974
        ],
        [
          37.31920999999998,
          55.81246299999997
        ],
        [
          37.319230999999974,
          55.81247999999997
        ],
        [
          37.319550999999976,
          55.81273599999997
        ],
        [
          37.320068999999975,
          55.81315599999997
        ],
        [
          37.32014899999997,
          55.81321199999997
        ],
        [
          37.32019999999997,
          55.81323499999997
        ],
        [
          37.32023199999997,
          55.81319999999997
        ],
        [
          37.32042299999997,
          55.813350999999976
        ],
        [
          37.32036399999997,
          55.813395999999976
        ],
        [
          37.32054499999997,
          55.813547999999976
        ],
        [
          37.320618999999965,
          55.81359499999998
        ],
        [
          37.32065999999997,
          55.81363599999998
        ],
        [
          37.320688999999966,
          55.81366999999998
        ],
        [
          37.32069699999997,
          55.81368999999998
        ],
        [
          37.32069699999997,
          55.81372899999998
        ],
        [
          37.32069599999997,
          55.81381599999998
        ],
        [
          37.32070599999997,
          55.81384899999998
        ],
        [
          37.320735999999975,
          55.813875999999986
        ],
        [
          37.32079699999998,
          55.81389199999999
        ],
        [
          37.321011999999975,
          55.81390899999999
        ],
        [
          37.32106699999998,
          55.81393099999999
        ],
        [
          37.32118799999998,
          55.81401499999999
        ],
        [
          37.32125599999998,
          55.81406199999999
        ],
        [
          37.32137399999998,
          55.814161999999996
        ],
        [
          37.32168299999998,
          55.814423
        ],
        [
          37.32184699999998,
          55.814572999999996
        ],
        [
          37.32203799999998,
          55.814749
        ],
        [
          37.32217199999998,
          55.814845999999996
        ],
        [
          37.32223899999998,
          55.814884
        ],
        [
          37.322631999999984,
          55.815187
        ],
        [
          37.32304099999998,
          55.815512
        ],
        [
          37.32316599999998,
          55.815616
        ],
        [
          37.32317499999998,
          55.815612
        ]
      ]
    ]
  }
}
