{
  "type": "Feature",
  "id": "7d34b131-2a15-4833-a66f-f4781ac0c841",
  "properties": {
    "id": "7d34b131-2a15-4833-a66f-f4781ac0c841",
    "name": "День 4 - Куршская коса",
    "color": "#ff3300",
    "routeType": "Twiter Gravel V1",
    "isSelected": false
  },
  "geometry": {
    "type": "MultiLineString",
    "coordinates": [
      [
        [
          20.53357,
          54.74654
        ],
        [
          20.5337199,
          54.74646
        ],
        [
          20.53373,
          54.74644
        ],
        [
          20.53373,
          54.74643
        ],
        [
          20.5337499,
          54.74641
        ],
        [
          20.5337799,
          54.7464
        ],
        [
          20.53381,
          54.7463899
        ],
        [
          20.53383,
          54.7463799
        ],
        [
          20.5338499,
          54.74637
        ],
        [
          20.53386,
          54.74636
        ],
        [
          20.5338799,
          54.7463499
        ],
        [
          20.5339,
          54.74634
        ],
        [
          20.5339199,
          54.74633
        ],
        [
          20.53394,
          54.7463199
        ],
        [
          20.5339499,
          54.74631
        ],
        [
          20.53396,
          54.74631
        ],
        [
          20.5339799,
          54.7463
        ],
        [
          20.5340799,
          54.7462599
        ],
        [
          20.5341,
          54.7462499
        ],
        [
          20.53412,
          54.74624
        ],
        [
          20.5341499,
          54.7462199
        ],
        [
          20.5341799,
          54.74621
        ],
        [
          20.5342099,
          54.7462
        ],
        [
          20.5342399,
          54.74618
        ],
        [
          20.53426,
          54.74617
        ],
        [
          20.53429,
          54.7461599
        ],
        [
          20.53432,
          54.7461499
        ],
        [
          20.53435,
          54.74614
        ],
        [
          20.5343799,
          54.74613
        ],
        [
          20.5344099,
          54.74613
        ],
        [
          20.5344399,
          54.7461199
        ],
        [
          20.5344699,
          54.74611
        ],
        [
          20.5345099,
          54.74611
        ],
        [
          20.53453,
          54.74611
        ],
        [
          20.53456,
          54.7461199
        ],
        [
          20.53458,
          54.74613
        ],
        [
          20.5346099,
          54.74613
        ],
        [
          20.53463,
          54.74614
        ],
        [
          20.5346399,
          54.7461499
        ],
        [
          20.53465,
          54.7461599
        ],
        [
          20.53466,
          54.74618
        ],
        [
          20.5346699,
          54.7461899
        ],
        [
          20.53468,
          54.7462
        ],
        [
          20.53469,
          54.74621
        ],
        [
          20.5346999,
          54.7462199
        ],
        [
          20.5346999,
          54.74624
        ],
        [
          20.53471,
          54.7462499
        ],
        [
          20.53472,
          54.74627
        ],
        [
          20.5347299,
          54.7462899
        ],
        [
          20.53475,
          54.7463
        ],
        [
          20.5347699,
          54.74633
        ],
        [
          20.53478,
          54.7463499
        ],
        [
          20.53479,
          54.74637
        ],
        [
          20.5347999,
          54.7463899
        ],
        [
          20.53481,
          54.74641
        ],
        [
          20.5348299,
          54.74643
        ],
        [
          20.5348399,
          54.74646
        ],
        [
          20.53486,
          54.7464799
        ],
        [
          20.53488,
          54.7465
        ],
        [
          20.53491,
          54.74653
        ],
        [
          20.53494,
          54.7465499
        ],
        [
          20.53495,
          54.74657
        ],
        [
          20.5349599,
          54.74659
        ],
        [
          20.53498,
          54.7466099
        ],
        [
          20.53499,
          54.74663
        ],
        [
          20.5349999,
          54.7466499
        ],
        [
          20.53501,
          54.74667
        ],
        [
          20.53502,
          54.74669
        ],
        [
          20.5350299,
          54.7467099
        ],
        [
          20.53504,
          54.74673
        ],
        [
          20.53505,
          54.7467499
        ],
        [
          20.5350599,
          54.74676
        ],
        [
          20.5350699,
          54.74677
        ],
        [
          20.5350699,
          54.74677
        ],
        [
          20.5350699,
          54.74677
        ],
        [
          20.5350999,
          54.7468399
        ],
        [
          20.5351299,
          54.7468399
        ],
        [
          20.53515,
          54.7468399
        ],
        [
          20.53518,
          54.74683
        ],
        [
          20.53522,
          54.74682
        ],
        [
          20.53525,
          54.7468099
        ],
        [
          20.53528,
          54.7468099
        ],
        [
          20.5352999,
          54.7468
        ],
        [
          20.53532,
          54.7468
        ],
        [
          20.53534,
          54.7468
        ],
        [
          20.53534,
          54.74682
        ],
        [
          20.53535,
          54.74683
        ],
        [
          20.5353599,
          54.7468499
        ],
        [
          20.53538,
          54.7468799
        ],
        [
          20.5354,
          54.7469
        ],
        [
          20.5354199,
          54.74693
        ],
        [
          20.53544,
          54.74695
        ],
        [
          20.53547,
          54.7469799
        ],
        [
          20.5354899,
          54.7470099
        ],
        [
          20.53551,
          54.7470399
        ],
        [
          20.53554,
          54.7470699
        ],
        [
          20.53557,
          54.7471
        ],
        [
          20.5355899,
          54.74713
        ],
        [
          20.5356199,
          54.74715
        ],
        [
          20.5356499,
          54.74718
        ],
        [
          20.53568,
          54.7472099
        ],
        [
          20.53571,
          54.74723
        ],
        [
          20.53574,
          54.74726
        ],
        [
          20.5357599,
          54.74729
        ],
        [
          20.5357899,
          54.7473099
        ],
        [
          20.5358199,
          54.7473399
        ],
        [
          20.5358499,
          54.74736
        ],
        [
          20.5358899,
          54.74738
        ],
        [
          20.53591,
          54.74741
        ],
        [
          20.53594,
          54.7474299
        ],
        [
          20.53597,
          54.74746
        ],
        [
          20.536,
          54.74748
        ],
        [
          20.53603,
          54.7474999
        ],
        [
          20.53606,
          54.74752
        ],
        [
          20.53609,
          54.7475399
        ],
        [
          20.5361199,
          54.7475599
        ],
        [
          20.5361499,
          54.74758
        ],
        [
          20.5361799,
          54.74759
        ],
        [
          20.5362,
          54.74761
        ],
        [
          20.53622,
          54.7476299
        ],
        [
          20.5362499,
          54.74765
        ],
        [
          20.5362799,
          54.7476699
        ],
        [
          20.5363099,
          54.74769
        ],
        [
          20.5363399,
          54.7476999
        ],
        [
          20.53637,
          54.74772
        ],
        [
          20.5364,
          54.74775
        ],
        [
          20.53643,
          54.7477699
        ],
        [
          20.53646,
          54.7477899
        ],
        [
          20.53649,
          54.74781
        ],
        [
          20.53653,
          54.7478299
        ],
        [
          20.5365699,
          54.7478599
        ],
        [
          20.5366099,
          54.74788
        ],
        [
          20.53665,
          54.74791
        ],
        [
          20.53669,
          54.7479299
        ],
        [
          20.53673,
          54.74795
        ],
        [
          20.5367699,
          54.74797
        ],
        [
          20.5368099,
          54.7479899
        ],
        [
          20.53685,
          54.74801
        ],
        [
          20.53688,
          54.7480299
        ],
        [
          20.53692,
          54.7480599
        ],
        [
          20.53695,
          54.7480899
        ],
        [
          20.53698,
          54.7481199
        ],
        [
          20.53701,
          54.74814
        ],
        [
          20.5370399,
          54.74817
        ],
        [
          20.53708,
          54.7481899
        ],
        [
          20.53712,
          54.74821
        ],
        [
          20.5371599,
          54.74823
        ],
        [
          20.5371999,
          54.7482599
        ],
        [
          20.5372299,
          54.74828
        ],
        [
          20.5372699,
          54.74831
        ],
        [
          20.53731,
          54.74833
        ],
        [
          20.53735,
          54.7483499
        ],
        [
          20.5373899,
          54.74838
        ],
        [
          20.53742,
          54.7484
        ],
        [
          20.53745,
          54.74843
        ],
        [
          20.53748,
          54.74846
        ],
        [
          20.5375199,
          54.7484899
        ],
        [
          20.5375599,
          54.7485199
        ],
        [
          20.5375899,
          54.7485499
        ],
        [
          20.5376299,
          54.74857
        ],
        [
          20.5376599,
          54.7486
        ],
        [
          20.5377,
          54.7486199
        ],
        [
          20.53774,
          54.7486499
        ],
        [
          20.53778,
          54.74867
        ],
        [
          20.53781,
          54.7487
        ],
        [
          20.5378499,
          54.7487199
        ],
        [
          20.53788,
          54.7487499
        ],
        [
          20.5379199,
          54.74877
        ],
        [
          20.5379499,
          54.74879
        ],
        [
          20.5379899,
          54.7488099
        ],
        [
          20.5380199,
          54.74884
        ],
        [
          20.53806,
          54.74886
        ],
        [
          20.5380899,
          54.74889
        ],
        [
          20.53813,
          54.7489099
        ],
        [
          20.53817,
          54.7489399
        ],
        [
          20.5382099,
          54.74896
        ],
        [
          20.53824,
          54.7489799
        ],
        [
          20.5382799,
          54.7490099
        ],
        [
          20.5383199,
          54.74903
        ],
        [
          20.53836,
          54.74906
        ],
        [
          20.53839,
          54.74909
        ],
        [
          20.5384399,
          54.74912
        ],
        [
          20.53847,
          54.74915
        ],
        [
          20.5385099,
          54.7491699
        ],
        [
          20.5385499,
          54.7492
        ],
        [
          20.53859,
          54.74922
        ],
        [
          20.53863,
          54.74925
        ],
        [
          20.5386699,
          54.7492699
        ],
        [
          20.5387099,
          54.7492999
        ],
        [
          20.53875,
          54.74933
        ],
        [
          20.53879,
          54.74935
        ],
        [
          20.53883,
          54.74938
        ],
        [
          20.5388699,
          54.7493999
        ],
        [
          20.5389099,
          54.74943
        ],
        [
          20.53896,
          54.74945
        ],
        [
          20.53901,
          54.7494699
        ],
        [
          20.53905,
          54.7494999
        ],
        [
          20.5390999,
          54.74952
        ],
        [
          20.53915,
          54.7495399
        ],
        [
          20.53919,
          54.7495699
        ],
        [
          20.53924,
          54.74959
        ],
        [
          20.53928,
          54.74962
        ],
        [
          20.53932,
          54.74965
        ],
        [
          20.5393699,
          54.7496699
        ],
        [
          20.53942,
          54.7496999
        ],
        [
          20.5394599,
          54.7497299
        ],
        [
          20.5394999,
          54.7497599
        ],
        [
          20.53954,
          54.74979
        ],
        [
          20.53958,
          54.74981
        ],
        [
          20.53962,
          54.74984
        ],
        [
          20.5396599,
          54.7498699
        ],
        [
          20.5397,
          54.7498999
        ],
        [
          20.53974,
          54.7499299
        ],
        [
          20.5397899,
          54.7499599
        ],
        [
          20.5398299,
          54.7499899
        ],
        [
          20.53988,
          54.75002
        ],
        [
          20.53993,
          54.75004
        ],
        [
          20.53997,
          54.75007
        ],
        [
          20.54001,
          54.7500999
        ],
        [
          20.5400499,
          54.7501299
        ],
        [
          20.5400899,
          54.75015
        ],
        [
          20.54013,
          54.75018
        ],
        [
          20.5401799,
          54.75021
        ],
        [
          20.5402199,
          54.7502299
        ],
        [
          20.54026,
          54.7502599
        ],
        [
          20.5403099,
          54.7502899
        ],
        [
          20.5403499,
          54.7503199
        ],
        [
          20.5404,
          54.75035
        ],
        [
          20.54044,
          54.75038
        ],
        [
          20.5404799,
          54.75041
        ],
        [
          20.54052,
          54.75044
        ],
        [
          20.54056,
          54.75047
        ],
        [
          20.5406,
          54.7505
        ],
        [
          20.5406399,
          54.7505199
        ],
        [
          20.54069,
          54.7505499
        ],
        [
          20.54073,
          54.7505799
        ],
        [
          20.5407699,
          54.7506
        ],
        [
          20.5408099,
          54.75063
        ],
        [
          20.54085,
          54.75067
        ],
        [
          20.54089,
          54.7507
        ],
        [
          20.54093,
          54.7507199
        ],
        [
          20.5409699,
          54.7507499
        ],
        [
          20.5410099,
          54.7507799
        ],
        [
          20.54105,
          54.7508099
        ],
        [
          20.54109,
          54.75084
        ],
        [
          20.5411399,
          54.75087
        ],
        [
          20.54118,
          54.7509
        ],
        [
          20.54122,
          54.75093
        ],
        [
          20.54126,
          54.75096
        ],
        [
          20.5412999,
          54.75099
        ],
        [
          20.5413399,
          54.75102
        ],
        [
          20.54139,
          54.7510499
        ],
        [
          20.5414299,
          54.7510799
        ],
        [
          20.5414699,
          54.75112
        ],
        [
          20.54152,
          54.7511499
        ],
        [
          20.5415599,
          54.7511799
        ],
        [
          20.5415999,
          54.7512
        ],
        [
          20.54164,
          54.75123
        ],
        [
          20.54167,
          54.75125
        ],
        [
          20.54171,
          54.75126
        ],
        [
          20.54175,
          54.7512699
        ],
        [
          20.5417899,
          54.7512699
        ],
        [
          20.5418199,
          54.75129
        ],
        [
          20.54185,
          54.7513099
        ],
        [
          20.5418599,
          54.7513399
        ],
        [
          20.5418599,
          54.75136
        ],
        [
          20.54187,
          54.7513799
        ],
        [
          20.54188,
          54.7514
        ],
        [
          20.54191,
          54.75142
        ],
        [
          20.54195,
          54.7514399
        ],
        [
          20.54198,
          54.7514699
        ],
        [
          20.54201,
          54.75149
        ],
        [
          20.5420499,
          54.7515099
        ],
        [
          20.54208,
          54.7515399
        ],
        [
          20.5421199,
          54.7515699
        ],
        [
          20.5421599,
          54.75159
        ],
        [
          20.5421899,
          54.7516099
        ],
        [
          20.5422199,
          54.75163
        ],
        [
          20.5422499,
          54.75166
        ],
        [
          20.54227,
          54.75168
        ],
        [
          20.5422899,
          54.7516999
        ],
        [
          20.54231,
          54.75172
        ],
        [
          20.54233,
          54.7517299
        ],
        [
          20.54236,
          54.7517399
        ],
        [
          20.5423799,
          54.75175
        ],
        [
          20.5424199,
          54.75176
        ],
        [
          20.54246,
          54.75178
        ],
        [
          20.54249,
          54.75178
        ],
        [
          20.5425199,
          54.75179
        ],
        [
          20.54254,
          54.7517999
        ],
        [
          20.5425499,
          54.75181
        ],
        [
          20.5425799,
          54.75182
        ],
        [
          20.5426,
          54.7518399
        ],
        [
          20.5426199,
          54.7518599
        ],
        [
          20.54264,
          54.7518699
        ],
        [
          20.54266,
          54.75189
        ],
        [
          20.5426799,
          54.7518999
        ],
        [
          20.5427,
          54.75192
        ],
        [
          20.54273,
          54.7519299
        ],
        [
          20.5427499,
          54.75195
        ],
        [
          20.54277,
          54.7519599
        ],
        [
          20.5428,
          54.75198
        ],
        [
          20.54282,
          54.75199
        ],
        [
          20.5428499,
          54.7519999
        ],
        [
          20.5428699,
          54.75202
        ],
        [
          20.5429099,
          54.7520299
        ],
        [
          20.5429399,
          54.75205
        ],
        [
          20.5429699,
          54.7520599
        ],
        [
          20.54299,
          54.75208
        ],
        [
          20.54302,
          54.7520899
        ],
        [
          20.54305,
          54.75211
        ],
        [
          20.5430799,
          54.7521299
        ],
        [
          20.5430999,
          54.75215
        ],
        [
          20.54313,
          54.75217
        ],
        [
          20.54316,
          54.7521899
        ],
        [
          20.54319,
          54.7521999
        ],
        [
          20.5432099,
          54.75222
        ],
        [
          20.5432399,
          54.75224
        ],
        [
          20.54326,
          54.75225
        ],
        [
          20.54329,
          54.75227
        ],
        [
          20.54332,
          54.7522899
        ],
        [
          20.54335,
          54.75231
        ],
        [
          20.5433699,
          54.7523199
        ],
        [
          20.54339,
          54.75234
        ],
        [
          20.54342,
          54.75235
        ],
        [
          20.5434399,
          54.7523599
        ],
        [
          20.5434699,
          54.75237
        ],
        [
          20.54349,
          54.7523899
        ],
        [
          20.5434999,
          54.7524
        ],
        [
          20.54351,
          54.7524199
        ],
        [
          20.54351,
          54.7524199
        ],
        [
          20.54351,
          54.7524199
        ],
        [
          20.54351,
          54.7524199
        ],
        [
          20.5436299,
          54.75248
        ],
        [
          20.54365,
          54.7524899
        ],
        [
          20.54375,
          54.7525499
        ],
        [
          20.54375,
          54.7525499
        ],
        [
          20.5438999,
          54.75263
        ],
        [
          20.54392,
          54.7526499
        ],
        [
          20.54394,
          54.7526599
        ],
        [
          20.54395,
          54.75267
        ],
        [
          20.54397,
          54.75268
        ],
        [
          20.54397,
          54.75268
        ],
        [
          20.544,
          54.7527
        ],
        [
          20.5440199,
          54.75271
        ],
        [
          20.54404,
          54.7527199
        ],
        [
          20.5440599,
          54.75273
        ],
        [
          20.54407,
          54.75274
        ],
        [
          20.5440899,
          54.7527499
        ],
        [
          20.54411,
          54.75276
        ],
        [
          20.54414,
          54.75276
        ],
        [
          20.54415,
          54.75277
        ],
        [
          20.54418,
          54.7527899
        ],
        [
          20.5442,
          54.7528
        ],
        [
          20.54423,
          54.75281
        ],
        [
          20.5442499,
          54.7528199
        ],
        [
          20.54427,
          54.75283
        ],
        [
          20.5442899,
          54.75284
        ],
        [
          20.5443199,
          54.7528499
        ],
        [
          20.54434,
          54.75287
        ],
        [
          20.5443599,
          54.7528799
        ],
        [
          20.5443799,
          54.7528899
        ],
        [
          20.5443899,
          54.7529
        ],
        [
          20.54441,
          54.7529199
        ],
        [
          20.54443,
          54.75293
        ],
        [
          20.5444499,
          54.75294
        ],
        [
          20.54447,
          54.7529499
        ],
        [
          20.5444799,
          54.75296
        ],
        [
          20.5445,
          54.7529799
        ],
        [
          20.54451,
          54.7529799
        ],
        [
          20.54451,
          54.7529799
        ],
        [
          20.5445499,
          54.753
        ],
        [
          20.54457,
          54.7530099
        ],
        [
          20.54457,
          54.7530099
        ],
        [
          20.5446199,
          54.75304
        ],
        [
          20.54464,
          54.7530499
        ],
        [
          20.54466,
          54.75307
        ],
        [
          20.54466,
          54.75307
        ],
        [
          20.5447199,
          54.7531
        ],
        [
          20.5447499,
          54.7531099
        ],
        [
          20.5447799,
          54.75314
        ],
        [
          20.5448099,
          54.75316
        ],
        [
          20.5448399,
          54.7531799
        ],
        [
          20.54486,
          54.7532
        ],
        [
          20.54489,
          54.75322
        ],
        [
          20.5449099,
          54.75326
        ],
        [
          20.5449099,
          54.75326
        ],
        [
          20.54493,
          54.7532799
        ],
        [
          20.5449499,
          54.7533099
        ],
        [
          20.5450099,
          54.75336
        ],
        [
          20.5450399,
          54.75339
        ],
        [
          20.54506,
          54.75342
        ],
        [
          20.54509,
          54.7534399
        ],
        [
          20.54512,
          54.75346
        ],
        [
          20.54512,
          54.75346
        ],
        [
          20.5451699,
          54.7535099
        ],
        [
          20.5452,
          54.7535399
        ],
        [
          20.54525,
          54.75356
        ],
        [
          20.5452999,
          54.7535699
        ],
        [
          20.54536,
          54.7535799
        ],
        [
          20.54542,
          54.7535799
        ],
        [
          20.5454699,
          54.7535799
        ],
        [
          20.5455299,
          54.7535799
        ],
        [
          20.5455299,
          54.7535799
        ],
        [
          20.5456399,
          54.7535999
        ],
        [
          20.54569,
          54.7536099
        ],
        [
          20.54574,
          54.75363
        ],
        [
          20.54579,
          54.7536399
        ],
        [
          20.54585,
          54.75366
        ],
        [
          20.5458999,
          54.7536699
        ],
        [
          20.5458999,
          54.7536699
        ],
        [
          20.5459999,
          54.7537099
        ],
        [
          20.54604,
          54.75372
        ],
        [
          20.54608,
          54.7537399
        ],
        [
          20.5461199,
          54.75376
        ],
        [
          20.54617,
          54.75378
        ],
        [
          20.54621,
          54.7537999
        ],
        [
          20.54625,
          54.75382
        ],
        [
          20.54625,
          54.75382
        ],
        [
          20.54633,
          54.7538399
        ],
        [
          20.54637,
          54.75386
        ],
        [
          20.54637,
          54.75386
        ],
        [
          20.5464599,
          54.7538699
        ],
        [
          20.54651,
          54.7538699
        ],
        [
          20.54656,
          54.7538699
        ],
        [
          20.5466199,
          54.7538699
        ],
        [
          20.54667,
          54.7538699
        ],
        [
          20.54673,
          54.75386
        ],
        [
          20.54679,
          54.7538399
        ],
        [
          20.54679,
          54.7538399
        ],
        [
          20.5469199,
          54.75382
        ],
        [
          20.54699,
          54.75381
        ],
        [
          20.54706,
          54.7537999
        ],
        [
          20.54712,
          54.75379
        ],
        [
          20.54719,
          54.7537699
        ],
        [
          20.54726,
          54.75375
        ],
        [
          20.5473399,
          54.7537399
        ],
        [
          20.5474099,
          54.75373
        ],
        [
          20.54749,
          54.75372
        ],
        [
          20.5475699,
          54.7536999
        ],
        [
          20.5476399,
          54.75368
        ],
        [
          20.54772,
          54.7536699
        ],
        [
          20.5477999,
          54.75366
        ],
        [
          20.54788,
          54.7536399
        ],
        [
          20.54795,
          54.75363
        ],
        [
          20.5480299,
          54.7536099
        ],
        [
          20.54812,
          54.75359
        ],
        [
          20.5481999,
          54.7535799
        ],
        [
          20.54828,
          54.7535699
        ],
        [
          20.5483599,
          54.75355
        ],
        [
          20.54844,
          54.7535399
        ],
        [
          20.54853,
          54.75352
        ],
        [
          20.5486199,
          54.7535099
        ],
        [
          20.54871,
          54.75349
        ],
        [
          20.5488,
          54.7534699
        ],
        [
          20.5488799,
          54.75345
        ],
        [
          20.5489799,
          54.7534399
        ],
        [
          20.54907,
          54.75342
        ],
        [
          20.54916,
          54.7534
        ],
        [
          20.5492499,
          54.7533799
        ],
        [
          20.5493399,
          54.7533699
        ],
        [
          20.54943,
          54.7533499
        ],
        [
          20.54953,
          54.75333
        ],
        [
          20.54962,
          54.7533099
        ],
        [
          20.5497099,
          54.75329
        ],
        [
          20.54981,
          54.7532799
        ],
        [
          20.54991,
          54.75326
        ],
        [
          20.5499999,
          54.7532399
        ],
        [
          20.5500999,
          54.75322
        ],
        [
          20.5501999,
          54.7532
        ],
        [
          20.5502999,
          54.7531799
        ],
        [
          20.5502999,
          54.7531799
        ],
        [
          20.5504899,
          54.75314
        ],
        [
          20.5505899,
          54.75313
        ],
        [
          20.5506899,
          54.7531099
        ],
        [
          20.5507899,
          54.75309
        ],
        [
          20.5507899,
          54.75309
        ],
        [
          20.5509799,
          54.7530499
        ],
        [
          20.5510799,
          54.75304
        ],
        [
          20.5511799,
          54.7530199
        ],
        [
          20.55127,
          54.753
        ],
        [
          20.55137,
          54.7529799
        ],
        [
          20.55147,
          54.75296
        ],
        [
          20.5515699,
          54.75294
        ],
        [
          20.5516699,
          54.7529199
        ],
        [
          20.55176,
          54.7529
        ],
        [
          20.55186,
          54.7528799
        ],
        [
          20.55196,
          54.75286
        ],
        [
          20.55196,
          54.75286
        ],
        [
          20.55214,
          54.75283
        ],
        [
          20.55224,
          54.75281
        ],
        [
          20.5523299,
          54.7527899
        ],
        [
          20.5524299,
          54.75277
        ],
        [
          20.55252,
          54.75276
        ],
        [
          20.5526199,
          54.75274
        ],
        [
          20.55271,
          54.7527199
        ],
        [
          20.55281,
          54.7527
        ],
        [
          20.5529,
          54.75268
        ],
        [
          20.553,
          54.7526599
        ],
        [
          20.5530899,
          54.75264
        ],
        [
          20.5531899,
          54.75263
        ],
        [
          20.5532799,
          54.75261
        ],
        [
          20.55337,
          54.7526
        ],
        [
          20.55347,
          54.75258
        ],
        [
          20.55356,
          54.7525599
        ],
        [
          20.55365,
          54.7525499
        ],
        [
          20.5537399,
          54.75253
        ],
        [
          20.55383,
          54.7525199
        ],
        [
          20.55392,
          54.7525
        ],
        [
          20.5540099,
          54.75248
        ],
        [
          20.5540999,
          54.75247
        ],
        [
          20.55419,
          54.75245
        ],
        [
          20.55428,
          54.7524299
        ],
        [
          20.5543699,
          54.75241
        ],
        [
          20.5544599,
          54.7524
        ],
        [
          20.55455,
          54.75238
        ],
        [
          20.5546299,
          54.7523599
        ],
        [
          20.5547199,
          54.75234
        ],
        [
          20.5548,
          54.7523199
        ],
        [
          20.5548899,
          54.75231
        ],
        [
          20.55497,
          54.7522899
        ],
        [
          20.5550599,
          54.75227
        ],
        [
          20.5551499,
          54.7522599
        ],
        [
          20.55524,
          54.75224
        ],
        [
          20.55533,
          54.75222
        ],
        [
          20.5554199,
          54.75221
        ],
        [
          20.5555099,
          54.7521899
        ],
        [
          20.55559,
          54.75217
        ],
        [
          20.55566,
          54.7521599
        ],
        [
          20.5557499,
          54.75215
        ],
        [
          20.55583,
          54.7521299
        ],
        [
          20.55592,
          54.75211
        ],
        [
          20.5559999,
          54.7520999
        ],
        [
          20.55609,
          54.75208
        ],
        [
          20.5561699,
          54.7520699
        ],
        [
          20.5562399,
          54.75205
        ],
        [
          20.55632,
          54.7520299
        ],
        [
          20.5563999,
          54.75202
        ],
        [
          20.5563999,
          54.75202
        ],
        [
          20.5565599,
          54.75198
        ],
        [
          20.55665,
          54.7519699
        ],
        [
          20.5567299,
          54.75195
        ],
        [
          20.5567299,
          54.75195
        ],
        [
          20.5569,
          54.75192
        ],
        [
          20.55698,
          54.7518999
        ],
        [
          20.55707,
          54.75189
        ],
        [
          20.5571499,
          54.7518699
        ],
        [
          20.55723,
          54.75185
        ],
        [
          20.55731,
          54.7518299
        ],
        [
          20.5573899,
          54.75182
        ],
        [
          20.55747,
          54.7517999
        ],
        [
          20.5575499,
          54.75178
        ],
        [
          20.55763,
          54.7517699
        ],
        [
          20.5577099,
          54.75175
        ],
        [
          20.55779,
          54.7517399
        ],
        [
          20.55787,
          54.75172
        ],
        [
          20.55796,
          54.75171
        ],
        [
          20.5580399,
          54.75169
        ],
        [
          20.55812,
          54.75168
        ],
        [
          20.5582099,
          54.75166
        ],
        [
          20.55829,
          54.7516399
        ],
        [
          20.5583699,
          54.75162
        ],
        [
          20.55846,
          54.7516099
        ],
        [
          20.5585399,
          54.75159
        ],
        [
          20.55862,
          54.7515699
        ],
        [
          20.55871,
          54.75156
        ],
        [
          20.55871,
          54.75156
        ],
        [
          20.55887,
          54.75152
        ],
        [
          20.5589599,
          54.7515099
        ],
        [
          20.55904,
          54.75149
        ],
        [
          20.5591199,
          54.7514699
        ],
        [
          20.55921,
          54.75146
        ],
        [
          20.5592899,
          54.7514399
        ],
        [
          20.55938,
          54.75143
        ],
        [
          20.55946,
          54.7514099
        ],
        [
          20.55954,
          54.7514
        ],
        [
          20.55963,
          54.7513799
        ],
        [
          20.5597099,
          54.7513699
        ],
        [
          20.55979,
          54.75135
        ],
        [
          20.5598799,
          54.7513399
        ],
        [
          20.55996,
          54.75132
        ],
        [
          20.5600499,
          54.7513099
        ],
        [
          20.56013,
          54.75129
        ],
        [
          20.56022,
          54.7512699
        ],
        [
          20.56022,
          54.7512699
        ],
        [
          20.56039,
          54.7512399
        ],
        [
          20.56048,
          54.75122
        ],
        [
          20.5605699,
          54.7512099
        ],
        [
          20.56065,
          54.75119
        ],
        [
          20.56074,
          54.7511799
        ],
        [
          20.56082,
          54.75116
        ],
        [
          20.5608999,
          54.7511399
        ],
        [
          20.5609899,
          54.75113
        ],
        [
          20.56108,
          54.7511099
        ],
        [
          20.56117,
          54.75109
        ],
        [
          20.56125,
          54.7510799
        ],
        [
          20.56134,
          54.75106
        ],
        [
          20.56143,
          54.7510399
        ],
        [
          20.5615199,
          54.75103
        ],
        [
          20.56161,
          54.7510099
        ],
        [
          20.56161,
          54.7510099
        ],
        [
          20.5617799,
          54.7509799
        ],
        [
          20.56187,
          54.75097
        ],
        [
          20.56196,
          54.75096
        ],
        [
          20.56206,
          54.7509499
        ],
        [
          20.5621399,
          54.75094
        ],
        [
          20.5622399,
          54.75093
        ],
        [
          20.56233,
          54.7509199
        ],
        [
          20.56242,
          54.7509099
        ],
        [
          20.5625099,
          54.7509099
        ],
        [
          20.5625999,
          54.75089
        ],
        [
          20.56269,
          54.75089
        ],
        [
          20.56278,
          54.7508799
        ],
        [
          20.56288,
          54.75087
        ],
        [
          20.5629699,
          54.75086
        ],
        [
          20.5630699,
          54.7508499
        ],
        [
          20.5631599,
          54.75084
        ],
        [
          20.56325,
          54.75084
        ],
        [
          20.56334,
          54.75083
        ],
        [
          20.56344,
          54.7508099
        ],
        [
          20.56353,
          54.7508
        ],
        [
          20.5636199,
          54.75079
        ],
        [
          20.56371,
          54.7507799
        ],
        [
          20.5638,
          54.7507799
        ],
        [
          20.5638899,
          54.75077
        ],
        [
          20.5639799,
          54.75076
        ],
        [
          20.56407,
          54.7507499
        ],
        [
          20.56407,
          54.7507499
        ],
        [
          20.5642499,
          54.75073
        ],
        [
          20.5643399,
          54.7507199
        ],
        [
          20.56443,
          54.75071
        ],
        [
          20.56452,
          54.7507
        ],
        [
          20.5646099,
          54.7506899
        ],
        [
          20.5646999,
          54.7506799
        ],
        [
          20.5647999,
          54.7506799
        ],
        [
          20.56489,
          54.75067
        ],
        [
          20.56498,
          54.75066
        ],
        [
          20.5650699,
          54.7506499
        ],
        [
          20.5651599,
          54.7506499
        ],
        [
          20.56524,
          54.75064
        ],
        [
          20.56534,
          54.75063
        ],
        [
          20.56542,
          54.7506199
        ],
        [
          20.56551,
          54.75061
        ],
        [
          20.5656,
          54.75061
        ],
        [
          20.56568,
          54.7506
        ],
        [
          20.56577,
          54.7505899
        ],
        [
          20.5658499,
          54.7505899
        ],
        [
          20.56593,
          54.7505799
        ],
        [
          20.5660199,
          54.75057
        ],
        [
          20.5661,
          54.75057
        ],
        [
          20.5661799,
          54.7505599
        ],
        [
          20.56626,
          54.7505499
        ],
        [
          20.5663399,
          54.75054
        ],
        [
          20.56642,
          54.75054
        ],
        [
          20.5665,
          54.75053
        ],
        [
          20.5665,
          54.75053
        ],
        [
          20.56665,
          54.7505199
        ],
        [
          20.56673,
          54.75051
        ],
        [
          20.5667999,
          54.75051
        ],
        [
          20.56686,
          54.7505
        ],
        [
          20.56686,
          54.7505
        ],
        [
          20.56696,
          54.7505
        ],
        [
          20.56701,
          54.75051
        ],
        [
          20.5670399,
          54.75054
        ],
        [
          20.56705,
          54.75057
        ],
        [
          20.56706,
          54.7506
        ],
        [
          20.56708,
          54.7506199
        ],
        [
          20.56708,
          54.7506199
        ],
        [
          20.56711,
          54.7506899
        ],
        [
          20.56712,
          54.7507199
        ],
        [
          20.5671399,
          54.75076
        ],
        [
          20.56716,
          54.75079
        ],
        [
          20.5671999,
          54.7508199
        ],
        [
          20.5672299,
          54.7508499
        ],
        [
          20.5672699,
          54.7508799
        ],
        [
          20.56731,
          54.7509099
        ],
        [
          20.56735,
          54.75093
        ],
        [
          20.56738,
          54.7509499
        ],
        [
          20.56742,
          54.75097
        ],
        [
          20.56747,
          54.75099
        ],
        [
          20.56752,
          54.751
        ],
        [
          20.56758,
          54.751
        ],
        [
          20.56758,
          54.751
        ],
        [
          20.56764,
          54.751
        ],
        [
          20.5677599,
          54.7509799
        ],
        [
          20.56781,
          54.75096
        ],
        [
          20.56787,
          54.75094
        ],
        [
          20.5679199,
          54.7509199
        ],
        [
          20.56798,
          54.75089
        ],
        [
          20.5680499,
          54.75087
        ],
        [
          20.5681199,
          54.7508499
        ],
        [
          20.5681799,
          54.75083
        ],
        [
          20.5682499,
          54.7508
        ],
        [
          20.5683199,
          54.75077
        ],
        [
          20.56839,
          54.7507499
        ],
        [
          20.56839,
          54.7507499
        ],
        [
          20.56853,
          54.7506899
        ],
        [
          20.5686,
          54.75067
        ],
        [
          20.5686,
          54.75067
        ],
        [
          20.56867,
          54.75064
        ],
        [
          20.5688099,
          54.7505899
        ],
        [
          20.5688799,
          54.75057
        ],
        [
          20.56895,
          54.75054
        ],
        [
          20.56903,
          54.7505199
        ],
        [
          20.5690999,
          54.7505
        ],
        [
          20.5690999,
          54.7505
        ],
        [
          20.5692399,
          54.7504499
        ],
        [
          20.56932,
          54.75044
        ],
        [
          20.5693999,
          54.7504199
        ],
        [
          20.5694699,
          54.7503899
        ],
        [
          20.5694699,
          54.7503899
        ],
        [
          20.56955,
          54.75038
        ],
        [
          20.5696999,
          54.75034
        ],
        [
          20.5697899,
          54.7503199
        ],
        [
          20.5697899,
          54.7503199
        ],
        [
          20.56995,
          54.7502899
        ],
        [
          20.57004,
          54.75027
        ],
        [
          20.57004,
          54.75027
        ],
        [
          20.57021,
          54.75024
        ],
        [
          20.5703,
          54.7502299
        ],
        [
          20.5704,
          54.75021
        ],
        [
          20.5704799,
          54.7501899
        ],
        [
          20.5704799,
          54.7501899
        ],
        [
          20.57057,
          54.75017
        ],
        [
          20.57073,
          54.75014
        ],
        [
          20.57082,
          54.75012
        ],
        [
          20.57089,
          54.75011
        ],
        [
          20.5709699,
          54.7500999
        ],
        [
          20.57105,
          54.75008
        ],
        [
          20.57113,
          54.75007
        ],
        [
          20.5712099,
          54.75005
        ],
        [
          20.57129,
          54.75004
        ],
        [
          20.57129,
          54.75004
        ],
        [
          20.57146,
          54.75001
        ],
        [
          20.57155,
          54.7499999
        ],
        [
          20.57155,
          54.7499999
        ],
        [
          20.57171,
          54.74998
        ],
        [
          20.57171,
          54.74998
        ],
        [
          20.5717899,
          54.7499599
        ],
        [
          20.57195,
          54.7499299
        ],
        [
          20.57195,
          54.7499299
        ],
        [
          20.57211,
          54.74991
        ],
        [
          20.5721899,
          54.7498999
        ],
        [
          20.5721899,
          54.7498999
        ],
        [
          20.5723499,
          54.74988
        ],
        [
          20.57243,
          54.7498699
        ],
        [
          20.57251,
          54.74985
        ],
        [
          20.5725799,
          54.74984
        ],
        [
          20.5725799,
          54.74984
        ],
        [
          20.5727499,
          54.74982
        ],
        [
          20.5727499,
          54.74982
        ],
        [
          20.5729099,
          54.7497999
        ],
        [
          20.573,
          54.74978
        ],
        [
          20.5730799,
          54.7497699
        ],
        [
          20.5731699,
          54.7497599
        ],
        [
          20.57325,
          54.74975
        ],
        [
          20.57333,
          54.74974
        ],
        [
          20.5734099,
          54.7497299
        ],
        [
          20.57348,
          54.74972
        ],
        [
          20.57355,
          54.7496999
        ],
        [
          20.57355,
          54.7496999
        ],
        [
          20.57362,
          54.74969
        ],
        [
          20.57369,
          54.74968
        ],
        [
          20.5737699,
          54.7496699
        ],
        [
          20.57384,
          54.74966
        ],
        [
          20.57391,
          54.7496399
        ],
        [
          20.57398,
          54.7496399
        ],
        [
          20.5740599,
          54.74962
        ],
        [
          20.5741299,
          54.74961
        ],
        [
          20.57421,
          54.7495999
        ],
        [
          20.57428,
          54.74959
        ],
        [
          20.5743599,
          54.74958
        ],
        [
          20.5744499,
          54.7495699
        ],
        [
          20.57453,
          54.74955
        ],
        [
          20.5746,
          54.7495399
        ],
        [
          20.5746799,
          54.7495299
        ],
        [
          20.57476,
          54.74952
        ],
        [
          20.57484,
          54.7494999
        ],
        [
          20.5749199,
          54.74949
        ],
        [
          20.575,
          54.7494699
        ],
        [
          20.57507,
          54.74946
        ],
        [
          20.57515,
          54.74945
        ],
        [
          20.57523,
          54.7494399
        ],
        [
          20.5753099,
          54.74943
        ],
        [
          20.57539,
          54.74942
        ],
        [
          20.57546,
          54.7493999
        ],
        [
          20.5755399,
          54.74939
        ],
        [
          20.57561,
          54.74938
        ],
        [
          20.57569,
          54.7493699
        ],
        [
          20.5757699,
          54.74936
        ],
        [
          20.57584,
          54.74935
        ],
        [
          20.57591,
          54.7493399
        ],
        [
          20.57598,
          54.74933
        ],
        [
          20.57605,
          54.74932
        ],
        [
          20.57611,
          54.7493099
        ],
        [
          20.57617,
          54.7492999
        ],
        [
          20.5762299,
          54.7492799
        ],
        [
          20.57627,
          54.74925
        ],
        [
          20.57631,
          54.74922
        ],
        [
          20.57635,
          54.74919
        ],
        [
          20.57637,
          54.74915
        ],
        [
          20.57638,
          54.74912
        ],
        [
          20.57638,
          54.74909
        ],
        [
          20.5763899,
          54.7490499
        ],
        [
          20.5763899,
          54.74902
        ],
        [
          20.5763899,
          54.7489799
        ],
        [
          20.5763899,
          54.7489499
        ],
        [
          20.5763899,
          54.7489099
        ],
        [
          20.5763899,
          54.7488799
        ],
        [
          20.5763899,
          54.74884
        ],
        [
          20.5763899,
          54.7488
        ],
        [
          20.5764,
          54.74877
        ],
        [
          20.5764,
          54.74873
        ],
        [
          20.5764,
          54.74869
        ],
        [
          20.5763899,
          54.7486499
        ],
        [
          20.5763899,
          54.74861
        ],
        [
          20.5763899,
          54.74857
        ],
        [
          20.5763899,
          54.74853
        ],
        [
          20.57638,
          54.7484799
        ],
        [
          20.57638,
          54.74844
        ],
        [
          20.57637,
          54.7484
        ],
        [
          20.57637,
          54.7483499
        ],
        [
          20.57637,
          54.74831
        ],
        [
          20.57637,
          54.74827
        ],
        [
          20.57637,
          54.74823
        ],
        [
          20.57637,
          54.74818
        ],
        [
          20.57637,
          54.74814
        ],
        [
          20.57638,
          54.7481
        ],
        [
          20.57638,
          54.7480599
        ],
        [
          20.57638,
          54.7480199
        ],
        [
          20.5764,
          54.74798
        ],
        [
          20.5764299,
          54.74795
        ],
        [
          20.5765199,
          54.74791
        ],
        [
          20.57657,
          54.7478999
        ],
        [
          20.5766199,
          54.7478899
        ],
        [
          20.57667,
          54.7478899
        ],
        [
          20.57673,
          54.7478999
        ],
        [
          20.57673,
          54.7478999
        ],
        [
          20.5767899,
          54.7478999
        ],
        [
          20.57684,
          54.7478999
        ],
        [
          20.5769,
          54.7478899
        ],
        [
          20.5769499,
          54.7478899
        ],
        [
          20.577,
          54.74788
        ],
        [
          20.57704,
          54.74788
        ],
        [
          20.57709,
          54.74787
        ],
        [
          20.5771399,
          54.7478599
        ],
        [
          20.5771799,
          54.74785
        ],
        [
          20.57723,
          54.7478299
        ],
        [
          20.57727,
          54.74782
        ],
        [
          20.57732,
          54.7477999
        ],
        [
          20.57736,
          54.74778
        ],
        [
          20.5774,
          54.7477699
        ],
        [
          20.57745,
          54.74775
        ],
        [
          20.5775,
          54.74772
        ],
        [
          20.5775399,
          54.7476999
        ],
        [
          20.57759,
          54.74768
        ],
        [
          20.57763,
          54.7476599
        ],
        [
          20.5776699,
          54.74764
        ],
        [
          20.5777099,
          54.74762
        ],
        [
          20.5777399,
          54.7475999
        ],
        [
          20.57778,
          54.74759
        ],
        [
          20.57781,
          54.7475999
        ],
        [
          20.57781,
          54.7475999
        ],
        [
          20.57781,
          54.7475999
        ],
        [
          20.57781,
          54.7475999
        ],
        [
          20.57781,
          54.7475999
        ],
        [
          20.57791,
          54.7475599
        ],
        [
          20.5779399,
          54.74755
        ],
        [
          20.5779699,
          54.7475299
        ],
        [
          20.57799,
          54.74751
        ],
        [
          20.57802,
          54.7474999
        ],
        [
          20.57805,
          54.7474699
        ],
        [
          20.57809,
          54.74745
        ],
        [
          20.57812,
          54.7474299
        ],
        [
          20.57815,
          54.74741
        ],
        [
          20.5781899,
          54.74739
        ],
        [
          20.5782299,
          54.7473699
        ],
        [
          20.57827,
          54.74735
        ],
        [
          20.5782999,
          54.74733
        ],
        [
          20.57834,
          54.7473099
        ],
        [
          20.57837,
          54.74729
        ],
        [
          20.57841,
          54.7472699
        ],
        [
          20.57844,
          54.74725
        ],
        [
          20.57847,
          54.7472399
        ],
        [
          20.57851,
          54.74722
        ],
        [
          20.57854,
          54.7472099
        ],
        [
          20.57858,
          54.74719
        ],
        [
          20.57861,
          54.7471699
        ],
        [
          20.57864,
          54.74715
        ],
        [
          20.57867,
          54.74713
        ],
        [
          20.5787,
          54.7471099
        ],
        [
          20.5787,
          54.7471099
        ],
        [
          20.5787,
          54.7471099
        ],
        [
          20.5787,
          54.7471099
        ],
        [
          20.5787,
          54.7471099
        ],
        [
          20.5787,
          54.7471099
        ],
        [
          20.57874,
          54.74709
        ],
        [
          20.57877,
          54.7470799
        ],
        [
          20.57881,
          54.7470699
        ],
        [
          20.5788499,
          54.74705
        ],
        [
          20.5788899,
          54.7470399
        ],
        [
          20.57893,
          54.74703
        ],
        [
          20.57896,
          54.7470099
        ],
        [
          20.579,
          54.7470099
        ],
        [
          20.5790499,
          54.747
        ],
        [
          20.57909,
          54.7469799
        ],
        [
          20.57913,
          54.7469699
        ],
        [
          20.5791799,
          54.74696
        ],
        [
          20.5792099,
          54.7469399
        ],
        [
          20.5792399,
          54.74692
        ],
        [
          20.5792799,
          54.7469
        ],
        [
          20.5793099,
          54.74689
        ],
        [
          20.5793499,
          54.74689
        ],
        [
          20.5793799,
          54.7469
        ],
        [
          20.5794099,
          54.74692
        ],
        [
          20.5794399,
          54.7469399
        ],
        [
          20.5794699,
          54.74696
        ],
        [
          20.5795,
          54.7469799
        ],
        [
          20.57953,
          54.747
        ],
        [
          20.57956,
          54.7470099
        ],
        [
          20.57959,
          54.74703
        ],
        [
          20.57962,
          54.74706
        ],
        [
          20.57966,
          54.7470799
        ],
        [
          20.57969,
          54.7471
        ],
        [
          20.57973,
          54.74712
        ],
        [
          20.5797699,
          54.7471399
        ],
        [
          20.5798099,
          54.74716
        ],
        [
          20.57985,
          54.74718
        ],
        [
          20.57988,
          54.7471999
        ],
        [
          20.57992,
          54.74723
        ],
        [
          20.57996,
          54.74725
        ],
        [
          20.5800299,
          54.74729
        ],
        [
          20.5800299,
          54.74729
        ],
        [
          20.58005,
          54.7473099
        ],
        [
          20.58005,
          54.74733
        ],
        [
          20.5800399,
          54.74735
        ],
        [
          20.58002,
          54.74736
        ],
        [
          20.57999,
          54.7473699
        ],
        [
          20.57995,
          54.74741
        ],
        [
          20.57992,
          54.74742
        ],
        [
          20.57989,
          54.7474399
        ],
        [
          20.5798699,
          54.74745
        ],
        [
          20.5798399,
          54.7474699
        ],
        [
          20.57982,
          54.74748
        ],
        [
          20.5797999,
          54.74749
        ],
        [
          20.5797999,
          54.74749
        ],
        [
          20.57978,
          54.74748
        ],
        [
          20.57975,
          54.74748
        ],
        [
          20.5796999,
          54.7474399
        ],
        [
          20.57968,
          54.7474299
        ],
        [
          20.57965,
          54.74741
        ],
        [
          20.57963,
          54.7473999
        ],
        [
          20.57963,
          54.7473999
        ],
        [
          20.5796,
          54.74738
        ],
        [
          20.5795799,
          54.7473699
        ],
        [
          20.57955,
          54.74736
        ],
        [
          20.57952,
          54.7473399
        ],
        [
          20.5795,
          54.74732
        ],
        [
          20.5794699,
          54.7472999
        ],
        [
          20.5794499,
          54.74729
        ],
        [
          20.57942,
          54.7472699
        ],
        [
          20.5793799,
          54.74725
        ],
        [
          20.5793799,
          54.74725
        ],
        [
          20.57936,
          54.7472399
        ],
        [
          20.5793399,
          54.7472399
        ],
        [
          20.57932,
          54.74723
        ],
        [
          20.5793,
          54.7472399
        ],
        [
          20.5792799,
          54.7472399
        ]
      ],
      [
        [
          20.58008,
          54.74741
        ],
        [
          20.58015,
          54.74738
        ],
        [
          20.58021,
          54.74735
        ],
        [
          20.5802599,
          54.74732
        ],
        [
          20.58031,
          54.7472999
        ],
        [
          20.58037,
          54.74728
        ],
        [
          20.58041,
          54.74725
        ],
        [
          20.58041,
          54.74722
        ],
        [
          20.5803999,
          54.74718
        ],
        [
          20.58037,
          54.74715
        ],
        [
          20.5803299,
          54.74713
        ],
        [
          20.58029,
          54.7471
        ],
        [
          20.5802599,
          54.7470799
        ],
        [
          20.58022,
          54.74705
        ],
        [
          20.58018,
          54.74703
        ],
        [
          20.58015,
          54.7470099
        ],
        [
          20.58012,
          54.747
        ],
        [
          20.58009,
          54.7469799
        ],
        [
          20.58006,
          54.74696
        ],
        [
          20.58002,
          54.7469399
        ],
        [
          20.57998,
          54.74692
        ],
        [
          20.5799399,
          54.7469
        ],
        [
          20.5798999,
          54.7468799
        ],
        [
          20.57985,
          54.7468499
        ],
        [
          20.5798099,
          54.74683
        ],
        [
          20.57976,
          54.7468099
        ],
        [
          20.57972,
          54.74679
        ],
        [
          20.5796699,
          54.74676
        ],
        [
          20.57962,
          54.74673
        ],
        [
          20.57959,
          54.7467099
        ],
        [
          20.57955,
          54.7466799
        ],
        [
          20.5795099,
          54.74667
        ],
        [
          20.5794799,
          54.7466499
        ],
        [
          20.5794499,
          54.74664
        ],
        [
          20.5794099,
          54.74663
        ],
        [
          20.5793799,
          54.74663
        ],
        [
          20.5793499,
          54.74663
        ],
        [
          20.57933,
          54.74664
        ],
        [
          20.5793,
          54.7466499
        ],
        [
          20.5792799,
          54.74666
        ],
        [
          20.57926,
          54.7466799
        ],
        [
          20.57923,
          54.7467
        ],
        [
          20.5792099,
          54.7467099
        ],
        [
          20.57919,
          54.74673
        ],
        [
          20.57917,
          54.7467399
        ],
        [
          20.5791499,
          54.7467499
        ],
        [
          20.57913,
          54.74676
        ],
        [
          20.5791099,
          54.74677
        ],
        [
          20.5790799,
          54.74677
        ],
        [
          20.5790499,
          54.7467799
        ],
        [
          20.5790199,
          54.74679
        ],
        [
          20.579,
          54.7468
        ],
        [
          20.57896,
          54.7468099
        ],
        [
          20.5789199,
          54.74682
        ],
        [
          20.57887,
          54.74682
        ],
        [
          20.57883,
          54.74683
        ],
        [
          20.57878,
          54.7468499
        ],
        [
          20.57874,
          54.74687
        ],
        [
          20.5787,
          54.7469
        ],
        [
          20.5786599,
          54.74692
        ],
        [
          20.5786199,
          54.7469399
        ],
        [
          20.57858,
          54.74696
        ],
        [
          20.57854,
          54.74699
        ],
        [
          20.57851,
          54.7470099
        ],
        [
          20.57847,
          54.74703
        ],
        [
          20.5784199,
          54.74706
        ],
        [
          20.57838,
          54.7470799
        ],
        [
          20.57834,
          54.7471
        ],
        [
          20.5782999,
          54.74712
        ],
        [
          20.5782599,
          54.7471399
        ],
        [
          20.5782299,
          54.7471699
        ],
        [
          20.5781899,
          54.7471999
        ],
        [
          20.57815,
          54.74722
        ],
        [
          20.5780999,
          54.74725
        ],
        [
          20.5780599,
          54.74728
        ],
        [
          20.57802,
          54.7472999
        ],
        [
          20.57799,
          54.74733
        ],
        [
          20.57795,
          54.74736
        ],
        [
          20.57791,
          54.74738
        ],
        [
          20.5778699,
          54.7473999
        ],
        [
          20.5778399,
          54.74741
        ],
        [
          20.5777999,
          54.7474399
        ],
        [
          20.57776,
          54.74746
        ],
        [
          20.5777299,
          54.74748
        ],
        [
          20.5776999,
          54.74751
        ],
        [
          20.5776699,
          54.7475299
        ],
        [
          20.5776399,
          54.7475599
        ],
        [
          20.5776099,
          54.74758
        ],
        [
          20.57758,
          54.74761
        ],
        [
          20.5775399,
          54.74764
        ],
        [
          20.5775,
          54.7476699
        ],
        [
          20.57746,
          54.74769
        ],
        [
          20.5774099,
          54.74772
        ],
        [
          20.57735,
          54.74774
        ],
        [
          20.5773,
          54.7477599
        ],
        [
          20.5772399,
          54.74778
        ],
        [
          20.57719,
          54.7477999
        ],
        [
          20.57713,
          54.7478299
        ],
        [
          20.57707,
          54.74784
        ],
        [
          20.577,
          54.74785
        ],
        [
          20.57693,
          54.7478599
        ],
        [
          20.57687,
          54.7478599
        ],
        [
          20.5768,
          54.74787
        ],
        [
          20.57673,
          54.74787
        ],
        [
          20.57666,
          54.74787
        ],
        [
          20.5765899,
          54.74787
        ],
        [
          20.57654,
          54.74788
        ],
        [
          20.5764899,
          54.7478999
        ],
        [
          20.5764599,
          54.7479299
        ],
        [
          20.5764599,
          54.74797
        ],
        [
          20.5764499,
          54.748
        ],
        [
          20.5764499,
          54.74804
        ],
        [
          20.57644,
          54.74808
        ],
        [
          20.57644,
          54.7481199
        ],
        [
          20.57644,
          54.74817
        ],
        [
          20.57644,
          54.74821
        ],
        [
          20.57644,
          54.7482499
        ],
        [
          20.57644,
          54.7483
        ],
        [
          20.57644,
          54.74834
        ],
        [
          20.5764499,
          54.7483899
        ],
        [
          20.5764599,
          54.74844
        ],
        [
          20.5764599,
          54.7484899
        ],
        [
          20.5764599,
          54.74853
        ],
        [
          20.57647,
          54.7485799
        ],
        [
          20.57647,
          54.74863
        ],
        [
          20.57647,
          54.74867
        ],
        [
          20.57648,
          54.7487199
        ],
        [
          20.5764899,
          54.74876
        ],
        [
          20.5764899,
          54.7488
        ],
        [
          20.5764899,
          54.74884
        ],
        [
          20.5764899,
          54.7488799
        ],
        [
          20.5765,
          54.7489099
        ],
        [
          20.5765,
          54.7489399
        ],
        [
          20.57651,
          54.74896
        ],
        [
          20.57651,
          54.74896
        ],
        [
          20.57651,
          54.74896
        ],
        [
          20.57651,
          54.74896
        ],
        [
          20.57647,
          54.749
        ],
        [
          20.57644,
          54.7490099
        ],
        [
          20.5763899,
          54.74903
        ],
        [
          20.5763599,
          54.74906
        ],
        [
          20.57634,
          54.74909
        ],
        [
          20.5763299,
          54.74912
        ],
        [
          20.5763199,
          54.74916
        ],
        [
          20.5762899,
          54.74919
        ],
        [
          20.57625,
          54.74922
        ],
        [
          20.5761899,
          54.74925
        ],
        [
          20.57612,
          54.7492699
        ],
        [
          20.57605,
          54.7492799
        ],
        [
          20.5759699,
          54.7492999
        ],
        [
          20.57588,
          54.7493099
        ],
        [
          20.57579,
          54.74932
        ],
        [
          20.5756999,
          54.7493399
        ],
        [
          20.57561,
          54.74935
        ],
        [
          20.57552,
          54.7493699
        ],
        [
          20.57542,
          54.74938
        ],
        [
          20.57533,
          54.74939
        ],
        [
          20.5752399,
          54.7494099
        ],
        [
          20.5751399,
          54.74942
        ],
        [
          20.5750499,
          54.7494399
        ],
        [
          20.57496,
          54.74946
        ],
        [
          20.5748799,
          54.7494699
        ],
        [
          20.57479,
          54.74949
        ],
        [
          20.5747,
          54.7494999
        ],
        [
          20.57461,
          54.74951
        ],
        [
          20.5745199,
          54.74952
        ],
        [
          20.5744199,
          54.7495399
        ],
        [
          20.57433,
          54.7495399
        ],
        [
          20.5742299,
          54.74955
        ],
        [
          20.5741299,
          54.74956
        ],
        [
          20.57404,
          54.7495699
        ],
        [
          20.57394,
          54.74959
        ],
        [
          20.57385,
          54.74961
        ],
        [
          20.57375,
          54.7496299
        ],
        [
          20.5736599,
          54.74965
        ],
        [
          20.5735699,
          54.7496699
        ],
        [
          20.5734699,
          54.74968
        ],
        [
          20.5733699,
          54.7496999
        ],
        [
          20.57328,
          54.74972
        ],
        [
          20.5731799,
          54.7497299
        ],
        [
          20.5730799,
          54.74975
        ],
        [
          20.5729799,
          54.7497599
        ],
        [
          20.5728799,
          54.74978
        ],
        [
          20.5727799,
          54.74979
        ],
        [
          20.57269,
          54.74981
        ],
        [
          20.57259,
          54.74982
        ],
        [
          20.5724899,
          54.74984
        ],
        [
          20.5723899,
          54.74985
        ],
        [
          20.5722899,
          54.7498599
        ],
        [
          20.5721899,
          54.74988
        ],
        [
          20.5720899,
          54.74989
        ],
        [
          20.5719899,
          54.74991
        ],
        [
          20.57188,
          54.7499299
        ],
        [
          20.57178,
          54.74994
        ],
        [
          20.57168,
          54.7499599
        ],
        [
          20.5715699,
          54.74997
        ],
        [
          20.5714699,
          54.7499899
        ],
        [
          20.57136,
          54.75001
        ],
        [
          20.57126,
          54.75002
        ],
        [
          20.57116,
          54.75004
        ],
        [
          20.57105,
          54.75005
        ],
        [
          20.57095,
          54.75007
        ],
        [
          20.57085,
          54.7500899
        ],
        [
          20.5707499,
          54.7500999
        ],
        [
          20.5706399,
          54.75012
        ],
        [
          20.57054,
          54.7501299
        ],
        [
          20.57044,
          54.75015
        ],
        [
          20.57034,
          54.75017
        ],
        [
          20.57024,
          54.7501899
        ],
        [
          20.57014,
          54.75021
        ],
        [
          20.57003,
          54.7502299
        ],
        [
          20.5699299,
          54.75025
        ],
        [
          20.5698299,
          54.75027
        ],
        [
          20.5697299,
          54.7503
        ],
        [
          20.5696299,
          54.7503199
        ],
        [
          20.5695299,
          54.75034
        ],
        [
          20.56944,
          54.75037
        ],
        [
          20.56934,
          54.7503899
        ],
        [
          20.56925,
          54.7504199
        ],
        [
          20.56915,
          54.7504499
        ],
        [
          20.56906,
          54.75048
        ],
        [
          20.56896,
          54.7505
        ],
        [
          20.5688699,
          54.75053
        ],
        [
          20.5687799,
          54.7505599
        ],
        [
          20.56869,
          54.7506
        ],
        [
          20.5686,
          54.75063
        ],
        [
          20.5685099,
          54.75067
        ],
        [
          20.5684199,
          54.7507
        ],
        [
          20.5683199,
          54.75074
        ],
        [
          20.56823,
          54.75077
        ],
        [
          20.5681499,
          54.7508099
        ],
        [
          20.56806,
          54.75084
        ],
        [
          20.56798,
          54.75087
        ],
        [
          20.5679,
          54.7509099
        ],
        [
          20.5678199,
          54.75093
        ],
        [
          20.56775,
          54.75096
        ],
        [
          20.5676599,
          54.7509799
        ],
        [
          20.56758,
          54.75099
        ],
        [
          20.5674999,
          54.7509799
        ],
        [
          20.56744,
          54.7509499
        ],
        [
          20.56738,
          54.75093
        ],
        [
          20.56734,
          54.7509099
        ],
        [
          20.5672999,
          54.75087
        ],
        [
          20.5672599,
          54.7508499
        ],
        [
          20.5672299,
          54.7508199
        ],
        [
          20.56721,
          54.75079
        ],
        [
          20.5671999,
          54.7507499
        ],
        [
          20.56718,
          54.7507199
        ],
        [
          20.5671699,
          54.7506899
        ],
        [
          20.56716,
          54.75066
        ],
        [
          20.56715,
          54.75063
        ],
        [
          20.5671399,
          54.7506199
        ],
        [
          20.56712,
          54.7506
        ],
        [
          20.56711,
          54.7505799
        ],
        [
          20.5670999,
          54.7505499
        ],
        [
          20.5670999,
          54.75053
        ],
        [
          20.56709,
          54.75051
        ],
        [
          20.56708,
          54.7505
        ],
        [
          20.56706,
          54.7504899
        ],
        [
          20.5670299,
          54.75048
        ],
        [
          20.5669999,
          54.75048
        ],
        [
          20.56695,
          54.7504899
        ],
        [
          20.5668999,
          54.7505
        ],
        [
          20.56686,
          54.7505
        ],
        [
          20.5668399,
          54.7505
        ],
        [
          20.56682,
          54.7505
        ],
        [
          20.56679,
          54.7505
        ],
        [
          20.5667699,
          54.75051
        ],
        [
          20.5667399,
          54.75051
        ],
        [
          20.5667,
          54.75051
        ],
        [
          20.56665,
          54.7505199
        ],
        [
          20.5666,
          54.7505199
        ],
        [
          20.5665399,
          54.7505199
        ],
        [
          20.56647,
          54.75053
        ],
        [
          20.5664,
          54.75053
        ],
        [
          20.56633,
          54.75054
        ],
        [
          20.56626,
          54.75054
        ],
        [
          20.56619,
          54.7505499
        ],
        [
          20.56613,
          54.7505499
        ],
        [
          20.5660799,
          54.7505499
        ],
        [
          20.5660199,
          54.7505499
        ],
        [
          20.56596,
          54.7505499
        ],
        [
          20.5659,
          54.7505599
        ],
        [
          20.5658499,
          54.7505799
        ],
        [
          20.56581,
          54.7505899
        ],
        [
          20.56578,
          54.7505899
        ],
        [
          20.5657599,
          54.7506
        ],
        [
          20.56573,
          54.7506
        ],
        [
          20.5657,
          54.75061
        ],
        [
          20.56565,
          54.75061
        ],
        [
          20.56561,
          54.7506199
        ],
        [
          20.5655599,
          54.7506199
        ],
        [
          20.5655199,
          54.7506199
        ],
        [
          20.5655199,
          54.7506199
        ],
        [
          20.5655199,
          54.7506199
        ],
        [
          20.5655199,
          54.7506199
        ],
        [
          20.5655199,
          54.7506199
        ],
        [
          20.5655199,
          54.7506199
        ],
        [
          20.56544,
          54.75061
        ],
        [
          20.5653999,
          54.75061
        ],
        [
          20.56535,
          54.7506199
        ],
        [
          20.5652999,
          54.7506199
        ],
        [
          20.56524,
          54.75063
        ],
        [
          20.56518,
          54.75063
        ],
        [
          20.56512,
          54.75064
        ],
        [
          20.56505,
          54.75064
        ],
        [
          20.56499,
          54.75064
        ],
        [
          20.5649299,
          54.7506499
        ],
        [
          20.5648699,
          54.7506499
        ],
        [
          20.56482,
          54.7506499
        ],
        [
          20.5647699,
          54.7506499
        ],
        [
          20.56473,
          54.7506499
        ],
        [
          20.56469,
          54.7506499
        ],
        [
          20.56465,
          54.7506499
        ],
        [
          20.5646099,
          54.7506499
        ],
        [
          20.5645699,
          54.7506499
        ],
        [
          20.5645399,
          54.7506499
        ],
        [
          20.5645099,
          54.7506499
        ],
        [
          20.5644799,
          54.75066
        ],
        [
          20.5644399,
          54.75066
        ],
        [
          20.56442,
          54.75066
        ],
        [
          20.56439,
          54.75066
        ],
        [
          20.56437,
          54.75066
        ],
        [
          20.5643399,
          54.75067
        ],
        [
          20.56432,
          54.75067
        ],
        [
          20.56429,
          54.7506799
        ],
        [
          20.56427,
          54.7506799
        ],
        [
          20.5642499,
          54.7506799
        ],
        [
          20.56422,
          54.7506799
        ],
        [
          20.5642,
          54.7506899
        ],
        [
          20.5641799,
          54.7507
        ],
        [
          20.5641499,
          54.7507
        ],
        [
          20.5641199,
          54.7507
        ],
        [
          20.56409,
          54.75071
        ],
        [
          20.56407,
          54.75071
        ],
        [
          20.56403,
          54.7507199
        ],
        [
          20.56403,
          54.7507199
        ],
        [
          20.56403,
          54.7507199
        ],
        [
          20.56403,
          54.7507199
        ],
        [
          20.56406,
          54.7506799
        ],
        [
          20.5641099,
          54.75066
        ],
        [
          20.56417,
          54.75064
        ],
        [
          20.56423,
          54.7506199
        ],
        [
          20.56429,
          54.7506
        ],
        [
          20.56436,
          54.7505899
        ],
        [
          20.5644399,
          54.7505799
        ],
        [
          20.56452,
          54.7505799
        ],
        [
          20.56459,
          54.7505799
        ],
        [
          20.56466,
          54.7505799
        ],
        [
          20.56472,
          54.75057
        ],
        [
          20.56476,
          54.7505599
        ],
        [
          20.56478,
          54.7505499
        ],
        [
          20.5647999,
          54.7505499
        ],
        [
          20.5648099,
          54.75054
        ],
        [
          20.5647999,
          54.75054
        ],
        [
          20.56479,
          54.75054
        ],
        [
          20.56479,
          54.75054
        ],
        [
          20.56479,
          54.75054
        ],
        [
          20.56479,
          54.75054
        ],
        [
          20.56473,
          54.7505499
        ],
        [
          20.56472,
          54.7505599
        ],
        [
          20.56469,
          54.75057
        ],
        [
          20.56466,
          54.7505799
        ],
        [
          20.5646099,
          54.7505799
        ],
        [
          20.56456,
          54.7505899
        ],
        [
          20.5645099,
          54.7505899
        ],
        [
          20.56446,
          54.7506
        ],
        [
          20.5644099,
          54.7506
        ],
        [
          20.56436,
          54.7506
        ],
        [
          20.5643099,
          54.75061
        ],
        [
          20.5642499,
          54.7506199
        ],
        [
          20.5642,
          54.75063
        ],
        [
          20.56416,
          54.7506499
        ],
        [
          20.5641099,
          54.7506799
        ],
        [
          20.56407,
          54.7507
        ],
        [
          20.56403,
          54.75071
        ],
        [
          20.5640099,
          54.75073
        ],
        [
          20.56399,
          54.75073
        ],
        [
          20.56396,
          54.75073
        ],
        [
          20.56393,
          54.75074
        ],
        [
          20.5638899,
          54.75074
        ],
        [
          20.5638499,
          54.7507499
        ],
        [
          20.5638,
          54.7507499
        ],
        [
          20.56376,
          54.7507499
        ],
        [
          20.56371,
          54.7507499
        ],
        [
          20.56367,
          54.75076
        ],
        [
          20.5636199,
          54.75076
        ],
        [
          20.56357,
          54.75077
        ],
        [
          20.56351,
          54.7507799
        ],
        [
          20.5634599,
          54.7507799
        ],
        [
          20.56341,
          54.7507799
        ],
        [
          20.56335,
          54.75079
        ],
        [
          20.5632899,
          54.75079
        ],
        [
          20.5632299,
          54.75079
        ],
        [
          20.56317,
          54.7508
        ],
        [
          20.56312,
          54.7508099
        ],
        [
          20.5630599,
          54.7508099
        ],
        [
          20.5629999,
          54.7508199
        ],
        [
          20.5629599,
          54.7508199
        ],
        [
          20.56291,
          54.7508199
        ],
        [
          20.56286,
          54.7508199
        ],
        [
          20.56282,
          54.7508199
        ],
        [
          20.56282,
          54.7508199
        ],
        [
          20.56282,
          54.7508199
        ],
        [
          20.56282,
          54.7508199
        ],
        [
          20.56276,
          54.75086
        ],
        [
          20.5627299,
          54.75086
        ],
        [
          20.5626999,
          54.75087
        ],
        [
          20.56266,
          54.75087
        ],
        [
          20.56262,
          54.75087
        ],
        [
          20.56256,
          54.7508799
        ],
        [
          20.5625099,
          54.75089
        ],
        [
          20.56245,
          54.75089
        ],
        [
          20.56239,
          54.7509
        ],
        [
          20.56233,
          54.7509
        ],
        [
          20.56229,
          54.7509099
        ],
        [
          20.56226,
          54.7509099
        ],
        [
          20.56223,
          54.7509099
        ],
        [
          20.5622099,
          54.7509099
        ],
        [
          20.5621799,
          54.7509099
        ],
        [
          20.5621499,
          54.7509099
        ],
        [
          20.5621,
          54.7509199
        ],
        [
          20.5620499,
          54.75093
        ],
        [
          20.56199,
          54.75093
        ],
        [
          20.56193,
          54.75094
        ],
        [
          20.56187,
          54.7509499
        ],
        [
          20.5618099,
          54.7509499
        ],
        [
          20.56174,
          54.75097
        ],
        [
          20.56167,
          54.7509799
        ],
        [
          20.5616,
          54.75099
        ],
        [
          20.5615199,
          54.751
        ],
        [
          20.5614499,
          54.7510099
        ],
        [
          20.56138,
          54.75102
        ],
        [
          20.5613,
          54.7510399
        ],
        [
          20.5612299,
          54.7510499
        ],
        [
          20.56115,
          54.75107
        ],
        [
          20.56108,
          54.7510799
        ],
        [
          20.5609999,
          54.7511
        ],
        [
          20.56092,
          54.75112
        ],
        [
          20.56084,
          54.75113
        ],
        [
          20.5607599,
          54.7511499
        ],
        [
          20.56068,
          54.75116
        ],
        [
          20.5605999,
          54.7511799
        ],
        [
          20.56052,
          54.75119
        ],
        [
          20.5604399,
          54.7512099
        ],
        [
          20.56036,
          54.75122
        ],
        [
          20.5602699,
          54.75123
        ],
        [
          20.56019,
          54.7512399
        ],
        [
          20.5601099,
          54.75126
        ],
        [
          20.56002,
          54.7512699
        ],
        [
          20.55993,
          54.75129
        ],
        [
          20.5598499,
          54.7513
        ],
        [
          20.55976,
          54.75132
        ],
        [
          20.5596799,
          54.7513399
        ],
        [
          20.5596,
          54.75136
        ],
        [
          20.55951,
          54.7513699
        ],
        [
          20.55943,
          54.75139
        ],
        [
          20.5593499,
          54.7514
        ],
        [
          20.5592599,
          54.75142
        ],
        [
          20.55917,
          54.7514399
        ],
        [
          20.5590899,
          54.75145
        ],
        [
          20.5589999,
          54.7514699
        ],
        [
          20.55891,
          54.75149
        ],
        [
          20.55882,
          54.7515099
        ],
        [
          20.55874,
          54.75153
        ],
        [
          20.55865,
          54.7515399
        ],
        [
          20.55856,
          54.75156
        ],
        [
          20.5584699,
          54.75158
        ],
        [
          20.55838,
          54.75159
        ],
        [
          20.55829,
          54.7516099
        ],
        [
          20.5581999,
          54.75163
        ],
        [
          20.5581099,
          54.75165
        ],
        [
          20.55802,
          54.75166
        ],
        [
          20.55793,
          54.75168
        ],
        [
          20.5578399,
          54.7516999
        ],
        [
          20.5577499,
          54.75172
        ],
        [
          20.55766,
          54.7517399
        ],
        [
          20.55757,
          54.75175
        ],
        [
          20.5574799,
          54.7517699
        ],
        [
          20.5573899,
          54.75179
        ],
        [
          20.5572899,
          54.75181
        ],
        [
          20.5572,
          54.7518299
        ],
        [
          20.55711,
          54.75185
        ],
        [
          20.55701,
          54.7518699
        ],
        [
          20.55694,
          54.75188
        ],
        [
          20.55688,
          54.75189
        ],
        [
          20.55682,
          54.7518999
        ],
        [
          20.55675,
          54.75192
        ],
        [
          20.55668,
          54.7519299
        ],
        [
          20.55661,
          54.75194
        ],
        [
          20.5565299,
          54.7519599
        ],
        [
          20.5564599,
          54.7519699
        ],
        [
          20.55638,
          54.75198
        ],
        [
          20.5562999,
          54.7519999
        ],
        [
          20.5562299,
          54.75202
        ],
        [
          20.55616,
          54.7520299
        ],
        [
          20.55609,
          54.75204
        ],
        [
          20.5560099,
          54.7520599
        ],
        [
          20.5559399,
          54.7520699
        ],
        [
          20.55586,
          54.7520899
        ],
        [
          20.55579,
          54.7520999
        ],
        [
          20.55572,
          54.75212
        ],
        [
          20.5556399,
          54.7521299
        ],
        [
          20.55556,
          54.75214
        ],
        [
          20.55549,
          54.7521599
        ],
        [
          20.5554099,
          54.75217
        ],
        [
          20.55534,
          54.75218
        ],
        [
          20.55526,
          54.7521999
        ],
        [
          20.5551799,
          54.75222
        ],
        [
          20.5551,
          54.7522299
        ],
        [
          20.5550199,
          54.75225
        ],
        [
          20.55494,
          54.7522599
        ],
        [
          20.55485,
          54.75228
        ],
        [
          20.55477,
          54.7523
        ],
        [
          20.5546999,
          54.75231
        ],
        [
          20.55464,
          54.7523199
        ],
        [
          20.5545999,
          54.75234
        ],
        [
          20.55457,
          54.75234
        ],
        [
          20.5545299,
          54.75235
        ],
        [
          20.5544999,
          54.75235
        ],
        [
          20.55445,
          54.7523599
        ],
        [
          20.5543999,
          54.75237
        ],
        [
          20.55435,
          54.75238
        ],
        [
          20.55429,
          54.7523899
        ],
        [
          20.5542299,
          54.7524
        ],
        [
          20.55416,
          54.75241
        ],
        [
          20.5540999,
          54.7524299
        ],
        [
          20.55403,
          54.75244
        ],
        [
          20.55396,
          54.75245
        ],
        [
          20.55389,
          54.75247
        ],
        [
          20.55382,
          54.75248
        ],
        [
          20.55375,
          54.7525
        ],
        [
          20.5536699,
          54.7525199
        ],
        [
          20.5536,
          54.75253
        ],
        [
          20.55352,
          54.75254
        ],
        [
          20.5534399,
          54.7525599
        ],
        [
          20.55336,
          54.75257
        ],
        [
          20.5532799,
          54.7525899
        ],
        [
          20.5532,
          54.7526
        ],
        [
          20.55313,
          54.75261
        ],
        [
          20.5530499,
          54.75263
        ],
        [
          20.5529899,
          54.75264
        ],
        [
          20.55293,
          54.7526499
        ],
        [
          20.55291,
          54.7526599
        ],
        [
          20.5528899,
          54.7526899
        ],
        [
          20.55287,
          54.75271
        ],
        [
          20.55284,
          54.75273
        ],
        [
          20.55278,
          54.75276
        ],
        [
          20.5527,
          54.75277
        ],
        [
          20.5526199,
          54.7527799
        ],
        [
          20.55254,
          54.7528
        ],
        [
          20.55247,
          54.7528199
        ],
        [
          20.5523999,
          54.75284
        ],
        [
          20.5523299,
          54.7528499
        ],
        [
          20.5522599,
          54.75287
        ],
        [
          20.55218,
          54.7528799
        ],
        [
          20.5520999,
          54.7529
        ],
        [
          20.5520299,
          54.75291
        ],
        [
          20.55195,
          54.75293
        ],
        [
          20.5518699,
          54.75294
        ],
        [
          20.55179,
          54.75296
        ],
        [
          20.5517099,
          54.7529799
        ],
        [
          20.5516399,
          54.753
        ],
        [
          20.5515799,
          54.7530099
        ],
        [
          20.55153,
          54.7530199
        ],
        [
          20.5514799,
          54.75303
        ],
        [
          20.5514499,
          54.75303
        ],
        [
          20.55142,
          54.75304
        ],
        [
          20.55139,
          54.75304
        ],
        [
          20.55137,
          54.7530499
        ],
        [
          20.5513499,
          54.7530499
        ],
        [
          20.55132,
          54.7530499
        ],
        [
          20.5512799,
          54.75306
        ],
        [
          20.55124,
          54.75306
        ],
        [
          20.55119,
          54.75307
        ],
        [
          20.55114,
          54.7530799
        ],
        [
          20.55109,
          54.7530799
        ],
        [
          20.55103,
          54.7531
        ],
        [
          20.55097,
          54.7531099
        ],
        [
          20.55091,
          54.7531199
        ],
        [
          20.55084,
          54.75313
        ],
        [
          20.55077,
          54.75314
        ],
        [
          20.5507,
          54.7531499
        ],
        [
          20.55063,
          54.75316
        ],
        [
          20.5505599,
          54.7531799
        ],
        [
          20.5504899,
          54.75319
        ],
        [
          20.55041,
          54.7532099
        ],
        [
          20.55034,
          54.75322
        ],
        [
          20.55028,
          54.7532399
        ],
        [
          20.55024,
          54.75326
        ],
        [
          20.5501999,
          54.75327
        ],
        [
          20.5501599,
          54.7532799
        ],
        [
          20.55011,
          54.75329
        ],
        [
          20.55005,
          54.75329
        ],
        [
          20.54999,
          54.7533
        ],
        [
          20.5499299,
          54.75332
        ],
        [
          20.5498699,
          54.75333
        ],
        [
          20.5497999,
          54.7533499
        ],
        [
          20.54973,
          54.7533499
        ],
        [
          20.54965,
          54.75336
        ],
        [
          20.5495699,
          54.7533799
        ],
        [
          20.5495,
          54.75339
        ],
        [
          20.54942,
          54.7534
        ],
        [
          20.54935,
          54.75342
        ],
        [
          20.5492799,
          54.75343
        ],
        [
          20.5492,
          54.75345
        ],
        [
          20.54913,
          54.7534699
        ],
        [
          20.5490499,
          54.7534799
        ],
        [
          20.5489799,
          54.75349
        ],
        [
          20.5489,
          54.7535099
        ],
        [
          20.5488199,
          54.75352
        ],
        [
          20.54874,
          54.75353
        ],
        [
          20.5486599,
          54.75355
        ],
        [
          20.5485899,
          54.7535699
        ],
        [
          20.54851,
          54.7535799
        ],
        [
          20.5484299,
          54.75359
        ],
        [
          20.5483599,
          54.7536099
        ],
        [
          20.54828,
          54.75363
        ],
        [
          20.54821,
          54.7536399
        ],
        [
          20.54814,
          54.75365
        ],
        [
          20.5480599,
          54.75366
        ],
        [
          20.54799,
          54.7536699
        ],
        [
          20.54792,
          54.75369
        ],
        [
          20.54785,
          54.7536999
        ],
        [
          20.54778,
          54.75372
        ],
        [
          20.54771,
          54.75373
        ],
        [
          20.5476299,
          54.7537399
        ],
        [
          20.54756,
          54.75376
        ],
        [
          20.54748,
          54.7537699
        ],
        [
          20.5473999,
          54.75379
        ],
        [
          20.54732,
          54.7537999
        ],
        [
          20.5472399,
          54.75382
        ],
        [
          20.5471699,
          54.7538299
        ],
        [
          20.5471,
          54.75385
        ],
        [
          20.54702,
          54.75386
        ],
        [
          20.5469499,
          54.75388
        ],
        [
          20.54687,
          54.75389
        ],
        [
          20.5468,
          54.75391
        ],
        [
          20.5467199,
          54.7539299
        ],
        [
          20.5466499,
          54.7539399
        ],
        [
          20.5465799,
          54.75396
        ],
        [
          20.54653,
          54.7539699
        ],
        [
          20.54648,
          54.7539699
        ],
        [
          20.5464499,
          54.75396
        ],
        [
          20.54641,
          54.7539299
        ],
        [
          20.54638,
          54.7538999
        ],
        [
          20.54633,
          54.75388
        ],
        [
          20.54628,
          54.75385
        ],
        [
          20.5462199,
          54.7538299
        ],
        [
          20.5461599,
          54.75381
        ],
        [
          20.5460899,
          54.75379
        ],
        [
          20.54602,
          54.75376
        ],
        [
          20.5459599,
          54.7537399
        ],
        [
          20.5458999,
          54.7537099
        ],
        [
          20.54584,
          54.7536699
        ],
        [
          20.54578,
          54.7536399
        ],
        [
          20.54571,
          54.75363
        ],
        [
          20.5456299,
          54.75363
        ],
        [
          20.54555,
          54.7536399
        ],
        [
          20.54548,
          54.7536399
        ],
        [
          20.5454099,
          54.75365
        ],
        [
          20.5453399,
          54.75366
        ],
        [
          20.54528,
          54.7536399
        ],
        [
          20.54523,
          54.75362
        ],
        [
          20.54519,
          54.75359
        ],
        [
          20.5451699,
          54.75356
        ],
        [
          20.54515,
          54.75353
        ],
        [
          20.54512,
          54.7535
        ],
        [
          20.54509,
          54.7534799
        ],
        [
          20.54505,
          54.75345
        ],
        [
          20.5450099,
          54.75343
        ],
        [
          20.54497,
          54.7534
        ],
        [
          20.54493,
          54.7533699
        ],
        [
          20.54489,
          54.7533399
        ],
        [
          20.5448499,
          54.75332
        ],
        [
          20.54483,
          54.7533
        ],
        [
          20.5448099,
          54.7532799
        ],
        [
          20.54479,
          54.75326
        ],
        [
          20.54476,
          54.7532399
        ],
        [
          20.54473,
          54.7532099
        ],
        [
          20.5447,
          54.75319
        ],
        [
          20.5446799,
          54.75316
        ],
        [
          20.5446499,
          54.75314
        ],
        [
          20.5446199,
          54.7531099
        ],
        [
          20.5446,
          54.75309
        ],
        [
          20.54457,
          54.75307
        ],
        [
          20.5445499,
          54.75306
        ],
        [
          20.5445199,
          54.75304
        ],
        [
          20.5445,
          54.7530199
        ],
        [
          20.5444799,
          54.753
        ],
        [
          20.5444499,
          54.7529799
        ],
        [
          20.5444199,
          54.7529499
        ],
        [
          20.5443899,
          54.75293
        ],
        [
          20.5443599,
          54.7529
        ],
        [
          20.54433,
          54.7528799
        ],
        [
          20.5443,
          54.75286
        ],
        [
          20.54428,
          54.75284
        ],
        [
          20.5442499,
          54.75283
        ],
        [
          20.54423,
          54.75281
        ],
        [
          20.5441899,
          54.7527899
        ],
        [
          20.5441599,
          54.75276
        ],
        [
          20.5441199,
          54.75274
        ],
        [
          20.5440899,
          54.75273
        ],
        [
          20.54405,
          54.75271
        ],
        [
          20.5440199,
          54.7526899
        ],
        [
          20.5439899,
          54.75267
        ],
        [
          20.5439599,
          54.7526499
        ],
        [
          20.5439299,
          54.75263
        ],
        [
          20.5438999,
          54.75261
        ],
        [
          20.5438599,
          54.75258
        ],
        [
          20.5438299,
          54.7525599
        ],
        [
          20.5437999,
          54.7525499
        ],
        [
          20.5437599,
          54.75253
        ],
        [
          20.5437299,
          54.75251
        ],
        [
          20.54369,
          54.75248
        ],
        [
          20.5436599,
          54.75247
        ],
        [
          20.5436299,
          54.75245
        ],
        [
          20.5435999,
          54.75245
        ],
        [
          20.5435699,
          54.75244
        ],
        [
          20.5435599,
          54.75244
        ],
        [
          20.5435599,
          54.75244
        ],
        [
          20.5435599,
          54.75244
        ],
        [
          20.54354,
          54.7523899
        ],
        [
          20.54352,
          54.75237
        ],
        [
          20.54348,
          54.75234
        ],
        [
          20.5434399,
          54.7523199
        ],
        [
          20.5433999,
          54.75231
        ],
        [
          20.54336,
          54.7522899
        ],
        [
          20.5433299,
          54.75227
        ],
        [
          20.54329,
          54.75224
        ],
        [
          20.54325,
          54.75222
        ],
        [
          20.5432099,
          54.7521999
        ],
        [
          20.5431699,
          54.75218
        ],
        [
          20.54313,
          54.75215
        ],
        [
          20.54309,
          54.7521299
        ],
        [
          20.54305,
          54.7520999
        ],
        [
          20.5430099,
          54.7520699
        ],
        [
          20.54296,
          54.75205
        ],
        [
          20.54292,
          54.7520299
        ],
        [
          20.5428799,
          54.75202
        ],
        [
          20.5428499,
          54.7519999
        ],
        [
          20.54282,
          54.75198
        ],
        [
          20.54279,
          54.7519599
        ],
        [
          20.5427499,
          54.75194
        ],
        [
          20.54272,
          54.75191
        ],
        [
          20.5426799,
          54.75189
        ],
        [
          20.5426499,
          54.7518699
        ],
        [
          20.5426199,
          54.7518399
        ],
        [
          20.54259,
          54.75182
        ],
        [
          20.54256,
          54.7517999
        ],
        [
          20.54253,
          54.75179
        ],
        [
          20.54249,
          54.75178
        ],
        [
          20.5424499,
          54.7517699
        ],
        [
          20.54241,
          54.75176
        ],
        [
          20.5423799,
          54.7517399
        ],
        [
          20.54236,
          54.7517399
        ],
        [
          20.54234,
          54.7517299
        ],
        [
          20.5423199,
          54.75171
        ],
        [
          20.5423,
          54.7516999
        ],
        [
          20.5422799,
          54.7516699
        ],
        [
          20.5422499,
          54.75165
        ],
        [
          20.5422199,
          54.75163
        ],
        [
          20.5421899,
          54.7515999
        ],
        [
          20.5421599,
          54.75158
        ],
        [
          20.5421199,
          54.75156
        ],
        [
          20.54208,
          54.7515399
        ],
        [
          20.5420499,
          54.7515099
        ],
        [
          20.5420199,
          54.75149
        ],
        [
          20.5419899,
          54.7514699
        ],
        [
          20.54195,
          54.7514399
        ],
        [
          20.5419199,
          54.75142
        ],
        [
          20.5419,
          54.75139
        ],
        [
          20.5418899,
          54.75136
        ],
        [
          20.54188,
          54.75132
        ],
        [
          20.54184,
          54.7512799
        ],
        [
          20.54178,
          54.75126
        ],
        [
          20.5417299,
          54.75126
        ],
        [
          20.54168,
          54.7512399
        ],
        [
          20.5416299,
          54.75122
        ],
        [
          20.5415899,
          54.75119
        ],
        [
          20.54154,
          54.75116
        ],
        [
          20.54149,
          54.75112
        ],
        [
          20.54144,
          54.75109
        ],
        [
          20.54139,
          54.7510499
        ],
        [
          20.5413399,
          54.75102
        ],
        [
          20.54128,
          54.7509799
        ],
        [
          20.54122,
          54.75094
        ],
        [
          20.54116,
          54.7509
        ],
        [
          20.5411099,
          54.75086
        ],
        [
          20.54105,
          54.75083
        ],
        [
          20.54099,
          54.7507799
        ],
        [
          20.54093,
          54.7507499
        ],
        [
          20.5408699,
          54.7507
        ],
        [
          20.5408099,
          54.75066
        ],
        [
          20.54075,
          54.7506199
        ],
        [
          20.54069,
          54.7505799
        ],
        [
          20.54063,
          54.75054
        ],
        [
          20.54056,
          54.7504899
        ],
        [
          20.5405,
          54.7504499
        ],
        [
          20.54044,
          54.75041
        ],
        [
          20.54037,
          54.7503599
        ],
        [
          20.5403099,
          54.7503199
        ],
        [
          20.5402499,
          54.75028
        ],
        [
          20.5401799,
          54.7502299
        ],
        [
          20.5401199,
          54.7501899
        ],
        [
          20.54007,
          54.75014
        ],
        [
          20.54001,
          54.7500999
        ],
        [
          20.5399499,
          54.7500599
        ],
        [
          20.53988,
          54.75001
        ],
        [
          20.5398199,
          54.74997
        ],
        [
          20.5397599,
          54.7499299
        ],
        [
          20.5397,
          54.74989
        ],
        [
          20.53964,
          54.74984
        ],
        [
          20.53958,
          54.7497999
        ],
        [
          20.53951,
          54.7497599
        ],
        [
          20.53945,
          54.74971
        ],
        [
          20.53939,
          54.7496699
        ],
        [
          20.53932,
          54.7496299
        ],
        [
          20.5392599,
          54.74959
        ],
        [
          20.53919,
          54.74955
        ],
        [
          20.53912,
          54.74951
        ],
        [
          20.5390399,
          54.7494699
        ],
        [
          20.5389699,
          54.7494399
        ],
        [
          20.5389099,
          54.7493999
        ],
        [
          20.5388399,
          54.74936
        ],
        [
          20.5387799,
          54.74932
        ],
        [
          20.53872,
          54.7492799
        ],
        [
          20.5386699,
          54.7492399
        ],
        [
          20.5386,
          54.7492
        ],
        [
          20.5385399,
          54.74916
        ],
        [
          20.53847,
          54.74912
        ],
        [
          20.5384099,
          54.7490699
        ],
        [
          20.53833,
          54.74903
        ],
        [
          20.53826,
          54.74899
        ],
        [
          20.53819,
          54.7489499
        ],
        [
          20.5381199,
          54.7489
        ],
        [
          20.5380499,
          54.74886
        ],
        [
          20.5379899,
          54.7488199
        ],
        [
          20.53793,
          54.7487799
        ],
        [
          20.5378599,
          54.74873
        ],
        [
          20.5378,
          54.74869
        ],
        [
          20.53773,
          54.7486499
        ],
        [
          20.53768,
          54.74861
        ],
        [
          20.5376199,
          54.74856
        ],
        [
          20.53757,
          54.74853
        ],
        [
          20.5375199,
          54.7484799
        ],
        [
          20.5374599,
          54.74844
        ],
        [
          20.53741,
          54.7484
        ],
        [
          20.53735,
          54.7483599
        ],
        [
          20.5372999,
          54.74833
        ],
        [
          20.53725,
          54.7483
        ],
        [
          20.53719,
          54.7482599
        ],
        [
          20.5371299,
          54.74823
        ],
        [
          20.53709,
          54.7481899
        ],
        [
          20.5370399,
          54.74815
        ],
        [
          20.5369999,
          54.74811
        ],
        [
          20.53695,
          54.74808
        ],
        [
          20.5368999,
          54.74805
        ],
        [
          20.53685,
          54.7480299
        ],
        [
          20.5368099,
          54.74801
        ],
        [
          20.53678,
          54.74798
        ],
        [
          20.53675,
          54.7479599
        ],
        [
          20.53672,
          54.74794
        ],
        [
          20.53669,
          54.74791
        ],
        [
          20.53665,
          54.7478899
        ],
        [
          20.5366,
          54.7478599
        ],
        [
          20.53656,
          54.7478299
        ],
        [
          20.53652,
          54.7477999
        ],
        [
          20.5364699,
          54.7477699
        ],
        [
          20.53642,
          54.74774
        ],
        [
          20.53637,
          54.7476999
        ],
        [
          20.53632,
          54.7476699
        ],
        [
          20.53627,
          54.74764
        ],
        [
          20.53622,
          54.74761
        ],
        [
          20.53617,
          54.7475699
        ],
        [
          20.5361199,
          54.7475399
        ],
        [
          20.53607,
          54.7474999
        ],
        [
          20.5360199,
          54.74746
        ],
        [
          20.5359799,
          54.7474299
        ],
        [
          20.53593,
          54.74739
        ],
        [
          20.5358799,
          54.74735
        ],
        [
          20.53583,
          54.7473099
        ],
        [
          20.5357899,
          54.7472699
        ],
        [
          20.5357499,
          54.74723
        ],
        [
          20.53571,
          54.74719
        ],
        [
          20.53567,
          54.74715
        ],
        [
          20.53563,
          54.7471
        ],
        [
          20.5356,
          54.74706
        ],
        [
          20.5355599,
          54.74703
        ],
        [
          20.5355299,
          54.747
        ],
        [
          20.5355,
          54.74696
        ],
        [
          20.53547,
          54.74692
        ],
        [
          20.53545,
          54.74689
        ],
        [
          20.5354299,
          54.74686
        ],
        [
          20.5354199,
          54.74683
        ],
        [
          20.53541,
          54.7468099
        ],
        [
          20.5354,
          54.7468
        ],
        [
          20.5354,
          54.7468
        ],
        [
          20.5354,
          54.7468
        ],
        [
          20.5354,
          54.7468
        ],
        [
          20.5354,
          54.7468
        ],
        [
          20.5354,
          54.7468
        ],
        [
          20.5354,
          54.7468
        ],
        [
          20.5354,
          54.7468
        ],
        [
          20.5352999,
          54.74676
        ],
        [
          20.53527,
          54.74676
        ],
        [
          20.53524,
          54.74677
        ],
        [
          20.5351999,
          54.74679
        ],
        [
          20.53518,
          54.7468
        ],
        [
          20.5351599,
          54.7468
        ],
        [
          20.5351299,
          54.7468099
        ],
        [
          20.53511,
          54.7468099
        ],
        [
          20.53509,
          54.7468
        ],
        [
          20.53508,
          54.74679
        ],
        [
          20.5350699,
          54.74677
        ],
        [
          20.5350599,
          54.74676
        ],
        [
          20.53505,
          54.7467399
        ],
        [
          20.53504,
          54.74672
        ],
        [
          20.5350299,
          54.7467099
        ],
        [
          20.53501,
          54.7467099
        ],
        [
          20.53499,
          54.7467
        ],
        [
          20.5349699,
          54.7467
        ],
        [
          20.53495,
          54.74669
        ],
        [
          20.53491,
          54.7466799
        ],
        [
          20.53486,
          54.74666
        ],
        [
          20.53481,
          54.74664
        ],
        [
          20.53478,
          54.7466199
        ],
        [
          20.53475,
          54.7466
        ],
        [
          20.53471,
          54.7466
        ],
        [
          20.53468,
          54.74659
        ],
        [
          20.53465,
          54.74659
        ],
        [
          20.53463,
          54.7465799
        ],
        [
          20.5345999,
          54.74657
        ],
        [
          20.5345699,
          54.7465499
        ],
        [
          20.5345399,
          54.74653
        ],
        [
          20.53452,
          54.7465
        ],
        [
          20.53449,
          54.7464799
        ],
        [
          20.53448,
          54.74646
        ],
        [
          20.53446,
          54.74643
        ],
        [
          20.53443,
          54.74641
        ],
        [
          20.5344099,
          54.7463899
        ],
        [
          20.53439,
          54.74637
        ],
        [
          20.5343699,
          54.74636
        ],
        [
          20.53435,
          54.74634
        ],
        [
          20.53433,
          54.7463199
        ],
        [
          20.53429,
          54.7463
        ],
        [
          20.5342399,
          54.7462899
        ],
        [
          20.53419,
          54.7462799
        ],
        [
          20.5341399,
          54.7462799
        ],
        [
          20.5341,
          54.7463
        ],
        [
          20.5340499,
          54.7463199
        ],
        [
          20.534,
          54.74633
        ],
        [
          20.53396,
          54.74634
        ],
        [
          20.5339099,
          54.74636
        ],
        [
          20.53386,
          54.7463799
        ],
        [
          20.5338199,
          54.7464
        ],
        [
          20.5337799,
          54.7464199
        ],
        [
          20.5337499,
          54.7464499
        ],
        [
          20.53373,
          54.74647
        ],
        [
          20.5337199,
          54.7464799
        ],
        [
          20.5337,
          54.7465099
        ],
        [
          20.5336899,
          54.7465199
        ],
        [
          20.53366,
          54.74653
        ],
        [
          20.53364,
          54.74654
        ],
        [
          20.5336199,
          54.74654
        ],
        [
          20.53361,
          54.7465499
        ],
        [
          20.5335899,
          54.7465499
        ],
        [
          20.5335899,
          54.7465499
        ],
        [
          20.5335899,
          54.7465499
        ],
        [
          20.5335899,
          54.7465499
        ],
        [
          20.53166,
          54.7459299
        ],
        [
          20.53164,
          54.7459199
        ],
        [
          20.53163,
          54.7459
        ],
        [
          20.53161,
          54.7458899
        ],
        [
          20.5316,
          54.74588
        ],
        [
          20.5315799,
          54.74587
        ],
        [
          20.53156,
          54.74585
        ],
        [
          20.5315499,
          54.74584
        ],
        [
          20.53153,
          54.7458299
        ],
        [
          20.5315199,
          54.74582
        ],
        [
          20.5315199,
          54.74582
        ],
        [
          20.5315899,
          54.7458899
        ],
        [
          20.53161,
          54.7459
        ],
        [
          20.53163,
          54.7459199
        ],
        [
          20.53166,
          54.7459299
        ],
        [
          20.5316799,
          54.74595
        ],
        [
          20.5317099,
          54.74597
        ],
        [
          20.53173,
          54.7459899
        ],
        [
          20.5317499,
          54.74601
        ],
        [
          20.5317799,
          54.7460299
        ],
        [
          20.5318,
          54.7460499
        ],
        [
          20.5318199,
          54.74607
        ],
        [
          20.53184,
          54.7460899
        ],
        [
          20.53186,
          54.74611
        ],
        [
          20.5318799,
          54.74613
        ],
        [
          20.5319099,
          54.7461599
        ],
        [
          20.5319399,
          54.74618
        ],
        [
          20.5319799,
          54.74621
        ],
        [
          20.5320099,
          54.74624
        ],
        [
          20.5320399,
          54.74627
        ],
        [
          20.5320799,
          54.7462899
        ],
        [
          20.5321,
          54.7463199
        ],
        [
          20.53213,
          54.74634
        ],
        [
          20.53216,
          54.74636
        ],
        [
          20.53219,
          54.7463799
        ],
        [
          20.5322099,
          54.74641
        ],
        [
          20.5322399,
          54.74643
        ],
        [
          20.53226,
          54.7464499
        ],
        [
          20.5322799,
          54.74647
        ],
        [
          20.5323,
          54.74649
        ],
        [
          20.53233,
          54.7465099
        ],
        [
          20.53235,
          54.74653
        ],
        [
          20.53238,
          54.7465499
        ],
        [
          20.5323999,
          54.74656
        ],
        [
          20.5324099,
          54.7465799
        ],
        [
          20.5324099,
          54.7465799
        ],
        [
          20.5324099,
          54.7465799
        ],
        [
          20.5324099,
          54.7465799
        ],
        [
          20.5324699,
          54.7466099
        ],
        [
          20.53248,
          54.74663
        ],
        [
          20.5324999,
          54.74663
        ],
        [
          20.5325099,
          54.74664
        ],
        [
          20.5325099,
          54.74664
        ],
        [
          20.5325099,
          54.74664
        ],
        [
          20.5325999,
          54.7467
        ],
        [
          20.5325999,
          54.7467
        ],
        [
          20.5325999,
          54.7467
        ],
        [
          20.5325999,
          54.7467
        ],
        [
          20.5325999,
          54.7467
        ],
        [
          20.5326699,
          54.7466499
        ],
        [
          20.5326699,
          54.74664
        ],
        [
          20.53265,
          54.74663
        ],
        [
          20.53265,
          54.74663
        ],
        [
          20.53265,
          54.74663
        ]
      ],
      [
        [
          20.47343,
          54.95826
        ],
        [
          20.47344,
          54.95829
        ],
        [
          20.47346,
          54.95831
        ],
        [
          20.4734799,
          54.9583299
        ],
        [
          20.4735199,
          54.9583399
        ],
        [
          20.47354,
          54.95836
        ],
        [
          20.47357,
          54.95839
        ],
        [
          20.4735799,
          54.95841
        ],
        [
          20.4736,
          54.9584399
        ],
        [
          20.4736199,
          54.9584699
        ],
        [
          20.4736499,
          54.95849
        ],
        [
          20.47366,
          54.95851
        ],
        [
          20.47367,
          54.95854
        ],
        [
          20.47367,
          54.9585599
        ],
        [
          20.47366,
          54.95858
        ],
        [
          20.47364,
          54.9585999
        ],
        [
          20.47363,
          54.9586299
        ],
        [
          20.4736199,
          54.95865
        ],
        [
          20.4736199,
          54.95867
        ],
        [
          20.4736199,
          54.9586899
        ],
        [
          20.4736099,
          54.95871
        ],
        [
          20.4736199,
          54.9587299
        ],
        [
          20.47364,
          54.95875
        ],
        [
          20.47366,
          54.9587599
        ],
        [
          20.4736799,
          54.95878
        ],
        [
          20.4737,
          54.95881
        ],
        [
          20.47369,
          54.9588299
        ],
        [
          20.47367,
          54.95885
        ],
        [
          20.4736499,
          54.9588599
        ],
        [
          20.47364,
          54.95888
        ],
        [
          20.4736199,
          54.9589
        ],
        [
          20.4736099,
          54.95891
        ],
        [
          20.47359,
          54.9589199
        ],
        [
          20.47356,
          54.95894
        ],
        [
          20.47353,
          54.95894
        ],
        [
          20.47351,
          54.95895
        ],
        [
          20.47351,
          54.9589599
        ],
        [
          20.47351,
          54.95897
        ],
        [
          20.47351,
          54.9589899
        ],
        [
          20.4735199,
          54.959
        ],
        [
          20.4735199,
          54.959
        ],
        [
          20.4735199,
          54.959
        ],
        [
          20.47356,
          54.9589899
        ],
        [
          20.4735799,
          54.95898
        ],
        [
          20.4736,
          54.9589599
        ],
        [
          20.4736199,
          54.95895
        ],
        [
          20.4736499,
          54.9589299
        ],
        [
          20.47369,
          54.95891
        ],
        [
          20.4737099,
          54.9588899
        ],
        [
          20.47374,
          54.95888
        ],
        [
          20.47377,
          54.9588599
        ],
        [
          20.4737799,
          54.95884
        ],
        [
          20.47379,
          54.95881
        ],
        [
          20.4738099,
          54.9587899
        ],
        [
          20.47383,
          54.95877
        ],
        [
          20.47386,
          54.95874
        ],
        [
          20.4738799,
          54.95872
        ],
        [
          20.4739099,
          54.9586899
        ],
        [
          20.47393,
          54.95865
        ],
        [
          20.47393,
          54.95862
        ],
        [
          20.4739099,
          54.95859
        ],
        [
          20.4739099,
          54.95855
        ],
        [
          20.4739099,
          54.95852
        ],
        [
          20.4739,
          54.95849
        ],
        [
          20.4739099,
          54.9584599
        ],
        [
          20.47393,
          54.9584399
        ],
        [
          20.47396,
          54.95842
        ],
        [
          20.4739799,
          54.95841
        ],
        [
          20.4740099,
          54.95839
        ],
        [
          20.47403,
          54.9583699
        ],
        [
          20.47406,
          54.95835
        ],
        [
          20.4740799,
          54.9583399
        ],
        [
          20.4741,
          54.9583299
        ],
        [
          20.47412,
          54.95831
        ],
        [
          20.47413,
          54.95831
        ],
        [
          20.47415,
          54.9582999
        ],
        [
          20.4741699,
          54.95829
        ],
        [
          20.47419,
          54.95828
        ],
        [
          20.4742099,
          54.95826
        ],
        [
          20.47423,
          54.95825
        ],
        [
          20.4742699,
          54.9582399
        ],
        [
          20.47432,
          54.9582399
        ],
        [
          20.4743699,
          54.9582399
        ],
        [
          20.47442,
          54.9582299
        ],
        [
          20.4744699,
          54.9582299
        ],
        [
          20.47452,
          54.9582399
        ],
        [
          20.4745699,
          54.95825
        ],
        [
          20.47461,
          54.95826
        ],
        [
          20.47465,
          54.9582699
        ],
        [
          20.47468,
          54.95828
        ],
        [
          20.47471,
          54.95829
        ],
        [
          20.47474,
          54.9582999
        ],
        [
          20.4747699,
          54.95831
        ],
        [
          20.4747999,
          54.9583299
        ],
        [
          20.47482,
          54.9583399
        ],
        [
          20.47485,
          54.95836
        ],
        [
          20.47488,
          54.9583699
        ],
        [
          20.47491,
          54.95838
        ],
        [
          20.47494,
          54.95839
        ],
        [
          20.47498,
          54.9583999
        ],
        [
          20.4749999,
          54.9583999
        ],
        [
          20.4750299,
          54.9583999
        ],
        [
          20.4750599,
          54.9583999
        ],
        [
          20.4750899,
          54.95839
        ],
        [
          20.47511,
          54.95839
        ],
        [
          20.47514,
          54.95838
        ],
        [
          20.4751599,
          54.9583699
        ],
        [
          20.4751899,
          54.9583699
        ],
        [
          20.4752199,
          54.95836
        ],
        [
          20.4752599,
          54.95835
        ],
        [
          20.4752899,
          54.95835
        ],
        [
          20.4753199,
          54.9583399
        ],
        [
          20.4753599,
          54.9583399
        ],
        [
          20.47538,
          54.9583299
        ],
        [
          20.47541,
          54.9583299
        ],
        [
          20.47544,
          54.9583299
        ],
        [
          20.4754599,
          54.95832
        ],
        [
          20.47548,
          54.95831
        ],
        [
          20.47551,
          54.9582999
        ],
        [
          20.47554,
          54.9582999
        ],
        [
          20.47557,
          54.95828
        ],
        [
          20.4756,
          54.9582699
        ],
        [
          20.47563,
          54.95826
        ],
        [
          20.47566,
          54.95825
        ],
        [
          20.4756899,
          54.9582399
        ],
        [
          20.4757199,
          54.9582299
        ],
        [
          20.4757499,
          54.95822
        ],
        [
          20.47577,
          54.9582099
        ],
        [
          20.4758,
          54.9581999
        ],
        [
          20.4758099,
          54.95819
        ],
        [
          20.4758099,
          54.95819
        ],
        [
          20.4758099,
          54.95819
        ],
        [
          20.4758099,
          54.95819
        ],
        [
          20.4758099,
          54.95819
        ],
        [
          20.4758099,
          54.95819
        ],
        [
          20.4758099,
          54.95819
        ],
        [
          20.4758799,
          54.9581399
        ],
        [
          20.47587,
          54.95815
        ],
        [
          20.47586,
          54.95816
        ],
        [
          20.47584,
          54.9581699
        ],
        [
          20.4758199,
          54.95818
        ],
        [
          20.4758,
          54.95818
        ],
        [
          20.4757799,
          54.95819
        ],
        [
          20.4757499,
          54.9581999
        ],
        [
          20.4757199,
          54.9582099
        ],
        [
          20.4757,
          54.95822
        ],
        [
          20.47567,
          54.9582299
        ],
        [
          20.4756499,
          54.9582399
        ],
        [
          20.47563,
          54.95825
        ],
        [
          20.4756,
          54.95826
        ],
        [
          20.4755899,
          54.9582699
        ],
        [
          20.47556,
          54.95828
        ],
        [
          20.47554,
          54.95828
        ],
        [
          20.47551,
          54.95829
        ],
        [
          20.4755,
          54.9582999
        ],
        [
          20.4755,
          54.95831
        ],
        [
          20.4755199,
          54.9584399
        ],
        [
          20.4755199,
          54.9584399
        ],
        [
          20.4755199,
          54.9584399
        ],
        [
          20.4755199,
          54.9584399
        ],
        [
          20.4755199,
          54.9584399
        ],
        [
          20.4755199,
          54.9584399
        ],
        [
          20.47556,
          54.9584699
        ],
        [
          20.47557,
          54.9584699
        ],
        [
          20.4755899,
          54.95848
        ],
        [
          20.4755899,
          54.95849
        ],
        [
          20.47561,
          54.95851
        ],
        [
          20.4756199,
          54.95851
        ],
        [
          20.47563,
          54.95852
        ],
        [
          20.47564,
          54.9585299
        ],
        [
          20.47567,
          54.95859
        ],
        [
          20.4756799,
          54.9585999
        ],
        [
          20.4756899,
          54.95862
        ],
        [
          20.4756899,
          54.9586299
        ],
        [
          20.4756799,
          54.95865
        ],
        [
          20.47567,
          54.95867
        ],
        [
          20.4756499,
          54.95868
        ],
        [
          20.4756499,
          54.9586999
        ],
        [
          20.47564,
          54.9587299
        ],
        [
          20.47563,
          54.95875
        ],
        [
          20.4756199,
          54.95877
        ],
        [
          20.47561,
          54.9587899
        ],
        [
          20.4755899,
          54.95881
        ],
        [
          20.4755799,
          54.95882
        ],
        [
          20.47557,
          54.95884
        ],
        [
          20.47556,
          54.9588599
        ],
        [
          20.4755499,
          54.95888
        ],
        [
          20.47554,
          54.9588899
        ],
        [
          20.47553,
          54.95891
        ],
        [
          20.4755199,
          54.9589199
        ],
        [
          20.4755199,
          54.95894
        ],
        [
          20.4755199,
          54.95895
        ],
        [
          20.47551,
          54.9589599
        ],
        [
          20.47551,
          54.95897
        ],
        [
          20.4755,
          54.9589899
        ],
        [
          20.4754899,
          54.959
        ],
        [
          20.47548,
          54.95901
        ],
        [
          20.4754599,
          54.95904
        ],
        [
          20.4754499,
          54.9590599
        ],
        [
          20.47543,
          54.95907
        ],
        [
          20.47541,
          54.9590899
        ],
        [
          20.4754,
          54.9591
        ],
        [
          20.4754,
          54.9591199
        ],
        [
          20.4753899,
          54.9591199
        ],
        [
          20.4754,
          54.95913
        ],
        [
          20.4754,
          54.95913
        ],
        [
          20.4754,
          54.95913
        ],
        [
          20.4762399,
          54.9595
        ],
        [
          20.47629,
          54.9595199
        ],
        [
          20.47635,
          54.95953
        ],
        [
          20.47642,
          54.95954
        ],
        [
          20.47648,
          54.95956
        ],
        [
          20.4765399,
          54.95957
        ],
        [
          20.47661,
          54.95959
        ],
        [
          20.47668,
          54.9596
        ],
        [
          20.47675,
          54.9596199
        ],
        [
          20.4768299,
          54.95963
        ],
        [
          20.4768999,
          54.95964
        ],
        [
          20.4769699,
          54.9596499
        ],
        [
          20.47704,
          54.95967
        ],
        [
          20.47711,
          54.95969
        ],
        [
          20.4771899,
          54.9597099
        ],
        [
          20.4772599,
          54.9597199
        ],
        [
          20.47734,
          54.95973
        ],
        [
          20.47741,
          54.9597399
        ],
        [
          20.4774899,
          54.95976
        ],
        [
          20.4775599,
          54.95977
        ],
        [
          20.47764,
          54.9597799
        ],
        [
          20.4777199,
          54.95979
        ],
        [
          20.4777899,
          54.95979
        ],
        [
          20.47786,
          54.9598
        ],
        [
          20.47794,
          54.9598099
        ],
        [
          20.4780099,
          54.95982
        ],
        [
          20.47809,
          54.95983
        ],
        [
          20.47816,
          54.9598399
        ],
        [
          20.4782399,
          54.9598499
        ],
        [
          20.4783099,
          54.95986
        ],
        [
          20.4783799,
          54.95987
        ],
        [
          20.4784399,
          54.95989
        ],
        [
          20.4785099,
          54.9599
        ],
        [
          20.4785699,
          54.9599099
        ],
        [
          20.4786399,
          54.9599099
        ],
        [
          20.47872,
          54.9599099
        ],
        [
          20.47879,
          54.95992
        ],
        [
          20.47885,
          54.95993
        ],
        [
          20.47892,
          54.9599399
        ],
        [
          20.47899,
          54.9599399
        ],
        [
          20.4790599,
          54.9599499
        ],
        [
          20.47912,
          54.95996
        ],
        [
          20.4791899,
          54.9599699
        ],
        [
          20.4792599,
          54.9599699
        ],
        [
          20.4793299,
          54.9599799
        ],
        [
          20.4793899,
          54.95999
        ],
        [
          20.4794599,
          54.96
        ],
        [
          20.4795299,
          54.96
        ],
        [
          20.4796,
          54.9600099
        ],
        [
          20.47968,
          54.96002
        ],
        [
          20.4797499,
          54.96003
        ],
        [
          20.47983,
          54.9600399
        ],
        [
          20.4799,
          54.96005
        ],
        [
          20.47997,
          54.9600699
        ],
        [
          20.48004,
          54.9600799
        ],
        [
          20.4801099,
          54.9600799
        ],
        [
          20.4801799,
          54.9601
        ],
        [
          20.4802499,
          54.9601099
        ],
        [
          20.48032,
          54.96012
        ],
        [
          20.48039,
          54.96013
        ],
        [
          20.48046,
          54.96013
        ],
        [
          20.4805399,
          54.9601399
        ],
        [
          20.48062,
          54.96015
        ],
        [
          20.48069,
          54.96016
        ],
        [
          20.4807699,
          54.9601699
        ],
        [
          20.4808399,
          54.9601699
        ],
        [
          20.48092,
          54.96018
        ],
        [
          20.48099,
          54.96019
        ],
        [
          20.48106,
          54.96019
        ],
        [
          20.4811299,
          54.9601999
        ],
        [
          20.4811999,
          54.9602099
        ],
        [
          20.4812699,
          54.9602099
        ],
        [
          20.48134,
          54.96022
        ],
        [
          20.48141,
          54.96023
        ],
        [
          20.48148,
          54.9602399
        ],
        [
          20.48155,
          54.9602399
        ],
        [
          20.4816299,
          54.96025
        ],
        [
          20.4817,
          54.96026
        ],
        [
          20.48177,
          54.96026
        ],
        [
          20.48184,
          54.96026
        ],
        [
          20.48191,
          54.96026
        ],
        [
          20.4819799,
          54.96025
        ],
        [
          20.4820499,
          54.9602399
        ],
        [
          20.48211,
          54.96025
        ],
        [
          20.48217,
          54.96026
        ],
        [
          20.48223,
          54.96028
        ],
        [
          20.4822799,
          54.9602999
        ],
        [
          20.48234,
          54.96032
        ],
        [
          20.48239,
          54.9603399
        ],
        [
          20.4824399,
          54.96036
        ],
        [
          20.4825,
          54.9603699
        ],
        [
          20.4825499,
          54.9603999
        ],
        [
          20.48262,
          54.96042
        ],
        [
          20.4826799,
          54.96045
        ],
        [
          20.4827399,
          54.96048
        ],
        [
          20.4828,
          54.9604999
        ],
        [
          20.48286,
          54.9605299
        ],
        [
          20.48292,
          54.96056
        ],
        [
          20.48299,
          54.96058
        ],
        [
          20.48305,
          54.96061
        ],
        [
          20.48312,
          54.96064
        ],
        [
          20.48319,
          54.9606599
        ],
        [
          20.48325,
          54.96069
        ],
        [
          20.48332,
          54.96072
        ],
        [
          20.48339,
          54.96074
        ],
        [
          20.48345,
          54.9607699
        ],
        [
          20.48352,
          54.96079
        ],
        [
          20.4835899,
          54.96079
        ],
        [
          20.4836599,
          54.9607699
        ],
        [
          20.48374,
          54.9607599
        ],
        [
          20.48381,
          54.96074
        ],
        [
          20.4838899,
          54.9607299
        ],
        [
          20.4839599,
          54.96071
        ],
        [
          20.48404,
          54.9606999
        ],
        [
          20.4841199,
          54.96068
        ],
        [
          20.4841899,
          54.9606699
        ],
        [
          20.4842799,
          54.9606699
        ],
        [
          20.48436,
          54.9606699
        ],
        [
          20.48444,
          54.96069
        ],
        [
          20.4845199,
          54.96071
        ],
        [
          20.4846099,
          54.9607299
        ],
        [
          20.48469,
          54.96074
        ],
        [
          20.4847699,
          54.9607599
        ],
        [
          20.48486,
          54.9607699
        ],
        [
          20.4849399,
          54.96079
        ],
        [
          20.48502,
          54.96081
        ],
        [
          20.4850999,
          54.9608299
        ],
        [
          20.48518,
          54.96084
        ],
        [
          20.48526,
          54.9608599
        ],
        [
          20.4853399,
          54.96087
        ],
        [
          20.48541,
          54.9608899
        ],
        [
          20.48548,
          54.9608999
        ],
        [
          20.48555,
          54.96092
        ],
        [
          20.48562,
          54.96094
        ],
        [
          20.4856999,
          54.96095
        ],
        [
          20.48577,
          54.9609599
        ],
        [
          20.48585,
          54.96097
        ],
        [
          20.4859199,
          54.96098
        ],
        [
          20.4859899,
          54.9609999
        ],
        [
          20.4860599,
          54.9610199
        ],
        [
          20.48614,
          54.96104
        ],
        [
          20.4862199,
          54.9610599
        ],
        [
          20.4863,
          54.96107
        ],
        [
          20.4863799,
          54.9610899
        ],
        [
          20.48647,
          54.96111
        ],
        [
          20.4865499,
          54.9611299
        ],
        [
          20.48664,
          54.96115
        ],
        [
          20.48673,
          54.96117
        ],
        [
          20.48682,
          54.9611899
        ],
        [
          20.48692,
          54.9612
        ],
        [
          20.4870099,
          54.9612199
        ],
        [
          20.4871,
          54.9612299
        ],
        [
          20.48719,
          54.9612499
        ],
        [
          20.4872699,
          54.96127
        ],
        [
          20.48736,
          54.9612899
        ],
        [
          20.48745,
          54.96131
        ],
        [
          20.4875399,
          54.9613199
        ],
        [
          20.48764,
          54.9613199
        ],
        [
          20.48774,
          54.96134
        ],
        [
          20.48784,
          54.9613599
        ],
        [
          20.4879299,
          54.96138
        ],
        [
          20.48804,
          54.9614
        ],
        [
          20.4881299,
          54.96141
        ],
        [
          20.48823,
          54.96143
        ],
        [
          20.4883199,
          54.96146
        ],
        [
          20.48841,
          54.9614899
        ],
        [
          20.4884899,
          54.96151
        ],
        [
          20.4885799,
          54.96154
        ],
        [
          20.48867,
          54.96157
        ],
        [
          20.48876,
          54.9616
        ],
        [
          20.48884,
          54.96164
        ],
        [
          20.4889099,
          54.96167
        ],
        [
          20.4889799,
          54.9617
        ],
        [
          20.4890399,
          54.96173
        ],
        [
          20.4891,
          54.96176
        ],
        [
          20.48915,
          54.96179
        ],
        [
          20.4892,
          54.9618199
        ],
        [
          20.48926,
          54.96186
        ],
        [
          20.48932,
          54.9619
        ],
        [
          20.4893699,
          54.96193
        ],
        [
          20.48943,
          54.96196
        ],
        [
          20.48948,
          54.962
        ],
        [
          20.4895399,
          54.9620399
        ],
        [
          20.4895999,
          54.9620799
        ],
        [
          20.48966,
          54.9621099
        ],
        [
          20.48972,
          54.9621399
        ],
        [
          20.4897699,
          54.9621799
        ],
        [
          20.4898299,
          54.96222
        ],
        [
          20.48988,
          54.96225
        ],
        [
          20.48994,
          54.96229
        ],
        [
          20.4899899,
          54.96232
        ],
        [
          20.49005,
          54.96236
        ],
        [
          20.49012,
          54.9623999
        ],
        [
          20.49018,
          54.9624399
        ],
        [
          20.4902299,
          54.96248
        ],
        [
          20.4902899,
          54.96252
        ],
        [
          20.49034,
          54.96256
        ],
        [
          20.4904,
          54.96259
        ],
        [
          20.49047,
          54.9626299
        ],
        [
          20.49054,
          54.9626699
        ],
        [
          20.49061,
          54.96271
        ],
        [
          20.4906799,
          54.9627599
        ],
        [
          20.4907499,
          54.9627999
        ],
        [
          20.49083,
          54.96285
        ],
        [
          20.4909,
          54.96289
        ],
        [
          20.49097,
          54.96294
        ],
        [
          20.4910499,
          54.9629899
        ],
        [
          20.49112,
          54.9630299
        ],
        [
          20.49119,
          54.96307
        ],
        [
          20.49126,
          54.96312
        ],
        [
          20.49132,
          54.96317
        ],
        [
          20.4913699,
          54.9632199
        ],
        [
          20.49143,
          54.96327
        ],
        [
          20.49149,
          54.9633199
        ],
        [
          20.49156,
          54.96337
        ],
        [
          20.49163,
          54.9634199
        ],
        [
          20.49169,
          54.96347
        ],
        [
          20.49176,
          54.96351
        ],
        [
          20.49182,
          54.9635599
        ],
        [
          20.49189,
          54.9636
        ],
        [
          20.49195,
          54.96364
        ],
        [
          20.49201,
          54.9636899
        ],
        [
          20.49208,
          54.9637199
        ],
        [
          20.49215,
          54.96377
        ],
        [
          20.4922299,
          54.96381
        ],
        [
          20.49231,
          54.9638499
        ],
        [
          20.4923899,
          54.9638799
        ],
        [
          20.49247,
          54.9639199
        ],
        [
          20.4925499,
          54.96396
        ],
        [
          20.4926199,
          54.964
        ],
        [
          20.4927,
          54.9640399
        ],
        [
          20.49277,
          54.96409
        ],
        [
          20.49284,
          54.96413
        ],
        [
          20.49291,
          54.96417
        ],
        [
          20.4929799,
          54.9642099
        ],
        [
          20.4930499,
          54.9642499
        ],
        [
          20.49313,
          54.96429
        ],
        [
          20.49319,
          54.96432
        ],
        [
          20.49326,
          54.96436
        ],
        [
          20.49332,
          54.9644
        ],
        [
          20.49339,
          54.9644399
        ],
        [
          20.49345,
          54.96448
        ],
        [
          20.4935099,
          54.9645099
        ],
        [
          20.49356,
          54.9645399
        ],
        [
          20.4936099,
          54.9645699
        ],
        [
          20.4936699,
          54.9645999
        ],
        [
          20.49373,
          54.96462
        ],
        [
          20.49379,
          54.96465
        ],
        [
          20.49386,
          54.96468
        ],
        [
          20.4939399,
          54.96471
        ],
        [
          20.49401,
          54.9647399
        ],
        [
          20.49409,
          54.96476
        ],
        [
          20.49418,
          54.96479
        ],
        [
          20.4942599,
          54.96482
        ],
        [
          20.4943299,
          54.96485
        ],
        [
          20.49441,
          54.9648699
        ],
        [
          20.4944899,
          54.96489
        ],
        [
          20.49457,
          54.96492
        ],
        [
          20.49465,
          54.96494
        ],
        [
          20.49474,
          54.9649699
        ],
        [
          20.4948199,
          54.9649999
        ],
        [
          20.49491,
          54.9650299
        ],
        [
          20.4949899,
          54.9650599
        ],
        [
          20.49507,
          54.96508
        ],
        [
          20.4951499,
          54.9650999
        ],
        [
          20.49523,
          54.9651299
        ],
        [
          20.49529,
          54.96515
        ],
        [
          20.49536,
          54.96518
        ],
        [
          20.49543,
          54.9651999
        ],
        [
          20.4955,
          54.96522
        ],
        [
          20.4955699,
          54.96524
        ],
        [
          20.4956399,
          54.9652599
        ],
        [
          20.4957099,
          54.96528
        ],
        [
          20.49578,
          54.9652999
        ],
        [
          20.49583,
          54.9653299
        ],
        [
          20.49585,
          54.96535
        ],
        [
          20.4958699,
          54.96537
        ],
        [
          20.49589,
          54.9653899
        ],
        [
          20.49592,
          54.9654
        ],
        [
          20.49595,
          54.96541
        ],
        [
          20.4959699,
          54.9654199
        ],
        [
          20.4959999,
          54.9654299
        ],
        [
          20.49602,
          54.96545
        ],
        [
          20.49606,
          54.96547
        ],
        [
          20.49609,
          54.96547
        ],
        [
          20.4961299,
          54.9654899
        ],
        [
          20.4961699,
          54.9655
        ],
        [
          20.4961999,
          54.96551
        ],
        [
          20.49624,
          54.9655299
        ],
        [
          20.4962699,
          54.96554
        ],
        [
          20.49631,
          54.9655499
        ],
        [
          20.4963599,
          54.96557
        ],
        [
          20.4963999,
          54.96558
        ],
        [
          20.49645,
          54.9656
        ],
        [
          20.4964999,
          54.9656199
        ],
        [
          20.49655,
          54.96563
        ],
        [
          20.4965899,
          54.9656499
        ],
        [
          20.4966299,
          54.96567
        ],
        [
          20.49665,
          54.9656899
        ],
        [
          20.49667,
          54.96571
        ],
        [
          20.49671,
          54.96573
        ],
        [
          20.49674,
          54.96574
        ],
        [
          20.49677,
          54.9657499
        ],
        [
          20.4968,
          54.9657599
        ],
        [
          20.49683,
          54.9657799
        ],
        [
          20.4968599,
          54.9657799
        ],
        [
          20.49688,
          54.9657899
        ],
        [
          20.4969,
          54.96581
        ],
        [
          20.4969,
          54.9658199
        ],
        [
          20.4969,
          54.9658199
        ],
        [
          20.4969,
          54.9658199
        ],
        [
          20.4968899,
          54.96586
        ],
        [
          20.4969,
          54.96586
        ],
        [
          20.4969199,
          54.9658799
        ],
        [
          20.49694,
          54.9659
        ],
        [
          20.4969599,
          54.96591
        ],
        [
          20.497,
          54.96593
        ],
        [
          20.49704,
          54.96596
        ],
        [
          20.4970899,
          54.9659799
        ],
        [
          20.49713,
          54.966
        ],
        [
          20.49716,
          54.96603
        ],
        [
          20.4972,
          54.96606
        ],
        [
          20.49723,
          54.96609
        ],
        [
          20.4972799,
          54.9661199
        ],
        [
          20.4973199,
          54.96616
        ],
        [
          20.49737,
          54.96619
        ],
        [
          20.4974199,
          54.96622
        ],
        [
          20.49746,
          54.9662499
        ],
        [
          20.4975,
          54.96627
        ],
        [
          20.4975499,
          54.9663
        ],
        [
          20.49759,
          54.9663399
        ],
        [
          20.4976399,
          54.96637
        ],
        [
          20.4976799,
          54.9664099
        ],
        [
          20.49773,
          54.9664399
        ],
        [
          20.4977699,
          54.9664799
        ],
        [
          20.49782,
          54.96652
        ],
        [
          20.4978699,
          54.96655
        ],
        [
          20.4979099,
          54.96659
        ],
        [
          20.49796,
          54.96663
        ],
        [
          20.49796,
          54.96663
        ],
        [
          20.49805,
          54.96672
        ],
        [
          20.49809,
          54.96676
        ],
        [
          20.4981399,
          54.9668099
        ],
        [
          20.49818,
          54.96685
        ],
        [
          20.49825,
          54.96689
        ],
        [
          20.4982999,
          54.9669299
        ],
        [
          20.49835,
          54.9669699
        ],
        [
          20.4983999,
          54.96702
        ],
        [
          20.4984599,
          54.9670599
        ],
        [
          20.49852,
          54.9670999
        ],
        [
          20.49858,
          54.96714
        ],
        [
          20.49862,
          54.96718
        ],
        [
          20.49867,
          54.96722
        ],
        [
          20.49872,
          54.9672599
        ],
        [
          20.4987599,
          54.9672999
        ],
        [
          20.49881,
          54.9673299
        ],
        [
          20.4988599,
          54.96737
        ],
        [
          20.4989,
          54.96742
        ],
        [
          20.49895,
          54.9674599
        ],
        [
          20.499,
          54.9675
        ],
        [
          20.4990599,
          54.96755
        ],
        [
          20.49911,
          54.9675899
        ],
        [
          20.49917,
          54.9676299
        ],
        [
          20.49923,
          54.9676599
        ],
        [
          20.4992799,
          54.9676899
        ],
        [
          20.49933,
          54.96773
        ],
        [
          20.4993799,
          54.96777
        ],
        [
          20.49943,
          54.96781
        ],
        [
          20.4994799,
          54.9678499
        ],
        [
          20.49953,
          54.9678899
        ],
        [
          20.49959,
          54.96793
        ],
        [
          20.49959,
          54.96793
        ],
        [
          20.4997099,
          54.9680199
        ],
        [
          20.49977,
          54.96806
        ],
        [
          20.49983,
          54.96811
        ],
        [
          20.49989,
          54.9681499
        ],
        [
          20.4999399,
          54.96819
        ],
        [
          20.5,
          54.96824
        ],
        [
          20.50006,
          54.9682799
        ],
        [
          20.50006,
          54.9682799
        ],
        [
          20.5001699,
          54.96837
        ],
        [
          20.50023,
          54.9684099
        ],
        [
          20.50029,
          54.9684499
        ],
        [
          20.50035,
          54.9685
        ],
        [
          20.50041,
          54.9685399
        ],
        [
          20.50046,
          54.9685799
        ],
        [
          20.5005299,
          54.96862
        ],
        [
          20.5006599,
          54.9687
        ],
        [
          20.5006599,
          54.9687
        ],
        [
          20.50074,
          54.9687399
        ],
        [
          20.50081,
          54.9687699
        ],
        [
          20.50081,
          54.9687699
        ],
        [
          20.5009599,
          54.96885
        ],
        [
          20.5010299,
          54.96888
        ],
        [
          20.5011,
          54.9689099
        ],
        [
          20.50117,
          54.9689399
        ],
        [
          20.50124,
          54.9689699
        ],
        [
          20.50131,
          54.9689999
        ],
        [
          20.50137,
          54.9690299
        ],
        [
          20.50143,
          54.96906
        ],
        [
          20.5014899,
          54.96909
        ],
        [
          20.5015499,
          54.96912
        ],
        [
          20.5016199,
          54.96916
        ],
        [
          20.50169,
          54.96918
        ],
        [
          20.50176,
          54.96921
        ],
        [
          20.50182,
          54.96924
        ],
        [
          20.5018799,
          54.9692699
        ],
        [
          20.5019399,
          54.9692999
        ],
        [
          20.5020099,
          54.9693299
        ],
        [
          20.5020099,
          54.9693299
        ],
        [
          20.5020699,
          54.9693599
        ],
        [
          20.50212,
          54.96938
        ],
        [
          20.5021799,
          54.96942
        ],
        [
          20.5022399,
          54.96945
        ],
        [
          20.5022999,
          54.96947
        ],
        [
          20.50236,
          54.9694999
        ],
        [
          20.50248,
          54.9695599
        ],
        [
          20.50248,
          54.9695599
        ],
        [
          20.5025399,
          54.96958
        ],
        [
          20.5025999,
          54.96962
        ],
        [
          20.5026599,
          54.96964
        ],
        [
          20.50272,
          54.96967
        ],
        [
          20.50279,
          54.9696899
        ],
        [
          20.5028599,
          54.96971
        ],
        [
          20.50292,
          54.96974
        ],
        [
          20.50298,
          54.9697599
        ],
        [
          20.5030299,
          54.9697899
        ],
        [
          20.5030899,
          54.9698
        ],
        [
          20.50315,
          54.9698199
        ],
        [
          20.5032199,
          54.96984
        ],
        [
          20.50328,
          54.9698599
        ],
        [
          20.5033499,
          54.9698899
        ],
        [
          20.50341,
          54.96991
        ],
        [
          20.50348,
          54.96994
        ],
        [
          20.5035499,
          54.9699599
        ],
        [
          20.50361,
          54.9699899
        ],
        [
          20.5036799,
          54.9700199
        ],
        [
          20.50374,
          54.9700499
        ],
        [
          20.5038,
          54.97007
        ],
        [
          20.50386,
          54.9701
        ],
        [
          20.5039199,
          54.9701199
        ],
        [
          20.5039799,
          54.97014
        ],
        [
          20.5040399,
          54.97017
        ],
        [
          20.5041,
          54.9701899
        ],
        [
          20.50415,
          54.97021
        ],
        [
          20.5042099,
          54.97023
        ],
        [
          20.50425,
          54.9702499
        ],
        [
          20.5043,
          54.97027
        ],
        [
          20.50433,
          54.9702799
        ],
        [
          20.5043699,
          54.97029
        ],
        [
          20.5044099,
          54.9703099
        ],
        [
          20.5044399,
          54.9703199
        ],
        [
          20.5044699,
          54.97033
        ],
        [
          20.5044699,
          54.97033
        ],
        [
          20.5044699,
          54.97033
        ],
        [
          20.5044699,
          54.97033
        ],
        [
          20.50455,
          54.9703499
        ],
        [
          20.50458,
          54.9703499
        ],
        [
          20.50461,
          54.97036
        ],
        [
          20.5046299,
          54.9703799
        ],
        [
          20.50465,
          54.9704
        ],
        [
          20.50468,
          54.9704099
        ],
        [
          20.50472,
          54.9704199
        ],
        [
          20.50476,
          54.97043
        ],
        [
          20.50479,
          54.97043
        ],
        [
          20.50482,
          54.97044
        ],
        [
          20.5048599,
          54.9704499
        ],
        [
          20.5048999,
          54.97046
        ],
        [
          20.5049299,
          54.9704799
        ],
        [
          20.5049699,
          54.97049
        ],
        [
          20.5049999,
          54.9705099
        ],
        [
          20.50504,
          54.97053
        ],
        [
          20.50508,
          54.9705399
        ],
        [
          20.50512,
          54.97056
        ],
        [
          20.5051599,
          54.97057
        ],
        [
          20.50521,
          54.97059
        ],
        [
          20.50525,
          54.9706099
        ],
        [
          20.5052899,
          54.97062
        ],
        [
          20.5053199,
          54.9706399
        ],
        [
          20.5053599,
          54.97066
        ],
        [
          20.5054,
          54.97067
        ],
        [
          20.50544,
          54.97069
        ],
        [
          20.50548,
          54.9707
        ],
        [
          20.5055199,
          54.97072
        ],
        [
          20.5055499,
          54.97073
        ],
        [
          20.50558,
          54.97075
        ],
        [
          20.50561,
          54.9707699
        ],
        [
          20.5056499,
          54.9707799
        ],
        [
          20.5056799,
          54.9708
        ],
        [
          20.5057,
          54.97082
        ],
        [
          20.50573,
          54.97083
        ],
        [
          20.5057899,
          54.97086
        ],
        [
          20.5057899,
          54.97086
        ],
        [
          20.5058199,
          54.9708799
        ],
        [
          20.50586,
          54.97089
        ],
        [
          20.5059,
          54.9709
        ],
        [
          20.5059499,
          54.9709
        ],
        [
          20.50599,
          54.9709
        ],
        [
          20.50604,
          54.9709099
        ],
        [
          20.50609,
          54.97092
        ],
        [
          20.5061399,
          54.97093
        ],
        [
          20.50619,
          54.97093
        ],
        [
          20.5062399,
          54.9709399
        ],
        [
          20.50629,
          54.9709399
        ],
        [
          20.50635,
          54.97095
        ],
        [
          20.5064,
          54.9709699
        ],
        [
          20.5064999,
          54.97099
        ],
        [
          20.5064999,
          54.97099
        ],
        [
          20.50655,
          54.9710099
        ],
        [
          20.5065999,
          54.97102
        ],
        [
          20.50665,
          54.9710399
        ],
        [
          20.5066999,
          54.97105
        ],
        [
          20.50676,
          54.97106
        ],
        [
          20.50681,
          54.9710699
        ],
        [
          20.50686,
          54.97109
        ],
        [
          20.50692,
          54.9710999
        ],
        [
          20.5069699,
          54.97112
        ],
        [
          20.50702,
          54.97113
        ],
        [
          20.5070699,
          54.97115
        ],
        [
          20.50712,
          54.97116
        ],
        [
          20.50718,
          54.97118
        ],
        [
          20.5072299,
          54.97119
        ],
        [
          20.50734,
          54.97122
        ],
        [
          20.5073899,
          54.9712299
        ],
        [
          20.50744,
          54.97125
        ],
        [
          20.5074899,
          54.9712699
        ],
        [
          20.50754,
          54.97128
        ],
        [
          20.50758,
          54.9712999
        ],
        [
          20.50763,
          54.97132
        ],
        [
          20.50767,
          54.9713399
        ],
        [
          20.5077199,
          54.9713599
        ],
        [
          20.50777,
          54.9713699
        ],
        [
          20.50783,
          54.97139
        ],
        [
          20.5078799,
          54.9713999
        ],
        [
          20.50793,
          54.97142
        ],
        [
          20.5079899,
          54.97144
        ],
        [
          20.50804,
          54.97145
        ],
        [
          20.5081,
          54.9714599
        ],
        [
          20.50816,
          54.9714599
        ],
        [
          20.5082099,
          54.9714599
        ],
        [
          20.50827,
          54.9714699
        ],
        [
          20.50833,
          54.9714599
        ],
        [
          20.5084,
          54.9714599
        ],
        [
          20.50846,
          54.9714699
        ],
        [
          20.50852,
          54.9714699
        ],
        [
          20.5085799,
          54.97148
        ],
        [
          20.5086399,
          54.97148
        ],
        [
          20.5086999,
          54.97149
        ],
        [
          20.50876,
          54.9714999
        ],
        [
          20.50882,
          54.97151
        ],
        [
          20.5088699,
          54.97152
        ],
        [
          20.5089299,
          54.9715299
        ],
        [
          20.50898,
          54.97155
        ],
        [
          20.5090399,
          54.9715599
        ],
        [
          20.50909,
          54.97158
        ],
        [
          20.50914,
          54.9715999
        ],
        [
          20.50919,
          54.97161
        ],
        [
          20.5092299,
          54.97162
        ],
        [
          20.50929,
          54.97164
        ],
        [
          20.50934,
          54.97164
        ],
        [
          20.50938,
          54.9716299
        ],
        [
          20.50942,
          54.97161
        ],
        [
          20.50945,
          54.9715899
        ],
        [
          20.50947,
          54.9715699
        ],
        [
          20.5094999,
          54.97155
        ],
        [
          20.5095299,
          54.9715299
        ],
        [
          20.5095599,
          54.97151
        ],
        [
          20.5095899,
          54.97149
        ],
        [
          20.5096199,
          54.9714699
        ],
        [
          20.50964,
          54.97145
        ],
        [
          20.50967,
          54.97142
        ],
        [
          20.5097,
          54.97139
        ],
        [
          20.5097299,
          54.97138
        ],
        [
          20.50977,
          54.97135
        ],
        [
          20.50981,
          54.9713299
        ],
        [
          20.50984,
          54.9712999
        ],
        [
          20.50987,
          54.97128
        ],
        [
          20.5099,
          54.9712399
        ],
        [
          20.50993,
          54.97121
        ],
        [
          20.50996,
          54.97118
        ],
        [
          20.5099899,
          54.97115
        ],
        [
          20.51003,
          54.97112
        ],
        [
          20.5100499,
          54.97109
        ],
        [
          20.5100799,
          54.97106
        ],
        [
          20.51011,
          54.9710399
        ],
        [
          20.51014,
          54.9710099
        ],
        [
          20.51016,
          54.97098
        ],
        [
          20.51019,
          54.97095
        ],
        [
          20.5102199,
          54.97093
        ],
        [
          20.5102499,
          54.9709
        ],
        [
          20.51029,
          54.9708799
        ],
        [
          20.51034,
          54.9708699
        ],
        [
          20.5103799,
          54.9708799
        ],
        [
          20.51042,
          54.97089
        ],
        [
          20.5104499,
          54.9709
        ],
        [
          20.51049,
          54.97093
        ],
        [
          20.51053,
          54.9709399
        ],
        [
          20.5105799,
          54.97096
        ],
        [
          20.51063,
          54.97098
        ],
        [
          20.5106799,
          54.9709999
        ],
        [
          20.51072,
          54.97102
        ],
        [
          20.5107799,
          54.9710399
        ],
        [
          20.51083,
          54.9710699
        ],
        [
          20.51088,
          54.9710999
        ],
        [
          20.51093,
          54.97113
        ],
        [
          20.51098,
          54.97116
        ],
        [
          20.5110299,
          54.97119
        ],
        [
          20.51109,
          54.97122
        ],
        [
          20.51115,
          54.9712399
        ],
        [
          20.51122,
          54.9712699
        ],
        [
          20.51128,
          54.9712999
        ],
        [
          20.51135,
          54.9713299
        ],
        [
          20.51142,
          54.9713599
        ],
        [
          20.5114899,
          54.9713999
        ],
        [
          20.5115599,
          54.9714299
        ],
        [
          20.5116299,
          54.9714699
        ],
        [
          20.5117,
          54.9714999
        ],
        [
          20.51177,
          54.97154
        ],
        [
          20.51184,
          54.9715699
        ],
        [
          20.5119,
          54.97161
        ],
        [
          20.51197,
          54.97165
        ],
        [
          20.51204,
          54.97168
        ],
        [
          20.51211,
          54.97172
        ],
        [
          20.5121899,
          54.9717599
        ],
        [
          20.51226,
          54.9717899
        ],
        [
          20.5123199,
          54.9718299
        ],
        [
          20.51239,
          54.9718599
        ],
        [
          20.51247,
          54.9718899
        ],
        [
          20.5125399,
          54.9719299
        ],
        [
          20.5126099,
          54.9719599
        ],
        [
          20.51267,
          54.9719899
        ],
        [
          20.5127399,
          54.97203
        ],
        [
          20.5128,
          54.97207
        ],
        [
          20.51286,
          54.9721
        ],
        [
          20.51292,
          54.97214
        ],
        [
          20.51299,
          54.97218
        ],
        [
          20.51305,
          54.97221
        ],
        [
          20.5131099,
          54.9722499
        ],
        [
          20.5131699,
          54.9722799
        ],
        [
          20.5132299,
          54.97231
        ],
        [
          20.51329,
          54.9723499
        ],
        [
          20.51336,
          54.9723799
        ],
        [
          20.5134299,
          54.9724199
        ],
        [
          20.51349,
          54.9724499
        ],
        [
          20.51355,
          54.97249
        ],
        [
          20.51362,
          54.9725199
        ],
        [
          20.5136899,
          54.9725499
        ],
        [
          20.51375,
          54.97259
        ],
        [
          20.5137999,
          54.9726199
        ],
        [
          20.5138599,
          54.9726499
        ],
        [
          20.5139199,
          54.9726799
        ],
        [
          20.5139899,
          54.97272
        ],
        [
          20.5140499,
          54.97276
        ],
        [
          20.51411,
          54.97279
        ],
        [
          20.51418,
          54.97283
        ],
        [
          20.51424,
          54.97286
        ],
        [
          20.51431,
          54.97289
        ],
        [
          20.5143799,
          54.97292
        ],
        [
          20.51446,
          54.97296
        ],
        [
          20.51453,
          54.97299
        ],
        [
          20.5146,
          54.97303
        ],
        [
          20.51467,
          54.97306
        ],
        [
          20.5147399,
          54.9730999
        ],
        [
          20.5148099,
          54.97313
        ],
        [
          20.5148799,
          54.97316
        ],
        [
          20.51495,
          54.9731999
        ],
        [
          20.5150099,
          54.9732399
        ],
        [
          20.5150799,
          54.97328
        ],
        [
          20.5151399,
          54.97331
        ],
        [
          20.5152099,
          54.9733399
        ],
        [
          20.51528,
          54.97338
        ],
        [
          20.5153399,
          54.97342
        ],
        [
          20.5153999,
          54.9734399
        ],
        [
          20.51546,
          54.9734699
        ],
        [
          20.51552,
          54.97351
        ],
        [
          20.51558,
          54.97354
        ],
        [
          20.51564,
          54.97358
        ],
        [
          20.5156999,
          54.9735999
        ],
        [
          20.51577,
          54.9736299
        ],
        [
          20.5158299,
          54.9736699
        ],
        [
          20.51588,
          54.97371
        ],
        [
          20.51594,
          54.97374
        ],
        [
          20.5159899,
          54.97377
        ],
        [
          20.51605,
          54.9737999
        ],
        [
          20.5161,
          54.97382
        ],
        [
          20.51615,
          54.97385
        ],
        [
          20.5162,
          54.97387
        ],
        [
          20.5162499,
          54.9738999
        ],
        [
          20.51631,
          54.97392
        ],
        [
          20.51637,
          54.97395
        ],
        [
          20.51643,
          54.97398
        ],
        [
          20.5164899,
          54.97401
        ],
        [
          20.51654,
          54.97404
        ],
        [
          20.5166,
          54.97407
        ],
        [
          20.51666,
          54.9741
        ],
        [
          20.5167099,
          54.9741199
        ],
        [
          20.5167799,
          54.9741499
        ],
        [
          20.5168399,
          54.9741899
        ],
        [
          20.51689,
          54.97423
        ],
        [
          20.5169799,
          54.97428
        ],
        [
          20.51705,
          54.97433
        ],
        [
          20.51712,
          54.9743599
        ],
        [
          20.51719,
          54.9744
        ],
        [
          20.51726,
          54.97444
        ],
        [
          20.51733,
          54.9744799
        ],
        [
          20.51739,
          54.97451
        ],
        [
          20.51746,
          54.9745499
        ],
        [
          20.5175299,
          54.97459
        ],
        [
          20.51759,
          54.97463
        ],
        [
          20.51765,
          54.97466
        ],
        [
          20.51771,
          54.97469
        ],
        [
          20.5177599,
          54.97473
        ],
        [
          20.5178299,
          54.97476
        ],
        [
          20.51789,
          54.97479
        ],
        [
          20.51795,
          54.97482
        ],
        [
          20.51801,
          54.9748499
        ],
        [
          20.5180599,
          54.97487
        ],
        [
          20.5181199,
          54.9749
        ],
        [
          20.51818,
          54.97493
        ],
        [
          20.51825,
          54.97496
        ],
        [
          20.5183199,
          54.9749799
        ],
        [
          20.5184,
          54.97502
        ],
        [
          20.51847,
          54.97505
        ],
        [
          20.51854,
          54.97509
        ],
        [
          20.51861,
          54.97513
        ],
        [
          20.51867,
          54.9751699
        ],
        [
          20.51874,
          54.9752
        ],
        [
          20.5188099,
          54.97523
        ],
        [
          20.5188799,
          54.9752699
        ],
        [
          20.5189499,
          54.97529
        ],
        [
          20.5190099,
          54.97533
        ],
        [
          20.51907,
          54.97536
        ],
        [
          20.51913,
          54.97539
        ],
        [
          20.51919,
          54.97542
        ],
        [
          20.5192399,
          54.97545
        ],
        [
          20.5192799,
          54.9754699
        ],
        [
          20.51932,
          54.97548
        ],
        [
          20.51936,
          54.97551
        ],
        [
          20.5194099,
          54.9755299
        ],
        [
          20.51946,
          54.97555
        ],
        [
          20.5195099,
          54.97558
        ],
        [
          20.51958,
          54.9755999
        ],
        [
          20.51965,
          54.97562
        ],
        [
          20.51972,
          54.9756299
        ],
        [
          20.51979,
          54.97565
        ],
        [
          20.51985,
          54.9756599
        ],
        [
          20.51992,
          54.9756599
        ],
        [
          20.5199599,
          54.9756599
        ],
        [
          20.5199999,
          54.97565
        ],
        [
          20.5199999,
          54.97565
        ],
        [
          20.5199999,
          54.97565
        ],
        [
          20.5199999,
          54.97565
        ],
        [
          20.5199999,
          54.97565
        ],
        [
          20.5199999,
          54.97565
        ],
        [
          20.5199999,
          54.97565
        ],
        [
          20.5201299,
          54.9756399
        ],
        [
          20.52014,
          54.9756399
        ],
        [
          20.5201599,
          54.97562
        ],
        [
          20.52017,
          54.97561
        ],
        [
          20.52018,
          54.97559
        ],
        [
          20.5201999,
          54.97558
        ],
        [
          20.52022,
          54.9755699
        ],
        [
          20.52024,
          54.97555
        ],
        [
          20.52027,
          54.97555
        ],
        [
          20.5202899,
          54.97555
        ],
        [
          20.5203199,
          54.97555
        ],
        [
          20.52035,
          54.97556
        ],
        [
          20.5203899,
          54.9755699
        ],
        [
          20.52041,
          54.97558
        ],
        [
          20.5204299,
          54.9755999
        ],
        [
          20.5204599,
          54.97562
        ],
        [
          20.52048,
          54.9756299
        ],
        [
          20.5205,
          54.97565
        ],
        [
          20.52053,
          54.9756599
        ],
        [
          20.5205499,
          54.9756699
        ],
        [
          20.52057,
          54.97569
        ],
        [
          20.5205899,
          54.9756999
        ],
        [
          20.5205899,
          54.9756999
        ],
        [
          20.5205899,
          54.9756999
        ],
        [
          20.52084,
          54.97578
        ],
        [
          20.52086,
          54.97579
        ],
        [
          20.5208899,
          54.97579
        ],
        [
          20.52091,
          54.9757999
        ],
        [
          20.52094,
          54.97581
        ],
        [
          20.52097,
          54.97582
        ],
        [
          20.5210099,
          54.97584
        ],
        [
          20.52104,
          54.97585
        ],
        [
          20.5210799,
          54.9758599
        ],
        [
          20.5211099,
          54.97588
        ],
        [
          20.5211499,
          54.9758899
        ],
        [
          20.52119,
          54.9758999
        ],
        [
          20.52122,
          54.97591
        ],
        [
          20.52126,
          54.97592
        ],
        [
          20.5213099,
          54.9759299
        ],
        [
          20.5213499,
          54.97595
        ],
        [
          20.52139,
          54.9759599
        ],
        [
          20.52143,
          54.9759599
        ],
        [
          20.52146,
          54.97597
        ],
        [
          20.5215,
          54.97598
        ],
        [
          20.52153,
          54.97598
        ],
        [
          20.52155,
          54.97598
        ],
        [
          20.52155,
          54.97598
        ],
        [
          20.52155,
          54.97598
        ],
        [
          20.52155,
          54.97598
        ],
        [
          20.52155,
          54.97598
        ],
        [
          20.52155,
          54.97598
        ],
        [
          20.52155,
          54.97598
        ],
        [
          20.52155,
          54.97598
        ],
        [
          20.52155,
          54.97598
        ],
        [
          20.52163,
          54.9759899
        ],
        [
          20.52166,
          54.9759899
        ],
        [
          20.5216999,
          54.9759899
        ],
        [
          20.52175,
          54.97598
        ],
        [
          20.52181,
          54.9759599
        ],
        [
          20.52188,
          54.9759599
        ],
        [
          20.52195,
          54.97598
        ],
        [
          20.52202,
          54.9759999
        ],
        [
          20.5220999,
          54.97601
        ],
        [
          20.5221699,
          54.9760299
        ],
        [
          20.5222299,
          54.97605
        ],
        [
          20.5222899,
          54.9760599
        ],
        [
          20.52234,
          54.97608
        ],
        [
          20.5223999,
          54.9760899
        ],
        [
          20.5224599,
          54.9761
        ],
        [
          20.52251,
          54.9761199
        ],
        [
          20.52257,
          54.97614
        ],
        [
          20.52264,
          54.97615
        ],
        [
          20.52271,
          54.9761599
        ],
        [
          20.52278,
          54.97618
        ],
        [
          20.5228499,
          54.9761899
        ],
        [
          20.52293,
          54.97621
        ],
        [
          20.523,
          54.9762199
        ],
        [
          20.52307,
          54.9762299
        ],
        [
          20.5231099,
          54.97624
        ],
        [
          20.52314,
          54.97624
        ],
        [
          20.52314,
          54.97624
        ],
        [
          20.52314,
          54.97624
        ],
        [
          20.52314,
          54.97624
        ],
        [
          20.5233099,
          54.97625
        ],
        [
          20.52333,
          54.9762599
        ],
        [
          20.52336,
          54.97627
        ],
        [
          20.52339,
          54.97628
        ],
        [
          20.5234399,
          54.9762899
        ],
        [
          20.52349,
          54.9762899
        ],
        [
          20.5235399,
          54.9763
        ],
        [
          20.5236,
          54.97631
        ],
        [
          20.52366,
          54.9763199
        ],
        [
          20.52372,
          54.97633
        ],
        [
          20.52379,
          54.97634
        ],
        [
          20.52386,
          54.9763499
        ],
        [
          20.5239299,
          54.97637
        ],
        [
          20.5239999,
          54.97638
        ],
        [
          20.52408,
          54.9763899
        ],
        [
          20.5241699,
          54.9764
        ],
        [
          20.5242599,
          54.9764199
        ],
        [
          20.52434,
          54.97643
        ],
        [
          20.52442,
          54.97644
        ],
        [
          20.5244999,
          54.9764499
        ],
        [
          20.52458,
          54.9764599
        ],
        [
          20.5246599,
          54.97647
        ],
        [
          20.52474,
          54.97648
        ],
        [
          20.52483,
          54.97648
        ],
        [
          20.52491,
          54.9764899
        ],
        [
          20.5249899,
          54.9765
        ],
        [
          20.5250499,
          54.97651
        ],
        [
          20.52511,
          54.9765199
        ],
        [
          20.52516,
          54.9765199
        ],
        [
          20.52516,
          54.9765199
        ],
        [
          20.52516,
          54.9765199
        ],
        [
          20.52516,
          54.9765199
        ],
        [
          20.52516,
          54.9765199
        ],
        [
          20.52516,
          54.9765199
        ],
        [
          20.5253799,
          54.97657
        ],
        [
          20.5254,
          54.97657
        ],
        [
          20.5254199,
          54.9765799
        ],
        [
          20.5254499,
          54.9765799
        ],
        [
          20.5254799,
          54.9765799
        ],
        [
          20.52552,
          54.9765799
        ],
        [
          20.52552,
          54.9765799
        ],
        [
          20.52557,
          54.9765899
        ],
        [
          20.52566,
          54.9766199
        ],
        [
          20.52572,
          54.9766199
        ],
        [
          20.52579,
          54.97664
        ],
        [
          20.52586,
          54.9766499
        ],
        [
          20.52593,
          54.97666
        ],
        [
          20.52599,
          54.97667
        ],
        [
          20.52606,
          54.97667
        ],
        [
          20.5261299,
          54.9766799
        ],
        [
          20.52621,
          54.9766899
        ],
        [
          20.52628,
          54.9767
        ],
        [
          20.52635,
          54.9767199
        ],
        [
          20.52642,
          54.97673
        ],
        [
          20.52642,
          54.97673
        ],
        [
          20.5265599,
          54.9767499
        ],
        [
          20.5266299,
          54.97677
        ],
        [
          20.5266999,
          54.97679
        ],
        [
          20.52678,
          54.9768099
        ],
        [
          20.52685,
          54.97683
        ],
        [
          20.52685,
          54.97683
        ],
        [
          20.5270199,
          54.97686
        ],
        [
          20.52711,
          54.97687
        ],
        [
          20.5272,
          54.97689
        ],
        [
          20.5272899,
          54.9769099
        ],
        [
          20.52739,
          54.9769099
        ],
        [
          20.52749,
          54.9769199
        ],
        [
          20.52759,
          54.97693
        ],
        [
          20.5276799,
          54.9769499
        ],
        [
          20.5276799,
          54.9769499
        ],
        [
          20.5278399,
          54.977
        ],
        [
          20.52792,
          54.97703
        ],
        [
          20.528,
          54.97706
        ],
        [
          20.52808,
          54.97709
        ],
        [
          20.52816,
          54.9771099
        ],
        [
          20.5282299,
          54.9771399
        ],
        [
          20.52832,
          54.97716
        ],
        [
          20.5283999,
          54.97719
        ],
        [
          20.5284999,
          54.97722
        ],
        [
          20.52858,
          54.9772399
        ],
        [
          20.52868,
          54.97726
        ],
        [
          20.52877,
          54.9772799
        ],
        [
          20.5288599,
          54.9773099
        ],
        [
          20.5289299,
          54.9773399
        ],
        [
          20.52901,
          54.9773699
        ],
        [
          20.52908,
          54.9773999
        ],
        [
          20.5291599,
          54.97743
        ],
        [
          20.52924,
          54.97745
        ],
        [
          20.52933,
          54.97749
        ],
        [
          20.52941,
          54.97752
        ],
        [
          20.5294899,
          54.97755
        ],
        [
          20.5295799,
          54.97759
        ],
        [
          20.5296799,
          54.9776299
        ],
        [
          20.5297799,
          54.97765
        ],
        [
          20.5298799,
          54.97769
        ],
        [
          20.5299699,
          54.97772
        ],
        [
          20.5300699,
          54.97775
        ],
        [
          20.53016,
          54.97778
        ],
        [
          20.5302399,
          54.97782
        ],
        [
          20.53033,
          54.97784
        ],
        [
          20.53033,
          54.97784
        ],
        [
          20.5304299,
          54.9778699
        ],
        [
          20.53052,
          54.97791
        ],
        [
          20.53064,
          54.97794
        ],
        [
          20.53075,
          54.97798
        ],
        [
          20.53085,
          54.97802
        ],
        [
          20.5309599,
          54.97805
        ],
        [
          20.5310599,
          54.9780899
        ],
        [
          20.5311599,
          54.97812
        ],
        [
          20.5312499,
          54.9781599
        ],
        [
          20.5313499,
          54.97821
        ],
        [
          20.5314599,
          54.97825
        ],
        [
          20.53157,
          54.9782899
        ],
        [
          20.53167,
          54.9783199
        ],
        [
          20.53177,
          54.97835
        ],
        [
          20.53186,
          54.97838
        ],
        [
          20.5319499,
          54.97841
        ],
        [
          20.5320399,
          54.97844
        ],
        [
          20.53213,
          54.97848
        ],
        [
          20.53222,
          54.97851
        ],
        [
          20.53232,
          54.97854
        ],
        [
          20.53242,
          54.9785599
        ],
        [
          20.5325099,
          54.9786
        ],
        [
          20.53259,
          54.97863
        ],
        [
          20.5326699,
          54.97867
        ],
        [
          20.5327599,
          54.9787
        ],
        [
          20.5328599,
          54.97873
        ],
        [
          20.53295,
          54.97876
        ],
        [
          20.5330299,
          54.9788
        ],
        [
          20.53312,
          54.97883
        ],
        [
          20.5332,
          54.97886
        ],
        [
          20.5333,
          54.97889
        ],
        [
          20.53338,
          54.97893
        ],
        [
          20.53347,
          54.97896
        ],
        [
          20.5335599,
          54.97899
        ],
        [
          20.5336499,
          54.97903
        ],
        [
          20.53373,
          54.97906
        ],
        [
          20.53381,
          54.97909
        ],
        [
          20.5339,
          54.97913
        ],
        [
          20.53399,
          54.97916
        ],
        [
          20.5340799,
          54.9792
        ],
        [
          20.53417,
          54.97923
        ],
        [
          20.53426,
          54.97926
        ],
        [
          20.53435,
          54.9793
        ],
        [
          20.53443,
          54.9793399
        ],
        [
          20.5345399,
          54.9793699
        ],
        [
          20.5346399,
          54.9794099
        ],
        [
          20.5347299,
          54.9794399
        ],
        [
          20.5348299,
          54.9794799
        ],
        [
          20.53492,
          54.97952
        ],
        [
          20.53501,
          54.97955
        ],
        [
          20.53509,
          54.97959
        ],
        [
          20.53518,
          54.97962
        ],
        [
          20.53528,
          54.97966
        ],
        [
          20.53538,
          54.97969
        ],
        [
          20.5354899,
          54.97973
        ],
        [
          20.53558,
          54.97976
        ],
        [
          20.5357,
          54.9797999
        ],
        [
          20.5358,
          54.9798299
        ],
        [
          20.5359,
          54.9798699
        ],
        [
          20.53599,
          54.9798999
        ],
        [
          20.5360799,
          54.9799299
        ],
        [
          20.53617,
          54.9799599
        ],
        [
          20.5362499,
          54.9799999
        ],
        [
          20.53633,
          54.98002
        ],
        [
          20.5364,
          54.98005
        ],
        [
          20.53649,
          54.98008
        ],
        [
          20.53656,
          54.98011
        ],
        [
          20.53662,
          54.98014
        ],
        [
          20.5366999,
          54.9801599
        ],
        [
          20.53678,
          54.9801899
        ],
        [
          20.53685,
          54.98021
        ],
        [
          20.53692,
          54.9802299
        ],
        [
          20.53698,
          54.9802599
        ],
        [
          20.5370399,
          54.98028
        ],
        [
          20.5370999,
          54.9802999
        ],
        [
          20.53715,
          54.9803299
        ],
        [
          20.5371999,
          54.98035
        ],
        [
          20.5372599,
          54.98037
        ],
        [
          20.53732,
          54.9803899
        ],
        [
          20.53737,
          54.98041
        ],
        [
          20.5374299,
          54.9804299
        ],
        [
          20.5374899,
          54.98045
        ],
        [
          20.53754,
          54.98047
        ],
        [
          20.5375899,
          54.9804899
        ],
        [
          20.53764,
          54.9805
        ],
        [
          20.5376899,
          54.9805299
        ],
        [
          20.53774,
          54.98054
        ],
        [
          20.53778,
          54.9805599
        ],
        [
          20.53783,
          54.98058
        ],
        [
          20.53787,
          54.9805899
        ],
        [
          20.53791,
          54.98061
        ],
        [
          20.53794,
          54.98063
        ],
        [
          20.53796,
          54.9806499
        ],
        [
          20.538,
          54.9806599
        ],
        [
          20.53803,
          54.98068
        ],
        [
          20.5380799,
          54.9807
        ],
        [
          20.53811,
          54.98071
        ],
        [
          20.5381499,
          54.98073
        ],
        [
          20.5382,
          54.9807499
        ],
        [
          20.5382499,
          54.98077
        ],
        [
          20.5383,
          54.9807899
        ],
        [
          20.5383499,
          54.9808
        ],
        [
          20.5384,
          54.9808199
        ],
        [
          20.5384499,
          54.98084
        ],
        [
          20.53852,
          54.98086
        ],
        [
          20.5385799,
          54.9808799
        ],
        [
          20.5386399,
          54.9809
        ],
        [
          20.5387099,
          54.9809199
        ],
        [
          20.53876,
          54.98094
        ],
        [
          20.53882,
          54.9809499
        ],
        [
          20.5388699,
          54.98096
        ],
        [
          20.53892,
          54.9809799
        ],
        [
          20.5389699,
          54.981
        ],
        [
          20.53902,
          54.9810199
        ],
        [
          20.5390699,
          54.9810499
        ],
        [
          20.53912,
          54.98107
        ],
        [
          20.53918,
          54.98109
        ],
        [
          20.53925,
          54.9811199
        ],
        [
          20.5393299,
          54.98114
        ],
        [
          20.53941,
          54.98116
        ],
        [
          20.53948,
          54.98119
        ],
        [
          20.53955,
          54.9812099
        ],
        [
          20.53961,
          54.98123
        ],
        [
          20.5396599,
          54.9812499
        ],
        [
          20.5397199,
          54.9812799
        ],
        [
          20.5397899,
          54.9813099
        ],
        [
          20.5398599,
          54.98133
        ],
        [
          20.53991,
          54.9813499
        ],
        [
          20.53997,
          54.98137
        ],
        [
          20.54003,
          54.9814
        ],
        [
          20.5400899,
          54.98142
        ],
        [
          20.54014,
          54.9814499
        ],
        [
          20.5401799,
          54.9814699
        ],
        [
          20.5402199,
          54.98149
        ],
        [
          20.54027,
          54.9815099
        ],
        [
          20.5403099,
          54.98153
        ],
        [
          20.5403499,
          54.9815399
        ],
        [
          20.54037,
          54.98155
        ],
        [
          20.54039,
          54.98155
        ],
        [
          20.5404,
          54.98155
        ],
        [
          20.54053,
          54.9816099
        ],
        [
          20.54056,
          54.98163
        ],
        [
          20.54059,
          54.9816399
        ],
        [
          20.54062,
          54.98165
        ],
        [
          20.54066,
          54.9816699
        ],
        [
          20.5407,
          54.9816799
        ],
        [
          20.54075,
          54.9816999
        ],
        [
          20.5408,
          54.9817099
        ],
        [
          20.54085,
          54.98173
        ],
        [
          20.54089,
          54.98175
        ],
        [
          20.54095,
          54.98176
        ],
        [
          20.5410099,
          54.98179
        ],
        [
          20.54108,
          54.9818099
        ],
        [
          20.5411399,
          54.98182
        ],
        [
          20.54121,
          54.98185
        ],
        [
          20.5412699,
          54.9818699
        ],
        [
          20.5413299,
          54.98189
        ],
        [
          20.54139,
          54.98192
        ],
        [
          20.54145,
          54.98195
        ],
        [
          20.54151,
          54.9819699
        ],
        [
          20.5415699,
          54.9819999
        ],
        [
          20.54164,
          54.98202
        ],
        [
          20.54171,
          54.98205
        ],
        [
          20.54178,
          54.98206
        ],
        [
          20.54185,
          54.98209
        ],
        [
          20.5419199,
          54.98211
        ],
        [
          20.5419899,
          54.98214
        ],
        [
          20.54207,
          54.9821699
        ],
        [
          20.54214,
          54.98219
        ],
        [
          20.54221,
          54.98222
        ],
        [
          20.5422899,
          54.9822599
        ],
        [
          20.54237,
          54.98228
        ],
        [
          20.5424499,
          54.9822999
        ],
        [
          20.5425199,
          54.98232
        ],
        [
          20.5425799,
          54.98235
        ],
        [
          20.5426499,
          54.9823899
        ],
        [
          20.5427099,
          54.98242
        ],
        [
          20.54277,
          54.98245
        ],
        [
          20.5428399,
          54.98247
        ],
        [
          20.54292,
          54.9824999
        ],
        [
          20.543,
          54.9825299
        ],
        [
          20.5430799,
          54.9825599
        ],
        [
          20.54315,
          54.9825899
        ],
        [
          20.54322,
          54.9826199
        ],
        [
          20.5432999,
          54.98264
        ],
        [
          20.54339,
          54.9826599
        ],
        [
          20.5434699,
          54.9826899
        ],
        [
          20.54354,
          54.98271
        ],
        [
          20.54361,
          54.98274
        ],
        [
          20.5436699,
          54.9827599
        ],
        [
          20.5437299,
          54.98278
        ],
        [
          20.5437899,
          54.9828
        ],
        [
          20.5438599,
          54.98284
        ],
        [
          20.54392,
          54.98287
        ],
        [
          20.54398,
          54.98291
        ],
        [
          20.5440299,
          54.98294
        ],
        [
          20.5441,
          54.9829799
        ],
        [
          20.54418,
          54.98301
        ],
        [
          20.5442499,
          54.98304
        ],
        [
          20.54434,
          54.9830799
        ],
        [
          20.5444199,
          54.98311
        ],
        [
          20.54451,
          54.98314
        ],
        [
          20.5446,
          54.98317
        ],
        [
          20.54469,
          54.9832099
        ],
        [
          20.5447799,
          54.98323
        ],
        [
          20.54486,
          54.9832499
        ],
        [
          20.5449499,
          54.98327
        ],
        [
          20.54503,
          54.9833
        ],
        [
          20.5451099,
          54.9833199
        ],
        [
          20.5452,
          54.9833499
        ],
        [
          20.54528,
          54.9833799
        ],
        [
          20.54536,
          54.9834099
        ],
        [
          20.54543,
          54.98343
        ],
        [
          20.5454999,
          54.98346
        ],
        [
          20.5455699,
          54.98349
        ],
        [
          20.54565,
          54.9835099
        ],
        [
          20.54572,
          54.9835399
        ],
        [
          20.54579,
          54.98357
        ],
        [
          20.5458599,
          54.98359
        ],
        [
          20.5459299,
          54.98362
        ],
        [
          20.5459999,
          54.98365
        ],
        [
          20.54608,
          54.9836699
        ],
        [
          20.5461599,
          54.9837
        ],
        [
          20.54624,
          54.98373
        ],
        [
          20.54633,
          54.98376
        ],
        [
          20.5464199,
          54.98379
        ],
        [
          20.5465,
          54.98382
        ],
        [
          20.5465899,
          54.98385
        ],
        [
          20.54667,
          54.98388
        ],
        [
          20.54676,
          54.9839099
        ],
        [
          20.54684,
          54.9839399
        ],
        [
          20.5469199,
          54.9839699
        ],
        [
          20.547,
          54.9839999
        ],
        [
          20.5470799,
          54.98403
        ],
        [
          20.54716,
          54.98406
        ],
        [
          20.5472399,
          54.98408
        ],
        [
          20.5473099,
          54.98411
        ],
        [
          20.54739,
          54.9841399
        ],
        [
          20.5474699,
          54.9841699
        ],
        [
          20.54755,
          54.9841999
        ],
        [
          20.5476399,
          54.9842299
        ],
        [
          20.54772,
          54.9842599
        ],
        [
          20.54779,
          54.98429
        ],
        [
          20.54785,
          54.98432
        ],
        [
          20.5479299,
          54.98434
        ],
        [
          20.5479999,
          54.9843599
        ],
        [
          20.54808,
          54.98439
        ],
        [
          20.54817,
          54.9844299
        ],
        [
          20.5482599,
          54.9844599
        ],
        [
          20.54834,
          54.9844899
        ],
        [
          20.5484299,
          54.9845299
        ],
        [
          20.54851,
          54.9845599
        ],
        [
          20.54861,
          54.9845999
        ],
        [
          20.5487,
          54.98464
        ],
        [
          20.5487899,
          54.98467
        ],
        [
          20.54887,
          54.98471
        ],
        [
          20.5489499,
          54.98475
        ],
        [
          20.54904,
          54.98478
        ],
        [
          20.54913,
          54.98481
        ],
        [
          20.54922,
          54.98484
        ],
        [
          20.54932,
          54.98487
        ],
        [
          20.5494,
          54.9849
        ],
        [
          20.5494799,
          54.98493
        ],
        [
          20.5495699,
          54.9849599
        ],
        [
          20.54965,
          54.9849899
        ],
        [
          20.5497399,
          54.9850199
        ],
        [
          20.54982,
          54.9850499
        ],
        [
          20.5498999,
          54.98507
        ],
        [
          20.54998,
          54.9851
        ],
        [
          20.55005,
          54.98513
        ],
        [
          20.55014,
          54.98516
        ],
        [
          20.5502299,
          54.9851899
        ],
        [
          20.55032,
          54.9852199
        ],
        [
          20.55041,
          54.9852499
        ],
        [
          20.5505,
          54.9852799
        ],
        [
          20.55057,
          54.98531
        ],
        [
          20.5506499,
          54.98534
        ],
        [
          20.55073,
          54.98537
        ],
        [
          20.5508199,
          54.9854
        ],
        [
          20.5509,
          54.98543
        ],
        [
          20.5509899,
          54.98546
        ],
        [
          20.55107,
          54.98549
        ],
        [
          20.55116,
          54.9855099
        ],
        [
          20.5512499,
          54.9855499
        ],
        [
          20.55133,
          54.9855799
        ],
        [
          20.55142,
          54.9856099
        ],
        [
          20.55152,
          54.9856399
        ],
        [
          20.5516099,
          54.98567
        ],
        [
          20.5516999,
          54.9857
        ],
        [
          20.55178,
          54.9857399
        ],
        [
          20.55186,
          54.9857699
        ],
        [
          20.5519399,
          54.9858
        ],
        [
          20.55201,
          54.98583
        ],
        [
          20.55208,
          54.9858699
        ],
        [
          20.5521599,
          54.9859
        ],
        [
          20.55224,
          54.98593
        ],
        [
          20.55232,
          54.98596
        ],
        [
          20.5523999,
          54.98599
        ],
        [
          20.55248,
          54.9860099
        ],
        [
          20.55257,
          54.98603
        ],
        [
          20.55265,
          54.98605
        ],
        [
          20.5527199,
          54.9860699
        ],
        [
          20.5527899,
          54.98609
        ],
        [
          20.55288,
          54.98612
        ],
        [
          20.5529599,
          54.98615
        ],
        [
          20.55304,
          54.98618
        ],
        [
          20.5531199,
          54.98621
        ],
        [
          20.5531899,
          54.98625
        ],
        [
          20.55327,
          54.9862699
        ],
        [
          20.5533499,
          54.9862999
        ],
        [
          20.5534399,
          54.9863299
        ],
        [
          20.55352,
          54.98636
        ],
        [
          20.5536099,
          54.98639
        ],
        [
          20.5537099,
          54.98644
        ],
        [
          20.5538099,
          54.9864699
        ],
        [
          20.5538999,
          54.98651
        ],
        [
          20.5540099,
          54.98655
        ],
        [
          20.55411,
          54.98658
        ],
        [
          20.55421,
          54.98662
        ],
        [
          20.55431,
          54.98665
        ],
        [
          20.5543999,
          54.98668
        ],
        [
          20.55448,
          54.98672
        ],
        [
          20.55457,
          54.9867599
        ],
        [
          20.55467,
          54.9867899
        ],
        [
          20.5547599,
          54.9868299
        ],
        [
          20.5548599,
          54.9868599
        ],
        [
          20.5549499,
          54.9868899
        ],
        [
          20.5550599,
          54.9869199
        ],
        [
          20.5551499,
          54.9869599
        ],
        [
          20.55524,
          54.987
        ],
        [
          20.55534,
          54.98704
        ],
        [
          20.55544,
          54.98707
        ],
        [
          20.55554,
          54.9871
        ],
        [
          20.55563,
          54.98713
        ],
        [
          20.5557099,
          54.9871599
        ],
        [
          20.55579,
          54.9872
        ],
        [
          20.5558699,
          54.98723
        ],
        [
          20.5559399,
          54.9872599
        ],
        [
          20.5560099,
          54.9872899
        ],
        [
          20.55609,
          54.98733
        ],
        [
          20.5561699,
          54.98736
        ],
        [
          20.55625,
          54.9873899
        ],
        [
          20.5563299,
          54.9874199
        ],
        [
          20.5563999,
          54.9874499
        ],
        [
          20.55648,
          54.98747
        ],
        [
          20.5565599,
          54.9875
        ],
        [
          20.55664,
          54.98753
        ],
        [
          20.55672,
          54.98756
        ],
        [
          20.5567999,
          54.98759
        ],
        [
          20.55688,
          54.9876199
        ],
        [
          20.5569599,
          54.9876499
        ],
        [
          20.55705,
          54.9876799
        ],
        [
          20.55714,
          54.9877099
        ],
        [
          20.5572199,
          54.9877399
        ],
        [
          20.55731,
          54.9877799
        ],
        [
          20.5574,
          54.98782
        ],
        [
          20.5575099,
          54.9878499
        ],
        [
          20.5576,
          54.9878799
        ],
        [
          20.55769,
          54.98792
        ],
        [
          20.5577799,
          54.98795
        ],
        [
          20.55786,
          54.9879799
        ],
        [
          20.5579399,
          54.9880099
        ],
        [
          20.55802,
          54.9880399
        ],
        [
          20.5581,
          54.98806
        ],
        [
          20.5581699,
          54.98809
        ],
        [
          20.5582399,
          54.98812
        ],
        [
          20.55832,
          54.98815
        ],
        [
          20.55839,
          54.9881699
        ],
        [
          20.55848,
          54.9881999
        ],
        [
          20.55856,
          54.98823
        ],
        [
          20.55864,
          54.98825
        ],
        [
          20.55872,
          54.98828
        ],
        [
          20.5587999,
          54.9883099
        ],
        [
          20.55887,
          54.9883399
        ],
        [
          20.55895,
          54.9883699
        ],
        [
          20.55904,
          54.9883999
        ],
        [
          20.55911,
          54.9884399
        ],
        [
          20.5591899,
          54.9884699
        ],
        [
          20.55927,
          54.9884999
        ],
        [
          20.55934,
          54.9885399
        ],
        [
          20.55941,
          54.9885699
        ],
        [
          20.5594799,
          54.9885999
        ],
        [
          20.55956,
          54.9886299
        ],
        [
          20.5596199,
          54.9886599
        ],
        [
          20.55967,
          54.98869
        ],
        [
          20.55974,
          54.98872
        ],
        [
          20.5598099,
          54.98875
        ],
        [
          20.5598799,
          54.9887899
        ],
        [
          20.55996,
          54.98882
        ],
        [
          20.56003,
          54.98885
        ],
        [
          20.56009,
          54.9888899
        ],
        [
          20.56015,
          54.9889299
        ],
        [
          20.5602099,
          54.98897
        ],
        [
          20.5602799,
          54.98901
        ],
        [
          20.56035,
          54.98905
        ],
        [
          20.5604099,
          54.9890899
        ],
        [
          20.56049,
          54.9891299
        ],
        [
          20.56055,
          54.9891599
        ],
        [
          20.56061,
          54.9892
        ],
        [
          20.5606699,
          54.98923
        ],
        [
          20.56074,
          54.98927
        ],
        [
          20.5607999,
          54.9893
        ],
        [
          20.56085,
          54.98934
        ],
        [
          20.5608999,
          54.98938
        ],
        [
          20.5609599,
          54.9894199
        ],
        [
          20.56102,
          54.9894499
        ],
        [
          20.56108,
          54.9894899
        ],
        [
          20.5611299,
          54.98953
        ],
        [
          20.56118,
          54.98956
        ],
        [
          20.56124,
          54.9895899
        ],
        [
          20.5613,
          54.98963
        ],
        [
          20.56137,
          54.98967
        ],
        [
          20.56143,
          54.9897099
        ],
        [
          20.5614899,
          54.9897499
        ],
        [
          20.5615499,
          54.98979
        ],
        [
          20.56161,
          54.98983
        ],
        [
          20.56167,
          54.98987
        ],
        [
          20.56173,
          54.9899099
        ],
        [
          20.5617899,
          54.9899499
        ],
        [
          20.5618499,
          54.98999
        ],
        [
          20.5619,
          54.99003
        ],
        [
          20.5619499,
          54.99006
        ],
        [
          20.5620099,
          54.9901099
        ],
        [
          20.5620799,
          54.9901399
        ],
        [
          20.5621399,
          54.99019
        ],
        [
          20.5622,
          54.99022
        ],
        [
          20.5622699,
          54.9902699
        ],
        [
          20.56233,
          54.9903099
        ],
        [
          20.56239,
          54.99035
        ],
        [
          20.56249,
          54.9904099
        ],
        [
          20.56256,
          54.99046
        ],
        [
          20.56262,
          54.99051
        ],
        [
          20.56268,
          54.99055
        ],
        [
          20.56275,
          54.9905999
        ],
        [
          20.5628299,
          54.9906399
        ],
        [
          20.5628999,
          54.99069
        ],
        [
          20.5629699,
          54.99074
        ],
        [
          20.5630299,
          54.99078
        ],
        [
          20.5630999,
          54.99082
        ],
        [
          20.56317,
          54.9908599
        ],
        [
          20.56325,
          54.9908999
        ],
        [
          20.5633199,
          54.99095
        ],
        [
          20.56338,
          54.9909899
        ],
        [
          20.5634599,
          54.9910299
        ],
        [
          20.56353,
          54.99108
        ],
        [
          20.5636,
          54.99112
        ],
        [
          20.56367,
          54.99117
        ],
        [
          20.56374,
          54.99121
        ],
        [
          20.5638,
          54.99125
        ],
        [
          20.56386,
          54.9912899
        ],
        [
          20.56391,
          54.9913299
        ],
        [
          20.56396,
          54.99137
        ],
        [
          20.564,
          54.9914
        ],
        [
          20.56406,
          54.99143
        ],
        [
          20.5641099,
          54.99147
        ],
        [
          20.56417,
          54.99151
        ],
        [
          20.5642399,
          54.99154
        ],
        [
          20.5643,
          54.9915799
        ],
        [
          20.56437,
          54.99163
        ],
        [
          20.56443,
          54.99167
        ],
        [
          20.56449,
          54.99171
        ],
        [
          20.56455,
          54.9917499
        ],
        [
          20.56462,
          54.9917899
        ],
        [
          20.5647099,
          54.9918499
        ],
        [
          20.56479,
          54.9919
        ],
        [
          20.56489,
          54.99196
        ],
        [
          20.56498,
          54.99202
        ],
        [
          20.56505,
          54.99207
        ],
        [
          20.56514,
          54.99212
        ],
        [
          20.5652299,
          54.99216
        ],
        [
          20.5653299,
          54.9922099
        ],
        [
          20.56542,
          54.99225
        ],
        [
          20.56551,
          54.99229
        ],
        [
          20.5655899,
          54.9923399
        ],
        [
          20.56567,
          54.9923799
        ],
        [
          20.56574,
          54.99243
        ],
        [
          20.5658199,
          54.9924699
        ],
        [
          20.5659,
          54.9925099
        ],
        [
          20.5659799,
          54.99255
        ],
        [
          20.56607,
          54.9925999
        ],
        [
          20.56616,
          54.9926399
        ],
        [
          20.5662499,
          54.99268
        ],
        [
          20.5663399,
          54.99272
        ],
        [
          20.56643,
          54.99276
        ],
        [
          20.5665099,
          54.9927999
        ],
        [
          20.56662,
          54.9928399
        ],
        [
          20.5667399,
          54.99288
        ],
        [
          20.56685,
          54.9929299
        ],
        [
          20.56695,
          54.9929599
        ],
        [
          20.5670399,
          54.9929999
        ],
        [
          20.5671299,
          54.9930299
        ],
        [
          20.56722,
          54.9930599
        ],
        [
          20.56729,
          54.9930899
        ],
        [
          20.5673699,
          54.99312
        ],
        [
          20.5674299,
          54.99314
        ],
        [
          20.5674899,
          54.99317
        ],
        [
          20.56755,
          54.9931999
        ],
        [
          20.5676299,
          54.9932299
        ],
        [
          20.5677299,
          54.99327
        ],
        [
          20.56781,
          54.9932999
        ],
        [
          20.5679,
          54.9933299
        ],
        [
          20.56797,
          54.99337
        ],
        [
          20.5680499,
          54.99341
        ],
        [
          20.56813,
          54.99344
        ],
        [
          20.5682,
          54.99347
        ],
        [
          20.56827,
          54.99351
        ],
        [
          20.5683499,
          54.99354
        ],
        [
          20.56844,
          54.99358
        ],
        [
          20.56853,
          54.9936199
        ],
        [
          20.5686099,
          54.9936499
        ],
        [
          20.56869,
          54.99368
        ],
        [
          20.5687799,
          54.9937
        ],
        [
          20.56886,
          54.99373
        ],
        [
          20.56896,
          54.99376
        ],
        [
          20.56906,
          54.9937899
        ],
        [
          20.56915,
          54.9938199
        ],
        [
          20.5692299,
          54.9938499
        ],
        [
          20.56931,
          54.9938799
        ],
        [
          20.5693999,
          54.9939199
        ],
        [
          20.5694999,
          54.9939499
        ],
        [
          20.56958,
          54.99399
        ],
        [
          20.5696599,
          54.9940199
        ],
        [
          20.56975,
          54.9940499
        ],
        [
          20.56985,
          54.9940799
        ],
        [
          20.56994,
          54.9941199
        ],
        [
          20.57004,
          54.9941499
        ],
        [
          20.5701199,
          54.9941799
        ],
        [
          20.5701899,
          54.99422
        ],
        [
          20.5702799,
          54.9942499
        ],
        [
          20.57036,
          54.99429
        ],
        [
          20.57044,
          54.99432
        ],
        [
          20.57053,
          54.9943499
        ],
        [
          20.5706099,
          54.9943799
        ],
        [
          20.5706799,
          54.9944099
        ],
        [
          20.5707799,
          54.9944399
        ],
        [
          20.5708699,
          54.9944699
        ],
        [
          20.57096,
          54.9945
        ],
        [
          20.57105,
          54.99453
        ],
        [
          20.5711399,
          54.9945699
        ],
        [
          20.57122,
          54.9945999
        ],
        [
          20.5712999,
          54.9946399
        ],
        [
          20.57138,
          54.9946699
        ],
        [
          20.57146,
          54.9946999
        ],
        [
          20.57154,
          54.99473
        ],
        [
          20.57162,
          54.99476
        ],
        [
          20.57171,
          54.99479
        ],
        [
          20.5717899,
          54.99482
        ],
        [
          20.57187,
          54.99486
        ],
        [
          20.57195,
          54.99489
        ],
        [
          20.57204,
          54.99492
        ],
        [
          20.5721199,
          54.99495
        ],
        [
          20.5722,
          54.99498
        ],
        [
          20.5722899,
          54.99501
        ],
        [
          20.57237,
          54.99504
        ],
        [
          20.57246,
          54.99508
        ],
        [
          20.57254,
          54.99511
        ],
        [
          20.5726199,
          54.99515
        ],
        [
          20.5727099,
          54.99518
        ],
        [
          20.5728,
          54.99521
        ],
        [
          20.57289,
          54.99524
        ],
        [
          20.57299,
          54.99527
        ],
        [
          20.5730699,
          54.99531
        ],
        [
          20.5731399,
          54.99534
        ],
        [
          20.57322,
          54.99537
        ],
        [
          20.5732999,
          54.9953999
        ],
        [
          20.57339,
          54.99544
        ],
        [
          20.5734699,
          54.99547
        ],
        [
          20.57356,
          54.9955
        ],
        [
          20.5736399,
          54.9955299
        ],
        [
          20.57374,
          54.99557
        ],
        [
          20.5738299,
          54.99561
        ],
        [
          20.57392,
          54.99564
        ],
        [
          20.57402,
          54.99567
        ],
        [
          20.57411,
          54.9957
        ],
        [
          20.5742,
          54.99573
        ],
        [
          20.5742899,
          54.9957599
        ],
        [
          20.57438,
          54.9958
        ],
        [
          20.57448,
          54.99583
        ],
        [
          20.57457,
          54.99587
        ],
        [
          20.57466,
          54.9959
        ],
        [
          20.5747499,
          54.99593
        ],
        [
          20.57484,
          54.99597
        ],
        [
          20.5749399,
          54.99601
        ],
        [
          20.5750399,
          54.9960499
        ],
        [
          20.57513,
          54.9960799
        ],
        [
          20.57522,
          54.9961099
        ],
        [
          20.5753,
          54.99613
        ],
        [
          20.57538,
          54.99617
        ],
        [
          20.57546,
          54.9962
        ],
        [
          20.57553,
          54.9962199
        ],
        [
          20.57561,
          54.99626
        ],
        [
          20.5756999,
          54.99629
        ],
        [
          20.57578,
          54.9963099
        ],
        [
          20.5758599,
          54.9963399
        ],
        [
          20.5759299,
          54.99637
        ],
        [
          20.57601,
          54.9964
        ],
        [
          20.5760999,
          54.99643
        ],
        [
          20.5761899,
          54.99647
        ],
        [
          20.57628,
          54.9965
        ],
        [
          20.57637,
          54.99653
        ],
        [
          20.5764499,
          54.9965699
        ],
        [
          20.57654,
          54.9966099
        ],
        [
          20.57664,
          54.9966399
        ],
        [
          20.57673,
          54.9966699
        ],
        [
          20.5768199,
          54.9967099
        ],
        [
          20.5769,
          54.99675
        ],
        [
          20.577,
          54.99679
        ],
        [
          20.5771,
          54.99683
        ],
        [
          20.57719,
          54.9968699
        ],
        [
          20.5772799,
          54.9968999
        ],
        [
          20.5773799,
          54.99693
        ],
        [
          20.5774699,
          54.9969699
        ],
        [
          20.57756,
          54.9969999
        ],
        [
          20.5776399,
          54.9970399
        ],
        [
          20.5777099,
          54.99706
        ],
        [
          20.57779,
          54.99709
        ],
        [
          20.5778699,
          54.9971299
        ],
        [
          20.57795,
          54.99716
        ],
        [
          20.57804,
          54.99719
        ],
        [
          20.5781299,
          54.9972299
        ],
        [
          20.57821,
          54.9972599
        ],
        [
          20.5782899,
          54.99729
        ],
        [
          20.57838,
          54.9973299
        ],
        [
          20.57847,
          54.9973699
        ],
        [
          20.57855,
          54.9973999
        ],
        [
          20.5786199,
          54.99744
        ],
        [
          20.57871,
          54.99747
        ],
        [
          20.57878,
          54.99751
        ],
        [
          20.57887,
          54.99754
        ],
        [
          20.5789499,
          54.99757
        ],
        [
          20.57903,
          54.9975999
        ],
        [
          20.5791099,
          54.9976299
        ],
        [
          20.57919,
          54.99767
        ],
        [
          20.5792799,
          54.9977
        ],
        [
          20.5793799,
          54.9977299
        ],
        [
          20.57946,
          54.99777
        ],
        [
          20.57955,
          54.9978
        ],
        [
          20.5796399,
          54.99783
        ],
        [
          20.57972,
          54.9978599
        ],
        [
          20.5797999,
          54.9978899
        ],
        [
          20.57988,
          54.99791
        ],
        [
          20.5799699,
          54.9979499
        ],
        [
          20.58006,
          54.9979899
        ],
        [
          20.58015,
          54.9980199
        ],
        [
          20.5802299,
          54.99804
        ],
        [
          20.5803299,
          54.99807
        ],
        [
          20.5804299,
          54.9981
        ],
        [
          20.58052,
          54.99813
        ],
        [
          20.5806,
          54.99817
        ],
        [
          20.58068,
          54.9982
        ],
        [
          20.58077,
          54.9982499
        ],
        [
          20.5808599,
          54.9982799
        ],
        [
          20.5809499,
          54.99833
        ],
        [
          20.5810499,
          54.99837
        ],
        [
          20.58114,
          54.9984
        ],
        [
          20.58123,
          54.99843
        ],
        [
          20.58133,
          54.99846
        ],
        [
          20.58142,
          54.9985
        ],
        [
          20.5815099,
          54.9985399
        ],
        [
          20.58159,
          54.99857
        ],
        [
          20.5816699,
          54.9986
        ],
        [
          20.5817399,
          54.99863
        ],
        [
          20.58183,
          54.99867
        ],
        [
          20.5819099,
          54.9987
        ],
        [
          20.5819999,
          54.99873
        ],
        [
          20.58208,
          54.9987699
        ],
        [
          20.5821699,
          54.9988
        ],
        [
          20.5822599,
          54.99883
        ],
        [
          20.58235,
          54.9988699
        ],
        [
          20.58245,
          54.9989099
        ],
        [
          20.58254,
          54.9989399
        ],
        [
          20.5826299,
          54.99898
        ],
        [
          20.58271,
          54.9990099
        ],
        [
          20.5827899,
          54.9990399
        ],
        [
          20.58288,
          54.9990699
        ],
        [
          20.5829599,
          54.9990999
        ],
        [
          20.58304,
          54.99912
        ],
        [
          20.5831199,
          54.99915
        ],
        [
          20.5832,
          54.99918
        ],
        [
          20.5832899,
          54.99922
        ],
        [
          20.58337,
          54.99925
        ],
        [
          20.58344,
          54.99928
        ],
        [
          20.5835199,
          54.99931
        ],
        [
          20.58359,
          54.99935
        ],
        [
          20.5836799,
          54.99938
        ],
        [
          20.58376,
          54.99941
        ],
        [
          20.58385,
          54.99944
        ],
        [
          20.58393,
          54.9994699
        ],
        [
          20.5840099,
          54.9994999
        ],
        [
          20.58409,
          54.99954
        ],
        [
          20.58418,
          54.99957
        ],
        [
          20.5842699,
          54.99961
        ],
        [
          20.58436,
          54.99965
        ],
        [
          20.58445,
          54.99968
        ],
        [
          20.5845299,
          54.99972
        ],
        [
          20.58461,
          54.99975
        ],
        [
          20.5846899,
          54.99978
        ],
        [
          20.5847899,
          54.9998
        ],
        [
          20.5848899,
          54.99984
        ],
        [
          20.5849899,
          54.99987
        ],
        [
          20.58508,
          54.9999
        ],
        [
          20.5851599,
          54.9999299
        ],
        [
          20.58527,
          54.99997
        ],
        [
          20.58536,
          55
        ],
        [
          20.58544,
          55.0000199
        ],
        [
          20.58553,
          55.0000499
        ],
        [
          20.5856099,
          55.0000899
        ],
        [
          20.5856799,
          55.00011
        ],
        [
          20.5857399,
          55.00014
        ],
        [
          20.5858,
          55.00017
        ],
        [
          20.58586,
          55.0001899
        ],
        [
          20.58593,
          55.0002199
        ],
        [
          20.586,
          55.0002499
        ],
        [
          20.5860799,
          55.0002799
        ],
        [
          20.58618,
          55.00031
        ],
        [
          20.5862699,
          55.00034
        ],
        [
          20.58636,
          55.0003799
        ],
        [
          20.58646,
          55.0004199
        ],
        [
          20.5865399,
          55.0004499
        ],
        [
          20.5866299,
          55.0004799
        ],
        [
          20.5867299,
          55.0005199
        ],
        [
          20.5868299,
          55.0005499
        ],
        [
          20.58692,
          55.0005799
        ],
        [
          20.58701,
          55.0006199
        ],
        [
          20.5871,
          55.0006499
        ],
        [
          20.58717,
          55.0006799
        ],
        [
          20.5872499,
          55.0007099
        ],
        [
          20.58733,
          55.0007499
        ],
        [
          20.5874199,
          55.0007799
        ],
        [
          20.58751,
          55.00082
        ],
        [
          20.5876,
          55.00086
        ],
        [
          20.58769,
          55.00089
        ],
        [
          20.58776,
          55.00093
        ],
        [
          20.58786,
          55.00096
        ],
        [
          20.5879499,
          55.001
        ],
        [
          20.5880499,
          55.0010399
        ],
        [
          20.58813,
          55.0010699
        ],
        [
          20.58823,
          55.0011099
        ],
        [
          20.58832,
          55.0011399
        ],
        [
          20.5884099,
          55.0011699
        ],
        [
          20.58851,
          55.0012099
        ],
        [
          20.5885999,
          55.0012399
        ],
        [
          20.58869,
          55.00128
        ],
        [
          20.58878,
          55.00132
        ],
        [
          20.5888699,
          55.00135
        ],
        [
          20.5889599,
          55.00139
        ],
        [
          20.58904,
          55.00142
        ],
        [
          20.5891299,
          55.00145
        ],
        [
          20.58921,
          55.00149
        ],
        [
          20.5893,
          55.00152
        ],
        [
          20.58938,
          55.00155
        ],
        [
          20.58947,
          55.00158
        ],
        [
          20.5895499,
          55.00161
        ],
        [
          20.58964,
          55.00164
        ],
        [
          20.58973,
          55.00168
        ],
        [
          20.5898099,
          55.00171
        ],
        [
          20.58989,
          55.00174
        ],
        [
          20.5899799,
          55.00178
        ],
        [
          20.5900499,
          55.0017999
        ],
        [
          20.59012,
          55.0018299
        ],
        [
          20.5902,
          55.0018599
        ],
        [
          20.5902799,
          55.0018899
        ],
        [
          20.59036,
          55.0019199
        ],
        [
          20.59045,
          55.00195
        ],
        [
          20.59053,
          55.0019899
        ],
        [
          20.59062,
          55.0020299
        ],
        [
          20.59072,
          55.00207
        ],
        [
          20.59081,
          55.0021
        ],
        [
          20.59089,
          55.00214
        ],
        [
          20.59098,
          55.00217
        ],
        [
          20.5910699,
          55.0022
        ],
        [
          20.5911599,
          55.00224
        ],
        [
          20.59125,
          55.00227
        ],
        [
          20.59134,
          55.0023
        ],
        [
          20.59144,
          55.00233
        ],
        [
          20.59154,
          55.0023499
        ],
        [
          20.59164,
          55.0023899
        ],
        [
          20.59173,
          55.0024199
        ],
        [
          20.59183,
          55.0024499
        ],
        [
          20.5919199,
          55.0024899
        ],
        [
          20.5920099,
          55.0025199
        ],
        [
          20.5921,
          55.0025499
        ],
        [
          20.5921799,
          55.00259
        ],
        [
          20.59227,
          55.00263
        ],
        [
          20.5923499,
          55.00266
        ],
        [
          20.5924399,
          55.0027
        ],
        [
          20.59252,
          55.00274
        ],
        [
          20.5926099,
          55.00277
        ],
        [
          20.59269,
          55.0028
        ],
        [
          20.5927699,
          55.00283
        ],
        [
          20.59286,
          55.00286
        ],
        [
          20.59295,
          55.0029
        ],
        [
          20.59304,
          55.00293
        ],
        [
          20.59314,
          55.00297
        ],
        [
          20.59324,
          55.003
        ],
        [
          20.59335,
          55.0030399
        ],
        [
          20.59344,
          55.0030799
        ],
        [
          20.59354,
          55.00312
        ],
        [
          20.59364,
          55.00316
        ],
        [
          20.59374,
          55.0031999
        ],
        [
          20.59384,
          55.00323
        ],
        [
          20.59393,
          55.0032699
        ],
        [
          20.59403,
          55.0033099
        ],
        [
          20.5941199,
          55.0033399
        ],
        [
          20.5942099,
          55.00338
        ],
        [
          20.59429,
          55.00342
        ],
        [
          20.5943799,
          55.00345
        ],
        [
          20.59447,
          55.0034999
        ],
        [
          20.5945399,
          55.0035299
        ],
        [
          20.59463,
          55.00356
        ],
        [
          20.59472,
          55.00359
        ],
        [
          20.5948099,
          55.0036299
        ],
        [
          20.5949099,
          55.0036599
        ],
        [
          20.5949999,
          55.0036999
        ],
        [
          20.5950999,
          55.00374
        ],
        [
          20.5951999,
          55.0037699
        ],
        [
          20.5952999,
          55.00381
        ],
        [
          20.5953999,
          55.00385
        ],
        [
          20.5953999,
          55.00385
        ],
        [
          20.5956199,
          55.00392
        ],
        [
          20.5957199,
          55.00395
        ],
        [
          20.5957199,
          55.00395
        ],
        [
          20.5959,
          55.00402
        ],
        [
          20.5959899,
          55.0040599
        ],
        [
          20.59607,
          55.0040899
        ],
        [
          20.59616,
          55.0041299
        ],
        [
          20.5962499,
          55.00417
        ],
        [
          20.59634,
          55.0042
        ],
        [
          20.59643,
          55.00424
        ],
        [
          20.5965399,
          55.00428
        ],
        [
          20.5966399,
          55.00431
        ],
        [
          20.5967399,
          55.0043499
        ],
        [
          20.59685,
          55.00438
        ],
        [
          20.59695,
          55.0044199
        ],
        [
          20.59705,
          55.0044599
        ],
        [
          20.59715,
          55.0045
        ],
        [
          20.59725,
          55.00453
        ],
        [
          20.59734,
          55.00457
        ],
        [
          20.59744,
          55.0046
        ],
        [
          20.5975299,
          55.00463
        ],
        [
          20.5976299,
          55.00466
        ],
        [
          20.5977299,
          55.0047
        ],
        [
          20.59781,
          55.00473
        ],
        [
          20.5979,
          55.00476
        ],
        [
          20.598,
          55.0048
        ],
        [
          20.5980899,
          55.00483
        ],
        [
          20.5981899,
          55.00486
        ],
        [
          20.5983,
          55.0048799
        ],
        [
          20.59839,
          55.0049099
        ],
        [
          20.59849,
          55.0049399
        ],
        [
          20.5985799,
          55.0049499
        ],
        [
          20.5986799,
          55.00496
        ],
        [
          20.5987799,
          55.00497
        ],
        [
          20.5988799,
          55.00497
        ],
        [
          20.5989799,
          55.0049799
        ],
        [
          20.59908,
          55.0049799
        ],
        [
          20.59918,
          55.00497
        ],
        [
          20.59918,
          55.00497
        ],
        [
          20.59936,
          55.0049499
        ],
        [
          20.5994599,
          55.0049199
        ],
        [
          20.59955,
          55.0049
        ],
        [
          20.59964,
          55.00489
        ],
        [
          20.5997299,
          55.0048799
        ],
        [
          20.5997299,
          55.0048799
        ],
        [
          20.5999299,
          55.00489
        ],
        [
          20.6000199,
          55.00489
        ],
        [
          20.6001199,
          55.00489
        ],
        [
          20.6002199,
          55.00489
        ],
        [
          20.6003199,
          55.00489
        ],
        [
          20.60043,
          55.00489
        ],
        [
          20.60054,
          55.00489
        ],
        [
          20.60064,
          55.0049
        ],
        [
          20.60073,
          55.0049
        ],
        [
          20.60083,
          55.0049
        ],
        [
          20.60093,
          55.0049099
        ],
        [
          20.60102,
          55.00493
        ],
        [
          20.6011099,
          55.00493
        ],
        [
          20.6012099,
          55.00493
        ],
        [
          20.60132,
          55.0049199
        ],
        [
          20.60142,
          55.00493
        ],
        [
          20.60152,
          55.00493
        ],
        [
          20.60162,
          55.0049399
        ],
        [
          20.60171,
          55.00496
        ],
        [
          20.60179,
          55.00499
        ],
        [
          20.6018599,
          55.00502
        ],
        [
          20.6018999,
          55.0050499
        ],
        [
          20.60194,
          55.00509
        ],
        [
          20.6019899,
          55.00513
        ],
        [
          20.6020299,
          55.0051699
        ],
        [
          20.60207,
          55.0052
        ],
        [
          20.6021199,
          55.0052399
        ],
        [
          20.6021599,
          55.0052699
        ],
        [
          20.6022199,
          55.0053
        ],
        [
          20.6023,
          55.00532
        ],
        [
          20.6023,
          55.00532
        ],
        [
          20.60247,
          55.00536
        ],
        [
          20.6025499,
          55.00538
        ],
        [
          20.60264,
          55.0053999
        ],
        [
          20.60273,
          55.0054099
        ],
        [
          20.6028199,
          55.00543
        ],
        [
          20.60292,
          55.00545
        ],
        [
          20.6030099,
          55.00546
        ],
        [
          20.6031,
          55.00548
        ],
        [
          20.6032,
          55.00549
        ],
        [
          20.60329,
          55.0055099
        ],
        [
          20.60338,
          55.00552
        ],
        [
          20.6034699,
          55.0055399
        ],
        [
          20.60356,
          55.00555
        ],
        [
          20.6036399,
          55.0055699
        ],
        [
          20.6037299,
          55.00558
        ],
        [
          20.60384,
          55.00559
        ],
        [
          20.60394,
          55.0055999
        ],
        [
          20.6040299,
          55.00561
        ],
        [
          20.60412,
          55.00562
        ],
        [
          20.60421,
          55.0056399
        ],
        [
          20.6043,
          55.00565
        ],
        [
          20.6044,
          55.0056699
        ],
        [
          20.60448,
          55.00568
        ],
        [
          20.60457,
          55.00569
        ],
        [
          20.6046499,
          55.00571
        ],
        [
          20.60473,
          55.0057299
        ],
        [
          20.60481,
          55.0057299
        ],
        [
          20.6049,
          55.0057399
        ],
        [
          20.6049799,
          55.00575
        ],
        [
          20.60507,
          55.0057699
        ],
        [
          20.6051499,
          55.00578
        ],
        [
          20.60523,
          55.00579
        ],
        [
          20.60523,
          55.00579
        ],
        [
          20.60533,
          55.0057999
        ],
        [
          20.60542,
          55.00581
        ],
        [
          20.6055099,
          55.00582
        ],
        [
          20.6055999,
          55.0058299
        ],
        [
          20.60569,
          55.00584
        ],
        [
          20.60578,
          55.00585
        ],
        [
          20.60589,
          55.0058599
        ],
        [
          20.60599,
          55.0058699
        ],
        [
          20.60608,
          55.00588
        ],
        [
          20.6061899,
          55.00589
        ],
        [
          20.60631,
          55.0058999
        ],
        [
          20.60641,
          55.00592
        ],
        [
          20.6065199,
          55.0059299
        ],
        [
          20.6066199,
          55.00595
        ],
        [
          20.6067199,
          55.0059599
        ],
        [
          20.60681,
          55.00598
        ],
        [
          20.60691,
          55.00599
        ],
        [
          20.6070099,
          55.00601
        ],
        [
          20.6071,
          55.00602
        ],
        [
          20.6072,
          55.00602
        ],
        [
          20.6073,
          55.0060299
        ],
        [
          20.6074,
          55.00605
        ],
        [
          20.6075,
          55.0060599
        ],
        [
          20.60759,
          55.00608
        ],
        [
          20.60769,
          55.0060999
        ],
        [
          20.60779,
          55.00612
        ],
        [
          20.60789,
          55.00615
        ],
        [
          20.60799,
          55.00617
        ],
        [
          20.60809,
          55.0061999
        ],
        [
          20.60818,
          55.0062199
        ],
        [
          20.60828,
          55.00624
        ],
        [
          20.60837,
          55.00627
        ],
        [
          20.6084599,
          55.0063
        ],
        [
          20.60855,
          55.0063199
        ],
        [
          20.6086299,
          55.00635
        ],
        [
          20.6087199,
          55.00638
        ],
        [
          20.60881,
          55.00641
        ],
        [
          20.6088899,
          55.00644
        ],
        [
          20.6089799,
          55.0064599
        ],
        [
          20.60906,
          55.0064899
        ],
        [
          20.60913,
          55.0065199
        ],
        [
          20.6092,
          55.0065599
        ],
        [
          20.6092799,
          55.0066
        ],
        [
          20.6093499,
          55.00664
        ],
        [
          20.60942,
          55.00667
        ],
        [
          20.60949,
          55.00671
        ],
        [
          20.6095499,
          55.00674
        ],
        [
          20.6096099,
          55.0067799
        ],
        [
          20.60966,
          55.00681
        ],
        [
          20.6097099,
          55.00683
        ],
        [
          20.6097699,
          55.00686
        ],
        [
          20.60983,
          55.00689
        ],
        [
          20.60989,
          55.0069199
        ],
        [
          20.6099699,
          55.00696
        ],
        [
          20.6100399,
          55.007
        ],
        [
          20.61011,
          55.00704
        ],
        [
          20.61018,
          55.00707
        ],
        [
          20.61024,
          55.0071099
        ],
        [
          20.61029,
          55.0071399
        ],
        [
          20.61034,
          55.0071799
        ],
        [
          20.61039,
          55.0072099
        ],
        [
          20.61044,
          55.0072499
        ],
        [
          20.6104999,
          55.0072799
        ],
        [
          20.6105599,
          55.0073099
        ],
        [
          20.61061,
          55.00735
        ],
        [
          20.61067,
          55.00739
        ],
        [
          20.6107199,
          55.00742
        ],
        [
          20.61078,
          55.00745
        ],
        [
          20.61084,
          55.0074799
        ],
        [
          20.61091,
          55.00752
        ],
        [
          20.61097,
          55.00756
        ],
        [
          20.61104,
          55.0075999
        ],
        [
          20.6111,
          55.00763
        ],
        [
          20.61116,
          55.0076699
        ],
        [
          20.6112199,
          55.0077099
        ],
        [
          20.61127,
          55.00775
        ],
        [
          20.61133,
          55.00779
        ],
        [
          20.61139,
          55.00782
        ],
        [
          20.61146,
          55.00786
        ],
        [
          20.61152,
          55.00788
        ],
        [
          20.61159,
          55.00792
        ],
        [
          20.6116499,
          55.00795
        ],
        [
          20.61172,
          55.00799
        ],
        [
          20.61179,
          55.0080299
        ],
        [
          20.61185,
          55.0080699
        ],
        [
          20.61192,
          55.0080999
        ],
        [
          20.61199,
          55.0081299
        ],
        [
          20.61206,
          55.0081599
        ],
        [
          20.61212,
          55.00818
        ],
        [
          20.61216,
          55.00821
        ],
        [
          20.61218,
          55.00825
        ],
        [
          20.6121999,
          55.00827
        ],
        [
          20.6121999,
          55.00827
        ],
        [
          20.6121999,
          55.00827
        ],
        [
          20.6122699,
          55.00834
        ],
        [
          20.61226,
          55.0083599
        ],
        [
          20.61225,
          55.00837
        ],
        [
          20.6122299,
          55.0083899
        ],
        [
          20.61222,
          55.0084199
        ],
        [
          20.61222,
          55.00844
        ],
        [
          20.6122299,
          55.00847
        ],
        [
          20.6122399,
          55.0085
        ],
        [
          20.61226,
          55.0085299
        ],
        [
          20.61229,
          55.0085599
        ],
        [
          20.61232,
          55.0085899
        ],
        [
          20.61235,
          55.0086199
        ],
        [
          20.61238,
          55.0086499
        ],
        [
          20.61242,
          55.00868
        ],
        [
          20.61249,
          55.00873
        ],
        [
          20.6125299,
          55.0087599
        ],
        [
          20.6125599,
          55.0087899
        ],
        [
          20.6125999,
          55.00881
        ],
        [
          20.6126299,
          55.00884
        ],
        [
          20.6126599,
          55.00887
        ],
        [
          20.6126999,
          55.0088899
        ],
        [
          20.61274,
          55.0089199
        ],
        [
          20.61277,
          55.0089499
        ],
        [
          20.6128199,
          55.0089799
        ],
        [
          20.6128599,
          55.0090199
        ],
        [
          20.6129,
          55.0090499
        ],
        [
          20.6129599,
          55.00909
        ],
        [
          20.61301,
          55.00913
        ],
        [
          20.61307,
          55.00916
        ],
        [
          20.61313,
          55.00919
        ],
        [
          20.6131899,
          55.00923
        ],
        [
          20.6132499,
          55.00927
        ],
        [
          20.61331,
          55.0093099
        ],
        [
          20.61337,
          55.0093399
        ],
        [
          20.6134199,
          55.0093799
        ],
        [
          20.61347,
          55.00942
        ],
        [
          20.61353,
          55.00945
        ],
        [
          20.6135799,
          55.0094799
        ],
        [
          20.61363,
          55.00952
        ],
        [
          20.6136799,
          55.00955
        ],
        [
          20.61373,
          55.0095799
        ],
        [
          20.61379,
          55.0096099
        ],
        [
          20.6138399,
          55.00965
        ],
        [
          20.6139,
          55.00968
        ],
        [
          20.6139399,
          55.0097099
        ],
        [
          20.6139799,
          55.0097399
        ],
        [
          20.61403,
          55.00976
        ],
        [
          20.61416,
          55.00982
        ],
        [
          20.61423,
          55.00985
        ],
        [
          20.6143099,
          55.00989
        ],
        [
          20.61439,
          55.0099299
        ],
        [
          20.6144699,
          55.00996
        ],
        [
          20.61455,
          55.0099999
        ],
        [
          20.6146299,
          55.0100299
        ],
        [
          20.61472,
          55.01006
        ],
        [
          20.6147999,
          55.01009
        ],
        [
          20.61488,
          55.01012
        ],
        [
          20.61495,
          55.0101599
        ],
        [
          20.6150299,
          55.01019
        ],
        [
          20.6151,
          55.01022
        ],
        [
          20.61518,
          55.0102599
        ],
        [
          20.6152599,
          55.01029
        ],
        [
          20.61533,
          55.01032
        ],
        [
          20.61541,
          55.01035
        ],
        [
          20.6154899,
          55.01038
        ],
        [
          20.61556,
          55.01041
        ],
        [
          20.61564,
          55.01044
        ],
        [
          20.6157199,
          55.01047
        ],
        [
          20.61579,
          55.0104999
        ],
        [
          20.61587,
          55.0105299
        ],
        [
          20.6159499,
          55.0105599
        ],
        [
          20.61603,
          55.0105899
        ],
        [
          20.6161,
          55.0106299
        ],
        [
          20.61625,
          55.0106899
        ],
        [
          20.61625,
          55.0106899
        ],
        [
          20.61632,
          55.0107299
        ],
        [
          20.6163999,
          55.0107599
        ],
        [
          20.61648,
          55.0107899
        ],
        [
          20.6165699,
          55.0108199
        ],
        [
          20.61665,
          55.01084
        ],
        [
          20.6167299,
          55.01087
        ],
        [
          20.61682,
          55.0109
        ],
        [
          20.61691,
          55.01093
        ],
        [
          20.61701,
          55.0109499
        ],
        [
          20.6170999,
          55.01097
        ],
        [
          20.6171899,
          55.011
        ],
        [
          20.61728,
          55.01104
        ],
        [
          20.6173599,
          55.0110799
        ],
        [
          20.61743,
          55.0111199
        ],
        [
          20.6175,
          55.01116
        ],
        [
          20.61757,
          55.0112099
        ],
        [
          20.61763,
          55.0112499
        ],
        [
          20.61767,
          55.0113
        ],
        [
          20.6177199,
          55.0113499
        ],
        [
          20.61776,
          55.0114
        ],
        [
          20.6178,
          55.01146
        ],
        [
          20.61784,
          55.0115099
        ],
        [
          20.61787,
          55.01157
        ],
        [
          20.6179099,
          55.01162
        ],
        [
          20.61794,
          55.0116699
        ],
        [
          20.6179799,
          55.01172
        ],
        [
          20.61803,
          55.0117699
        ],
        [
          20.6180799,
          55.01183
        ],
        [
          20.61812,
          55.01189
        ],
        [
          20.61817,
          55.01195
        ],
        [
          20.6182099,
          55.0120099
        ],
        [
          20.61825,
          55.0120699
        ],
        [
          20.6183,
          55.01212
        ],
        [
          20.6183399,
          55.01218
        ],
        [
          20.6183799,
          55.0122399
        ],
        [
          20.61843,
          55.01229
        ],
        [
          20.61846,
          55.01235
        ],
        [
          20.6184999,
          55.01241
        ],
        [
          20.61853,
          55.01247
        ],
        [
          20.6185699,
          55.0125299
        ],
        [
          20.6186099,
          55.0125899
        ],
        [
          20.6186399,
          55.01265
        ],
        [
          20.61866,
          55.01271
        ],
        [
          20.6186699,
          55.01277
        ],
        [
          20.61868,
          55.0128299
        ],
        [
          20.61869,
          55.0128899
        ],
        [
          20.6186999,
          55.0129499
        ],
        [
          20.6186999,
          55.01301
        ],
        [
          20.6186999,
          55.01307
        ],
        [
          20.6186999,
          55.01314
        ],
        [
          20.6186999,
          55.0131899
        ],
        [
          20.6186999,
          55.01326
        ],
        [
          20.6186999,
          55.0133199
        ],
        [
          20.6186999,
          55.0133799
        ],
        [
          20.6186999,
          55.01344
        ],
        [
          20.61871,
          55.0135
        ],
        [
          20.61872,
          55.01356
        ],
        [
          20.61872,
          55.01362
        ],
        [
          20.61872,
          55.0136799
        ],
        [
          20.6187299,
          55.0137399
        ],
        [
          20.6187299,
          55.0138
        ],
        [
          20.6187399,
          55.01386
        ],
        [
          20.6187399,
          55.01392
        ],
        [
          20.61875,
          55.01398
        ],
        [
          20.61876,
          55.0140399
        ],
        [
          20.61878,
          55.01409
        ],
        [
          20.61881,
          55.01413
        ],
        [
          20.61884,
          55.0141699
        ],
        [
          20.61882,
          55.01421
        ],
        [
          20.61881,
          55.01425
        ],
        [
          20.61879,
          55.01428
        ],
        [
          20.61876,
          55.01432
        ],
        [
          20.61872,
          55.01436
        ],
        [
          20.61869,
          55.0143999
        ],
        [
          20.6186399,
          55.01444
        ],
        [
          20.61858,
          55.0144699
        ],
        [
          20.61853,
          55.0144999
        ],
        [
          20.61848,
          55.01454
        ],
        [
          20.61843,
          55.0145699
        ],
        [
          20.6183799,
          55.01461
        ],
        [
          20.6183399,
          55.01464
        ],
        [
          20.6183,
          55.01467
        ],
        [
          20.6182699,
          55.0146999
        ],
        [
          20.61823,
          55.0147299
        ],
        [
          20.6182,
          55.0147599
        ],
        [
          20.61816,
          55.0147899
        ],
        [
          20.61813,
          55.01481
        ],
        [
          20.6181,
          55.01484
        ],
        [
          20.6180799,
          55.01487
        ],
        [
          20.61807,
          55.01491
        ],
        [
          20.61807,
          55.01495
        ],
        [
          20.61807,
          55.01498
        ],
        [
          20.6180799,
          55.0150199
        ],
        [
          20.6180799,
          55.0150499
        ],
        [
          20.61809,
          55.0150899
        ],
        [
          20.6181,
          55.01513
        ],
        [
          20.6181099,
          55.01517
        ],
        [
          20.61813,
          55.01521
        ],
        [
          20.6181499,
          55.01526
        ],
        [
          20.61816,
          55.0153
        ],
        [
          20.6181799,
          55.0153499
        ],
        [
          20.6182,
          55.0153899
        ],
        [
          20.61822,
          55.01544
        ],
        [
          20.6182399,
          55.01549
        ],
        [
          20.61825,
          55.01553
        ],
        [
          20.61825,
          55.0155799
        ],
        [
          20.6182399,
          55.0156199
        ],
        [
          20.6182399,
          55.01567
        ],
        [
          20.61826,
          55.0157099
        ],
        [
          20.6182799,
          55.0157499
        ],
        [
          20.61829,
          55.01579
        ],
        [
          20.6183,
          55.01582
        ],
        [
          20.6183099,
          55.01586
        ],
        [
          20.6183399,
          55.0159
        ],
        [
          20.61836,
          55.0159399
        ],
        [
          20.6183799,
          55.0159699
        ],
        [
          20.6183999,
          55.016
        ],
        [
          20.61842,
          55.01603
        ],
        [
          20.61845,
          55.01605
        ],
        [
          20.61849,
          55.01605
        ],
        [
          20.61853,
          55.01606
        ],
        [
          20.6185699,
          55.0160799
        ],
        [
          20.61862,
          55.0161
        ],
        [
          20.61866,
          55.0161099
        ],
        [
          20.6186999,
          55.01613
        ],
        [
          20.6187399,
          55.01615
        ],
        [
          20.61878,
          55.0161699
        ],
        [
          20.61881,
          55.0161999
        ],
        [
          20.6188299,
          55.01622
        ],
        [
          20.61881,
          55.0162399
        ],
        [
          20.6187699,
          55.01625
        ],
        [
          20.6187399,
          55.01626
        ],
        [
          20.6187299,
          55.01628
        ],
        [
          20.61872,
          55.0163099
        ],
        [
          20.61871,
          55.0163399
        ],
        [
          20.61871,
          55.01636
        ],
        [
          20.6187299,
          55.01638
        ],
        [
          20.6187699,
          55.0163999
        ],
        [
          20.6187999,
          55.01642
        ],
        [
          20.6188299,
          55.0164399
        ],
        [
          20.61885,
          55.0164699
        ],
        [
          20.61888,
          55.01649
        ],
        [
          20.6188999,
          55.0165299
        ],
        [
          20.61892,
          55.0165599
        ],
        [
          20.6189299,
          55.0165999
        ],
        [
          20.61894,
          55.0166299
        ],
        [
          20.61895,
          55.01668
        ],
        [
          20.6189599,
          55.01671
        ],
        [
          20.6189699,
          55.0167599
        ],
        [
          20.61899,
          55.0167999
        ],
        [
          20.6189999,
          55.01684
        ],
        [
          20.61901,
          55.0168899
        ],
        [
          20.61902,
          55.0169299
        ],
        [
          20.6190299,
          55.01698
        ],
        [
          20.61905,
          55.0170299
        ],
        [
          20.6190599,
          55.01708
        ],
        [
          20.61908,
          55.0171299
        ],
        [
          20.6190899,
          55.0171899
        ],
        [
          20.6190999,
          55.0172499
        ],
        [
          20.61911,
          55.0173
        ],
        [
          20.6191299,
          55.0173499
        ],
        [
          20.6191599,
          55.01741
        ],
        [
          20.61918,
          55.01746
        ],
        [
          20.6191999,
          55.01751
        ],
        [
          20.61922,
          55.01757
        ],
        [
          20.61924,
          55.0176199
        ],
        [
          20.61925,
          55.01767
        ],
        [
          20.61927,
          55.01773
        ],
        [
          20.61928,
          55.01779
        ],
        [
          20.6193,
          55.0178499
        ],
        [
          20.61931,
          55.0179099
        ],
        [
          20.6193299,
          55.01796
        ],
        [
          20.61935,
          55.01802
        ],
        [
          20.6193599,
          55.0180799
        ],
        [
          20.61938,
          55.0181399
        ],
        [
          20.6194,
          55.01819
        ],
        [
          20.61941,
          55.0182399
        ],
        [
          20.6194299,
          55.0182999
        ],
        [
          20.61944,
          55.01836
        ],
        [
          20.6194599,
          55.01842
        ],
        [
          20.61947,
          55.01848
        ],
        [
          20.61948,
          55.0185399
        ],
        [
          20.6195,
          55.01861
        ],
        [
          20.6195199,
          55.01866
        ],
        [
          20.61953,
          55.01872
        ],
        [
          20.61954,
          55.01878
        ],
        [
          20.6195499,
          55.01885
        ],
        [
          20.6195599,
          55.01891
        ],
        [
          20.6195599,
          55.01897
        ],
        [
          20.6195599,
          55.0190299
        ],
        [
          20.6195599,
          55.0190899
        ],
        [
          20.61957,
          55.01914
        ],
        [
          20.6195899,
          55.0192
        ],
        [
          20.61961,
          55.01925
        ],
        [
          20.6196199,
          55.01931
        ],
        [
          20.61964,
          55.0193599
        ],
        [
          20.6196599,
          55.0194199
        ],
        [
          20.61968,
          55.01948
        ],
        [
          20.6197,
          55.01954
        ],
        [
          20.61973,
          55.0195899
        ],
        [
          20.61974,
          55.0196499
        ],
        [
          20.6197499,
          55.0197
        ],
        [
          20.61977,
          55.0197499
        ],
        [
          20.6198199,
          55.0198
        ],
        [
          20.6198799,
          55.01983
        ],
        [
          20.61996,
          55.01984
        ],
        [
          20.6200499,
          55.0198499
        ],
        [
          20.6201399,
          55.01987
        ],
        [
          20.62023,
          55.0198799
        ],
        [
          20.6203099,
          55.0199
        ],
        [
          20.6204,
          55.0199199
        ],
        [
          20.62049,
          55.01994
        ],
        [
          20.62058,
          55.01997
        ],
        [
          20.6206699,
          55.01999
        ],
        [
          20.6207399,
          55.02002
        ],
        [
          20.62081,
          55.02006
        ],
        [
          20.62085,
          55.0201099
        ],
        [
          20.62088,
          55.02016
        ],
        [
          20.62091,
          55.02022
        ],
        [
          20.62092,
          55.0202699
        ],
        [
          20.6209299,
          55.02033
        ],
        [
          20.62092,
          55.0203799
        ],
        [
          20.62091,
          55.0204399
        ],
        [
          20.62089,
          55.0204999
        ],
        [
          20.62086,
          55.02055
        ],
        [
          20.6208299,
          55.0206099
        ],
        [
          20.62081,
          55.0206699
        ],
        [
          20.62078,
          55.02072
        ],
        [
          20.62076,
          55.02078
        ],
        [
          20.62072,
          55.0208399
        ],
        [
          20.62069,
          55.02089
        ],
        [
          20.62066,
          55.0209599
        ],
        [
          20.6206399,
          55.02101
        ],
        [
          20.6206399,
          55.02107
        ],
        [
          20.6206699,
          55.0211299
        ],
        [
          20.6206999,
          55.02118
        ],
        [
          20.6207399,
          55.0212299
        ],
        [
          20.6207699,
          55.02128
        ],
        [
          20.62081,
          55.0213299
        ],
        [
          20.6208299,
          55.02138
        ],
        [
          20.62086,
          55.02144
        ],
        [
          20.6208999,
          55.0214899
        ],
        [
          20.6209399,
          55.02154
        ],
        [
          20.6209999,
          55.0215899
        ],
        [
          20.62105,
          55.02163
        ],
        [
          20.62111,
          55.02168
        ],
        [
          20.6211599,
          55.02174
        ],
        [
          20.62121,
          55.0217899
        ],
        [
          20.6212599,
          55.02184
        ],
        [
          20.62131,
          55.0218899
        ],
        [
          20.62135,
          55.02194
        ],
        [
          20.62141,
          55.0219799
        ],
        [
          20.62147,
          55.0220199
        ],
        [
          20.6215299,
          55.02207
        ],
        [
          20.6215899,
          55.0221099
        ],
        [
          20.6216599,
          55.0221499
        ],
        [
          20.62173,
          55.0222099
        ],
        [
          20.6218,
          55.0222499
        ],
        [
          20.62187,
          55.0223
        ],
        [
          20.62196,
          55.0223399
        ],
        [
          20.62204,
          55.02239
        ],
        [
          20.6221199,
          55.02243
        ],
        [
          20.6222099,
          55.0224699
        ],
        [
          20.6223,
          55.0225
        ],
        [
          20.62239,
          55.02253
        ],
        [
          20.6224799,
          55.02256
        ],
        [
          20.6225699,
          55.0225999
        ],
        [
          20.62266,
          55.02263
        ],
        [
          20.62275,
          55.02266
        ],
        [
          20.6228399,
          55.02269
        ],
        [
          20.62292,
          55.02272
        ],
        [
          20.6229999,
          55.02275
        ],
        [
          20.62309,
          55.02278
        ],
        [
          20.62318,
          55.02281
        ],
        [
          20.62328,
          55.02285
        ],
        [
          20.62337,
          55.02288
        ],
        [
          20.6234599,
          55.02292
        ],
        [
          20.6235599,
          55.02295
        ],
        [
          20.62364,
          55.02298
        ],
        [
          20.62374,
          55.02302
        ],
        [
          20.62384,
          55.02304
        ],
        [
          20.62394,
          55.0230699
        ],
        [
          20.62403,
          55.0230999
        ],
        [
          20.62411,
          55.0231299
        ],
        [
          20.6241899,
          55.0231699
        ],
        [
          20.62427,
          55.02321
        ],
        [
          20.62436,
          55.02324
        ],
        [
          20.62443,
          55.02328
        ],
        [
          20.6245099,
          55.02332
        ],
        [
          20.62459,
          55.0233599
        ],
        [
          20.62465,
          55.0233999
        ],
        [
          20.62472,
          55.02344
        ],
        [
          20.62479,
          55.02348
        ],
        [
          20.6248699,
          55.0235199
        ],
        [
          20.6249399,
          55.0235599
        ],
        [
          20.6250099,
          55.0236
        ],
        [
          20.62508,
          55.02364
        ],
        [
          20.62516,
          55.02367
        ],
        [
          20.6252399,
          55.0237
        ],
        [
          20.62531,
          55.02374
        ],
        [
          20.62539,
          55.02377
        ],
        [
          20.6254699,
          55.02381
        ],
        [
          20.62554,
          55.0238499
        ],
        [
          20.62562,
          55.0238799
        ],
        [
          20.6256999,
          55.0239199
        ],
        [
          20.62577,
          55.0239499
        ],
        [
          20.62584,
          55.0239899
        ],
        [
          20.6259199,
          55.02403
        ],
        [
          20.626,
          55.02407
        ],
        [
          20.6260899,
          55.0241099
        ],
        [
          20.62617,
          55.0241499
        ],
        [
          20.62624,
          55.02419
        ],
        [
          20.6263199,
          55.02424
        ],
        [
          20.6263799,
          55.0242799
        ],
        [
          20.6264499,
          55.02433
        ],
        [
          20.6265199,
          55.02437
        ],
        [
          20.6265799,
          55.02442
        ],
        [
          20.6266399,
          55.02446
        ],
        [
          20.6267,
          55.0245
        ],
        [
          20.6267499,
          55.02455
        ],
        [
          20.6268,
          55.02459
        ],
        [
          20.62685,
          55.0246399
        ],
        [
          20.6269,
          55.02469
        ],
        [
          20.62695,
          55.02475
        ],
        [
          20.627,
          55.0247999
        ],
        [
          20.62706,
          55.02486
        ],
        [
          20.6271099,
          55.02492
        ],
        [
          20.62716,
          55.02496
        ],
        [
          20.6272299,
          55.02501
        ],
        [
          20.62729,
          55.02506
        ],
        [
          20.62736,
          55.02511
        ],
        [
          20.62742,
          55.0251599
        ],
        [
          20.62749,
          55.02521
        ],
        [
          20.6275599,
          55.02525
        ],
        [
          20.62762,
          55.02529
        ],
        [
          20.6276999,
          55.0253299
        ],
        [
          20.62777,
          55.02538
        ],
        [
          20.62784,
          55.02542
        ],
        [
          20.62791,
          55.02547
        ],
        [
          20.62798,
          55.02551
        ],
        [
          20.62804,
          55.0255599
        ],
        [
          20.6281,
          55.0256
        ],
        [
          20.62817,
          55.02564
        ],
        [
          20.62824,
          55.0256899
        ],
        [
          20.62831,
          55.0257199
        ],
        [
          20.6283899,
          55.0257599
        ],
        [
          20.62846,
          55.0258
        ],
        [
          20.62853,
          55.02583
        ],
        [
          20.6286,
          55.02587
        ],
        [
          20.62866,
          55.02591
        ],
        [
          20.6287099,
          55.0259499
        ],
        [
          20.62876,
          55.0259899
        ],
        [
          20.6288099,
          55.02603
        ],
        [
          20.62887,
          55.02607
        ],
        [
          20.62893,
          55.02611
        ],
        [
          20.62899,
          55.02614
        ],
        [
          20.62905,
          55.0261799
        ],
        [
          20.62912,
          55.02621
        ],
        [
          20.62918,
          55.0262499
        ],
        [
          20.6292399,
          55.02629
        ],
        [
          20.6293099,
          55.02633
        ],
        [
          20.6293699,
          55.02637
        ],
        [
          20.6294399,
          55.0264
        ],
        [
          20.6294999,
          55.0264399
        ],
        [
          20.62956,
          55.0264799
        ],
        [
          20.62962,
          55.02652
        ],
        [
          20.62969,
          55.02656
        ],
        [
          20.6297599,
          55.0266
        ],
        [
          20.62982,
          55.0266399
        ],
        [
          20.6298999,
          55.0266799
        ],
        [
          20.62998,
          55.02672
        ],
        [
          20.6300599,
          55.02676
        ],
        [
          20.6301299,
          55.0268
        ],
        [
          20.6302,
          55.02683
        ],
        [
          20.63027,
          55.02688
        ],
        [
          20.6303499,
          55.02693
        ],
        [
          20.6304199,
          55.0269699
        ],
        [
          20.6305,
          55.0270099
        ],
        [
          20.63057,
          55.02705
        ],
        [
          20.63064,
          55.02709
        ],
        [
          20.6307099,
          55.0271399
        ],
        [
          20.6307799,
          55.02718
        ],
        [
          20.6308499,
          55.02722
        ],
        [
          20.63092,
          55.02726
        ],
        [
          20.63099,
          55.0272999
        ],
        [
          20.63106,
          55.02735
        ],
        [
          20.63112,
          55.02738
        ],
        [
          20.6312,
          55.02742
        ],
        [
          20.6312699,
          55.0274699
        ],
        [
          20.6313399,
          55.02751
        ],
        [
          20.63142,
          55.02754
        ],
        [
          20.63149,
          55.02758
        ],
        [
          20.63156,
          55.02762
        ],
        [
          20.6316299,
          55.0276599
        ],
        [
          20.6316999,
          55.0276999
        ],
        [
          20.6317599,
          55.0277299
        ],
        [
          20.6318299,
          55.02777
        ],
        [
          20.63189,
          55.02781
        ],
        [
          20.6319599,
          55.02785
        ],
        [
          20.63205,
          55.0279
        ],
        [
          20.63214,
          55.0279599
        ],
        [
          20.6322199,
          55.028
        ],
        [
          20.6323,
          55.02804
        ],
        [
          20.6323599,
          55.02808
        ],
        [
          20.63243,
          55.02811
        ],
        [
          20.6325,
          55.0281499
        ],
        [
          20.63257,
          55.0281799
        ],
        [
          20.6326499,
          55.0282
        ],
        [
          20.63273,
          55.02823
        ],
        [
          20.6328199,
          55.0282499
        ],
        [
          20.6329,
          55.02827
        ],
        [
          20.6329799,
          55.0282899
        ],
        [
          20.6330499,
          55.0283199
        ],
        [
          20.63312,
          55.02834
        ],
        [
          20.63319,
          55.0283799
        ],
        [
          20.63325,
          55.0284099
        ],
        [
          20.6333099,
          55.0284499
        ],
        [
          20.63336,
          55.0284799
        ],
        [
          20.63342,
          55.0285099
        ],
        [
          20.6334699,
          55.02854
        ],
        [
          20.63353,
          55.02857
        ],
        [
          20.63358,
          55.0286
        ],
        [
          20.63363,
          55.02863
        ],
        [
          20.63369,
          55.02866
        ],
        [
          20.6337399,
          55.02869
        ],
        [
          20.6337999,
          55.02872
        ],
        [
          20.63385,
          55.0287499
        ],
        [
          20.63388,
          55.02876
        ],
        [
          20.6338999,
          55.0287799
        ],
        [
          20.63392,
          55.0288
        ],
        [
          20.63394,
          55.02882
        ],
        [
          20.6339699,
          55.0288399
        ],
        [
          20.6339999,
          55.02886
        ],
        [
          20.63404,
          55.0288699
        ],
        [
          20.63408,
          55.0288799
        ],
        [
          20.63412,
          55.0289
        ],
        [
          20.63415,
          55.0289099
        ],
        [
          20.63415,
          55.0289099
        ],
        [
          20.63415,
          55.0289099
        ],
        [
          20.63425,
          55.02896
        ],
        [
          20.6342599,
          55.0289699
        ],
        [
          20.63428,
          55.02899
        ],
        [
          20.6342999,
          55.029
        ],
        [
          20.6343199,
          55.0290099
        ],
        [
          20.63435,
          55.02902
        ],
        [
          20.63438,
          55.02902
        ],
        [
          20.6344,
          55.02903
        ],
        [
          20.6344299,
          55.0290399
        ],
        [
          20.6344599,
          55.0290399
        ],
        [
          20.6344899,
          55.02905
        ],
        [
          20.6344899,
          55.02905
        ],
        [
          20.63454,
          55.02906
        ],
        [
          20.63457,
          55.0290699
        ],
        [
          20.6345899,
          55.02908
        ],
        [
          20.63461,
          55.0290999
        ],
        [
          20.63463,
          55.02912
        ],
        [
          20.63463,
          55.02912
        ],
        [
          20.6346599,
          55.02913
        ],
        [
          20.6347,
          55.02916
        ],
        [
          20.6347199,
          55.0291699
        ],
        [
          20.63474,
          55.02919
        ],
        [
          20.63476,
          55.0291999
        ],
        [
          20.6347899,
          55.0292099
        ],
        [
          20.6348199,
          55.02923
        ],
        [
          20.6348499,
          55.02925
        ],
        [
          20.6348899,
          55.0292699
        ],
        [
          20.63493,
          55.02928
        ],
        [
          20.6349799,
          55.0292999
        ],
        [
          20.6350199,
          55.02931
        ],
        [
          20.63507,
          55.0293299
        ],
        [
          20.6351099,
          55.02935
        ],
        [
          20.6351499,
          55.0293699
        ],
        [
          20.6351799,
          55.0293999
        ],
        [
          20.63522,
          55.0294299
        ],
        [
          20.63526,
          55.02945
        ],
        [
          20.6353,
          55.02949
        ],
        [
          20.6353,
          55.02949
        ],
        [
          20.6353799,
          55.0295299
        ],
        [
          20.63543,
          55.0295599
        ],
        [
          20.6354699,
          55.02958
        ],
        [
          20.6355099,
          55.02961
        ],
        [
          20.63555,
          55.02964
        ],
        [
          20.6356099,
          55.0296699
        ],
        [
          20.63565,
          55.0296999
        ],
        [
          20.6356999,
          55.02974
        ],
        [
          20.63575,
          55.02977
        ],
        [
          20.6357999,
          55.02981
        ],
        [
          20.63585,
          55.02984
        ],
        [
          20.63585,
          55.02984
        ],
        [
          20.63595,
          55.0299
        ],
        [
          20.6359999,
          55.02994
        ],
        [
          20.6360599,
          55.02998
        ],
        [
          20.63611,
          55.03001
        ],
        [
          20.6361699,
          55.03004
        ],
        [
          20.63624,
          55.03007
        ],
        [
          20.6362899,
          55.0301
        ],
        [
          20.63635,
          55.03013
        ],
        [
          20.6363999,
          55.0301599
        ],
        [
          20.6364599,
          55.0301899
        ],
        [
          20.6365199,
          55.03023
        ],
        [
          20.63658,
          55.03027
        ],
        [
          20.63665,
          55.0303
        ],
        [
          20.63671,
          55.03033
        ],
        [
          20.63678,
          55.03037
        ],
        [
          20.63684,
          55.0304
        ],
        [
          20.6369,
          55.03043
        ],
        [
          20.6369499,
          55.03047
        ],
        [
          20.63701,
          55.03051
        ],
        [
          20.63706,
          55.0305499
        ],
        [
          20.63711,
          55.0305799
        ],
        [
          20.6371499,
          55.0306099
        ],
        [
          20.6372,
          55.03064
        ],
        [
          20.6372499,
          55.03067
        ],
        [
          20.63729,
          55.03069
        ],
        [
          20.6373399,
          55.0307199
        ],
        [
          20.6373799,
          55.03074
        ],
        [
          20.63742,
          55.03077
        ],
        [
          20.63742,
          55.03077
        ],
        [
          20.6375099,
          55.03082
        ],
        [
          20.6375499,
          55.0308399
        ],
        [
          20.63759,
          55.03087
        ],
        [
          20.63759,
          55.03087
        ],
        [
          20.6376799,
          55.0309099
        ],
        [
          20.63773,
          55.0309399
        ],
        [
          20.6377699,
          55.03096
        ],
        [
          20.63783,
          55.03099
        ],
        [
          20.63788,
          55.03102
        ],
        [
          20.63793,
          55.0310399
        ],
        [
          20.63798,
          55.0310699
        ],
        [
          20.63798,
          55.0310699
        ],
        [
          20.63808,
          55.03113
        ],
        [
          20.6381399,
          55.03115
        ],
        [
          20.63821,
          55.03118
        ],
        [
          20.6382599,
          55.0312099
        ],
        [
          20.63832,
          55.03125
        ],
        [
          20.63832,
          55.03125
        ],
        [
          20.63845,
          55.0313099
        ],
        [
          20.63845,
          55.0313099
        ],
        [
          20.63857,
          55.03138
        ],
        [
          20.63862,
          55.03141
        ],
        [
          20.63868,
          55.0314399
        ],
        [
          20.63874,
          55.0314699
        ],
        [
          20.6388,
          55.03151
        ],
        [
          20.6388,
          55.03151
        ],
        [
          20.6389499,
          55.0315699
        ],
        [
          20.6390199,
          55.0315999
        ],
        [
          20.6390899,
          55.0316299
        ],
        [
          20.63916,
          55.0316599
        ],
        [
          20.63923,
          55.03168
        ],
        [
          20.6393099,
          55.03171
        ],
        [
          20.6393099,
          55.03171
        ],
        [
          20.63944,
          55.03178
        ],
        [
          20.6395,
          55.03182
        ],
        [
          20.63956,
          55.03185
        ],
        [
          20.63963,
          55.0318899
        ],
        [
          20.63969,
          55.0319299
        ],
        [
          20.63976,
          55.0319599
        ],
        [
          20.63982,
          55.03201
        ],
        [
          20.6398799,
          55.03204
        ],
        [
          20.63993,
          55.03208
        ],
        [
          20.63998,
          55.0321199
        ],
        [
          20.6400399,
          55.03215
        ],
        [
          20.64009,
          55.0321899
        ],
        [
          20.64015,
          55.0322299
        ],
        [
          20.64021,
          55.03227
        ],
        [
          20.64026,
          55.03231
        ],
        [
          20.64032,
          55.03234
        ],
        [
          20.64038,
          55.03238
        ],
        [
          20.64044,
          55.03241
        ],
        [
          20.6404999,
          55.0324499
        ],
        [
          20.6405599,
          55.0324899
        ],
        [
          20.64062,
          55.0325199
        ],
        [
          20.64068,
          55.0325499
        ],
        [
          20.6407599,
          55.0325899
        ],
        [
          20.6408299,
          55.0326199
        ],
        [
          20.6409,
          55.0326499
        ],
        [
          20.64098,
          55.03269
        ],
        [
          20.64098,
          55.03269
        ],
        [
          20.6410499,
          55.0327199
        ],
        [
          20.6411899,
          55.03279
        ],
        [
          20.64127,
          55.03283
        ],
        [
          20.64134,
          55.03287
        ],
        [
          20.64134,
          55.03287
        ],
        [
          20.6414799,
          55.0329399
        ],
        [
          20.64154,
          55.0329799
        ],
        [
          20.64154,
          55.0329799
        ],
        [
          20.6417,
          55.0330499
        ],
        [
          20.6417799,
          55.0330799
        ],
        [
          20.64186,
          55.0331099
        ],
        [
          20.64193,
          55.03315
        ],
        [
          20.6420099,
          55.0331699
        ],
        [
          20.64208,
          55.0332
        ],
        [
          20.64215,
          55.03323
        ],
        [
          20.64223,
          55.03326
        ],
        [
          20.64231,
          55.03329
        ],
        [
          20.6423999,
          55.03332
        ],
        [
          20.64248,
          55.03335
        ],
        [
          20.6425599,
          55.03338
        ],
        [
          20.64265,
          55.0333999
        ],
        [
          20.64272,
          55.03343
        ],
        [
          20.6427999,
          55.03346
        ],
        [
          20.64287,
          55.03349
        ],
        [
          20.64287,
          55.03349
        ],
        [
          20.643,
          55.0335399
        ],
        [
          20.6430599,
          55.0335699
        ],
        [
          20.6431199,
          55.0335999
        ],
        [
          20.64318,
          55.0336299
        ],
        [
          20.6432499,
          55.0336699
        ],
        [
          20.64333,
          55.0336999
        ],
        [
          20.6434,
          55.03375
        ],
        [
          20.64347,
          55.03379
        ],
        [
          20.64354,
          55.0338299
        ],
        [
          20.6436199,
          55.0338699
        ],
        [
          20.6437,
          55.03391
        ],
        [
          20.64377,
          55.0339599
        ],
        [
          20.6438399,
          55.0339999
        ],
        [
          20.6439099,
          55.03405
        ],
        [
          20.64397,
          55.0340999
        ],
        [
          20.6440399,
          55.03415
        ],
        [
          20.6441099,
          55.0341899
        ],
        [
          20.6441699,
          55.03424
        ],
        [
          20.6442399,
          55.03428
        ],
        [
          20.64432,
          55.0343199
        ],
        [
          20.64439,
          55.0343599
        ],
        [
          20.64446,
          55.0344
        ],
        [
          20.64452,
          55.03444
        ],
        [
          20.6445999,
          55.0344899
        ],
        [
          20.6445999,
          55.0344899
        ],
        [
          20.64474,
          55.0345599
        ],
        [
          20.64482,
          55.0346
        ],
        [
          20.6448899,
          55.03463
        ],
        [
          20.64495,
          55.03467
        ],
        [
          20.64502,
          55.03471
        ],
        [
          20.6450899,
          55.03474
        ],
        [
          20.64515,
          55.0347799
        ],
        [
          20.6452199,
          55.03481
        ],
        [
          20.6452899,
          55.0348499
        ],
        [
          20.6453499,
          55.03489
        ],
        [
          20.64541,
          55.0349199
        ],
        [
          20.64547,
          55.03496
        ],
        [
          20.64554,
          55.035
        ],
        [
          20.64554,
          55.035
        ],
        [
          20.64561,
          55.03504
        ],
        [
          20.64567,
          55.03507
        ],
        [
          20.64574,
          55.0351
        ],
        [
          20.6458099,
          55.03513
        ],
        [
          20.64587,
          55.03517
        ],
        [
          20.6459399,
          55.0352
        ],
        [
          20.6460099,
          55.0352399
        ],
        [
          20.6460799,
          55.0352699
        ],
        [
          20.64616,
          55.0353099
        ],
        [
          20.64622,
          55.03535
        ],
        [
          20.6462799,
          55.03539
        ],
        [
          20.64633,
          55.03542
        ],
        [
          20.64638,
          55.03545
        ],
        [
          20.64642,
          55.03549
        ],
        [
          20.6464699,
          55.03552
        ],
        [
          20.64652,
          55.03555
        ],
        [
          20.6465699,
          55.03558
        ],
        [
          20.6466299,
          55.03562
        ],
        [
          20.64668,
          55.03565
        ],
        [
          20.6467299,
          55.03568
        ],
        [
          20.64678,
          55.03571
        ],
        [
          20.64682,
          55.03575
        ],
        [
          20.64685,
          55.0357699
        ],
        [
          20.64689,
          55.03579
        ],
        [
          20.64692,
          55.03579
        ],
        [
          20.64695,
          55.0357999
        ],
        [
          20.64699,
          55.03579
        ],
        [
          20.6470299,
          55.03579
        ],
        [
          20.64705,
          55.03578
        ],
        [
          20.6470899,
          55.0357699
        ],
        [
          20.64712,
          55.03578
        ],
        [
          20.64715,
          55.03578
        ],
        [
          20.64718,
          55.03579
        ],
        [
          20.64721,
          55.03579
        ],
        [
          20.6472299,
          55.0357999
        ],
        [
          20.6472299,
          55.0357999
        ],
        [
          20.6472299,
          55.0357999
        ],
        [
          20.6472299,
          55.0357999
        ],
        [
          20.6472299,
          55.0357999
        ],
        [
          20.6472299,
          55.0357999
        ],
        [
          20.64735,
          55.0358299
        ],
        [
          20.64737,
          55.0358299
        ],
        [
          20.64741,
          55.03585
        ],
        [
          20.64744,
          55.0358699
        ],
        [
          20.64747,
          55.03589
        ],
        [
          20.64751,
          55.0358999
        ],
        [
          20.64754,
          55.03592
        ],
        [
          20.64758,
          55.0359299
        ],
        [
          20.64761,
          55.03595
        ],
        [
          20.6476499,
          55.0359699
        ],
        [
          20.6476899,
          55.03599
        ],
        [
          20.64774,
          55.03601
        ],
        [
          20.6477799,
          55.03604
        ],
        [
          20.64783,
          55.0360699
        ],
        [
          20.64789,
          55.03609
        ],
        [
          20.6479499,
          55.03612
        ],
        [
          20.6480099,
          55.03615
        ],
        [
          20.6480499,
          55.03618
        ],
        [
          20.6481,
          55.0361999
        ],
        [
          20.64816,
          55.0362299
        ],
        [
          20.6482,
          55.0362599
        ],
        [
          20.6482499,
          55.0362899
        ],
        [
          20.6483,
          55.0363299
        ],
        [
          20.64836,
          55.03637
        ],
        [
          20.6484099,
          55.0364
        ],
        [
          20.64846,
          55.03644
        ],
        [
          20.6485099,
          55.03647
        ],
        [
          20.64856,
          55.0365
        ],
        [
          20.6486099,
          55.0365299
        ],
        [
          20.64866,
          55.03657
        ],
        [
          20.6487099,
          55.0366
        ],
        [
          20.64876,
          55.0366499
        ],
        [
          20.6487999,
          55.03668
        ],
        [
          20.6488699,
          55.0367199
        ],
        [
          20.6489299,
          55.03674
        ],
        [
          20.6489999,
          55.0367599
        ],
        [
          20.6490599,
          55.0367599
        ],
        [
          20.64912,
          55.0367599
        ],
        [
          20.64918,
          55.0367499
        ],
        [
          20.64924,
          55.03673
        ],
        [
          20.64931,
          55.03671
        ],
        [
          20.64938,
          55.0366899
        ],
        [
          20.64944,
          55.03667
        ],
        [
          20.64948,
          55.0366599
        ],
        [
          20.64951,
          55.0366499
        ],
        [
          20.64955,
          55.03664
        ],
        [
          20.64958,
          55.03663
        ],
        [
          20.6496,
          55.0366199
        ],
        [
          20.6496,
          55.0366199
        ],
        [
          20.6496,
          55.0366199
        ],
        [
          20.6496,
          55.0366199
        ],
        [
          20.6496199,
          55.03663
        ],
        [
          20.6496,
          55.03664
        ],
        [
          20.64958,
          55.0366499
        ],
        [
          20.64955,
          55.0366599
        ],
        [
          20.64951,
          55.03667
        ],
        [
          20.64948,
          55.03668
        ],
        [
          20.64944,
          55.0367
        ],
        [
          20.6494,
          55.0367199
        ],
        [
          20.6493599,
          55.03674
        ],
        [
          20.6492999,
          55.0367599
        ],
        [
          20.64925,
          55.03677
        ],
        [
          20.64921,
          55.0367899
        ],
        [
          20.6491899,
          55.0368
        ],
        [
          20.6491599,
          55.0368199
        ],
        [
          20.64914,
          55.03684
        ],
        [
          20.64912,
          55.03686
        ],
        [
          20.64909,
          55.0368799
        ],
        [
          20.64908,
          55.03691
        ],
        [
          20.6490699,
          55.03694
        ],
        [
          20.6490599,
          55.03697
        ],
        [
          20.6490599,
          55.037
        ],
        [
          20.64905,
          55.0370199
        ],
        [
          20.6490299,
          55.0370499
        ],
        [
          20.64901,
          55.0370799
        ],
        [
          20.64899,
          55.0371099
        ],
        [
          20.6489599,
          55.03713
        ],
        [
          20.6489299,
          55.0371499
        ],
        [
          20.64891,
          55.03716
        ],
        [
          20.64891,
          55.0371799
        ],
        [
          20.6489299,
          55.0372
        ],
        [
          20.6489399,
          55.03723
        ],
        [
          20.6489599,
          55.0372499
        ],
        [
          20.64899,
          55.03727
        ],
        [
          20.64902,
          55.0373
        ],
        [
          20.6490599,
          55.03732
        ],
        [
          20.64909,
          55.0373399
        ],
        [
          20.6491299,
          55.03737
        ],
        [
          20.6491699,
          55.03739
        ],
        [
          20.64921,
          55.03742
        ],
        [
          20.64924,
          55.03745
        ],
        [
          20.64927,
          55.0374799
        ],
        [
          20.6492999,
          55.0375099
        ],
        [
          20.6493299,
          55.03753
        ],
        [
          20.64937,
          55.03756
        ],
        [
          20.6494,
          55.03759
        ],
        [
          20.64944,
          55.03762
        ],
        [
          20.6494899,
          55.03765
        ],
        [
          20.64954,
          55.03768
        ],
        [
          20.6495899,
          55.03772
        ],
        [
          20.64964,
          55.03775
        ],
        [
          20.6497,
          55.03779
        ],
        [
          20.6497599,
          55.03783
        ],
        [
          20.64981,
          55.0378699
        ],
        [
          20.64987,
          55.0378999
        ],
        [
          20.6499199,
          55.03795
        ],
        [
          20.6499799,
          55.03798
        ],
        [
          20.65004,
          55.03802
        ],
        [
          20.6501,
          55.0380599
        ],
        [
          20.65016,
          55.0380999
        ],
        [
          20.6502199,
          55.0381299
        ],
        [
          20.65029,
          55.0381699
        ],
        [
          20.6503499,
          55.03821
        ],
        [
          20.6504099,
          55.03824
        ],
        [
          20.6504799,
          55.0382699
        ],
        [
          20.6505399,
          55.03831
        ],
        [
          20.6506099,
          55.03834
        ],
        [
          20.6506699,
          55.03838
        ],
        [
          20.6507399,
          55.03842
        ],
        [
          20.6507999,
          55.03845
        ],
        [
          20.6508699,
          55.0384899
        ],
        [
          20.6509299,
          55.0385299
        ],
        [
          20.6509999,
          55.03857
        ],
        [
          20.6510699,
          55.03861
        ],
        [
          20.65115,
          55.03864
        ],
        [
          20.65122,
          55.03868
        ],
        [
          20.65128,
          55.0387199
        ],
        [
          20.65135,
          55.0387499
        ],
        [
          20.65141,
          55.0387899
        ],
        [
          20.6514899,
          55.03883
        ],
        [
          20.65157,
          55.03887
        ],
        [
          20.6516299,
          55.03891
        ],
        [
          20.6517,
          55.0389499
        ],
        [
          20.65177,
          55.0389899
        ],
        [
          20.65183,
          55.03903
        ],
        [
          20.6518899,
          55.03906
        ],
        [
          20.6519499,
          55.0391
        ],
        [
          20.6520199,
          55.03914
        ],
        [
          20.6520799,
          55.0391799
        ],
        [
          20.6521499,
          55.0392199
        ],
        [
          20.6522199,
          55.0392499
        ],
        [
          20.65229,
          55.03929
        ],
        [
          20.65236,
          55.0393199
        ],
        [
          20.6524399,
          55.0393499
        ],
        [
          20.6525099,
          55.03939
        ],
        [
          20.65259,
          55.03943
        ],
        [
          20.6526699,
          55.03946
        ],
        [
          20.65276,
          55.0395
        ],
        [
          20.6528399,
          55.0395399
        ],
        [
          20.65293,
          55.0395699
        ],
        [
          20.65303,
          55.0396099
        ],
        [
          20.6531299,
          55.0396399
        ],
        [
          20.65322,
          55.03966
        ],
        [
          20.6533299,
          55.03969
        ],
        [
          20.65344,
          55.0397
        ],
        [
          20.65354,
          55.03972
        ],
        [
          20.65365,
          55.0397399
        ],
        [
          20.65375,
          55.03976
        ],
        [
          20.6538599,
          55.0397699
        ],
        [
          20.6539599,
          55.03979
        ],
        [
          20.65407,
          55.0398099
        ],
        [
          20.65417,
          55.03982
        ],
        [
          20.65427,
          55.03983
        ],
        [
          20.65437,
          55.03985
        ],
        [
          20.65447,
          55.03986
        ],
        [
          20.65457,
          55.03988
        ],
        [
          20.65467,
          55.0398999
        ],
        [
          20.6547799,
          55.0399099
        ],
        [
          20.6548799,
          55.03992
        ],
        [
          20.6549799,
          55.0399399
        ],
        [
          20.65508,
          55.03995
        ],
        [
          20.65518,
          55.03996
        ],
        [
          20.65528,
          55.03998
        ],
        [
          20.65539,
          55.03999
        ],
        [
          20.65549,
          55.04001
        ],
        [
          20.65559,
          55.0400299
        ],
        [
          20.6556999,
          55.04005
        ],
        [
          20.65581,
          55.04006
        ],
        [
          20.6559199,
          55.04008
        ],
        [
          20.6560299,
          55.0400999
        ],
        [
          20.65613,
          55.04011
        ],
        [
          20.65624,
          55.0401299
        ],
        [
          20.65634,
          55.04015
        ],
        [
          20.6564499,
          55.0401699
        ],
        [
          20.6565499,
          55.04019
        ],
        [
          20.65666,
          55.04021
        ],
        [
          20.65676,
          55.0402299
        ],
        [
          20.65687,
          55.04025
        ],
        [
          20.6569699,
          55.04028
        ],
        [
          20.6570699,
          55.0402999
        ],
        [
          20.65718,
          55.04032
        ],
        [
          20.65729,
          55.04034
        ],
        [
          20.65739,
          55.0403599
        ],
        [
          20.65749,
          55.04039
        ],
        [
          20.65759,
          55.04041
        ],
        [
          20.65769,
          55.04044
        ],
        [
          20.6577899,
          55.0404599
        ],
        [
          20.65788,
          55.0404899
        ],
        [
          20.65798,
          55.04051
        ],
        [
          20.65808,
          55.0405299
        ],
        [
          20.6581899,
          55.04055
        ],
        [
          20.6582899,
          55.04057
        ],
        [
          20.6584,
          55.0405999
        ],
        [
          20.6585,
          55.0406299
        ],
        [
          20.6586,
          55.04065
        ],
        [
          20.6587,
          55.04068
        ],
        [
          20.6588,
          55.04071
        ],
        [
          20.6589,
          55.04074
        ],
        [
          20.65899,
          55.04077
        ],
        [
          20.6590799,
          55.0408
        ],
        [
          20.65916,
          55.04085
        ],
        [
          20.6592399,
          55.04088
        ],
        [
          20.65932,
          55.04093
        ],
        [
          20.6593999,
          55.04097
        ],
        [
          20.65948,
          55.04101
        ],
        [
          20.65956,
          55.0410499
        ],
        [
          20.65965,
          55.0411
        ],
        [
          20.65974,
          55.04114
        ],
        [
          20.6598299,
          55.0411799
        ],
        [
          20.6599299,
          55.0412199
        ],
        [
          20.66002,
          55.04126
        ],
        [
          20.6601299,
          55.0413
        ],
        [
          20.6602299,
          55.04133
        ],
        [
          20.66034,
          55.04137
        ],
        [
          20.6604499,
          55.04139
        ],
        [
          20.6605499,
          55.04143
        ],
        [
          20.66066,
          55.04146
        ],
        [
          20.66076,
          55.04149
        ],
        [
          20.66087,
          55.04152
        ],
        [
          20.66097,
          55.0415499
        ],
        [
          20.66107,
          55.04159
        ],
        [
          20.66117,
          55.04162
        ],
        [
          20.6612699,
          55.0416499
        ],
        [
          20.6613799,
          55.04169
        ],
        [
          20.66148,
          55.04172
        ],
        [
          20.66158,
          55.04175
        ],
        [
          20.66168,
          55.04179
        ],
        [
          20.66178,
          55.04182
        ],
        [
          20.66188,
          55.04186
        ],
        [
          20.66198,
          55.04189
        ],
        [
          20.6620699,
          55.04192
        ],
        [
          20.66217,
          55.04196
        ],
        [
          20.66227,
          55.04199
        ],
        [
          20.6623599,
          55.04203
        ],
        [
          20.66245,
          55.04206
        ],
        [
          20.6625499,
          55.0420999
        ],
        [
          20.6626499,
          55.04213
        ],
        [
          20.6627499,
          55.04216
        ],
        [
          20.66286,
          55.0421999
        ],
        [
          20.66296,
          55.0422299
        ],
        [
          20.6630499,
          55.0422699
        ],
        [
          20.6631499,
          55.0422999
        ],
        [
          20.66326,
          55.0423299
        ],
        [
          20.6633499,
          55.04236
        ],
        [
          20.66345,
          55.0423999
        ],
        [
          20.66355,
          55.0424299
        ],
        [
          20.66365,
          55.0424599
        ],
        [
          20.66375,
          55.0424999
        ],
        [
          20.66385,
          55.04254
        ],
        [
          20.66395,
          55.0425699
        ],
        [
          20.66405,
          55.0425999
        ],
        [
          20.66415,
          55.04264
        ],
        [
          20.66425,
          55.04267
        ],
        [
          20.66435,
          55.0426999
        ],
        [
          20.66445,
          55.04274
        ],
        [
          20.66455,
          55.04277
        ],
        [
          20.6646599,
          55.0428
        ],
        [
          20.6647599,
          55.0428299
        ],
        [
          20.6648499,
          55.0428599
        ],
        [
          20.6649499,
          55.0429
        ],
        [
          20.6650499,
          55.0429299
        ],
        [
          20.6651499,
          55.04297
        ],
        [
          20.6652499,
          55.043
        ],
        [
          20.6653499,
          55.04303
        ],
        [
          20.66546,
          55.04307
        ],
        [
          20.66556,
          55.0430899
        ],
        [
          20.6656699,
          55.04311
        ],
        [
          20.66578,
          55.04313
        ],
        [
          20.66589,
          55.0431499
        ],
        [
          20.6659999,
          55.04318
        ],
        [
          20.6660999,
          55.0432
        ],
        [
          20.66622,
          55.04321
        ],
        [
          20.6663299,
          55.04323
        ],
        [
          20.66645,
          55.04324
        ],
        [
          20.6665599,
          55.04326
        ],
        [
          20.66667,
          55.0432799
        ],
        [
          20.66678,
          55.0432899
        ],
        [
          20.6668899,
          55.04331
        ],
        [
          20.667,
          55.0433199
        ],
        [
          20.66711,
          55.04334
        ],
        [
          20.66721,
          55.04337
        ],
        [
          20.6673,
          55.0433899
        ],
        [
          20.66739,
          55.0434199
        ],
        [
          20.66747,
          55.0434499
        ],
        [
          20.6675399,
          55.04349
        ],
        [
          20.66762,
          55.04353
        ],
        [
          20.6676799,
          55.04357
        ],
        [
          20.6677399,
          55.0436
        ],
        [
          20.6678,
          55.04363
        ],
        [
          20.6678399,
          55.0436499
        ],
        [
          20.6678799,
          55.04366
        ],
        [
          20.6679099,
          55.0436799
        ],
        [
          20.66792,
          55.0436799
        ],
        [
          20.66792,
          55.0436799
        ],
        [
          20.66792,
          55.0436799
        ],
        [
          20.66792,
          55.0436799
        ],
        [
          20.66792,
          55.0436799
        ],
        [
          20.66792,
          55.0436799
        ],
        [
          20.6679399,
          55.0437499
        ],
        [
          20.66795,
          55.04376
        ],
        [
          20.6679399,
          55.0437799
        ],
        [
          20.66792,
          55.04379
        ],
        [
          20.6678799,
          55.0438
        ],
        [
          20.66786,
          55.0438099
        ],
        [
          20.6678399,
          55.04382
        ],
        [
          20.66783,
          55.0438399
        ],
        [
          20.6678099,
          55.0438499
        ],
        [
          20.66779,
          55.04386
        ],
        [
          20.6677699,
          55.0438699
        ],
        [
          20.66775,
          55.04389
        ],
        [
          20.66772,
          55.04389
        ],
        [
          20.6677,
          55.0439
        ],
        [
          20.66767,
          55.0439
        ],
        [
          20.6676399,
          55.0439099
        ],
        [
          20.6676099,
          55.0439099
        ],
        [
          20.6675799,
          55.0439099
        ],
        [
          20.6675399,
          55.0439
        ],
        [
          20.6675,
          55.04389
        ],
        [
          20.66746,
          55.0438799
        ],
        [
          20.66743,
          55.0438699
        ],
        [
          20.66739,
          55.04386
        ],
        [
          20.6673499,
          55.04386
        ],
        [
          20.6673099,
          55.04386
        ],
        [
          20.6672799,
          55.0438699
        ],
        [
          20.6672499,
          55.04389
        ],
        [
          20.66721,
          55.0439
        ],
        [
          20.66717,
          55.04392
        ],
        [
          20.66713,
          55.04392
        ],
        [
          20.6671,
          55.0439399
        ],
        [
          20.66707,
          55.04396
        ],
        [
          20.66704,
          55.0439699
        ],
        [
          20.667,
          55.0439799
        ],
        [
          20.6669599,
          55.04399
        ],
        [
          20.66691,
          55.04399
        ],
        [
          20.66687,
          55.044
        ],
        [
          20.66683,
          55.0440099
        ],
        [
          20.6668,
          55.04402
        ],
        [
          20.66677,
          55.04403
        ],
        [
          20.66675,
          55.04405
        ],
        [
          20.6667199,
          55.04406
        ],
        [
          20.6666899,
          55.0440699
        ],
        [
          20.6666599,
          55.0440799
        ],
        [
          20.6666299,
          55.0440999
        ],
        [
          20.66661,
          55.0440999
        ],
        [
          20.6665899,
          55.0441099
        ],
        [
          20.66657,
          55.04413
        ],
        [
          20.6665599,
          55.0441399
        ],
        [
          20.66654,
          55.04415
        ],
        [
          20.66651,
          55.04416
        ],
        [
          20.6664899,
          55.0441699
        ],
        [
          20.66647,
          55.04418
        ],
        [
          20.66644,
          55.0441999
        ],
        [
          20.6663999,
          55.0442099
        ],
        [
          20.66638,
          55.04422
        ],
        [
          20.66635,
          55.04423
        ],
        [
          20.6663299,
          55.0442399
        ],
        [
          20.6662999,
          55.04425
        ],
        [
          20.6662699,
          55.04426
        ],
        [
          20.66625,
          55.0442699
        ],
        [
          20.66622,
          55.04428
        ],
        [
          20.66619,
          55.04429
        ],
        [
          20.6661699,
          55.04429
        ],
        [
          20.6661399,
          55.0442999
        ],
        [
          20.66611,
          55.04431
        ],
        [
          20.66608,
          55.04432
        ],
        [
          20.66606,
          55.04432
        ],
        [
          20.6660399,
          55.04432
        ],
        [
          20.66601,
          55.0443299
        ],
        [
          20.66599,
          55.0443299
        ],
        [
          20.66596,
          55.0443399
        ],
        [
          20.66593,
          55.04435
        ],
        [
          20.66589,
          55.04436
        ],
        [
          20.66586,
          55.0443699
        ],
        [
          20.66583,
          55.04438
        ],
        [
          20.66579,
          55.04439
        ],
        [
          20.66576,
          55.0443999
        ],
        [
          20.6657399,
          55.04441
        ],
        [
          20.66572,
          55.04442
        ],
        [
          20.6657,
          55.0444299
        ],
        [
          20.66569,
          55.0444299
        ],
        [
          20.6656699,
          55.0444399
        ],
        [
          20.66565,
          55.04445
        ],
        [
          20.6656,
          55.04446
        ],
        [
          20.6655699,
          55.0444699
        ],
        [
          20.66553,
          55.0444699
        ],
        [
          20.6655,
          55.04448
        ],
        [
          20.66546,
          55.0444999
        ],
        [
          20.66542,
          55.04451
        ],
        [
          20.6653799,
          55.04452
        ],
        [
          20.6653399,
          55.0445299
        ],
        [
          20.6653,
          55.04454
        ],
        [
          20.66527,
          55.04455
        ],
        [
          20.66523,
          55.0445599
        ],
        [
          20.66517,
          55.04458
        ],
        [
          20.66514,
          55.0445999
        ],
        [
          20.6651099,
          55.04461
        ],
        [
          20.66507,
          55.04461
        ],
        [
          20.66504,
          55.04462
        ],
        [
          20.66501,
          55.0446299
        ],
        [
          20.6649799,
          55.04464
        ],
        [
          20.66496,
          55.04464
        ],
        [
          20.66493,
          55.04465
        ],
        [
          20.6649,
          55.0446599
        ],
        [
          20.66487,
          55.04468
        ],
        [
          20.66484,
          55.04469
        ],
        [
          20.6648,
          55.0446999
        ],
        [
          20.6647599,
          55.04471
        ],
        [
          20.66473,
          55.04472
        ],
        [
          20.6646899,
          55.04474
        ],
        [
          20.6646599,
          55.04475
        ],
        [
          20.6646199,
          55.0447599
        ],
        [
          20.6645899,
          55.04477
        ],
        [
          20.66455,
          55.0447899
        ],
        [
          20.6645199,
          55.0447999
        ],
        [
          20.66448,
          55.04481
        ],
        [
          20.66445,
          55.04482
        ],
        [
          20.6644299,
          55.04484
        ],
        [
          20.6643999,
          55.04485
        ],
        [
          20.66438,
          55.0448599
        ],
        [
          20.66435,
          55.04487
        ],
        [
          20.66432,
          55.0448899
        ],
        [
          20.6642899,
          55.0448999
        ],
        [
          20.66427,
          55.04492
        ],
        [
          20.66424,
          55.0449299
        ],
        [
          20.66422,
          55.04495
        ],
        [
          20.66419,
          55.04497
        ],
        [
          20.6641699,
          55.04498
        ],
        [
          20.66414,
          55.045
        ],
        [
          20.66412,
          55.0450199
        ],
        [
          20.66409,
          55.0450299
        ],
        [
          20.66405,
          55.04505
        ],
        [
          20.6640299,
          55.04507
        ],
        [
          20.6639999,
          55.04508
        ],
        [
          20.6639699,
          55.0451
        ],
        [
          20.66395,
          55.04511
        ],
        [
          20.66392,
          55.0451299
        ],
        [
          20.6638999,
          55.04514
        ],
        [
          20.6638699,
          55.04515
        ],
        [
          20.6638399,
          55.04517
        ],
        [
          20.66381,
          55.04518
        ],
        [
          20.66378,
          55.0452
        ],
        [
          20.66375,
          55.0452199
        ],
        [
          20.66372,
          55.04524
        ],
        [
          20.66369,
          55.0452499
        ],
        [
          20.66366,
          55.0452599
        ],
        [
          20.66363,
          55.04527
        ],
        [
          20.6636099,
          55.04528
        ],
        [
          20.6635999,
          55.0452899
        ],
        [
          20.6635799,
          55.0453
        ],
        [
          20.66355,
          55.0453199
        ],
        [
          20.66353,
          55.04533
        ],
        [
          20.6635,
          55.0453499
        ],
        [
          20.6634799,
          55.0453599
        ],
        [
          20.66345,
          55.0453799
        ],
        [
          20.66343,
          55.0453899
        ],
        [
          20.6634099,
          55.0454
        ],
        [
          20.66339,
          55.0454199
        ],
        [
          20.6633799,
          55.04543
        ],
        [
          20.66336,
          55.04543
        ],
        [
          20.66336,
          55.04543
        ],
        [
          20.66336,
          55.04543
        ],
        [
          20.6635,
          55.04573
        ],
        [
          20.6635,
          55.04573
        ],
        [
          20.6635,
          55.04573
        ],
        [
          20.6635,
          55.04573
        ],
        [
          20.6635,
          55.04573
        ],
        [
          20.6635,
          55.04573
        ],
        [
          20.6635,
          55.04573
        ],
        [
          20.6635,
          55.04573
        ],
        [
          20.6635,
          55.04573
        ],
        [
          20.6635,
          55.04573
        ],
        [
          20.6635,
          55.04573
        ],
        [
          20.6635,
          55.04573
        ],
        [
          20.6635,
          55.04573
        ],
        [
          20.6635,
          55.04573
        ],
        [
          20.6635,
          55.04573
        ],
        [
          20.6635,
          55.04573
        ],
        [
          20.6635,
          55.04573
        ],
        [
          20.6635,
          55.04573
        ],
        [
          20.6635,
          55.04573
        ],
        [
          20.6635,
          55.04573
        ],
        [
          20.6635,
          55.04573
        ],
        [
          20.6635,
          55.04573
        ],
        [
          20.6635,
          55.04573
        ],
        [
          20.6635,
          55.04573
        ],
        [
          20.6635,
          55.04573
        ],
        [
          20.6635,
          55.04573
        ],
        [
          20.6635,
          55.04573
        ],
        [
          20.6635,
          55.04573
        ],
        [
          20.6635,
          55.04573
        ],
        [
          20.6635,
          55.04573
        ],
        [
          20.6635,
          55.04573
        ],
        [
          20.6635,
          55.04573
        ],
        [
          20.6635,
          55.04573
        ],
        [
          20.6635,
          55.04573
        ],
        [
          20.6635,
          55.04573
        ],
        [
          20.6635,
          55.04573
        ],
        [
          20.6635,
          55.04573
        ],
        [
          20.6635,
          55.04573
        ],
        [
          20.6635,
          55.04573
        ],
        [
          20.6635,
          55.04573
        ],
        [
          20.6635,
          55.04573
        ],
        [
          20.6635,
          55.04573
        ],
        [
          20.6635,
          55.04573
        ],
        [
          20.6635,
          55.04573
        ],
        [
          20.6635,
          55.04573
        ],
        [
          20.6635,
          55.04573
        ],
        [
          20.6635,
          55.04573
        ],
        [
          20.6635,
          55.04573
        ],
        [
          20.6635,
          55.04573
        ],
        [
          20.6635,
          55.04573
        ],
        [
          20.6635,
          55.04573
        ],
        [
          20.6635,
          55.04573
        ],
        [
          20.6635,
          55.04573
        ],
        [
          20.6635,
          55.04573
        ],
        [
          20.6635,
          55.04573
        ],
        [
          20.6635,
          55.04573
        ],
        [
          20.6635,
          55.04573
        ],
        [
          20.6635,
          55.04573
        ],
        [
          20.6635,
          55.04573
        ],
        [
          20.6635,
          55.04573
        ],
        [
          20.6635,
          55.04573
        ],
        [
          20.6635,
          55.04573
        ],
        [
          20.6635,
          55.04573
        ],
        [
          20.6635,
          55.04573
        ],
        [
          20.6635,
          55.04573
        ],
        [
          20.6635,
          55.04573
        ],
        [
          20.6635,
          55.04573
        ],
        [
          20.6635,
          55.04573
        ],
        [
          20.6635,
          55.04573
        ],
        [
          20.6635,
          55.04573
        ],
        [
          20.6635,
          55.04573
        ],
        [
          20.6635,
          55.04573
        ],
        [
          20.6635,
          55.04573
        ],
        [
          20.6635,
          55.04573
        ],
        [
          20.6635,
          55.04573
        ],
        [
          20.6635,
          55.04573
        ],
        [
          20.6635,
          55.04573
        ],
        [
          20.6635,
          55.04573
        ],
        [
          20.6635,
          55.04573
        ],
        [
          20.6635,
          55.04573
        ],
        [
          20.6635,
          55.04573
        ],
        [
          20.6635,
          55.04573
        ],
        [
          20.6635,
          55.04573
        ],
        [
          20.6635,
          55.04573
        ],
        [
          20.6635,
          55.04573
        ],
        [
          20.6635,
          55.04573
        ],
        [
          20.6635,
          55.04573
        ],
        [
          20.6635,
          55.04573
        ],
        [
          20.6635,
          55.04573
        ],
        [
          20.6635,
          55.04573
        ],
        [
          20.6635,
          55.04573
        ],
        [
          20.6635,
          55.04573
        ],
        [
          20.6635,
          55.04573
        ],
        [
          20.6635,
          55.04573
        ],
        [
          20.6635,
          55.04573
        ],
        [
          20.6635,
          55.04573
        ],
        [
          20.6635,
          55.04573
        ],
        [
          20.6635,
          55.04573
        ],
        [
          20.6635,
          55.04573
        ],
        [
          20.6635,
          55.04573
        ],
        [
          20.6635,
          55.04573
        ],
        [
          20.6635,
          55.04573
        ],
        [
          20.6635,
          55.04573
        ],
        [
          20.6635,
          55.04573
        ],
        [
          20.6635,
          55.04573
        ],
        [
          20.6635,
          55.04573
        ],
        [
          20.6635,
          55.04573
        ],
        [
          20.6635,
          55.04573
        ],
        [
          20.6635,
          55.04573
        ],
        [
          20.6635,
          55.04573
        ],
        [
          20.6635,
          55.04573
        ],
        [
          20.6635,
          55.04573
        ],
        [
          20.6635,
          55.04573
        ],
        [
          20.6635,
          55.04573
        ],
        [
          20.6635,
          55.04573
        ],
        [
          20.6635,
          55.04573
        ],
        [
          20.6635,
          55.04573
        ],
        [
          20.6635,
          55.04573
        ],
        [
          20.6635,
          55.04573
        ],
        [
          20.6635,
          55.04573
        ],
        [
          20.6635,
          55.04573
        ],
        [
          20.6635,
          55.04573
        ],
        [
          20.6635,
          55.04573
        ],
        [
          20.6635,
          55.04573
        ],
        [
          20.6635,
          55.04573
        ],
        [
          20.6635,
          55.04573
        ],
        [
          20.6635,
          55.04573
        ],
        [
          20.6635,
          55.04573
        ],
        [
          20.6635,
          55.04573
        ],
        [
          20.6635,
          55.04573
        ],
        [
          20.6635,
          55.04573
        ],
        [
          20.6635,
          55.04573
        ],
        [
          20.6635,
          55.04573
        ],
        [
          20.6635,
          55.04573
        ],
        [
          20.6635,
          55.04573
        ],
        [
          20.6635,
          55.04573
        ],
        [
          20.6635,
          55.04573
        ],
        [
          20.6635,
          55.04573
        ],
        [
          20.6635,
          55.04573
        ],
        [
          20.6635,
          55.04573
        ],
        [
          20.6635,
          55.04573
        ],
        [
          20.6635,
          55.04573
        ],
        [
          20.6635,
          55.04573
        ],
        [
          20.6635,
          55.04573
        ],
        [
          20.6635,
          55.04573
        ],
        [
          20.6635,
          55.04573
        ],
        [
          20.6635,
          55.04573
        ],
        [
          20.6635,
          55.04573
        ],
        [
          20.6635,
          55.04573
        ],
        [
          20.6635,
          55.04573
        ],
        [
          20.6635,
          55.04573
        ],
        [
          20.6635,
          55.04573
        ],
        [
          20.6635,
          55.04573
        ],
        [
          20.6635,
          55.04573
        ],
        [
          20.6635,
          55.04573
        ],
        [
          20.6635,
          55.04573
        ],
        [
          20.6635,
          55.04573
        ],
        [
          20.6635,
          55.04573
        ],
        [
          20.6635,
          55.04573
        ],
        [
          20.6635,
          55.04573
        ],
        [
          20.6635,
          55.04573
        ],
        [
          20.6635,
          55.04573
        ],
        [
          20.6635,
          55.04573
        ],
        [
          20.6635,
          55.04573
        ],
        [
          20.6635,
          55.04573
        ],
        [
          20.6635,
          55.04573
        ],
        [
          20.6635,
          55.04573
        ],
        [
          20.6635,
          55.04573
        ],
        [
          20.6635,
          55.04573
        ],
        [
          20.6635,
          55.04573
        ],
        [
          20.6635,
          55.04573
        ],
        [
          20.6635,
          55.04573
        ],
        [
          20.6635,
          55.04573
        ],
        [
          20.6635,
          55.04573
        ],
        [
          20.6635,
          55.04573
        ],
        [
          20.6635,
          55.04573
        ],
        [
          20.6635,
          55.04573
        ],
        [
          20.6635,
          55.04573
        ],
        [
          20.66356,
          55.04574
        ],
        [
          20.66355,
          55.04574
        ],
        [
          20.66355,
          55.04574
        ],
        [
          20.66353,
          55.04573
        ],
        [
          20.66352,
          55.0457199
        ],
        [
          20.6635099,
          55.0457199
        ],
        [
          20.6635,
          55.0457099
        ],
        [
          20.6634799,
          55.0457099
        ],
        [
          20.6634699,
          55.0457099
        ],
        [
          20.66346,
          55.0457099
        ],
        [
          20.66345,
          55.0457
        ],
        [
          20.6634399,
          55.04569
        ],
        [
          20.6634399,
          55.04569
        ],
        [
          20.6634399,
          55.04569
        ],
        [
          20.6634399,
          55.04569
        ],
        [
          20.6634399,
          55.04569
        ],
        [
          20.6634399,
          55.04569
        ],
        [
          20.6634399,
          55.04569
        ],
        [
          20.6634399,
          55.04569
        ],
        [
          20.6634399,
          55.04569
        ],
        [
          20.6634399,
          55.04569
        ],
        [
          20.6634399,
          55.04569
        ],
        [
          20.6634399,
          55.04569
        ],
        [
          20.6634399,
          55.04569
        ],
        [
          20.6634399,
          55.04569
        ],
        [
          20.6634399,
          55.04569
        ],
        [
          20.66345,
          55.0456799
        ],
        [
          20.66345,
          55.04567
        ],
        [
          20.66345,
          55.04567
        ],
        [
          20.66345,
          55.04566
        ],
        [
          20.66345,
          55.0456499
        ],
        [
          20.6634399,
          55.04564
        ],
        [
          20.66343,
          55.04564
        ],
        [
          20.66342,
          55.04563
        ],
        [
          20.6634099,
          55.04563
        ],
        [
          20.66339,
          55.0456199
        ],
        [
          20.6633799,
          55.0456099
        ],
        [
          20.6633699,
          55.0456099
        ],
        [
          20.66336,
          55.0456
        ],
        [
          20.6633499,
          55.0455899
        ],
        [
          20.66333,
          55.0455899
        ],
        [
          20.6633099,
          55.0455899
        ],
        [
          20.66329,
          55.0455899
        ],
        [
          20.66327,
          55.0455799
        ],
        [
          20.66326,
          55.0455899
        ],
        [
          20.6632399,
          55.0455899
        ],
        [
          20.66322,
          55.0455899
        ],
        [
          20.6632099,
          55.0456
        ],
        [
          20.6631799,
          55.0456099
        ],
        [
          20.6631499,
          55.0456099
        ],
        [
          20.66313,
          55.0456099
        ],
        [
          20.66186,
          55.0460099
        ],
        [
          20.6618299,
          55.0460099
        ],
        [
          20.66171,
          55.04599
        ],
        [
          20.6606899,
          55.0458
        ],
        [
          20.66067,
          55.0458099
        ],
        [
          20.66061,
          55.0459
        ],
        [
          20.6601299,
          55.0460099
        ],
        [
          20.6600999,
          55.0460099
        ],
        [
          20.6599999,
          55.046
        ],
        [
          20.66136,
          55.0464999
        ],
        [
          20.66304,
          55.04592
        ],
        [
          20.6629,
          55.0457
        ],
        [
          20.6633,
          55.04553
        ],
        [
          20.6633,
          55.04553
        ],
        [
          20.6633,
          55.04551
        ],
        [
          20.6633699,
          55.04546
        ],
        [
          20.6634,
          55.0454499
        ],
        [
          20.66343,
          55.04543
        ],
        [
          20.66346,
          55.04541
        ],
        [
          20.66346,
          55.04541
        ],
        [
          20.6635399,
          55.04537
        ],
        [
          20.6635699,
          55.0453499
        ],
        [
          20.6635999,
          55.04533
        ],
        [
          20.66363,
          55.04531
        ],
        [
          20.6636699,
          55.0452899
        ],
        [
          20.6637099,
          55.04527
        ],
        [
          20.66375,
          55.0452599
        ],
        [
          20.66379,
          55.04524
        ],
        [
          20.6638299,
          55.04521
        ],
        [
          20.6638699,
          55.0451899
        ],
        [
          20.66391,
          55.04517
        ],
        [
          20.66396,
          55.04515
        ],
        [
          20.6639999,
          55.0451199
        ],
        [
          20.66404,
          55.0450899
        ],
        [
          20.6640699,
          55.0450599
        ],
        [
          20.6640999,
          55.0450299
        ],
        [
          20.6640999,
          55.0450299
        ],
        [
          20.66419,
          55.04498
        ],
        [
          20.66424,
          55.04495
        ],
        [
          20.6642899,
          55.04492
        ],
        [
          20.66434,
          55.0448899
        ],
        [
          20.6643899,
          55.04487
        ],
        [
          20.66445,
          55.04484
        ],
        [
          20.6645,
          55.04482
        ],
        [
          20.6645599,
          55.0447999
        ],
        [
          20.6646199,
          55.04478
        ],
        [
          20.66468,
          55.0447599
        ],
        [
          20.66473,
          55.04474
        ],
        [
          20.66478,
          55.0447299
        ],
        [
          20.66483,
          55.04472
        ],
        [
          20.6648799,
          55.0446999
        ],
        [
          20.66493,
          55.04469
        ],
        [
          20.66493,
          55.04469
        ],
        [
          20.66503,
          55.0446599
        ],
        [
          20.6650899,
          55.04465
        ],
        [
          20.66514,
          55.04464
        ],
        [
          20.66519,
          55.0446299
        ],
        [
          20.66523,
          55.04461
        ],
        [
          20.6652799,
          55.0445999
        ],
        [
          20.66532,
          55.04459
        ],
        [
          20.66537,
          55.04458
        ],
        [
          20.6654099,
          55.0445699
        ],
        [
          20.6654399,
          55.0445599
        ],
        [
          20.6654799,
          55.04455
        ],
        [
          20.6654799,
          55.04455
        ],
        [
          20.6655699,
          55.04451
        ],
        [
          20.6656099,
          55.04449
        ],
        [
          20.66566,
          55.04448
        ],
        [
          20.6657099,
          55.04446
        ],
        [
          20.66576,
          55.0444399
        ],
        [
          20.6658099,
          55.0444299
        ],
        [
          20.6658099,
          55.0444299
        ],
        [
          20.66589,
          55.0443999
        ],
        [
          20.6659399,
          55.04439
        ],
        [
          20.66598,
          55.0443699
        ],
        [
          20.6660299,
          55.04436
        ],
        [
          20.6660299,
          55.04436
        ],
        [
          20.6661299,
          55.0443299
        ],
        [
          20.6661699,
          55.04431
        ],
        [
          20.66622,
          55.04429
        ],
        [
          20.6662699,
          55.0442699
        ],
        [
          20.6662699,
          55.0442699
        ],
        [
          20.6663699,
          55.04423
        ],
        [
          20.6663699,
          55.04423
        ],
        [
          20.66647,
          55.04416
        ],
        [
          20.66651,
          55.04413
        ],
        [
          20.6665599,
          55.0440999
        ],
        [
          20.6666199,
          55.0440799
        ],
        [
          20.6666899,
          55.04406
        ],
        [
          20.6667599,
          55.04405
        ],
        [
          20.6668199,
          55.04403
        ],
        [
          20.66688,
          55.04402
        ],
        [
          20.66693,
          55.0440099
        ],
        [
          20.66698,
          55.04399
        ],
        [
          20.66703,
          55.0439699
        ],
        [
          20.66703,
          55.0439699
        ],
        [
          20.66713,
          55.04392
        ],
        [
          20.6671799,
          55.0439
        ],
        [
          20.66724,
          55.0439
        ],
        [
          20.6673,
          55.04389
        ],
        [
          20.6673,
          55.04389
        ],
        [
          20.6674099,
          55.0439
        ],
        [
          20.66746,
          55.0439099
        ],
        [
          20.66746,
          55.0439099
        ],
        [
          20.6675099,
          55.0439099
        ],
        [
          20.66762,
          55.0439099
        ],
        [
          20.66762,
          55.0439099
        ],
        [
          20.66767,
          55.04389
        ],
        [
          20.6677699,
          55.0438699
        ],
        [
          20.6677699,
          55.0438699
        ],
        [
          20.6678,
          55.0438499
        ],
        [
          20.66786,
          55.04382
        ],
        [
          20.66786,
          55.04382
        ],
        [
          20.6678799,
          55.04382
        ],
        [
          20.6679099,
          55.04382
        ],
        [
          20.6679099,
          55.04382
        ],
        [
          20.6679099,
          55.04382
        ],
        [
          20.6679099,
          55.04382
        ],
        [
          20.66798,
          55.04383
        ],
        [
          20.6680099,
          55.0438399
        ],
        [
          20.66806,
          55.04386
        ],
        [
          20.66811,
          55.0438799
        ],
        [
          20.66815,
          55.04392
        ],
        [
          20.6681999,
          55.04395
        ],
        [
          20.66826,
          55.04399
        ],
        [
          20.66831,
          55.04403
        ],
        [
          20.6683699,
          55.0440699
        ],
        [
          20.66844,
          55.0441099
        ],
        [
          20.66851,
          55.04416
        ],
        [
          20.66857,
          55.0442099
        ],
        [
          20.66864,
          55.04425
        ],
        [
          20.66871,
          55.0442999
        ],
        [
          20.66878,
          55.04435
        ],
        [
          20.6688599,
          55.0443999
        ],
        [
          20.6689299,
          55.04445
        ],
        [
          20.669,
          55.04451
        ],
        [
          20.66907,
          55.0445599
        ],
        [
          20.6691499,
          55.04462
        ],
        [
          20.6692199,
          55.04468
        ],
        [
          20.6693,
          55.0447299
        ],
        [
          20.6693799,
          55.0447899
        ],
        [
          20.6694499,
          55.04484
        ],
        [
          20.6695199,
          55.0448999
        ],
        [
          20.6696,
          55.0449599
        ],
        [
          20.6696799,
          55.04501
        ],
        [
          20.66976,
          55.04507
        ],
        [
          20.66985,
          55.0451199
        ],
        [
          20.6699399,
          55.04517
        ],
        [
          20.67002,
          55.04523
        ],
        [
          20.6701099,
          55.04528
        ],
        [
          20.6702099,
          55.04533
        ],
        [
          20.6702999,
          55.0453799
        ],
        [
          20.67039,
          55.04543
        ],
        [
          20.67049,
          55.0454799
        ],
        [
          20.67059,
          55.0455199
        ],
        [
          20.67068,
          55.04556
        ],
        [
          20.67078,
          55.0456099
        ],
        [
          20.67087,
          55.0456499
        ],
        [
          20.67097,
          55.0457
        ],
        [
          20.6710599,
          55.04574
        ],
        [
          20.6711599,
          55.0457799
        ],
        [
          20.6712599,
          55.04582
        ],
        [
          20.67134,
          55.04587
        ],
        [
          20.67143,
          55.0459099
        ],
        [
          20.67151,
          55.0459499
        ],
        [
          20.6716099,
          55.04599
        ],
        [
          20.6717,
          55.0460399
        ],
        [
          20.67179,
          55.04609
        ],
        [
          20.67187,
          55.0461399
        ],
        [
          20.67196,
          55.0461799
        ],
        [
          20.67203,
          55.04623
        ],
        [
          20.6721099,
          55.04628
        ],
        [
          20.6721799,
          55.04633
        ],
        [
          20.6722399,
          55.0463699
        ],
        [
          20.6722999,
          55.0464099
        ],
        [
          20.6723699,
          55.04646
        ],
        [
          20.6724299,
          55.04649
        ],
        [
          20.67249,
          55.0465399
        ],
        [
          20.67255,
          55.0465699
        ],
        [
          20.67259,
          55.04661
        ],
        [
          20.6726299,
          55.0466399
        ],
        [
          20.6726699,
          55.0466699
        ],
        [
          20.67272,
          55.0466999
        ],
        [
          20.6727699,
          55.04674
        ],
        [
          20.67282,
          55.0467699
        ],
        [
          20.67287,
          55.04678
        ],
        [
          20.6728999,
          55.0467999
        ],
        [
          20.6729299,
          55.04682
        ],
        [
          20.6729299,
          55.04682
        ],
        [
          20.6729299,
          55.04682
        ],
        [
          20.6729299,
          55.04682
        ],
        [
          20.6729899,
          55.04685
        ],
        [
          20.6729899,
          55.04685
        ],
        [
          20.6729899,
          55.04685
        ],
        [
          20.6971799,
          55.06212
        ],
        [
          20.69739,
          55.0622599
        ],
        [
          20.6976099,
          55.06241
        ],
        [
          20.69783,
          55.0625499
        ],
        [
          20.69805,
          55.0627
        ],
        [
          20.69828,
          55.0628499
        ],
        [
          20.69851,
          55.063
        ],
        [
          20.69874,
          55.0631499
        ],
        [
          20.69897,
          55.06329
        ],
        [
          20.6992,
          55.06345
        ],
        [
          20.69944,
          55.0635999
        ],
        [
          20.6996799,
          55.06375
        ],
        [
          20.69992,
          55.0638999
        ],
        [
          20.70015,
          55.06405
        ],
        [
          20.7003999,
          55.0641999
        ],
        [
          20.7006299,
          55.06435
        ],
        [
          20.7008599,
          55.0645
        ],
        [
          20.70108,
          55.06464
        ],
        [
          20.7012899,
          55.0647899
        ],
        [
          20.7014899,
          55.06494
        ],
        [
          20.70167,
          55.06509
        ],
        [
          20.7018499,
          55.0652399
        ],
        [
          20.70203,
          55.06539
        ],
        [
          20.7022,
          55.06555
        ],
        [
          20.7023699,
          55.06572
        ],
        [
          20.70253,
          55.06588
        ],
        [
          20.70269,
          55.06604
        ],
        [
          20.70284,
          55.06619
        ],
        [
          20.7029999,
          55.06635
        ],
        [
          20.70315,
          55.06651
        ],
        [
          20.7033,
          55.0666599
        ],
        [
          20.70344,
          55.0668
        ],
        [
          20.70357,
          55.0669499
        ],
        [
          20.7037,
          55.0670799
        ],
        [
          20.7038199,
          55.0672099
        ],
        [
          20.7323799,
          55.08955
        ],
        [
          20.7324099,
          55.0895699
        ],
        [
          20.7324399,
          55.08959
        ],
        [
          20.7324699,
          55.0895999
        ],
        [
          20.7324999,
          55.08962
        ],
        [
          20.73253,
          55.08965
        ],
        [
          20.73256,
          55.08966
        ],
        [
          20.73259,
          55.08968
        ],
        [
          20.7326099,
          55.0896999
        ],
        [
          20.7326399,
          55.0897299
        ],
        [
          20.73268,
          55.0897599
        ],
        [
          20.73272,
          55.0897999
        ],
        [
          20.73278,
          55.08984
        ],
        [
          20.7328399,
          55.0898999
        ],
        [
          20.7328999,
          55.08997
        ],
        [
          20.73299,
          55.09005
        ],
        [
          20.73308,
          55.09014
        ],
        [
          20.73317,
          55.0902599
        ],
        [
          20.7332599,
          55.09037
        ],
        [
          20.73337,
          55.09047
        ],
        [
          20.73348,
          55.09057
        ],
        [
          20.73358,
          55.0906799
        ],
        [
          20.73368,
          55.09079
        ],
        [
          20.7337799,
          55.0909199
        ],
        [
          20.7338899,
          55.0910399
        ],
        [
          20.7340199,
          55.0911499
        ],
        [
          20.73417,
          55.0912699
        ],
        [
          20.73433,
          55.09139
        ],
        [
          20.7345,
          55.09149
        ],
        [
          20.73468,
          55.0916099
        ],
        [
          20.73468,
          55.0916099
        ],
        [
          20.73508,
          55.09182
        ],
        [
          20.73508,
          55.09182
        ],
        [
          20.7352899,
          55.09192
        ],
        [
          20.73571,
          55.09214
        ],
        [
          20.73593,
          55.09224
        ],
        [
          20.7361499,
          55.0923599
        ],
        [
          20.73637,
          55.09247
        ],
        [
          20.73659,
          55.09258
        ],
        [
          20.7368099,
          55.0927
        ],
        [
          20.7370299,
          55.09281
        ],
        [
          20.73725,
          55.0929199
        ],
        [
          20.73747,
          55.09303
        ],
        [
          20.7376899,
          55.09314
        ],
        [
          20.7376899,
          55.09314
        ],
        [
          20.73811,
          55.0933499
        ],
        [
          20.7383,
          55.0934699
        ],
        [
          20.73849,
          55.0935799
        ],
        [
          20.73849,
          55.0935799
        ],
        [
          20.7388699,
          55.09382
        ],
        [
          20.73905,
          55.09395
        ],
        [
          20.7392299,
          55.09408
        ],
        [
          20.7392299,
          55.09408
        ],
        [
          20.7395899,
          55.09435
        ],
        [
          20.7395899,
          55.09435
        ],
        [
          20.73995,
          55.0946199
        ],
        [
          20.7401199,
          55.0947499
        ],
        [
          20.7402899,
          55.0948899
        ],
        [
          20.74046,
          55.0950199
        ],
        [
          20.7406199,
          55.0951499
        ],
        [
          20.7407799,
          55.0952799
        ],
        [
          20.7409099,
          55.0954099
        ],
        [
          20.74105,
          55.0955399
        ],
        [
          20.7411699,
          55.0956699
        ],
        [
          20.74129,
          55.0957999
        ],
        [
          20.74141,
          55.09593
        ],
        [
          20.7415299,
          55.09606
        ],
        [
          20.7416299,
          55.0961999
        ],
        [
          20.74174,
          55.09634
        ],
        [
          20.7418299,
          55.0964899
        ],
        [
          20.7418999,
          55.09664
        ],
        [
          20.74197,
          55.09678
        ],
        [
          20.7420299,
          55.09694
        ],
        [
          20.74208,
          55.0971
        ],
        [
          20.7421299,
          55.09726
        ],
        [
          20.7421899,
          55.0974199
        ],
        [
          20.74224,
          55.09759
        ],
        [
          20.7423,
          55.09775
        ],
        [
          20.7423499,
          55.09792
        ],
        [
          20.7424,
          55.09809
        ],
        [
          20.7424499,
          55.09826
        ],
        [
          20.7425,
          55.09844
        ],
        [
          20.7425499,
          55.09862
        ],
        [
          20.7426099,
          55.0987899
        ],
        [
          20.74267,
          55.0989599
        ],
        [
          20.74273,
          55.09913
        ],
        [
          20.7428099,
          55.0992899
        ],
        [
          20.7429099,
          55.0994499
        ],
        [
          20.74302,
          55.0996
        ],
        [
          20.74302,
          55.0996
        ],
        [
          20.74326,
          55.0999099
        ],
        [
          20.7433999,
          55.10006
        ],
        [
          20.7435399,
          55.1002099
        ],
        [
          20.74369,
          55.10035
        ],
        [
          20.74384,
          55.10049
        ],
        [
          20.74384,
          55.10049
        ],
        [
          20.74418,
          55.10078
        ],
        [
          20.7443599,
          55.10091
        ],
        [
          20.7445499,
          55.10104
        ],
        [
          20.74474,
          55.1011599
        ],
        [
          20.7449399,
          55.1012899
        ],
        [
          20.74515,
          55.10141
        ],
        [
          20.74535,
          55.10153
        ],
        [
          20.74556,
          55.10166
        ],
        [
          20.7457699,
          55.10179
        ],
        [
          20.74598,
          55.1019099
        ],
        [
          20.7461999,
          55.10203
        ],
        [
          20.74641,
          55.10215
        ],
        [
          20.7466,
          55.10228
        ],
        [
          20.7467899,
          55.10241
        ],
        [
          20.74697,
          55.10255
        ]
      ],
      [
        [
          20.92215,
          55.23047
        ],
        [
          20.92215,
          55.2304899
        ],
        [
          20.9221399,
          55.2305
        ],
        [
          20.9221299,
          55.2305199
        ],
        [
          20.92212,
          55.23054
        ],
        [
          20.9220999,
          55.23056
        ],
        [
          20.92208,
          55.2305799
        ],
        [
          20.92206,
          55.2306
        ],
        [
          20.9220299,
          55.23063
        ],
        [
          20.9220099,
          55.2306499
        ],
        [
          20.92198,
          55.2306799
        ],
        [
          20.92195,
          55.2307
        ],
        [
          20.92193,
          55.2307099
        ],
        [
          20.92193,
          55.23073
        ],
        [
          20.92195,
          55.23076
        ],
        [
          20.92199,
          55.2307799
        ],
        [
          20.92202,
          55.23079
        ],
        [
          20.92206,
          55.2308099
        ],
        [
          20.92209,
          55.23083
        ],
        [
          20.92212,
          55.2308499
        ],
        [
          20.92216,
          55.23087
        ],
        [
          20.92219,
          55.2308799
        ],
        [
          20.9222299,
          55.23089
        ],
        [
          20.9222699,
          55.2309
        ],
        [
          20.92229,
          55.23092
        ],
        [
          20.92231,
          55.2309399
        ],
        [
          20.9222999,
          55.23096
        ],
        [
          20.92229,
          55.2309799
        ],
        [
          20.92229,
          55.231
        ],
        [
          20.92229,
          55.23102
        ],
        [
          20.92228,
          55.23103
        ],
        [
          20.9222699,
          55.2310499
        ],
        [
          20.9222699,
          55.23107
        ],
        [
          20.92228,
          55.2310799
        ],
        [
          20.92229,
          55.2311
        ],
        [
          20.92232,
          55.2311
        ],
        [
          20.92234,
          55.2311
        ],
        [
          20.92235,
          55.2310799
        ],
        [
          20.9223699,
          55.23107
        ],
        [
          20.92239,
          55.23106
        ],
        [
          20.9223999,
          55.2310499
        ],
        [
          20.92241,
          55.2310399
        ],
        [
          20.92242,
          55.23103
        ],
        [
          20.9224299,
          55.23102
        ],
        [
          20.92248,
          55.23102
        ],
        [
          20.9224899,
          55.23103
        ],
        [
          20.9224899,
          55.23103
        ],
        [
          20.9224899,
          55.23103
        ],
        [
          20.9223699,
          55.2311099
        ],
        [
          20.9223699,
          55.2311099
        ],
        [
          20.92234,
          55.2311399
        ],
        [
          20.92234,
          55.23115
        ],
        [
          20.92234,
          55.2311699
        ],
        [
          20.9223299,
          55.2311799
        ],
        [
          20.92232,
          55.2312
        ],
        [
          20.92232,
          55.23122
        ],
        [
          20.92231,
          55.2312399
        ],
        [
          20.92231,
          55.23125
        ],
        [
          20.9222999,
          55.2312699
        ],
        [
          20.92229,
          55.23129
        ],
        [
          20.92228,
          55.23132
        ],
        [
          20.9222699,
          55.2313399
        ],
        [
          20.9222599,
          55.23136
        ],
        [
          20.92225,
          55.23139
        ],
        [
          20.9222399,
          55.2314099
        ],
        [
          20.9222299,
          55.23143
        ],
        [
          20.9222299,
          55.23146
        ],
        [
          20.92222,
          55.23148
        ],
        [
          20.92222,
          55.2315099
        ],
        [
          20.9222299,
          55.2315299
        ],
        [
          20.9222299,
          55.23156
        ],
        [
          20.92222,
          55.23158
        ],
        [
          20.9222299,
          55.23161
        ],
        [
          20.9222299,
          55.2316399
        ],
        [
          20.9222299,
          55.2316399
        ],
        [
          20.92225,
          55.23168
        ],
        [
          20.9222599,
          55.2316999
        ],
        [
          20.9222599,
          55.2316999
        ],
        [
          20.92228,
          55.23175
        ],
        [
          20.92228,
          55.23175
        ],
        [
          20.9222999,
          55.23181
        ],
        [
          20.92231,
          55.2318299
        ],
        [
          20.92232,
          55.2318599
        ],
        [
          20.92232,
          55.23189
        ],
        [
          20.92232,
          55.23192
        ],
        [
          20.92232,
          55.23194
        ],
        [
          20.9223299,
          55.23197
        ],
        [
          20.92234,
          55.2319999
        ],
        [
          20.92235,
          55.2320299
        ],
        [
          20.9223699,
          55.2320599
        ],
        [
          20.92239,
          55.23208
        ],
        [
          20.92241,
          55.23211
        ],
        [
          20.92244,
          55.23214
        ],
        [
          20.9224599,
          55.2321599
        ],
        [
          20.9224599,
          55.2321599
        ],
        [
          20.9224899,
          55.2322199
        ],
        [
          20.92252,
          55.2322299
        ],
        [
          20.92252,
          55.2322299
        ],
        [
          20.92258,
          55.2322199
        ],
        [
          20.9225999,
          55.2322199
        ],
        [
          20.9226299,
          55.23221
        ],
        [
          20.9226599,
          55.2322
        ],
        [
          20.9226599,
          55.2322
        ],
        [
          20.9227299,
          55.2321899
        ],
        [
          20.9227599,
          55.23218
        ],
        [
          20.9227599,
          55.23218
        ],
        [
          20.9227599,
          55.23218
        ],
        [
          20.9227599,
          55.23218
        ],
        [
          20.9227599,
          55.23218
        ],
        [
          20.92281,
          55.2321899
        ],
        [
          20.9227899,
          55.2321899
        ],
        [
          20.9227899,
          55.2321899
        ],
        [
          20.92275,
          55.23221
        ],
        [
          20.9227299,
          55.23221
        ],
        [
          20.92271,
          55.2322199
        ],
        [
          20.92268,
          55.2322199
        ],
        [
          20.92265,
          55.2322299
        ],
        [
          20.92262,
          55.23224
        ],
        [
          20.92262,
          55.23224
        ],
        [
          20.92254,
          55.2322599
        ],
        [
          20.9224999,
          55.23228
        ],
        [
          20.9224599,
          55.2322899
        ],
        [
          20.9224599,
          55.2322899
        ],
        [
          20.92242,
          55.23231
        ],
        [
          20.92238,
          55.2323299
        ],
        [
          20.9223299,
          55.23235
        ],
        [
          20.92228,
          55.23237
        ],
        [
          20.92218,
          55.2324
        ],
        [
          20.92218,
          55.2324
        ],
        [
          20.9221299,
          55.23241
        ],
        [
          20.9220099,
          55.2324499
        ],
        [
          20.9220099,
          55.2324499
        ],
        [
          20.92195,
          55.23247
        ],
        [
          20.92183,
          55.23251
        ],
        [
          20.92183,
          55.23251
        ],
        [
          20.9217699,
          55.23254
        ],
        [
          20.92165,
          55.23257
        ],
        [
          20.92165,
          55.23257
        ],
        [
          20.92159,
          55.2325899
        ],
        [
          20.92147,
          55.23264
        ],
        [
          20.92147,
          55.23264
        ],
        [
          20.92142,
          55.23266
        ],
        [
          20.9213099,
          55.23271
        ],
        [
          20.9213099,
          55.23271
        ],
        [
          20.9212499,
          55.23274
        ],
        [
          20.92119,
          55.23276
        ],
        [
          20.92113,
          55.2327899
        ],
        [
          20.92107,
          55.2328099
        ],
        [
          20.92101,
          55.23284
        ],
        [
          20.92096,
          55.23286
        ],
        [
          20.9209,
          55.2328799
        ],
        [
          20.9208499,
          55.2329
        ],
        [
          20.9207899,
          55.23293
        ],
        [
          20.9207299,
          55.2329499
        ],
        [
          20.92067,
          55.23297
        ],
        [
          20.92061,
          55.23299
        ],
        [
          20.92055,
          55.2330199
        ],
        [
          20.9204999,
          55.2330399
        ],
        [
          20.92044,
          55.23306
        ],
        [
          20.92038,
          55.2330799
        ],
        [
          20.92032,
          55.2331099
        ],
        [
          20.9202599,
          55.23312
        ],
        [
          20.9201999,
          55.2331399
        ],
        [
          20.92014,
          55.23316
        ],
        [
          20.92009,
          55.2331799
        ],
        [
          20.9200299,
          55.2332
        ],
        [
          20.9199699,
          55.23322
        ],
        [
          20.91991,
          55.2332399
        ],
        [
          20.91986,
          55.2332699
        ],
        [
          20.9197999,
          55.23329
        ],
        [
          20.9197399,
          55.2333
        ],
        [
          20.91968,
          55.23333
        ],
        [
          20.91962,
          55.23335
        ],
        [
          20.9195699,
          55.2333699
        ],
        [
          20.9195099,
          55.2334
        ],
        [
          20.91945,
          55.23342
        ],
        [
          20.91939,
          55.23345
        ],
        [
          20.91926,
          55.2334999
        ],
        [
          20.9192,
          55.23353
        ],
        [
          20.91914,
          55.23355
        ],
        [
          20.9190799,
          55.23358
        ],
        [
          20.9190199,
          55.2336099
        ],
        [
          20.91896,
          55.23363
        ],
        [
          20.9189,
          55.23365
        ],
        [
          20.9189,
          55.23365
        ],
        [
          20.91884,
          55.23368
        ],
        [
          20.91871,
          55.2337299
        ],
        [
          20.91871,
          55.2337299
        ],
        [
          20.9185899,
          55.23378
        ],
        [
          20.9185299,
          55.2337999
        ],
        [
          20.9185299,
          55.2337999
        ],
        [
          20.9184,
          55.23385
        ],
        [
          20.9184,
          55.23385
        ],
        [
          20.91834,
          55.2338699
        ],
        [
          20.91828,
          55.23388
        ],
        [
          20.91821,
          55.23391
        ],
        [
          20.91815,
          55.2339299
        ],
        [
          20.91809,
          55.23395
        ],
        [
          20.9180299,
          55.2339699
        ],
        [
          20.9179699,
          55.23399
        ],
        [
          20.91791,
          55.23401
        ],
        [
          20.91785,
          55.2340299
        ],
        [
          20.91779,
          55.2340599
        ],
        [
          20.9177399,
          55.2340699
        ],
        [
          20.91768,
          55.23409
        ],
        [
          20.91763,
          55.23411
        ],
        [
          20.9175699,
          55.23412
        ],
        [
          20.91752,
          55.23415
        ],
        [
          20.91746,
          55.23417
        ],
        [
          20.9174099,
          55.2341899
        ],
        [
          20.91736,
          55.2341999
        ],
        [
          20.9173,
          55.23422
        ],
        [
          20.9172399,
          55.23424
        ],
        [
          20.91719,
          55.23427
        ],
        [
          20.91713,
          55.23428
        ],
        [
          20.9170799,
          55.23431
        ],
        [
          20.9170099,
          55.2343299
        ],
        [
          20.9169499,
          55.2343599
        ],
        [
          20.91689,
          55.23438
        ],
        [
          20.9168199,
          55.2344
        ],
        [
          20.91676,
          55.2344299
        ],
        [
          20.9167,
          55.2344599
        ],
        [
          20.91663,
          55.2344899
        ],
        [
          20.91657,
          55.2345199
        ],
        [
          20.9165,
          55.23454
        ],
        [
          20.91644,
          55.23457
        ],
        [
          20.91638,
          55.2345899
        ],
        [
          20.91631,
          55.2346199
        ],
        [
          20.91624,
          55.2346499
        ],
        [
          20.91617,
          55.23467
        ],
        [
          20.91611,
          55.2346899
        ],
        [
          20.91604,
          55.2347
        ],
        [
          20.9159699,
          55.2347199
        ],
        [
          20.91591,
          55.23474
        ],
        [
          20.91585,
          55.23476
        ],
        [
          20.91579,
          55.2347799
        ],
        [
          20.91575,
          55.23481
        ],
        [
          20.91571,
          55.23483
        ],
        [
          20.91569,
          55.2348499
        ],
        [
          20.91566,
          55.23487
        ],
        [
          20.91565,
          55.2348799
        ],
        [
          20.91565,
          55.2348799
        ],
        [
          20.91565,
          55.2348799
        ],
        [
          20.91565,
          55.2348799
        ],
        [
          20.91558,
          55.2348899
        ],
        [
          20.91556,
          55.2349
        ],
        [
          20.91553,
          55.23491
        ],
        [
          20.9154999,
          55.2349199
        ],
        [
          20.9154699,
          55.23494
        ],
        [
          20.9154399,
          55.2349499
        ],
        [
          20.9153999,
          55.23497
        ],
        [
          20.91536,
          55.23499
        ],
        [
          20.91532,
          55.235
        ],
        [
          20.9152799,
          55.2350199
        ],
        [
          20.91525,
          55.23504
        ],
        [
          20.9152,
          55.23506
        ],
        [
          20.91515,
          55.2350799
        ],
        [
          20.9151,
          55.2351
        ],
        [
          20.9150399,
          55.2351199
        ],
        [
          20.9149799,
          55.23514
        ],
        [
          20.9149199,
          55.23517
        ],
        [
          20.91486,
          55.23519
        ],
        [
          20.9148,
          55.23522
        ],
        [
          20.91474,
          55.2352399
        ],
        [
          20.9146799,
          55.23527
        ],
        [
          20.91461,
          55.2353
        ],
        [
          20.91454,
          55.23532
        ],
        [
          20.91448,
          55.23536
        ],
        [
          20.91441,
          55.2353799
        ],
        [
          20.9143499,
          55.2354099
        ],
        [
          20.91428,
          55.23543
        ],
        [
          20.9142199,
          55.23545
        ],
        [
          20.91415,
          55.2354799
        ],
        [
          20.91408,
          55.2355
        ],
        [
          20.91402,
          55.23552
        ],
        [
          20.91395,
          55.23556
        ],
        [
          20.91388,
          55.23559
        ],
        [
          20.91382,
          55.23562
        ],
        [
          20.91375,
          55.2356399
        ],
        [
          20.9136699,
          55.2356699
        ],
        [
          20.9135999,
          55.23569
        ],
        [
          20.9135299,
          55.2357099
        ],
        [
          20.9134699,
          55.2357399
        ],
        [
          20.9133999,
          55.2357699
        ],
        [
          20.91333,
          55.2357999
        ],
        [
          20.91326,
          55.23582
        ],
        [
          20.9131799,
          55.23585
        ],
        [
          20.91312,
          55.23588
        ],
        [
          20.91305,
          55.23591
        ],
        [
          20.91297,
          55.2359399
        ],
        [
          20.9129,
          55.23596
        ],
        [
          20.91282,
          55.23599
        ],
        [
          20.9127499,
          55.23602
        ],
        [
          20.91267,
          55.23604
        ],
        [
          20.9126,
          55.2360699
        ],
        [
          20.91253,
          55.2360999
        ],
        [
          20.9124499,
          55.23612
        ],
        [
          20.91237,
          55.23615
        ],
        [
          20.9123,
          55.2361699
        ],
        [
          20.91223,
          55.2361999
        ],
        [
          20.9121599,
          55.2362299
        ],
        [
          20.9120899,
          55.2362599
        ],
        [
          20.9120199,
          55.2362899
        ],
        [
          20.91195,
          55.2363299
        ],
        [
          20.91187,
          55.2363599
        ],
        [
          20.9117999,
          55.2363899
        ],
        [
          20.91172,
          55.23642
        ],
        [
          20.91164,
          55.23644
        ],
        [
          20.9115699,
          55.23647
        ],
        [
          20.9114999,
          55.2365
        ],
        [
          20.9114299,
          55.2365299
        ],
        [
          20.91136,
          55.2365599
        ],
        [
          20.91128,
          55.2365899
        ],
        [
          20.9112099,
          55.2366199
        ],
        [
          20.9111399,
          55.23665
        ],
        [
          20.9110699,
          55.23668
        ],
        [
          20.911,
          55.2367
        ],
        [
          20.91092,
          55.23674
        ],
        [
          20.91085,
          55.23677
        ],
        [
          20.91079,
          55.2368
        ],
        [
          20.9107099,
          55.23683
        ],
        [
          20.9106399,
          55.2368499
        ],
        [
          20.91057,
          55.23688
        ],
        [
          20.9105,
          55.2369
        ],
        [
          20.9104199,
          55.2369199
        ],
        [
          20.91037,
          55.2369499
        ],
        [
          20.91031,
          55.2369799
        ],
        [
          20.91026,
          55.237
        ],
        [
          20.91021,
          55.2370199
        ],
        [
          20.9101899,
          55.2370499
        ],
        [
          20.91018,
          55.2370799
        ],
        [
          20.91018,
          55.2371099
        ],
        [
          20.9102,
          55.23714
        ],
        [
          20.91023,
          55.23717
        ],
        [
          20.91027,
          55.2372
        ],
        [
          20.91031,
          55.23723
        ],
        [
          20.9103499,
          55.23727
        ],
        [
          20.9103899,
          55.2373
        ],
        [
          20.9104199,
          55.2373399
        ],
        [
          20.91046,
          55.23737
        ],
        [
          20.9105,
          55.2374099
        ],
        [
          20.9105499,
          55.2374399
        ],
        [
          20.91059,
          55.23747
        ],
        [
          20.91063,
          55.2375099
        ],
        [
          20.91067,
          55.23755
        ],
        [
          20.9107,
          55.2375799
        ],
        [
          20.9107399,
          55.23762
        ],
        [
          20.91077,
          55.23766
        ],
        [
          20.9108099,
          55.2377
        ],
        [
          20.91085,
          55.2377399
        ],
        [
          20.9109,
          55.23778
        ],
        [
          20.9109399,
          55.23782
        ],
        [
          20.9109799,
          55.23786
        ],
        [
          20.91103,
          55.2378999
        ],
        [
          20.9110699,
          55.2379399
        ],
        [
          20.91112,
          55.2379699
        ],
        [
          20.9111699,
          55.23801
        ],
        [
          20.91122,
          55.23805
        ],
        [
          20.9112699,
          55.23809
        ],
        [
          20.91132,
          55.2381299
        ],
        [
          20.91136,
          55.2381699
        ],
        [
          20.91142,
          55.23821
        ],
        [
          20.9114699,
          55.2382599
        ],
        [
          20.91152,
          55.2382999
        ],
        [
          20.91158,
          55.23834
        ],
        [
          20.91164,
          55.23839
        ],
        [
          20.91169,
          55.2384299
        ],
        [
          20.91174,
          55.23848
        ],
        [
          20.9117899,
          55.23852
        ],
        [
          20.91184,
          55.23857
        ],
        [
          20.9118899,
          55.23861
        ],
        [
          20.91195,
          55.2386599
        ],
        [
          20.91201,
          55.2387
        ],
        [
          20.9120599,
          55.23874
        ],
        [
          20.91211,
          55.2387899
        ],
        [
          20.91217,
          55.2388299
        ],
        [
          20.9122199,
          55.23887
        ],
        [
          20.91228,
          55.23891
        ],
        [
          20.91233,
          55.2389599
        ],
        [
          20.9123799,
          55.239
        ],
        [
          20.91244,
          55.2390499
        ],
        [
          20.9124899,
          55.2390899
        ],
        [
          20.9125499,
          55.23913
        ],
        [
          20.9126,
          55.2391799
        ],
        [
          20.91266,
          55.2392199
        ],
        [
          20.9127199,
          55.23927
        ],
        [
          20.9127799,
          55.2393199
        ],
        [
          20.91283,
          55.23937
        ],
        [
          20.91289,
          55.2394199
        ],
        [
          20.9129499,
          55.23946
        ],
        [
          20.913,
          55.2395099
        ],
        [
          20.91306,
          55.2395499
        ],
        [
          20.91312,
          55.23959
        ],
        [
          20.9131799,
          55.2396399
        ],
        [
          20.91323,
          55.23969
        ],
        [
          20.91329,
          55.2397399
        ],
        [
          20.91335,
          55.2397799
        ],
        [
          20.9133999,
          55.23982
        ],
        [
          20.91345,
          55.23986
        ],
        [
          20.91351,
          55.2399099
        ],
        [
          20.91358,
          55.23995
        ],
        [
          20.91364,
          55.2399999
        ],
        [
          20.9136999,
          55.24005
        ],
        [
          20.9137599,
          55.2400999
        ],
        [
          20.91381,
          55.2401399
        ],
        [
          20.91387,
          55.24019
        ],
        [
          20.9139299,
          55.2402399
        ],
        [
          20.9139899,
          55.24028
        ],
        [
          20.91405,
          55.24032
        ],
        [
          20.91411,
          55.2403699
        ],
        [
          20.91417,
          55.24041
        ],
        [
          20.9142299,
          55.2404599
        ],
        [
          20.91428,
          55.2404999
        ],
        [
          20.91433,
          55.24054
        ],
        [
          20.9143899,
          55.2405899
        ],
        [
          20.91444,
          55.24064
        ],
        [
          20.91448,
          55.24067
        ],
        [
          20.91453,
          55.24071
        ],
        [
          20.91457,
          55.24074
        ],
        [
          20.91461,
          55.24075
        ],
        [
          20.91464,
          55.2407599
        ],
        [
          20.91466,
          55.24077
        ],
        [
          20.91466,
          55.24077
        ],
        [
          20.9147,
          55.24081
        ],
        [
          20.9147099,
          55.2408199
        ],
        [
          20.9147199,
          55.2408299
        ],
        [
          20.91473,
          55.24084
        ],
        [
          20.91474,
          55.24085
        ],
        [
          20.9147499,
          55.24087
        ],
        [
          20.91476,
          55.24088
        ],
        [
          20.91479,
          55.24091
        ],
        [
          20.9148199,
          55.2409299
        ],
        [
          20.9148499,
          55.24095
        ],
        [
          20.9148799,
          55.24098
        ],
        [
          20.9149,
          55.241
        ],
        [
          20.9149199,
          55.24103
        ],
        [
          20.9149499,
          55.2410599
        ],
        [
          20.91499,
          55.24108
        ],
        [
          20.91503,
          55.24111
        ],
        [
          20.91507,
          55.24113
        ],
        [
          20.9151099,
          55.2411599
        ],
        [
          20.91515,
          55.2411899
        ],
        [
          20.91519,
          55.24123
        ],
        [
          20.91523,
          55.24127
        ],
        [
          20.9152699,
          55.2413
        ],
        [
          20.91532,
          55.24133
        ],
        [
          20.91536,
          55.24137
        ],
        [
          20.9154099,
          55.2414099
        ],
        [
          20.91546,
          55.2414499
        ],
        [
          20.9155099,
          55.24149
        ],
        [
          20.91556,
          55.24153
        ],
        [
          20.91561,
          55.24157
        ],
        [
          20.91566,
          55.2416099
        ],
        [
          20.91571,
          55.2416499
        ],
        [
          20.9157699,
          55.2417
        ],
        [
          20.91584,
          55.2417499
        ],
        [
          20.91591,
          55.2418099
        ],
        [
          20.9159699,
          55.24186
        ],
        [
          20.9160299,
          55.2419099
        ],
        [
          20.9160999,
          55.24195
        ],
        [
          20.9161599,
          55.242
        ],
        [
          20.9162199,
          55.24205
        ],
        [
          20.91627,
          55.2420999
        ],
        [
          20.9163299,
          55.2421399
        ],
        [
          20.9163899,
          55.24219
        ],
        [
          20.91644,
          55.24223
        ],
        [
          20.9165,
          55.24228
        ],
        [
          20.9165499,
          55.24232
        ],
        [
          20.91661,
          55.24236
        ],
        [
          20.91667,
          55.24241
        ],
        [
          20.91673,
          55.24246
        ],
        [
          20.9167799,
          55.2424999
        ],
        [
          20.91684,
          55.24255
        ],
        [
          20.9169,
          55.2425999
        ],
        [
          20.91696,
          55.24265
        ],
        [
          20.9170199,
          55.24269
        ],
        [
          20.9170799,
          55.24274
        ],
        [
          20.9171399,
          55.24278
        ],
        [
          20.9172,
          55.2428299
        ],
        [
          20.91726,
          55.24288
        ],
        [
          20.91733,
          55.2429299
        ],
        [
          20.91739,
          55.24297
        ],
        [
          20.91745,
          55.2430199
        ],
        [
          20.9175099,
          55.24307
        ],
        [
          20.9175699,
          55.2431199
        ],
        [
          20.91762,
          55.24317
        ],
        [
          20.91768,
          55.2432199
        ],
        [
          20.9177399,
          55.24327
        ],
        [
          20.9177999,
          55.2433199
        ],
        [
          20.9178699,
          55.24337
        ],
        [
          20.9179299,
          55.2434199
        ],
        [
          20.9179999,
          55.24347
        ],
        [
          20.9180699,
          55.2435199
        ],
        [
          20.9181299,
          55.24357
        ],
        [
          20.9181899,
          55.2436199
        ],
        [
          20.91825,
          55.24367
        ],
        [
          20.91831,
          55.2437199
        ],
        [
          20.91837,
          55.24377
        ],
        [
          20.9184299,
          55.24382
        ],
        [
          20.9184899,
          55.24387
        ],
        [
          20.91854,
          55.24392
        ],
        [
          20.9186,
          55.24396
        ],
        [
          20.9186599,
          55.244
        ],
        [
          20.9187199,
          55.24405
        ],
        [
          20.91877,
          55.2441
        ],
        [
          20.91884,
          55.24415
        ],
        [
          20.9189,
          55.24419
        ],
        [
          20.9189499,
          55.24423
        ],
        [
          20.919,
          55.24428
        ],
        [
          20.9190499,
          55.24433
        ],
        [
          20.9191199,
          55.2443699
        ],
        [
          20.9191799,
          55.24442
        ],
        [
          20.9192399,
          55.24446
        ],
        [
          20.91929,
          55.24451
        ],
        [
          20.9193499,
          55.24456
        ],
        [
          20.91942,
          55.24461
        ],
        [
          20.9194799,
          55.2446599
        ],
        [
          20.91953,
          55.24471
        ],
        [
          20.91959,
          55.2447599
        ],
        [
          20.91965,
          55.24481
        ],
        [
          20.9197099,
          55.2448599
        ],
        [
          20.9197699,
          55.2448999
        ],
        [
          20.91983,
          55.24495
        ],
        [
          20.91989,
          55.2449999
        ],
        [
          20.91995,
          55.24505
        ],
        [
          20.9199999,
          55.2451
        ],
        [
          20.9200699,
          55.24514
        ],
        [
          20.9201299,
          55.2451899
        ],
        [
          20.92018,
          55.2452299
        ],
        [
          20.92024,
          55.24527
        ],
        [
          20.9202999,
          55.2453199
        ],
        [
          20.9203599,
          55.24537
        ],
        [
          20.92042,
          55.24541
        ],
        [
          20.92047,
          55.2454499
        ],
        [
          20.9205299,
          55.2455
        ],
        [
          20.9205899,
          55.2455499
        ],
        [
          20.92064,
          55.2455899
        ],
        [
          20.9207,
          55.24564
        ],
        [
          20.9207599,
          55.2456799
        ],
        [
          20.9208199,
          55.24573
        ],
        [
          20.92088,
          55.2457799
        ],
        [
          20.92093,
          55.24583
        ],
        [
          20.9209799,
          55.24587
        ],
        [
          20.92104,
          55.2459199
        ],
        [
          20.9211,
          55.24597
        ],
        [
          20.92117,
          55.2460099
        ],
        [
          20.92123,
          55.24606
        ],
        [
          20.92129,
          55.2461099
        ],
        [
          20.9213499,
          55.24616
        ],
        [
          20.9214099,
          55.2462099
        ],
        [
          20.92147,
          55.24626
        ],
        [
          20.92153,
          55.2463099
        ],
        [
          20.92159,
          55.24636
        ],
        [
          20.92166,
          55.2463999
        ],
        [
          20.92172,
          55.24645
        ],
        [
          20.9217799,
          55.24649
        ],
        [
          20.9218399,
          55.24655
        ],
        [
          20.9218999,
          55.2465999
        ],
        [
          20.92196,
          55.24665
        ],
        [
          20.9220299,
          55.2466999
        ],
        [
          20.92209,
          55.2467399
        ],
        [
          20.92215,
          55.24679
        ],
        [
          20.92221,
          55.24684
        ],
        [
          20.9222699,
          55.24689
        ],
        [
          20.92234,
          55.2469299
        ],
        [
          20.9223999,
          55.24698
        ],
        [
          20.9224599,
          55.2470299
        ],
        [
          20.92252,
          55.24708
        ],
        [
          20.92258,
          55.2471299
        ],
        [
          20.9226299,
          55.24718
        ],
        [
          20.9226899,
          55.2472199
        ],
        [
          20.92275,
          55.24727
        ],
        [
          20.9228199,
          55.2473199
        ],
        [
          20.92288,
          55.24737
        ],
        [
          20.92294,
          55.24741
        ],
        [
          20.923,
          55.2474599
        ],
        [
          20.9230599,
          55.24751
        ],
        [
          20.92313,
          55.2475599
        ],
        [
          20.9232,
          55.24761
        ],
        [
          20.92326,
          55.24766
        ],
        [
          20.9233199,
          55.2477
        ],
        [
          20.9233799,
          55.24774
        ],
        [
          20.92343,
          55.2477799
        ],
        [
          20.9234799,
          55.24783
        ],
        [
          20.9235399,
          55.24787
        ],
        [
          20.92359,
          55.2479099
        ],
        [
          20.9236399,
          55.24796
        ],
        [
          20.92369,
          55.248
        ],
        [
          20.9237399,
          55.24804
        ],
        [
          20.92379,
          55.2480799
        ],
        [
          20.92383,
          55.24812
        ],
        [
          20.9238699,
          55.24816
        ],
        [
          20.9239099,
          55.24819
        ],
        [
          20.92395,
          55.24822
        ],
        [
          20.9239999,
          55.2482399
        ],
        [
          20.92405,
          55.2482499
        ],
        [
          20.92409,
          55.24826
        ],
        [
          20.92413,
          55.2482499
        ],
        [
          20.9241699,
          55.2482499
        ],
        [
          20.92421,
          55.2482399
        ],
        [
          20.92426,
          55.24823
        ],
        [
          20.9242999,
          55.24822
        ],
        [
          20.9243399,
          55.2482099
        ],
        [
          20.9243999,
          55.2482099
        ],
        [
          20.92444,
          55.2482
        ],
        [
          20.92449,
          55.24819
        ],
        [
          20.92454,
          55.2481799
        ],
        [
          20.92459,
          55.24816
        ],
        [
          20.92464,
          55.2481499
        ],
        [
          20.92468,
          55.2481399
        ],
        [
          20.9247299,
          55.24813
        ],
        [
          20.92477,
          55.24812
        ],
        [
          20.92481,
          55.2481099
        ],
        [
          20.9248299,
          55.2481
        ],
        [
          20.92487,
          55.24809
        ],
        [
          20.9249,
          55.24807
        ],
        [
          20.92495,
          55.24806
        ],
        [
          20.9249899,
          55.2480499
        ],
        [
          20.9250299,
          55.24804
        ],
        [
          20.92507,
          55.2480199
        ],
        [
          20.92511,
          55.2480099
        ],
        [
          20.9251499,
          55.248
        ],
        [
          20.92521,
          55.2479799
        ],
        [
          20.92526,
          55.24796
        ],
        [
          20.92531,
          55.2479499
        ],
        [
          20.92536,
          55.24793
        ],
        [
          20.92541,
          55.2479199
        ],
        [
          20.92546,
          55.2479
        ],
        [
          20.9255099,
          55.2478799
        ],
        [
          20.92557,
          55.24787
        ],
        [
          20.9256099,
          55.24786
        ],
        [
          20.92566,
          55.2478499
        ],
        [
          20.9257099,
          55.24783
        ],
        [
          20.92576,
          55.2478199
        ],
        [
          20.92582,
          55.2478
        ],
        [
          20.9258799,
          55.2477899
        ],
        [
          20.9259399,
          55.24777
        ],
        [
          20.926,
          55.2477499
        ],
        [
          20.92606,
          55.24773
        ],
        [
          20.92612,
          55.2477199
        ],
        [
          20.9261699,
          55.2477
        ],
        [
          20.9262099,
          55.2476899
        ],
        [
          20.92626,
          55.24767
        ],
        [
          20.92629,
          55.24767
        ],
        [
          20.9263399,
          55.24766
        ],
        [
          20.92638,
          55.24764
        ],
        [
          20.92642,
          55.2476199
        ],
        [
          20.92646,
          55.24761
        ],
        [
          20.9264999,
          55.2475899
        ],
        [
          20.9265399,
          55.24758
        ],
        [
          20.92658,
          55.24757
        ],
        [
          20.92662,
          55.2475599
        ],
        [
          20.9266699,
          55.24754
        ],
        [
          20.92671,
          55.24753
        ],
        [
          20.92675,
          55.2475199
        ],
        [
          20.9267999,
          55.2475
        ],
        [
          20.92684,
          55.2474899
        ],
        [
          20.92688,
          55.24747
        ],
        [
          20.92692,
          55.2474499
        ],
        [
          20.92697,
          55.2474299
        ],
        [
          20.9270199,
          55.24741
        ],
        [
          20.92707,
          55.2473899
        ],
        [
          20.9271299,
          55.24738
        ],
        [
          20.92718,
          55.2473599
        ],
        [
          20.92724,
          55.24735
        ],
        [
          20.9273,
          55.2473299
        ],
        [
          20.9273499,
          55.24731
        ],
        [
          20.9274,
          55.2472899
        ],
        [
          20.92743,
          55.24727
        ],
        [
          20.92746,
          55.2472599
        ],
        [
          20.92746,
          55.2472599
        ],
        [
          20.92746,
          55.2472599
        ],
        [
          20.92746,
          55.2472599
        ],
        [
          20.9276,
          55.2472299
        ],
        [
          20.9276199,
          55.2472299
        ],
        [
          20.92764,
          55.2472299
        ],
        [
          20.9276499,
          55.2472299
        ],
        [
          20.92767,
          55.2472299
        ],
        [
          20.92769,
          55.2472299
        ],
        [
          20.9277199,
          55.2472299
        ],
        [
          20.9277199,
          55.2472299
        ],
        [
          20.9277199,
          55.2472299
        ],
        [
          20.92855,
          55.24692
        ],
        [
          20.9285699,
          55.2469299
        ],
        [
          20.9286399,
          55.2469299
        ],
        [
          20.9288299,
          55.24688
        ],
        [
          20.92885,
          55.2468699
        ],
        [
          20.9288699,
          55.2468699
        ],
        [
          20.9288999,
          55.2468599
        ],
        [
          20.92892,
          55.24685
        ],
        [
          20.92907,
          55.2467999
        ],
        [
          20.9290899,
          55.24679
        ],
        [
          20.92911,
          55.24678
        ],
        [
          20.9291299,
          55.2467699
        ],
        [
          20.92921,
          55.2467299
        ],
        [
          20.92925,
          55.24672
        ],
        [
          20.92927,
          55.24671
        ],
        [
          20.9292899,
          55.2466999
        ],
        [
          20.9294499,
          55.2466399
        ],
        [
          20.9294899,
          55.2466299
        ],
        [
          20.9295199,
          55.24662
        ],
        [
          20.92954,
          55.24661
        ],
        [
          20.9295599,
          55.2465999
        ],
        [
          20.9297199,
          55.24658
        ],
        [
          20.92974,
          55.2465699
        ],
        [
          20.9297499,
          55.24656
        ],
        [
          20.93059,
          55.2462699
        ],
        [
          20.9306099,
          55.24626
        ],
        [
          20.93063,
          55.24626
        ],
        [
          20.93071,
          55.2462399
        ],
        [
          20.9307299,
          55.24623
        ],
        [
          20.9307399,
          55.24622
        ],
        [
          20.9314,
          55.246
        ],
        [
          20.9314199,
          55.24599
        ],
        [
          20.93249,
          55.24556
        ],
        [
          20.9325099,
          55.2455499
        ],
        [
          20.9351599,
          55.24452
        ],
        [
          20.93518,
          55.2444999
        ],
        [
          20.9351999,
          55.2444999
        ],
        [
          20.93522,
          55.24448
        ],
        [
          20.93525,
          55.2444699
        ],
        [
          20.9352699,
          55.24446
        ],
        [
          20.93529,
          55.24445
        ],
        [
          20.93531,
          55.2444399
        ],
        [
          20.93587,
          55.2443099
        ],
        [
          20.9358899,
          55.24432
        ],
        [
          20.93613,
          55.24446
        ],
        [
          20.93614,
          55.2444699
        ],
        [
          20.9361499,
          55.24449
        ],
        [
          20.93626,
          55.24456
        ],
        [
          20.93639,
          55.2446299
        ],
        [
          20.9364199,
          55.24465
        ],
        [
          20.93644,
          55.2446599
        ],
        [
          20.9365399,
          55.2447299
        ],
        [
          20.9365499,
          55.24474
        ],
        [
          20.93657,
          55.2447599
        ],
        [
          20.9366,
          55.24478
        ],
        [
          20.9366499,
          55.24481
        ],
        [
          20.93666,
          55.24482
        ],
        [
          20.93689,
          55.2449999
        ],
        [
          20.9370999,
          55.24518
        ],
        [
          20.93716,
          55.2452199
        ],
        [
          20.9372299,
          55.24528
        ],
        [
          20.93774,
          55.2455
        ],
        [
          20.9384199,
          55.24577
        ],
        [
          20.93988,
          55.2466399
        ],
        [
          20.9399,
          55.24665
        ],
        [
          20.9399199,
          55.24666
        ],
        [
          20.93994,
          55.2466699
        ],
        [
          20.9399599,
          55.2466699
        ],
        [
          20.93998,
          55.24669
        ],
        [
          20.94013,
          55.24678
        ],
        [
          20.9401499,
          55.24679
        ],
        [
          20.9409499,
          55.2470999
        ],
        [
          20.94093,
          55.2470899
        ],
        [
          20.9409099,
          55.24708
        ],
        [
          20.94089,
          55.24707
        ],
        [
          20.94051,
          55.24694
        ],
        [
          20.94051,
          55.24694
        ],
        [
          20.9405,
          55.2469299
        ],
        [
          20.9396699,
          55.2465399
        ],
        [
          20.9387099,
          55.24593
        ],
        [
          20.93869,
          55.2459199
        ],
        [
          20.93867,
          55.2459199
        ],
        [
          20.93854,
          55.24584
        ],
        [
          20.9385199,
          55.24584
        ],
        [
          20.9382199,
          55.24567
        ],
        [
          20.93821,
          55.24566
        ],
        [
          20.9374299,
          55.24537
        ],
        [
          20.93741,
          55.2453599
        ],
        [
          20.93741,
          55.2453599
        ],
        [
          20.9373699,
          55.2453499
        ],
        [
          20.9371699,
          55.2452299
        ],
        [
          20.93715,
          55.24521
        ],
        [
          20.9371399,
          55.24521
        ],
        [
          20.93712,
          55.2451899
        ],
        [
          20.93711,
          55.2451899
        ],
        [
          20.93709,
          55.24518
        ],
        [
          20.93708,
          55.24517
        ],
        [
          20.9370699,
          55.2451599
        ],
        [
          20.9370399,
          55.24514
        ],
        [
          20.9370399,
          55.24514
        ],
        [
          20.93702,
          55.24511
        ],
        [
          20.9370099,
          55.2451
        ],
        [
          20.93699,
          55.2450899
        ],
        [
          20.93698,
          55.24508
        ],
        [
          20.9369699,
          55.24507
        ],
        [
          20.93695,
          55.2450599
        ],
        [
          20.9369399,
          55.24505
        ],
        [
          20.9369099,
          55.24502
        ],
        [
          20.9368999,
          55.2449999
        ],
        [
          20.93688,
          55.2449999
        ],
        [
          20.93686,
          55.24498
        ],
        [
          20.9368399,
          55.24497
        ],
        [
          20.93683,
          55.2449599
        ],
        [
          20.93682,
          55.24495
        ],
        [
          20.93666,
          55.2448299
        ],
        [
          20.9366399,
          55.24482
        ],
        [
          20.93662,
          55.24481
        ],
        [
          20.9366099,
          55.2447999
        ],
        [
          20.9366,
          55.24479
        ],
        [
          20.9365799,
          55.24478
        ],
        [
          20.93657,
          55.2447699
        ],
        [
          20.9365499,
          55.2447599
        ],
        [
          20.9365399,
          55.24474
        ],
        [
          20.93652,
          55.2447299
        ],
        [
          20.9365,
          55.24472
        ],
        [
          20.9365,
          55.24472
        ],
        [
          20.93649,
          55.24471
        ],
        [
          20.93647,
          55.24469
        ],
        [
          20.9364099,
          55.2446299
        ],
        [
          20.9363099,
          55.24455
        ],
        [
          20.93629,
          55.2445399
        ],
        [
          20.9362799,
          55.2445299
        ],
        [
          20.93627,
          55.24452
        ],
        [
          20.9362499,
          55.24451
        ],
        [
          20.93624,
          55.2444999
        ],
        [
          20.93624,
          55.2444999
        ],
        [
          20.93621,
          55.24448
        ],
        [
          20.93614,
          55.24442
        ],
        [
          20.9361199,
          55.2444099
        ],
        [
          20.93611,
          55.24439
        ],
        [
          20.9360899,
          55.24438
        ],
        [
          20.9360799,
          55.2443699
        ],
        [
          20.9360799,
          55.2443699
        ],
        [
          20.93604,
          55.24435
        ],
        [
          20.92957,
          55.24661
        ],
        [
          20.9295499,
          55.24662
        ],
        [
          20.92953,
          55.2466299
        ],
        [
          20.9291299,
          55.24679
        ],
        [
          20.92912,
          55.24681
        ],
        [
          20.9273599,
          55.2472599
        ],
        [
          20.9273499,
          55.2472599
        ],
        [
          20.9273499,
          55.2472599
        ],
        [
          20.9273499,
          55.2472599
        ],
        [
          20.9273499,
          55.2472599
        ],
        [
          20.9273499,
          55.2472599
        ],
        [
          20.9273499,
          55.2472599
        ],
        [
          20.9273499,
          55.2472599
        ],
        [
          20.9273499,
          55.2472599
        ],
        [
          20.9273499,
          55.2472599
        ],
        [
          20.9273499,
          55.2472599
        ],
        [
          20.9273499,
          55.2472599
        ],
        [
          20.9273499,
          55.2472599
        ],
        [
          20.9273499,
          55.2472599
        ],
        [
          20.9273499,
          55.2472599
        ],
        [
          20.9273499,
          55.2472599
        ],
        [
          20.9273499,
          55.2472599
        ],
        [
          20.9273499,
          55.2472599
        ],
        [
          20.9273499,
          55.2472599
        ],
        [
          20.9273499,
          55.2472599
        ],
        [
          20.9273499,
          55.2472599
        ],
        [
          20.9273199,
          55.24728
        ],
        [
          20.92731,
          55.24728
        ],
        [
          20.9272899,
          55.2472899
        ],
        [
          20.92727,
          55.2473
        ],
        [
          20.92724,
          55.2473
        ],
        [
          20.92721,
          55.2473199
        ],
        [
          20.92717,
          55.2473199
        ],
        [
          20.92717,
          55.2473199
        ],
        [
          20.9270899,
          55.24735
        ],
        [
          20.92705,
          55.24737
        ],
        [
          20.9270199,
          55.2473899
        ],
        [
          20.92698,
          55.2474
        ],
        [
          20.92695,
          55.2474199
        ],
        [
          20.92691,
          55.24744
        ],
        [
          20.92687,
          55.2474499
        ],
        [
          20.92687,
          55.2474499
        ],
        [
          20.9267899,
          55.24748
        ],
        [
          20.92674,
          55.2474899
        ],
        [
          20.9266999,
          55.2475
        ],
        [
          20.92665,
          55.2475199
        ],
        [
          20.92665,
          55.2475199
        ],
        [
          20.92655,
          55.2475499
        ],
        [
          20.9264999,
          55.24757
        ],
        [
          20.92645,
          55.2475899
        ],
        [
          20.9263999,
          55.2476
        ],
        [
          20.92635,
          55.24761
        ],
        [
          20.92629,
          55.24763
        ],
        [
          20.92623,
          55.2476499
        ],
        [
          20.92618,
          55.24767
        ],
        [
          20.9261099,
          55.2476899
        ],
        [
          20.92605,
          55.2477
        ],
        [
          20.9259799,
          55.2477199
        ],
        [
          20.92592,
          55.24774
        ],
        [
          20.92586,
          55.2477499
        ],
        [
          20.9258,
          55.24777
        ],
        [
          20.9257399,
          55.2477799
        ],
        [
          20.9256799,
          55.2478
        ],
        [
          20.9256099,
          55.24783
        ],
        [
          20.9255499,
          55.2478499
        ],
        [
          20.92549,
          55.2478799
        ],
        [
          20.92543,
          55.2479
        ],
        [
          20.92536,
          55.2479099
        ],
        [
          20.9253,
          55.24793
        ],
        [
          20.9252499,
          55.24794
        ],
        [
          20.92521,
          55.2479499
        ],
        [
          20.92521,
          55.2479499
        ],
        [
          20.92513,
          55.2479799
        ],
        [
          20.9250899,
          55.248
        ],
        [
          20.9250899,
          55.248
        ],
        [
          20.9250499,
          55.2480099
        ],
        [
          20.92497,
          55.24804
        ],
        [
          20.9249299,
          55.24806
        ],
        [
          20.92488,
          55.24807
        ],
        [
          20.9248299,
          55.24809
        ],
        [
          20.9247899,
          55.2481099
        ],
        [
          20.92474,
          55.24812
        ],
        [
          20.9246999,
          55.24813
        ],
        [
          20.92465,
          55.2481499
        ],
        [
          20.92465,
          55.2481499
        ],
        [
          20.92455,
          55.2481799
        ],
        [
          20.92451,
          55.2482
        ],
        [
          20.9244699,
          55.24822
        ],
        [
          20.9244299,
          55.2482399
        ],
        [
          20.92439,
          55.24826
        ],
        [
          20.92435,
          55.2482799
        ],
        [
          20.92432,
          55.24829
        ],
        [
          20.92429,
          55.2483
        ],
        [
          20.92426,
          55.2483
        ],
        [
          20.9242399,
          55.2483
        ],
        [
          20.92421,
          55.2483
        ],
        [
          20.92419,
          55.2483
        ],
        [
          20.9241699,
          55.2483
        ],
        [
          20.92415,
          55.24829
        ],
        [
          20.92415,
          55.24829
        ],
        [
          20.92415,
          55.24829
        ],
        [
          20.9240699,
          55.24827
        ],
        [
          20.9240699,
          55.24827
        ],
        [
          20.9240399,
          55.2482399
        ],
        [
          20.92402,
          55.2482399
        ],
        [
          20.9239999,
          55.24822
        ],
        [
          20.92398,
          55.2482099
        ],
        [
          20.9239699,
          55.2482099
        ],
        [
          20.92395,
          55.2482
        ],
        [
          20.92393,
          55.24819
        ],
        [
          20.9239099,
          55.24817
        ],
        [
          20.9239,
          55.24817
        ],
        [
          20.9238799,
          55.24816
        ],
        [
          20.92386,
          55.2481399
        ],
        [
          20.9238399,
          55.24813
        ],
        [
          20.92382,
          55.2481099
        ],
        [
          20.92382,
          55.2481099
        ],
        [
          20.92376,
          55.24806
        ],
        [
          20.92373,
          55.24804
        ],
        [
          20.9237099,
          55.2480199
        ],
        [
          20.9236799,
          55.248
        ],
        [
          20.92366,
          55.2479799
        ],
        [
          20.9236399,
          55.24796
        ],
        [
          20.9236099,
          55.24793
        ],
        [
          20.9236099,
          55.24793
        ],
        [
          20.92353,
          55.2478799
        ],
        [
          20.92349,
          55.24784
        ],
        [
          20.92344,
          55.24781
        ],
        [
          20.92339,
          55.24777
        ],
        [
          20.9233499,
          55.24774
        ],
        [
          20.9232899,
          55.2477
        ],
        [
          20.92324,
          55.24767
        ],
        [
          20.9231799,
          55.24763
        ],
        [
          20.92313,
          55.2475899
        ],
        [
          20.92308,
          55.2475499
        ],
        [
          20.92303,
          55.2475
        ],
        [
          20.92297,
          55.2474599
        ],
        [
          20.92291,
          55.24741
        ],
        [
          20.9228599,
          55.24737
        ],
        [
          20.92281,
          55.2473299
        ],
        [
          20.92275,
          55.24728
        ],
        [
          20.9226899,
          55.24724
        ],
        [
          20.9226299,
          55.2471899
        ],
        [
          20.92257,
          55.24714
        ],
        [
          20.92251,
          55.2470899
        ],
        [
          20.92245,
          55.24704
        ],
        [
          20.92238,
          55.24699
        ],
        [
          20.92231,
          55.2469299
        ],
        [
          20.9222399,
          55.24688
        ],
        [
          20.92218,
          55.2468299
        ],
        [
          20.92211,
          55.24678
        ],
        [
          20.9220399,
          55.2467299
        ],
        [
          20.9219699,
          55.24668
        ],
        [
          20.9218999,
          55.2466299
        ],
        [
          20.9218399,
          55.24658
        ],
        [
          20.9217799,
          55.24652
        ],
        [
          20.9217099,
          55.2464699
        ],
        [
          20.9216399,
          55.24642
        ],
        [
          20.92157,
          55.24636
        ],
        [
          20.9215,
          55.2463099
        ],
        [
          20.9214399,
          55.24626
        ],
        [
          20.9213799,
          55.2462099
        ],
        [
          20.9213199,
          55.2461499
        ],
        [
          20.9212499,
          55.2461
        ],
        [
          20.9211799,
          55.2460499
        ],
        [
          20.9211199,
          55.246
        ],
        [
          20.92104,
          55.2459399
        ],
        [
          20.92097,
          55.24589
        ],
        [
          20.92091,
          55.2458199
        ],
        [
          20.9208499,
          55.24577
        ],
        [
          20.92078,
          55.24571
        ],
        [
          20.92071,
          55.24566
        ],
        [
          20.92064,
          55.24561
        ],
        [
          20.92057,
          55.2455499
        ],
        [
          20.9204999,
          55.2454899
        ],
        [
          20.9204299,
          55.24544
        ],
        [
          20.9203599,
          55.24538
        ],
        [
          20.92029,
          55.24533
        ],
        [
          20.92022,
          55.24527
        ],
        [
          20.92015,
          55.2452199
        ],
        [
          20.92008,
          55.2451599
        ],
        [
          20.92008,
          55.2451599
        ],
        [
          20.9199399,
          55.24505
        ],
        [
          20.91988,
          55.2449899
        ],
        [
          20.9198099,
          55.24494
        ],
        [
          20.9198099,
          55.24494
        ],
        [
          20.9196699,
          55.24482
        ],
        [
          20.9196,
          55.2447699
        ],
        [
          20.9195399,
          55.24472
        ],
        [
          20.9194699,
          55.2446699
        ],
        [
          20.91939,
          55.24461
        ],
        [
          20.91933,
          55.24456
        ],
        [
          20.91933,
          55.24456
        ],
        [
          20.91919,
          55.24445
        ],
        [
          20.9191199,
          55.2443999
        ],
        [
          20.91904,
          55.2443399
        ],
        [
          20.91904,
          55.2443399
        ],
        [
          20.91897,
          55.24429
        ],
        [
          20.91883,
          55.2441699
        ],
        [
          20.9187599,
          55.24412
        ],
        [
          20.9186899,
          55.24406
        ],
        [
          20.9186199,
          55.244
        ],
        [
          20.91854,
          55.2439499
        ],
        [
          20.91847,
          55.24389
        ],
        [
          20.9184,
          55.2438399
        ],
        [
          20.91834,
          55.2437799
        ],
        [
          20.91827,
          55.2437199
        ],
        [
          20.9181999,
          55.24367
        ],
        [
          20.91812,
          55.2436099
        ],
        [
          20.9180599,
          55.24356
        ],
        [
          20.91799,
          55.24351
        ],
        [
          20.9179299,
          55.24346
        ],
        [
          20.9178699,
          55.2434
        ],
        [
          20.9177999,
          55.2433499
        ],
        [
          20.9177299,
          55.2433
        ],
        [
          20.91766,
          55.2432499
        ],
        [
          20.9175999,
          55.2431899
        ],
        [
          20.91753,
          55.24314
        ],
        [
          20.91746,
          55.2430899
        ],
        [
          20.9174099,
          55.24304
        ],
        [
          20.9173399,
          55.2429899
        ],
        [
          20.9173399,
          55.2429899
        ],
        [
          20.9172099,
          55.2428899
        ],
        [
          20.9171399,
          55.24284
        ],
        [
          20.9170799,
          55.2427999
        ],
        [
          20.9170199,
          55.24275
        ],
        [
          20.91696,
          55.24269
        ],
        [
          20.9169,
          55.24264
        ],
        [
          20.91684,
          55.24259
        ],
        [
          20.9167899,
          55.24254
        ],
        [
          20.91673,
          55.24249
        ],
        [
          20.91667,
          55.2424399
        ],
        [
          20.91661,
          55.24239
        ],
        [
          20.9165499,
          55.24235
        ],
        [
          20.9165499,
          55.24235
        ],
        [
          20.9164199,
          55.24225
        ],
        [
          20.9164199,
          55.24225
        ],
        [
          20.9162899,
          55.24215
        ],
        [
          20.9162299,
          55.2420999
        ],
        [
          20.9162299,
          55.2420999
        ],
        [
          20.91611,
          55.242
        ],
        [
          20.91605,
          55.24195
        ],
        [
          20.91598,
          55.2419
        ],
        [
          20.91591,
          55.24185
        ],
        [
          20.91585,
          55.2418
        ],
        [
          20.91579,
          55.2417499
        ],
        [
          20.91572,
          55.24169
        ],
        [
          20.91566,
          55.2416399
        ],
        [
          20.9155999,
          55.24159
        ],
        [
          20.91553,
          55.24154
        ],
        [
          20.9154699,
          55.24149
        ],
        [
          20.9154099,
          55.24144
        ],
        [
          20.91535,
          55.2414
        ],
        [
          20.91529,
          55.2413499
        ],
        [
          20.91522,
          55.2413
        ],
        [
          20.91515,
          55.24124
        ],
        [
          20.91509,
          55.2411899
        ],
        [
          20.91503,
          55.24114
        ],
        [
          20.91497,
          55.2410899
        ],
        [
          20.9149199,
          55.24104
        ],
        [
          20.91486,
          55.2409899
        ],
        [
          20.9148,
          55.24094
        ],
        [
          20.91474,
          55.2408899
        ],
        [
          20.91466,
          55.24084
        ],
        [
          20.9146,
          55.2407899
        ],
        [
          20.91453,
          55.24074
        ],
        [
          20.91447,
          55.2406899
        ],
        [
          20.91441,
          55.24064
        ],
        [
          20.9143499,
          55.2405899
        ],
        [
          20.91428,
          55.24054
        ],
        [
          20.91421,
          55.24049
        ],
        [
          20.91415,
          55.24044
        ],
        [
          20.9140899,
          55.24039
        ],
        [
          20.91402,
          55.2403399
        ],
        [
          20.9139599,
          55.24029
        ],
        [
          20.9138899,
          55.2402399
        ],
        [
          20.91382,
          55.24019
        ],
        [
          20.91375,
          55.2401399
        ],
        [
          20.91369,
          55.24009
        ],
        [
          20.91362,
          55.24003
        ],
        [
          20.91362,
          55.24003
        ],
        [
          20.91349,
          55.23993
        ],
        [
          20.91342,
          55.2398699
        ],
        [
          20.91336,
          55.23982
        ],
        [
          20.9132999,
          55.2397699
        ],
        [
          20.9132399,
          55.2397099
        ],
        [
          20.9131699,
          55.23966
        ],
        [
          20.9131099,
          55.2396099
        ],
        [
          20.9130399,
          55.2395499
        ],
        [
          20.91297,
          55.2395
        ],
        [
          20.9129099,
          55.2394499
        ],
        [
          20.9128499,
          55.2394
        ],
        [
          20.9127799,
          55.2393499
        ],
        [
          20.9127199,
          55.2393
        ],
        [
          20.9127199,
          55.2393
        ],
        [
          20.91259,
          55.23921
        ],
        [
          20.91253,
          55.23916
        ],
        [
          20.91246,
          55.2391
        ],
        [
          20.9124,
          55.2390499
        ],
        [
          20.91233,
          55.239
        ],
        [
          20.91233,
          55.239
        ],
        [
          20.91227,
          55.23894
        ],
        [
          20.91214,
          55.23884
        ],
        [
          20.91214,
          55.23884
        ],
        [
          20.91208,
          55.2387899
        ],
        [
          20.91195,
          55.2386899
        ],
        [
          20.91195,
          55.2386899
        ],
        [
          20.91182,
          55.23858
        ],
        [
          20.9117599,
          55.2385299
        ],
        [
          20.9116999,
          55.23848
        ],
        [
          20.9116999,
          55.23848
        ],
        [
          20.91158,
          55.23838
        ],
        [
          20.91151,
          55.2383299
        ],
        [
          20.91145,
          55.23828
        ],
        [
          20.91138,
          55.2382299
        ],
        [
          20.91131,
          55.2381699
        ],
        [
          20.91125,
          55.23812
        ],
        [
          20.91118,
          55.2380699
        ],
        [
          20.91112,
          55.23802
        ],
        [
          20.91105,
          55.2379699
        ],
        [
          20.91099,
          55.2379099
        ],
        [
          20.91099,
          55.2379099
        ],
        [
          20.91086,
          55.2378099
        ],
        [
          20.91086,
          55.2378099
        ],
        [
          20.91073,
          55.2377
        ],
        [
          20.91073,
          55.2377
        ],
        [
          20.91066,
          55.23765
        ],
        [
          20.91059,
          55.2376
        ],
        [
          20.9105199,
          55.23755
        ],
        [
          20.9104499,
          55.2375
        ],
        [
          20.9103799,
          55.2374399
        ],
        [
          20.91031,
          55.23739
        ],
        [
          20.91024,
          55.2373399
        ],
        [
          20.91017,
          55.23729
        ],
        [
          20.9101,
          55.23723
        ],
        [
          20.91003,
          55.2371799
        ],
        [
          20.9099599,
          55.2371199
        ],
        [
          20.9098899,
          55.23707
        ],
        [
          20.9098199,
          55.2370199
        ],
        [
          20.90975,
          55.23697
        ],
        [
          20.9096899,
          55.2369199
        ],
        [
          20.90962,
          55.23687
        ],
        [
          20.90955,
          55.23681
        ],
        [
          20.90948,
          55.2367599
        ],
        [
          20.90941,
          55.2367
        ],
        [
          20.90935,
          55.23665
        ],
        [
          20.90928,
          55.2365899
        ],
        [
          20.90921,
          55.23654
        ],
        [
          20.9091399,
          55.23648
        ],
        [
          20.90908,
          55.2364299
        ],
        [
          20.9089999,
          55.23638
        ],
        [
          20.9089399,
          55.2363299
        ],
        [
          20.9088699,
          55.23627
        ],
        [
          20.9088,
          55.23622
        ],
        [
          20.9087399,
          55.2361599
        ],
        [
          20.9086799,
          55.23611
        ],
        [
          20.9086099,
          55.23605
        ],
        [
          20.9085399,
          55.2359999
        ],
        [
          20.9084799,
          55.23595
        ],
        [
          20.9084099,
          55.23589
        ],
        [
          20.9083499,
          55.2358399
        ],
        [
          20.9082799,
          55.23578
        ],
        [
          20.90821,
          55.23573
        ],
        [
          20.90814,
          55.2356699
        ],
        [
          20.9080799,
          55.23562
        ],
        [
          20.90801,
          55.2355699
        ],
        [
          20.90794,
          55.2355099
        ],
        [
          20.90787,
          55.23546
        ],
        [
          20.9078,
          55.2354099
        ],
        [
          20.90774,
          55.2353499
        ],
        [
          20.90767,
          55.2353
        ],
        [
          20.9075999,
          55.2352499
        ],
        [
          20.90754,
          55.23519
        ],
        [
          20.90747,
          55.23514
        ],
        [
          20.90741,
          55.23509
        ],
        [
          20.90734,
          55.23503
        ],
        [
          20.90728,
          55.2349799
        ],
        [
          20.90721,
          55.23493
        ],
        [
          20.9071399,
          55.23487
        ],
        [
          20.9070699,
          55.2348199
        ],
        [
          20.9069999,
          55.23476
        ],
        [
          20.9069399,
          55.23471
        ],
        [
          20.9068699,
          55.2346499
        ],
        [
          20.9067999,
          55.2345899
        ],
        [
          20.90673,
          55.23454
        ],
        [
          20.9066699,
          55.23448
        ],
        [
          20.9066,
          55.2344299
        ],
        [
          20.90653,
          55.23437
        ],
        [
          20.90646,
          55.2343199
        ],
        [
          20.9064,
          55.2342599
        ],
        [
          20.90633,
          55.23421
        ],
        [
          20.90626,
          55.2341599
        ],
        [
          20.90619,
          55.2340999
        ],
        [
          20.90613,
          55.23405
        ],
        [
          20.90606,
          55.23399
        ],
        [
          20.9059899,
          55.23394
        ],
        [
          20.9059199,
          55.23388
        ],
        [
          20.9058499,
          55.2338299
        ],
        [
          20.9057899,
          55.2337699
        ],
        [
          20.9057199,
          55.23371
        ],
        [
          20.90565,
          55.23366
        ],
        [
          20.9055899,
          55.2335999
        ],
        [
          20.90551,
          55.2335399
        ],
        [
          20.90544,
          55.23348
        ],
        [
          20.9053599,
          55.23342
        ],
        [
          20.9052899,
          55.2333699
        ],
        [
          20.90522,
          55.2333
        ],
        [
          20.90515,
          55.23325
        ],
        [
          20.90508,
          55.2332
        ],
        [
          20.90501,
          55.2331399
        ],
        [
          20.9049399,
          55.2330799
        ],
        [
          20.9048699,
          55.23303
        ],
        [
          20.9047999,
          55.23297
        ],
        [
          20.90473,
          55.2329199
        ],
        [
          20.90465,
          55.23286
        ],
        [
          20.9045799,
          55.2328
        ],
        [
          20.9045099,
          55.2327499
        ],
        [
          20.9044399,
          55.2326899
        ],
        [
          20.90436,
          55.23263
        ],
        [
          20.9043,
          55.23258
        ],
        [
          20.90423,
          55.2325199
        ],
        [
          20.90416,
          55.2324599
        ],
        [
          20.9041,
          55.2324
        ],
        [
          20.90403,
          55.23235
        ],
        [
          20.9039499,
          55.2322899
        ],
        [
          20.9038799,
          55.23224
        ],
        [
          20.90381,
          55.23218
        ],
        [
          20.90374,
          55.2321299
        ],
        [
          20.90367,
          55.23207
        ],
        [
          20.9036,
          55.23202
        ],
        [
          20.90354,
          55.2319599
        ],
        [
          20.90347,
          55.2318999
        ],
        [
          20.90341,
          55.23185
        ],
        [
          20.90334,
          55.23179
        ],
        [
          20.90327,
          55.23174
        ],
        [
          20.9031899,
          55.23168
        ],
        [
          20.90312,
          55.2316299
        ],
        [
          20.90305,
          55.2315699
        ],
        [
          20.90298,
          55.23152
        ],
        [
          20.90291,
          55.23146
        ],
        [
          20.90285,
          55.2314099
        ],
        [
          20.90278,
          55.23136
        ],
        [
          20.90271,
          55.2312999
        ],
        [
          20.90265,
          55.2312399
        ],
        [
          20.90258,
          55.2311799
        ],
        [
          20.9025099,
          55.23112
        ],
        [
          20.90245,
          55.23107
        ],
        [
          20.9023799,
          55.23102
        ],
        [
          20.9023099,
          55.23096
        ],
        [
          20.9022399,
          55.2309
        ],
        [
          20.90217,
          55.23084
        ],
        [
          20.9021,
          55.23079
        ],
        [
          20.90203,
          55.23073
        ],
        [
          20.9019499,
          55.23067
        ],
        [
          20.9018799,
          55.23061
        ],
        [
          20.9018,
          55.2305499
        ],
        [
          20.9017199,
          55.2305
        ],
        [
          20.9016499,
          55.23044
        ],
        [
          20.90158,
          55.23037
        ],
        [
          20.90151,
          55.23031
        ],
        [
          20.90144,
          55.2302599
        ],
        [
          20.90137,
          55.2302
        ],
        [
          20.9013,
          55.23014
        ],
        [
          20.90124,
          55.23008
        ],
        [
          20.90117,
          55.2300299
        ],
        [
          20.9010999,
          55.22997
        ],
        [
          20.9010299,
          55.22991
        ],
        [
          20.9009599,
          55.2298599
        ],
        [
          20.90089,
          55.2297999
        ],
        [
          20.90082,
          55.22975
        ],
        [
          20.90074,
          55.2296999
        ],
        [
          20.9006699,
          55.22964
        ],
        [
          20.9005999,
          55.22959
        ],
        [
          20.9005299,
          55.2295299
        ],
        [
          20.90046,
          55.2294699
        ],
        [
          20.90039,
          55.22941
        ],
        [
          20.90032,
          55.22936
        ],
        [
          20.90025,
          55.2292999
        ],
        [
          20.9001799,
          55.22925
        ],
        [
          20.9001099,
          55.22919
        ],
        [
          20.9000399,
          55.22913
        ],
        [
          20.89997,
          55.2290699
        ],
        [
          20.89989,
          55.229
        ],
        [
          20.89983,
          55.2289399
        ],
        [
          20.8997499,
          55.2288799
        ],
        [
          20.89967,
          55.2288099
        ],
        [
          20.8996,
          55.2287499
        ],
        [
          20.8995199,
          55.22869
        ],
        [
          20.8994499,
          55.22863
        ],
        [
          20.89937,
          55.22856
        ],
        [
          20.8992899,
          55.2285
        ],
        [
          20.89921,
          55.22844
        ],
        [
          20.8991299,
          55.2283799
        ],
        [
          20.89905,
          55.22831
        ],
        [
          20.89897,
          55.2282599
        ],
        [
          20.8988999,
          55.2282
        ],
        [
          20.89882,
          55.22814
        ],
        [
          20.89874,
          55.22807
        ],
        [
          20.8986699,
          55.22801
        ],
        [
          20.8985999,
          55.22795
        ],
        [
          20.89852,
          55.2278899
        ],
        [
          20.8984399,
          55.2278299
        ],
        [
          20.89836,
          55.22777
        ],
        [
          20.89829,
          55.2276999
        ],
        [
          20.8982099,
          55.22764
        ],
        [
          20.8981399,
          55.22758
        ],
        [
          20.89806,
          55.22752
        ],
        [
          20.8979799,
          55.22745
        ],
        [
          20.8979,
          55.22739
        ],
        [
          20.89782,
          55.2273299
        ],
        [
          20.8977399,
          55.2272699
        ],
        [
          20.89766,
          55.2272099
        ],
        [
          20.89759,
          55.2271399
        ],
        [
          20.8975099,
          55.22709
        ],
        [
          20.89743,
          55.22703
        ],
        [
          20.89736,
          55.2269699
        ],
        [
          20.8972799,
          55.2269099
        ],
        [
          20.8972,
          55.2268399
        ],
        [
          20.89713,
          55.22679
        ],
        [
          20.89705,
          55.22673
        ],
        [
          20.89698,
          55.22667
        ],
        [
          20.89691,
          55.22662
        ],
        [
          20.8968299,
          55.22656
        ],
        [
          20.8967599,
          55.2265
        ],
        [
          20.89668,
          55.2264499
        ],
        [
          20.89661,
          55.22639
        ],
        [
          20.89654,
          55.22633
        ],
        [
          20.8964599,
          55.22627
        ],
        [
          20.89639,
          55.22621
        ],
        [
          20.89632,
          55.22616
        ],
        [
          20.89625,
          55.2260899
        ],
        [
          20.89618,
          55.22604
        ],
        [
          20.8961099,
          55.22598
        ],
        [
          20.8960399,
          55.22593
        ],
        [
          20.8959699,
          55.22587
        ],
        [
          20.8959,
          55.2258199
        ],
        [
          20.89583,
          55.2257599
        ],
        [
          20.89576,
          55.2256999
        ],
        [
          20.89569,
          55.22564
        ],
        [
          20.89562,
          55.2255899
        ],
        [
          20.8955499,
          55.2255299
        ],
        [
          20.8954799,
          55.22548
        ],
        [
          20.8954099,
          55.22542
        ],
        [
          20.89534,
          55.2253599
        ],
        [
          20.8952799,
          55.2252999
        ],
        [
          20.89521,
          55.22525
        ],
        [
          20.89513,
          55.22519
        ],
        [
          20.8950599,
          55.2251399
        ],
        [
          20.895,
          55.22508
        ],
        [
          20.89493,
          55.22503
        ],
        [
          20.89485,
          55.2249699
        ],
        [
          20.89478,
          55.22492
        ],
        [
          20.89471,
          55.22486
        ],
        [
          20.89464,
          55.2248099
        ],
        [
          20.89458,
          55.22475
        ],
        [
          20.89451,
          55.2247
        ],
        [
          20.89444,
          55.2246399
        ],
        [
          20.8943599,
          55.2245799
        ],
        [
          20.89429,
          55.22452
        ],
        [
          20.89422,
          55.22447
        ],
        [
          20.89415,
          55.2244099
        ],
        [
          20.89408,
          55.22436
        ],
        [
          20.8940099,
          55.2243
        ],
        [
          20.8939399,
          55.22424
        ],
        [
          20.8938699,
          55.2241899
        ],
        [
          20.8938,
          55.22413
        ],
        [
          20.8937399,
          55.22407
        ],
        [
          20.8936699,
          55.2240199
        ],
        [
          20.8936,
          55.22397
        ],
        [
          20.89353,
          55.22391
        ],
        [
          20.89347,
          55.2238599
        ],
        [
          20.8934,
          55.2238
        ],
        [
          20.89333,
          55.22375
        ],
        [
          20.89326,
          55.2237
        ],
        [
          20.8932,
          55.22364
        ],
        [
          20.89313,
          55.22358
        ],
        [
          20.89307,
          55.2235299
        ],
        [
          20.893,
          55.22348
        ],
        [
          20.89293,
          55.22342
        ],
        [
          20.89287,
          55.22337
        ],
        [
          20.8928,
          55.22332
        ],
        [
          20.89274,
          55.2232599
        ],
        [
          20.89267,
          55.22321
        ],
        [
          20.89261,
          55.2231599
        ],
        [
          20.89255,
          55.2230999
        ],
        [
          20.8924899,
          55.22305
        ],
        [
          20.89242,
          55.2229999
        ],
        [
          20.8923599,
          55.22295
        ],
        [
          20.8922999,
          55.2228999
        ],
        [
          20.89224,
          55.22285
        ],
        [
          20.89218,
          55.2227999
        ],
        [
          20.89211,
          55.22275
        ],
        [
          20.89205,
          55.2226999
        ],
        [
          20.89199,
          55.2226399
        ],
        [
          20.8919299,
          55.22259
        ],
        [
          20.89186,
          55.2225399
        ],
        [
          20.8917999,
          55.22249
        ],
        [
          20.89173,
          55.2224399
        ],
        [
          20.8916699,
          55.22239
        ],
        [
          20.8916099,
          55.2223399
        ],
        [
          20.89155,
          55.22229
        ],
        [
          20.8914799,
          55.22224
        ],
        [
          20.89142,
          55.22219
        ],
        [
          20.8913499,
          55.22213
        ],
        [
          20.89129,
          55.22209
        ],
        [
          20.89123,
          55.22203
        ],
        [
          20.89117,
          55.2219799
        ],
        [
          20.8911099,
          55.22193
        ],
        [
          20.8910499,
          55.2218799
        ],
        [
          20.8909799,
          55.22183
        ],
        [
          20.8909199,
          55.22178
        ],
        [
          20.89086,
          55.2217199
        ],
        [
          20.8908,
          55.22167
        ],
        [
          20.89074,
          55.2216199
        ],
        [
          20.89067,
          55.2215599
        ],
        [
          20.8906,
          55.22151
        ],
        [
          20.8905299,
          55.2214599
        ],
        [
          20.89047,
          55.2213999
        ],
        [
          20.89041,
          55.22135
        ],
        [
          20.89034,
          55.2212999
        ],
        [
          20.89028,
          55.22124
        ],
        [
          20.89022,
          55.2211899
        ],
        [
          20.8901599,
          55.22114
        ],
        [
          20.89009,
          55.22109
        ],
        [
          20.8900299,
          55.22104
        ],
        [
          20.8899699,
          55.22099
        ],
        [
          20.8898999,
          55.2209299
        ],
        [
          20.8898399,
          55.22088
        ],
        [
          20.88978,
          55.2208299
        ],
        [
          20.8897099,
          55.2207699
        ],
        [
          20.8896399,
          55.22072
        ],
        [
          20.8895699,
          55.22066
        ],
        [
          20.8895,
          55.2206099
        ],
        [
          20.8894399,
          55.22055
        ],
        [
          20.8893799,
          55.22049
        ],
        [
          20.8893099,
          55.2204399
        ],
        [
          20.8892499,
          55.22039
        ],
        [
          20.8891799,
          55.22033
        ],
        [
          20.8891099,
          55.2202799
        ],
        [
          20.8890499,
          55.22022
        ],
        [
          20.8889799,
          55.22017
        ],
        [
          20.8889199,
          55.2201099
        ],
        [
          20.88886,
          55.22006
        ],
        [
          20.8887899,
          55.22
        ],
        [
          20.8887199,
          55.2199499
        ],
        [
          20.8886499,
          55.2198899
        ],
        [
          20.8885899,
          55.21983
        ],
        [
          20.8885199,
          55.2197799
        ],
        [
          20.88845,
          55.2197199
        ],
        [
          20.88838,
          55.21967
        ],
        [
          20.88831,
          55.21961
        ],
        [
          20.88825,
          55.2195499
        ],
        [
          20.88818,
          55.2195
        ],
        [
          20.88812,
          55.21944
        ],
        [
          20.8880599,
          55.2193899
        ],
        [
          20.88799,
          55.2193299
        ],
        [
          20.88792,
          55.21928
        ],
        [
          20.8878599,
          55.2192299
        ],
        [
          20.88779,
          55.21917
        ],
        [
          20.88772,
          55.21912
        ],
        [
          20.88765,
          55.2190599
        ],
        [
          20.88759,
          55.21901
        ],
        [
          20.88752,
          55.2189599
        ],
        [
          20.88746,
          55.2188999
        ],
        [
          20.8873799,
          55.21885
        ],
        [
          20.88732,
          55.21879
        ],
        [
          20.88725,
          55.2187399
        ],
        [
          20.8871799,
          55.21868
        ],
        [
          20.8871099,
          55.2186299
        ],
        [
          20.8870399,
          55.2185699
        ],
        [
          20.88697,
          55.2185099
        ],
        [
          20.8869,
          55.21845
        ],
        [
          20.88683,
          55.21839
        ],
        [
          20.88676,
          55.2183399
        ],
        [
          20.8866899,
          55.2182699
        ],
        [
          20.88661,
          55.21822
        ],
        [
          20.88654,
          55.21816
        ],
        [
          20.88647,
          55.2181
        ],
        [
          20.8864,
          55.2180499
        ],
        [
          20.88633,
          55.21799
        ],
        [
          20.8862599,
          55.21793
        ],
        [
          20.8861899,
          55.21787
        ],
        [
          20.8861199,
          55.2178099
        ],
        [
          20.88605,
          55.2177499
        ],
        [
          20.8859899,
          55.2176899
        ],
        [
          20.88592,
          55.21763
        ],
        [
          20.88585,
          55.2175799
        ],
        [
          20.88578,
          55.2175199
        ],
        [
          20.88571,
          55.2174599
        ],
        [
          20.8856399,
          55.2174
        ],
        [
          20.8855699,
          55.21734
        ],
        [
          20.88549,
          55.2172899
        ],
        [
          20.88542,
          55.2172299
        ],
        [
          20.88535,
          55.21717
        ],
        [
          20.8852699,
          55.21711
        ],
        [
          20.8852,
          55.2170599
        ],
        [
          20.8851399,
          55.2169999
        ],
        [
          20.88506,
          55.21694
        ],
        [
          20.885,
          55.2168699
        ],
        [
          20.88493,
          55.21681
        ],
        [
          20.88486,
          55.2167599
        ],
        [
          20.88479,
          55.2166999
        ],
        [
          20.8847199,
          55.2166399
        ],
        [
          20.8846499,
          55.21658
        ],
        [
          20.8845799,
          55.2165299
        ],
        [
          20.8845199,
          55.2164699
        ],
        [
          20.8844499,
          55.2164099
        ],
        [
          20.8843899,
          55.21635
        ],
        [
          20.8843199,
          55.21629
        ],
        [
          20.88424,
          55.2162399
        ],
        [
          20.88417,
          55.2161799
        ],
        [
          20.8841,
          55.21612
        ],
        [
          20.8840299,
          55.21606
        ],
        [
          20.8839599,
          55.216
        ],
        [
          20.8838899,
          55.2159499
        ],
        [
          20.88382,
          55.21589
        ],
        [
          20.88375,
          55.21583
        ],
        [
          20.88368,
          55.21577
        ],
        [
          20.88361,
          55.2157099
        ],
        [
          20.88354,
          55.2156499
        ],
        [
          20.8834699,
          55.2155899
        ],
        [
          20.88339,
          55.21553
        ],
        [
          20.88332,
          55.21547
        ],
        [
          20.88325,
          55.2154199
        ],
        [
          20.88318,
          55.2153599
        ],
        [
          20.8831099,
          55.2153
        ],
        [
          20.8830399,
          55.21523
        ],
        [
          20.8829699,
          55.21517
        ],
        [
          20.8829,
          55.21511
        ],
        [
          20.88283,
          55.21504
        ],
        [
          20.88276,
          55.2149899
        ],
        [
          20.88269,
          55.2149299
        ],
        [
          20.8826199,
          55.21487
        ],
        [
          20.8825499,
          55.21481
        ],
        [
          20.8824799,
          55.21475
        ],
        [
          20.8824199,
          55.21469
        ],
        [
          20.8823499,
          55.21464
        ],
        [
          20.8822799,
          55.2145699
        ],
        [
          20.88221,
          55.21451
        ],
        [
          20.8821499,
          55.21446
        ],
        [
          20.8820899,
          55.21439
        ],
        [
          20.8820199,
          55.2143299
        ],
        [
          20.88195,
          55.2142699
        ],
        [
          20.88188,
          55.2141999
        ],
        [
          20.8818199,
          55.2141399
        ],
        [
          20.8817599,
          55.2140699
        ],
        [
          20.8816999,
          55.214
        ],
        [
          20.88164,
          55.21393
        ],
        [
          20.88158,
          55.21386
        ],
        [
          20.88152,
          55.2138
        ],
        [
          20.88152,
          55.2138
        ],
        [
          20.88141,
          55.21367
        ],
        [
          20.88135,
          55.2136
        ],
        [
          20.88129,
          55.21354
        ],
        [
          20.8812299,
          55.21347
        ],
        [
          20.88118,
          55.21341
        ],
        [
          20.88112,
          55.21334
        ],
        [
          20.88106,
          55.2132799
        ],
        [
          20.8810099,
          55.2132199
        ],
        [
          20.88095,
          55.2131499
        ],
        [
          20.8809,
          55.2130899
        ],
        [
          20.8808399,
          55.2130199
        ],
        [
          20.88079,
          55.21295
        ],
        [
          20.88073,
          55.2128899
        ],
        [
          20.8806799,
          55.2128199
        ],
        [
          20.88062,
          55.21275
        ],
        [
          20.88057,
          55.2126899
        ],
        [
          20.8805099,
          55.21262
        ],
        [
          20.8804499,
          55.2125599
        ],
        [
          20.8804,
          55.2124999
        ],
        [
          20.88034,
          55.2124299
        ],
        [
          20.88029,
          55.2123699
        ],
        [
          20.88024,
          55.21231
        ],
        [
          20.8801899,
          55.2122399
        ],
        [
          20.88013,
          55.21218
        ],
        [
          20.88007,
          55.21212
        ],
        [
          20.8800199,
          55.21206
        ],
        [
          20.8799599,
          55.2119999
        ],
        [
          20.87991,
          55.21193
        ],
        [
          20.8798499,
          55.2118699
        ],
        [
          20.8798,
          55.2118099
        ],
        [
          20.87974,
          55.21175
        ],
        [
          20.87968,
          55.21169
        ],
        [
          20.8796299,
          55.21163
        ],
        [
          20.87958,
          55.21156
        ],
        [
          20.87952,
          55.2115
        ],
        [
          20.8794599,
          55.21144
        ],
        [
          20.87941,
          55.21137
        ],
        [
          20.8793599,
          55.2113099
        ],
        [
          20.8792999,
          55.21124
        ],
        [
          20.87925,
          55.2111799
        ],
        [
          20.87919,
          55.21111
        ],
        [
          20.8791299,
          55.2110499
        ],
        [
          20.87908,
          55.2109899
        ],
        [
          20.87902,
          55.21093
        ],
        [
          20.8789699,
          55.21087
        ],
        [
          20.87892,
          55.21081
        ],
        [
          20.87886,
          55.21074
        ],
        [
          20.8788099,
          55.21068
        ],
        [
          20.87875,
          55.21062
        ],
        [
          20.87869,
          55.2105599
        ],
        [
          20.8786399,
          55.2104999
        ],
        [
          20.87859,
          55.21044
        ],
        [
          20.87853,
          55.2103699
        ],
        [
          20.87847,
          55.21031
        ],
        [
          20.87847,
          55.21031
        ],
        [
          20.87836,
          55.21018
        ],
        [
          20.8783099,
          55.21012
        ],
        [
          20.87826,
          55.21005
        ],
        [
          20.8782,
          55.20999
        ],
        [
          20.87814,
          55.20993
        ],
        [
          20.8780799,
          55.2098699
        ],
        [
          20.87803,
          55.2098099
        ],
        [
          20.87803,
          55.2098099
        ],
        [
          20.87793,
          55.2096799
        ],
        [
          20.87787,
          55.20962
        ],
        [
          20.8778199,
          55.20956
        ],
        [
          20.87777,
          55.2095
        ],
        [
          20.8777199,
          55.2094399
        ],
        [
          20.87767,
          55.20939
        ],
        [
          20.87767,
          55.20939
        ],
        [
          20.87757,
          55.20927
        ],
        [
          20.8775199,
          55.2092099
        ],
        [
          20.87747,
          55.2091499
        ],
        [
          20.87742,
          55.2090799
        ],
        [
          20.87737,
          55.2090199
        ],
        [
          20.87732,
          55.20896
        ],
        [
          20.8772599,
          55.2089
        ],
        [
          20.87721,
          55.20884
        ],
        [
          20.8771599,
          55.20878
        ],
        [
          20.87711,
          55.20871
        ],
        [
          20.87705,
          55.20865
        ],
        [
          20.87705,
          55.20865
        ],
        [
          20.8769399,
          55.20854
        ],
        [
          20.87689,
          55.20847
        ],
        [
          20.8768399,
          55.20841
        ],
        [
          20.87678,
          55.20834
        ],
        [
          20.8767399,
          55.20828
        ],
        [
          20.87668,
          55.20822
        ],
        [
          20.87663,
          55.2081599
        ],
        [
          20.8765699,
          55.2080999
        ],
        [
          20.87652,
          55.2080399
        ],
        [
          20.8764699,
          55.2079699
        ],
        [
          20.8764699,
          55.2079699
        ],
        [
          20.87636,
          55.20785
        ],
        [
          20.8763099,
          55.20779
        ],
        [
          20.8762499,
          55.20773
        ],
        [
          20.8762,
          55.2076699
        ],
        [
          20.8761499,
          55.2076099
        ],
        [
          20.8761,
          55.20755
        ],
        [
          20.8760499,
          55.20749
        ],
        [
          20.876,
          55.20743
        ],
        [
          20.8759499,
          55.2073799
        ],
        [
          20.8759,
          55.2073099
        ],
        [
          20.8759,
          55.2073099
        ],
        [
          20.8758,
          55.20719
        ],
        [
          20.8757599,
          55.20714
        ],
        [
          20.8757,
          55.20707
        ],
        [
          20.8756499,
          55.2070099
        ],
        [
          20.8755899,
          55.20696
        ],
        [
          20.8755299,
          55.2069
        ],
        [
          20.87548,
          55.20683
        ],
        [
          20.8754199,
          55.20677
        ],
        [
          20.8753599,
          55.20671
        ],
        [
          20.8752999,
          55.2066499
        ],
        [
          20.87525,
          55.2065899
        ],
        [
          20.8751999,
          55.2065199
        ],
        [
          20.87515,
          55.2064599
        ],
        [
          20.8750999,
          55.2064
        ],
        [
          20.87505,
          55.2063299
        ],
        [
          20.87499,
          55.20627
        ],
        [
          20.8749299,
          55.20621
        ],
        [
          20.87488,
          55.20614
        ],
        [
          20.87482,
          55.20608
        ],
        [
          20.87476,
          55.20602
        ],
        [
          20.8746999,
          55.2059599
        ],
        [
          20.87465,
          55.20589
        ],
        [
          20.87465,
          55.20589
        ],
        [
          20.8745399,
          55.2057699
        ],
        [
          20.87449,
          55.20571
        ],
        [
          20.87443,
          55.2056399
        ],
        [
          20.8743699,
          55.20558
        ],
        [
          20.87432,
          55.20552
        ],
        [
          20.8742699,
          55.20546
        ],
        [
          20.87422,
          55.2054
        ],
        [
          20.87417,
          55.2053399
        ],
        [
          20.87417,
          55.2053399
        ],
        [
          20.8741099,
          55.2052699
        ],
        [
          20.8740099,
          55.2051499
        ],
        [
          20.87396,
          55.20509
        ],
        [
          20.8739099,
          55.20503
        ],
        [
          20.87386,
          55.20496
        ],
        [
          20.87381,
          55.2049
        ],
        [
          20.87381,
          55.2049
        ],
        [
          20.8737,
          55.2047799
        ],
        [
          20.8737,
          55.2047799
        ],
        [
          20.8735899,
          55.2046499
        ],
        [
          20.87353,
          55.2045899
        ],
        [
          20.87348,
          55.20453
        ],
        [
          20.8734199,
          55.2044599
        ],
        [
          20.87337,
          55.2044
        ],
        [
          20.87331,
          55.20434
        ],
        [
          20.8732599,
          55.20428
        ],
        [
          20.8732,
          55.2042199
        ],
        [
          20.87314,
          55.20415
        ],
        [
          20.87308,
          55.2040899
        ],
        [
          20.8730299,
          55.2040299
        ],
        [
          20.87298,
          55.2039599
        ],
        [
          20.87292,
          55.20389
        ],
        [
          20.8728699,
          55.2038299
        ],
        [
          20.87282,
          55.2037599
        ],
        [
          20.8727599,
          55.20369
        ],
        [
          20.8726999,
          55.2036299
        ],
        [
          20.8726399,
          55.2035699
        ],
        [
          20.87258,
          55.2034999
        ],
        [
          20.8725299,
          55.2034399
        ],
        [
          20.87246,
          55.2033699
        ],
        [
          20.8723999,
          55.2033099
        ],
        [
          20.87233,
          55.2032399
        ],
        [
          20.8722699,
          55.2031799
        ],
        [
          20.8722,
          55.20312
        ],
        [
          20.87213,
          55.20306
        ],
        [
          20.87206,
          55.203
        ],
        [
          20.8719799,
          55.2029399
        ],
        [
          20.8719099,
          55.20289
        ],
        [
          20.87184,
          55.20283
        ],
        [
          20.87176,
          55.2027799
        ],
        [
          20.87167,
          55.20273
        ],
        [
          20.8715899,
          55.20267
        ],
        [
          20.8715,
          55.2026199
        ],
        [
          20.8714199,
          55.20257
        ],
        [
          20.8714199,
          55.20257
        ],
        [
          20.87133,
          55.20251
        ],
        [
          20.87114,
          55.20241
        ],
        [
          20.87104,
          55.2023599
        ],
        [
          20.87094,
          55.20231
        ],
        [
          20.87084,
          55.20227
        ],
        [
          20.87074,
          55.2022199
        ],
        [
          20.87064,
          55.20218
        ],
        [
          20.8705399,
          55.2021299
        ],
        [
          20.8704399,
          55.2020899
        ],
        [
          20.8703399,
          55.20205
        ],
        [
          20.8702399,
          55.2019999
        ],
        [
          20.8701399,
          55.20195
        ],
        [
          20.8701399,
          55.20195
        ],
        [
          20.8699499,
          55.20185
        ],
        [
          20.86986,
          55.2017999
        ],
        [
          20.86979,
          55.20174
        ],
        [
          20.8697199,
          55.20168
        ],
        [
          20.86966,
          55.20161
        ],
        [
          20.8696099,
          55.20155
        ],
        [
          20.86956,
          55.20148
        ],
        [
          20.86951,
          55.20142
        ],
        [
          20.86946,
          55.20135
        ],
        [
          20.86941,
          55.20128
        ],
        [
          20.86936,
          55.20122
        ],
        [
          20.8693199,
          55.20115
        ],
        [
          20.86927,
          55.20109
        ],
        [
          20.86927,
          55.20109
        ],
        [
          20.8692199,
          55.20102
        ],
        [
          20.86911,
          55.20089
        ],
        [
          20.8690599,
          55.20083
        ],
        [
          20.869,
          55.20077
        ],
        [
          20.86895,
          55.2007
        ],
        [
          20.8688899,
          55.20064
        ],
        [
          20.8688899,
          55.20064
        ],
        [
          20.86877,
          55.20051
        ],
        [
          20.86872,
          55.20044
        ],
        [
          20.86867,
          55.2003799
        ],
        [
          20.86864,
          55.20031
        ],
        [
          20.86861,
          55.20024
        ],
        [
          20.86859,
          55.20017
        ],
        [
          20.8685699,
          55.2001
        ],
        [
          20.86855,
          55.2000299
        ],
        [
          20.86854,
          55.19995
        ],
        [
          20.86854,
          55.19988
        ],
        [
          20.8685299,
          55.19982
        ],
        [
          20.8685299,
          55.19974
        ],
        [
          20.86852,
          55.1996699
        ],
        [
          20.86851,
          55.1995999
        ],
        [
          20.86849,
          55.1995299
        ],
        [
          20.8684699,
          55.1994599
        ],
        [
          20.86845,
          55.19939
        ],
        [
          20.86842,
          55.19932
        ],
        [
          20.86839,
          55.19925
        ],
        [
          20.86839,
          55.19925
        ],
        [
          20.8682999,
          55.19912
        ],
        [
          20.86826,
          55.19905
        ],
        [
          20.8682099,
          55.1989799
        ],
        [
          20.86816,
          55.1989099
        ],
        [
          20.86809,
          55.19885
        ],
        [
          20.86803,
          55.19879
        ],
        [
          20.86796,
          55.19873
        ],
        [
          20.8679,
          55.19867
        ],
        [
          20.86783,
          55.1986
        ],
        [
          20.86776,
          55.19854
        ],
        [
          20.8677,
          55.1984799
        ],
        [
          20.8677,
          55.1984799
        ],
        [
          20.86757,
          55.19836
        ],
        [
          20.86757,
          55.19836
        ],
        [
          20.86744,
          55.19824
        ],
        [
          20.8673799,
          55.19817
        ],
        [
          20.8673199,
          55.19811
        ],
        [
          20.8672499,
          55.1980499
        ],
        [
          20.8671899,
          55.19798
        ],
        [
          20.8671199,
          55.19791
        ],
        [
          20.8670599,
          55.19784
        ],
        [
          20.8669899,
          55.19777
        ],
        [
          20.8669199,
          55.19771
        ],
        [
          20.86685,
          55.19764
        ],
        [
          20.86677,
          55.19758
        ],
        [
          20.8666999,
          55.19751
        ],
        [
          20.8666299,
          55.19745
        ],
        [
          20.8665599,
          55.19738
        ],
        [
          20.86649,
          55.19732
        ],
        [
          20.86642,
          55.19726
        ],
        [
          20.86634,
          55.19719
        ],
        [
          20.86628,
          55.1971299
        ],
        [
          20.86628,
          55.1971299
        ],
        [
          20.86615,
          55.1969999
        ],
        [
          20.86609,
          55.1969399
        ],
        [
          20.86603,
          55.1968699
        ],
        [
          20.86598,
          55.1968
        ],
        [
          20.86592,
          55.19673
        ],
        [
          20.86586,
          55.1966699
        ],
        [
          20.8658,
          55.1966099
        ],
        [
          20.8657399,
          55.1965499
        ],
        [
          20.8656699,
          55.1964799
        ],
        [
          20.8656099,
          55.1964199
        ],
        [
          20.86553,
          55.19636
        ],
        [
          20.86546,
          55.1963
        ],
        [
          20.8653799,
          55.19624
        ],
        [
          20.8653099,
          55.1961799
        ],
        [
          20.8652499,
          55.19613
        ],
        [
          20.86517,
          55.19607
        ],
        [
          20.8651,
          55.19601
        ],
        [
          20.86504,
          55.1959499
        ],
        [
          20.86498,
          55.1958899
        ],
        [
          20.86491,
          55.19584
        ],
        [
          20.8648599,
          55.19578
        ],
        [
          20.8648,
          55.19571
        ],
        [
          20.86474,
          55.19565
        ],
        [
          20.86468,
          55.19558
        ],
        [
          20.86461,
          55.19551
        ],
        [
          20.86455,
          55.19545
        ],
        [
          20.86447,
          55.1953899
        ],
        [
          20.8643899,
          55.1953299
        ],
        [
          20.86431,
          55.1952699
        ],
        [
          20.8642299,
          55.19522
        ],
        [
          20.8641399,
          55.1951699
        ],
        [
          20.86405,
          55.19511
        ],
        [
          20.86396,
          55.19505
        ],
        [
          20.86386,
          55.1949999
        ],
        [
          20.8637699,
          55.19495
        ],
        [
          20.8636799,
          55.19489
        ],
        [
          20.86359,
          55.1948399
        ],
        [
          20.8635099,
          55.19479
        ],
        [
          20.86343,
          55.1947399
        ],
        [
          20.8633499,
          55.1946799
        ],
        [
          20.8632799,
          55.19463
        ],
        [
          20.8632099,
          55.1945699
        ],
        [
          20.86314,
          55.1945099
        ],
        [
          20.86307,
          55.1944399
        ],
        [
          20.8630199,
          55.1943799
        ],
        [
          20.86296,
          55.1943099
        ],
        [
          20.8629,
          55.1942499
        ],
        [
          20.8628499,
          55.1941799
        ],
        [
          20.8627899,
          55.1941199
        ],
        [
          20.86273,
          55.19406
        ],
        [
          20.86267,
          55.1939899
        ],
        [
          20.8626199,
          55.19393
        ],
        [
          20.86257,
          55.19386
        ],
        [
          20.86257,
          55.19386
        ],
        [
          20.86244,
          55.1937199
        ],
        [
          20.86238,
          55.1936599
        ],
        [
          20.86232,
          55.1936
        ],
        [
          20.86225,
          55.1935299
        ],
        [
          20.86219,
          55.1934599
        ],
        [
          20.8621299,
          55.1933999
        ],
        [
          20.8620699,
          55.1933299
        ],
        [
          20.86201,
          55.19327
        ],
        [
          20.86195,
          55.1931999
        ],
        [
          20.86189,
          55.1931299
        ],
        [
          20.8618299,
          55.1930599
        ],
        [
          20.8617699,
          55.1929999
        ],
        [
          20.8617099,
          55.1929399
        ],
        [
          20.86165,
          55.1928699
        ],
        [
          20.86159,
          55.1927999
        ],
        [
          20.86153,
          55.1927399
        ],
        [
          20.86153,
          55.1927399
        ],
        [
          20.8613799,
          55.19262
        ],
        [
          20.8613,
          55.19256
        ],
        [
          20.8612099,
          55.1925099
        ],
        [
          20.8611199,
          55.19245
        ],
        [
          20.86103,
          55.1924
        ],
        [
          20.86094,
          55.1923499
        ],
        [
          20.86086,
          55.1923
        ],
        [
          20.86086,
          55.1923
        ],
        [
          20.86068,
          55.19219
        ],
        [
          20.8606,
          55.1921399
        ],
        [
          20.8605199,
          55.19209
        ],
        [
          20.8604299,
          55.19204
        ],
        [
          20.8603599,
          55.19199
        ],
        [
          20.8602899,
          55.19193
        ],
        [
          20.86021,
          55.19187
        ],
        [
          20.86014,
          55.19181
        ],
        [
          20.86007,
          55.1917499
        ],
        [
          20.86001,
          55.1916899
        ],
        [
          20.85994,
          55.19164
        ],
        [
          20.8598699,
          55.19158
        ],
        [
          20.8597999,
          55.1915199
        ],
        [
          20.8597399,
          55.1914599
        ],
        [
          20.8596699,
          55.19141
        ],
        [
          20.8595999,
          55.19135
        ],
        [
          20.8595399,
          55.1912899
        ],
        [
          20.85948,
          55.1912299
        ],
        [
          20.8594099,
          55.19117
        ],
        [
          20.8594099,
          55.19117
        ],
        [
          20.85929,
          55.1910599
        ],
        [
          20.8592399,
          55.1909999
        ],
        [
          20.8592399,
          55.1909999
        ],
        [
          20.85913,
          55.19088
        ],
        [
          20.8590799,
          55.19082
        ],
        [
          20.8590799,
          55.19082
        ],
        [
          20.8589799,
          55.1906999
        ],
        [
          20.8589199,
          55.1906399
        ],
        [
          20.85887,
          55.19058
        ],
        [
          20.8588099,
          55.19052
        ],
        [
          20.85877,
          55.19046
        ],
        [
          20.8587199,
          55.1904
        ],
        [
          20.8587199,
          55.1904
        ],
        [
          20.85864,
          55.1902699
        ],
        [
          20.8586,
          55.1902099
        ],
        [
          20.8586,
          55.1902099
        ],
        [
          20.85857,
          55.1901399
        ],
        [
          20.8585,
          55.1900099
        ],
        [
          20.85848,
          55.1899499
        ],
        [
          20.85848,
          55.1899499
        ],
        [
          20.85844,
          55.1898099
        ],
        [
          20.85844,
          55.1898099
        ],
        [
          20.8584199,
          55.1897499
        ],
        [
          20.85838,
          55.18961
        ],
        [
          20.85838,
          55.18961
        ],
        [
          20.8583599,
          55.1895499
        ],
        [
          20.8583299,
          55.1894199
        ],
        [
          20.8583299,
          55.1894199
        ],
        [
          20.8583,
          55.1893499
        ],
        [
          20.85827,
          55.1892199
        ],
        [
          20.85827,
          55.1892199
        ],
        [
          20.85824,
          55.18915
        ],
        [
          20.85818,
          55.18902
        ],
        [
          20.85818,
          55.18902
        ],
        [
          20.85815,
          55.18895
        ],
        [
          20.8581299,
          55.18889
        ],
        [
          20.8580599,
          55.1887599
        ],
        [
          20.85802,
          55.1886999
        ],
        [
          20.85798,
          55.1886299
        ],
        [
          20.85798,
          55.1886299
        ],
        [
          20.85794,
          55.1885699
        ],
        [
          20.85785,
          55.1884399
        ],
        [
          20.85781,
          55.18838
        ],
        [
          20.85781,
          55.18838
        ],
        [
          20.8577699,
          55.18832
        ],
        [
          20.85772,
          55.18826
        ],
        [
          20.85765,
          55.18813
        ],
        [
          20.85761,
          55.1880699
        ],
        [
          20.85758,
          55.1880099
        ],
        [
          20.85755,
          55.1879399
        ],
        [
          20.85752,
          55.1878799
        ],
        [
          20.85749,
          55.1878199
        ],
        [
          20.8574699,
          55.18776
        ],
        [
          20.8574399,
          55.18769
        ],
        [
          20.85742,
          55.1876199
        ],
        [
          20.85739,
          55.18756
        ],
        [
          20.85736,
          55.1875
        ],
        [
          20.85736,
          55.1875
        ],
        [
          20.8573399,
          55.18744
        ],
        [
          20.8573099,
          55.18737
        ],
        [
          20.85728,
          55.18731
        ],
        [
          20.85725,
          55.1872499
        ],
        [
          20.8572099,
          55.1871899
        ],
        [
          20.8571799,
          55.1871299
        ],
        [
          20.8571399,
          55.18707
        ],
        [
          20.8571099,
          55.18701
        ],
        [
          20.85706,
          55.1869599
        ],
        [
          20.8570099,
          55.1868999
        ],
        [
          20.85697,
          55.18685
        ],
        [
          20.85692,
          55.1867899
        ],
        [
          20.85687,
          55.1867299
        ],
        [
          20.85683,
          55.1866699
        ],
        [
          20.8567799,
          55.18661
        ],
        [
          20.85673,
          55.18655
        ],
        [
          20.85669,
          55.1864999
        ],
        [
          20.85664,
          55.1864399
        ],
        [
          20.8566,
          55.18638
        ],
        [
          20.8565499,
          55.1863299
        ],
        [
          20.85651,
          55.1862699
        ],
        [
          20.85646,
          55.1862099
        ],
        [
          20.85641,
          55.18615
        ],
        [
          20.85637,
          55.1861
        ],
        [
          20.8563199,
          55.1860399
        ],
        [
          20.85628,
          55.18599
        ],
        [
          20.85623,
          55.18593
        ],
        [
          20.85618,
          55.18587
        ],
        [
          20.85614,
          55.18582
        ],
        [
          20.8560899,
          55.18576
        ],
        [
          20.85605,
          55.1857
        ],
        [
          20.856,
          55.1856499
        ],
        [
          20.8559599,
          55.1856
        ],
        [
          20.85592,
          55.18554
        ],
        [
          20.85588,
          55.18549
        ],
        [
          20.8558299,
          55.18543
        ],
        [
          20.85578,
          55.1853799
        ],
        [
          20.85574,
          55.1853199
        ],
        [
          20.8556299,
          55.1851899
        ],
        [
          20.8556299,
          55.1851899
        ],
        [
          20.85559,
          55.1851199
        ],
        [
          20.85554,
          55.1850599
        ],
        [
          20.85548,
          55.185
        ],
        [
          20.8554299,
          55.18494
        ],
        [
          20.85532,
          55.18481
        ],
        [
          20.85532,
          55.18481
        ],
        [
          20.85526,
          55.18474
        ],
        [
          20.8551999,
          55.18468
        ],
        [
          20.8551399,
          55.18462
        ],
        [
          20.8550799,
          55.18455
        ],
        [
          20.8549799,
          55.18442
        ],
        [
          20.85492,
          55.18435
        ],
        [
          20.8548399,
          55.1842999
        ],
        [
          20.85476,
          55.1842399
        ],
        [
          20.85469,
          55.1841699
        ],
        [
          20.8546099,
          55.1841099
        ],
        [
          20.85454,
          55.18405
        ],
        [
          20.85446,
          55.18398
        ],
        [
          20.8543799,
          55.18392
        ],
        [
          20.8543,
          55.1838699
        ],
        [
          20.8543,
          55.1838699
        ],
        [
          20.8542199,
          55.1838099
        ],
        [
          20.85408,
          55.18369
        ],
        [
          20.85408,
          55.18369
        ],
        [
          20.85401,
          55.18363
        ],
        [
          20.8539299,
          55.18357
        ],
        [
          20.8538599,
          55.1835099
        ],
        [
          20.85378,
          55.18346
        ],
        [
          20.85371,
          55.1834
        ],
        [
          20.8536299,
          55.1833499
        ],
        [
          20.8535599,
          55.1832899
        ],
        [
          20.85348,
          55.18324
        ],
        [
          20.85341,
          55.1831799
        ],
        [
          20.85335,
          55.1831199
        ],
        [
          20.8532699,
          55.1830599
        ],
        [
          20.8531999,
          55.183
        ],
        [
          20.8531399,
          55.18294
        ],
        [
          20.85308,
          55.18288
        ],
        [
          20.85302,
          55.18281
        ],
        [
          20.85296,
          55.1827599
        ],
        [
          20.8529,
          55.1826899
        ],
        [
          20.85285,
          55.18264
        ],
        [
          20.85279,
          55.18258
        ],
        [
          20.8527399,
          55.18252
        ],
        [
          20.8526799,
          55.1824599
        ],
        [
          20.85263,
          55.1823999
        ],
        [
          20.8525799,
          55.18235
        ],
        [
          20.8525199,
          55.18229
        ],
        [
          20.85246,
          55.1822299
        ],
        [
          20.8524099,
          55.1821699
        ],
        [
          20.8523499,
          55.18211
        ],
        [
          20.8522899,
          55.18205
        ],
        [
          20.85224,
          55.18199
        ],
        [
          20.8521799,
          55.18193
        ],
        [
          20.85213,
          55.1818699
        ],
        [
          20.85208,
          55.1818099
        ],
        [
          20.85203,
          55.1817399
        ],
        [
          20.8519899,
          55.1816799
        ],
        [
          20.8519499,
          55.18162
        ],
        [
          20.8519,
          55.1815499
        ],
        [
          20.8518599,
          55.18149
        ],
        [
          20.85181,
          55.18142
        ],
        [
          20.85177,
          55.18136
        ],
        [
          20.8517299,
          55.1813
        ],
        [
          20.8516899,
          55.1812499
        ],
        [
          20.85165,
          55.18119
        ],
        [
          20.85161,
          55.18113
        ],
        [
          20.8515599,
          55.18107
        ],
        [
          20.85152,
          55.18101
        ],
        [
          20.85147,
          55.1809499
        ],
        [
          20.8514299,
          55.1809
        ],
        [
          20.85138,
          55.18084
        ],
        [
          20.8513299,
          55.1807899
        ],
        [
          20.85129,
          55.1807299
        ],
        [
          20.85125,
          55.18068
        ],
        [
          20.85121,
          55.1806199
        ],
        [
          20.85116,
          55.18057
        ],
        [
          20.85112,
          55.18051
        ],
        [
          20.85108,
          55.18045
        ],
        [
          20.8510399,
          55.1803899
        ],
        [
          20.8509999,
          55.1803299
        ],
        [
          20.85096,
          55.18028
        ],
        [
          20.85092,
          55.18022
        ],
        [
          20.85088,
          55.1801599
        ],
        [
          20.8508399,
          55.1800999
        ],
        [
          20.8507999,
          55.1800399
        ],
        [
          20.85076,
          55.17999
        ],
        [
          20.8507099,
          55.1799299
        ],
        [
          20.85066,
          55.1798699
        ],
        [
          20.85062,
          55.17982
        ],
        [
          20.85057,
          55.17976
        ],
        [
          20.85052,
          55.1796999
        ],
        [
          20.85047,
          55.17965
        ],
        [
          20.8504099,
          55.17959
        ],
        [
          20.8503499,
          55.17953
        ],
        [
          20.85029,
          55.1794799
        ],
        [
          20.85023,
          55.17942
        ],
        [
          20.85017,
          55.17936
        ],
        [
          20.8501,
          55.1793
        ],
        [
          20.85003,
          55.17923
        ],
        [
          20.84997,
          55.17917
        ],
        [
          20.8498899,
          55.1791199
        ],
        [
          20.8498199,
          55.17906
        ],
        [
          20.8497499,
          55.179
        ],
        [
          20.84968,
          55.17894
        ],
        [
          20.84961,
          55.1788799
        ],
        [
          20.84955,
          55.17883
        ],
        [
          20.8494899,
          55.17877
        ],
        [
          20.84942,
          55.17871
        ],
        [
          20.8493599,
          55.1786599
        ],
        [
          20.8492899,
          55.1786
        ],
        [
          20.8492299,
          55.17854
        ],
        [
          20.8491699,
          55.17848
        ],
        [
          20.84911,
          55.1784299
        ],
        [
          20.8490399,
          55.17837
        ],
        [
          20.84898,
          55.17832
        ],
        [
          20.84892,
          55.1782599
        ],
        [
          20.84886,
          55.1781999
        ],
        [
          20.84879,
          55.17814
        ],
        [
          20.84873,
          55.17809
        ],
        [
          20.84866,
          55.1780299
        ],
        [
          20.84859,
          55.17798
        ],
        [
          20.84853,
          55.1779299
        ],
        [
          20.84846,
          55.1778699
        ],
        [
          20.8484,
          55.17782
        ],
        [
          20.84833,
          55.17775
        ],
        [
          20.84826,
          55.1776999
        ],
        [
          20.8482,
          55.1776399
        ],
        [
          20.84813,
          55.17759
        ],
        [
          20.84806,
          55.17753
        ],
        [
          20.8479799,
          55.1774799
        ],
        [
          20.84791,
          55.17742
        ],
        [
          20.8477599,
          55.17732
        ],
        [
          20.8476899,
          55.17727
        ],
        [
          20.8476899,
          55.17727
        ],
        [
          20.84761,
          55.1772099
        ],
        [
          20.84754,
          55.17716
        ],
        [
          20.8474599,
          55.1771099
        ],
        [
          20.84738,
          55.17706
        ],
        [
          20.8472999,
          55.1770099
        ],
        [
          20.84722,
          55.17696
        ],
        [
          20.8471299,
          55.1769099
        ],
        [
          20.84705,
          55.1768499
        ],
        [
          20.8469699,
          55.1768
        ],
        [
          20.84688,
          55.1767499
        ],
        [
          20.84679,
          55.1767
        ],
        [
          20.8467099,
          55.17664
        ],
        [
          20.84663,
          55.1765899
        ],
        [
          20.84656,
          55.17654
        ],
        [
          20.8464699,
          55.17648
        ],
        [
          20.84639,
          55.17643
        ],
        [
          20.8463,
          55.17638
        ],
        [
          20.84622,
          55.1763199
        ],
        [
          20.8461399,
          55.17627
        ],
        [
          20.8460499,
          55.1762199
        ],
        [
          20.84597,
          55.17617
        ],
        [
          20.8458799,
          55.17612
        ],
        [
          20.8458,
          55.1760599
        ],
        [
          20.8457199,
          55.17601
        ],
        [
          20.84564,
          55.1759599
        ],
        [
          20.8455499,
          55.1758999
        ],
        [
          20.84547,
          55.17585
        ],
        [
          20.8453899,
          55.17579
        ],
        [
          20.84531,
          55.1757399
        ],
        [
          20.8452299,
          55.17569
        ],
        [
          20.84515,
          55.1756399
        ],
        [
          20.84507,
          55.17559
        ],
        [
          20.8449899,
          55.1755399
        ],
        [
          20.84492,
          55.17549
        ],
        [
          20.84484,
          55.1754399
        ],
        [
          20.84476,
          55.17538
        ],
        [
          20.84468,
          55.17532
        ],
        [
          20.84461,
          55.1752799
        ],
        [
          20.84453,
          55.17523
        ],
        [
          20.84445,
          55.1751799
        ],
        [
          20.8443699,
          55.17513
        ],
        [
          20.84429,
          55.1750799
        ],
        [
          20.8442099,
          55.17503
        ],
        [
          20.84413,
          55.1749799
        ],
        [
          20.8440399,
          55.1749199
        ],
        [
          20.84396,
          55.17487
        ],
        [
          20.84389,
          55.17483
        ],
        [
          20.8438099,
          55.1747799
        ],
        [
          20.84373,
          55.1747199
        ],
        [
          20.84364,
          55.17466
        ],
        [
          20.8435499,
          55.17461
        ],
        [
          20.84347,
          55.1745499
        ],
        [
          20.8433899,
          55.1745
        ],
        [
          20.8433,
          55.1744499
        ],
        [
          20.8432199,
          55.1744
        ],
        [
          20.84314,
          55.17434
        ],
        [
          20.8430599,
          55.1742899
        ],
        [
          20.84298,
          55.17424
        ],
        [
          20.8428999,
          55.1741899
        ],
        [
          20.8428299,
          55.17414
        ],
        [
          20.8427599,
          55.1740899
        ],
        [
          20.8426699,
          55.17404
        ],
        [
          20.84258,
          55.1739899
        ],
        [
          20.8424999,
          55.17394
        ],
        [
          20.8424099,
          55.17388
        ],
        [
          20.84233,
          55.1738299
        ],
        [
          20.84225,
          55.17378
        ],
        [
          20.84216,
          55.17372
        ],
        [
          20.8420799,
          55.1736699
        ],
        [
          20.842,
          55.17362
        ],
        [
          20.8419099,
          55.17356
        ],
        [
          20.84183,
          55.17351
        ],
        [
          20.8417499,
          55.17346
        ],
        [
          20.84166,
          55.1733999
        ],
        [
          20.8415799,
          55.17335
        ],
        [
          20.8415,
          55.1732999
        ],
        [
          20.8414199,
          55.17325
        ],
        [
          20.84134,
          55.17319
        ],
        [
          20.8412599,
          55.1731399
        ],
        [
          20.8411899,
          55.1730799
        ],
        [
          20.84111,
          55.17303
        ],
        [
          20.8410199,
          55.1729799
        ],
        [
          20.84094,
          55.17293
        ],
        [
          20.8408599,
          55.1728799
        ],
        [
          20.84078,
          55.17283
        ],
        [
          20.84071,
          55.1727799
        ],
        [
          20.8406299,
          55.17273
        ],
        [
          20.84055,
          55.17267
        ],
        [
          20.8404699,
          55.1726199
        ],
        [
          20.84039,
          55.1725799
        ],
        [
          20.84032,
          55.17253
        ],
        [
          20.8402399,
          55.1724799
        ],
        [
          20.84016,
          55.17243
        ],
        [
          20.84008,
          55.1723799
        ],
        [
          20.83999,
          55.17233
        ],
        [
          20.8399099,
          55.17228
        ],
        [
          20.83983,
          55.17223
        ],
        [
          20.8397399,
          55.17217
        ],
        [
          20.83966,
          55.1721199
        ],
        [
          20.83957,
          55.17207
        ],
        [
          20.83949,
          55.1720299
        ],
        [
          20.8394,
          55.17197
        ],
        [
          20.83933,
          55.17191
        ],
        [
          20.8392499,
          55.1718599
        ],
        [
          20.8391599,
          55.17181
        ],
        [
          20.83907,
          55.17175
        ],
        [
          20.8389899,
          55.1716999
        ],
        [
          20.83891,
          55.17165
        ],
        [
          20.8388199,
          55.17159
        ],
        [
          20.83874,
          55.17154
        ],
        [
          20.8386599,
          55.17149
        ],
        [
          20.83857,
          55.1714399
        ],
        [
          20.83849,
          55.17138
        ],
        [
          20.83841,
          55.1713299
        ],
        [
          20.83832,
          55.17128
        ],
        [
          20.8382399,
          55.17122
        ],
        [
          20.83816,
          55.1711699
        ],
        [
          20.83808,
          55.17112
        ],
        [
          20.83799,
          55.17106
        ],
        [
          20.8379099,
          55.1710099
        ],
        [
          20.83782,
          55.17095
        ],
        [
          20.8377399,
          55.1709
        ],
        [
          20.8376499,
          55.17085
        ],
        [
          20.83757,
          55.17079
        ],
        [
          20.8374799,
          55.17073
        ],
        [
          20.8374,
          55.1706799
        ],
        [
          20.8373099,
          55.17062
        ],
        [
          20.83723,
          55.17057
        ],
        [
          20.83714,
          55.1705199
        ],
        [
          20.8370499,
          55.17046
        ],
        [
          20.83697,
          55.1704099
        ],
        [
          20.83688,
          55.17036
        ],
        [
          20.8368,
          55.1703
        ],
        [
          20.8367199,
          55.17026
        ],
        [
          20.83664,
          55.1702
        ],
        [
          20.83655,
          55.1701499
        ],
        [
          20.83647,
          55.1700899
        ],
        [
          20.83638,
          55.17004
        ],
        [
          20.83629,
          55.1699899
        ],
        [
          20.83621,
          55.1699299
        ],
        [
          20.83611,
          55.16988
        ],
        [
          20.83602,
          55.1698199
        ],
        [
          20.8359399,
          55.16977
        ],
        [
          20.83585,
          55.16971
        ],
        [
          20.8357699,
          55.1696599
        ],
        [
          20.8356799,
          55.1695999
        ],
        [
          20.8356,
          55.16955
        ],
        [
          20.83552,
          55.1694999
        ],
        [
          20.83543,
          55.16944
        ],
        [
          20.8353499,
          55.16939
        ],
        [
          20.8352799,
          55.1693299
        ],
        [
          20.8352099,
          55.1692699
        ],
        [
          20.83514,
          55.16922
        ],
        [
          20.8350799,
          55.16916
        ],
        [
          20.8350199,
          55.16909
        ],
        [
          20.83497,
          55.16903
        ],
        [
          20.8349199,
          55.16896
        ],
        [
          20.83487,
          55.16889
        ],
        [
          20.8348199,
          55.16882
        ],
        [
          20.83478,
          55.16875
        ],
        [
          20.83473,
          55.1686799
        ],
        [
          20.8346899,
          55.1686099
        ],
        [
          20.83464,
          55.1685399
        ],
        [
          20.8345899,
          55.16847
        ],
        [
          20.83454,
          55.1684099
        ],
        [
          20.8345,
          55.16834
        ],
        [
          20.83445,
          55.1682799
        ],
        [
          20.83441,
          55.1682199
        ],
        [
          20.83437,
          55.16816
        ],
        [
          20.8343299,
          55.1680899
        ],
        [
          20.83428,
          55.16803
        ],
        [
          20.83424,
          55.16797
        ],
        [
          20.8341999,
          55.16791
        ],
        [
          20.8341599,
          55.16784
        ],
        [
          20.83412,
          55.16778
        ],
        [
          20.83409,
          55.1677199
        ],
        [
          20.8340599,
          55.1676599
        ],
        [
          20.83404,
          55.1675999
        ],
        [
          20.8340299,
          55.1675299
        ],
        [
          20.83402,
          55.16747
        ],
        [
          20.83401,
          55.16741
        ],
        [
          20.83401,
          55.1673599
        ],
        [
          20.83401,
          55.1672999
        ],
        [
          20.83401,
          55.16725
        ],
        [
          20.83402,
          55.16719
        ],
        [
          20.83402,
          55.1671299
        ],
        [
          20.8340299,
          55.1670699
        ],
        [
          20.8340599,
          55.1669999
        ],
        [
          20.83408,
          55.1669399
        ],
        [
          20.8340999,
          55.16686
        ],
        [
          20.83412,
          55.1667999
        ],
        [
          20.83415,
          55.16673
        ],
        [
          20.83419,
          55.16666
        ],
        [
          20.8342299,
          55.16659
        ],
        [
          20.83427,
          55.16653
        ],
        [
          20.83432,
          55.16646
        ],
        [
          20.83437,
          55.1664
        ],
        [
          20.83442,
          55.1663399
        ],
        [
          20.83448,
          55.1662799
        ],
        [
          20.83454,
          55.1662199
        ],
        [
          20.8345899,
          55.1661499
        ],
        [
          20.83465,
          55.1661
        ],
        [
          20.83471,
          55.16604
        ],
        [
          20.83478,
          55.1659799
        ],
        [
          20.83484,
          55.1659199
        ],
        [
          20.8349,
          55.1658599
        ],
        [
          20.83496,
          55.16581
        ],
        [
          20.8350199,
          55.1657499
        ],
        [
          20.8350799,
          55.1656899
        ],
        [
          20.8351499,
          55.16564
        ],
        [
          20.8352099,
          55.16557
        ],
        [
          20.83527,
          55.16551
        ],
        [
          20.8353399,
          55.1654599
        ],
        [
          20.8354099,
          55.1653999
        ],
        [
          20.8354799,
          55.1653299
        ],
        [
          20.8355399,
          55.16528
        ],
        [
          20.8356099,
          55.16522
        ],
        [
          20.8356799,
          55.1651599
        ],
        [
          20.83575,
          55.1650999
        ],
        [
          20.83582,
          55.16504
        ],
        [
          20.83589,
          55.16498
        ],
        [
          20.83596,
          55.1649299
        ],
        [
          20.8360299,
          55.16486
        ],
        [
          20.8360999,
          55.1647999
        ],
        [
          20.83618,
          55.1647399
        ],
        [
          20.83624,
          55.16469
        ],
        [
          20.83632,
          55.16462
        ],
        [
          20.83638,
          55.16456
        ],
        [
          20.83645,
          55.1645099
        ],
        [
          20.83652,
          55.16445
        ],
        [
          20.8365899,
          55.16439
        ],
        [
          20.8366599,
          55.16433
        ],
        [
          20.8367299,
          55.16427
        ],
        [
          20.8368,
          55.16422
        ],
        [
          20.8368499,
          55.16416
        ],
        [
          20.83691,
          55.1641099
        ],
        [
          20.83697,
          55.16406
        ],
        [
          20.83703,
          55.1640099
        ],
        [
          20.8370799,
          55.1639499
        ],
        [
          20.8371499,
          55.1639
        ],
        [
          20.83721,
          55.1638499
        ],
        [
          20.83727,
          55.1637899
        ],
        [
          20.83734,
          55.16374
        ],
        [
          20.8374,
          55.16368
        ],
        [
          20.83746,
          55.1636199
        ],
        [
          20.83753,
          55.1635599
        ],
        [
          20.83759,
          55.1635
        ],
        [
          20.83766,
          55.1634299
        ],
        [
          20.83773,
          55.16337
        ],
        [
          20.8378,
          55.16331
        ],
        [
          20.8378699,
          55.16325
        ],
        [
          20.83793,
          55.1631899
        ],
        [
          20.83799,
          55.16314
        ],
        [
          20.83805,
          55.1630899
        ],
        [
          20.83812,
          55.16304
        ],
        [
          20.8381699,
          55.16299
        ],
        [
          20.8382299,
          55.16294
        ],
        [
          20.83829,
          55.16289
        ],
        [
          20.83835,
          55.16285
        ],
        [
          20.83842,
          55.16279
        ],
        [
          20.83848,
          55.1627399
        ],
        [
          20.8385299,
          55.16269
        ],
        [
          20.8385899,
          55.1626399
        ],
        [
          20.83865,
          55.16259
        ],
        [
          20.83872,
          55.16253
        ],
        [
          20.83878,
          55.16248
        ],
        [
          20.83884,
          55.16243
        ],
        [
          20.8389,
          55.1623799
        ],
        [
          20.8389599,
          55.16233
        ],
        [
          20.8390199,
          55.1622799
        ],
        [
          20.83908,
          55.16223
        ],
        [
          20.83914,
          55.1621799
        ],
        [
          20.8392,
          55.16213
        ],
        [
          20.83926,
          55.1620799
        ],
        [
          20.83931,
          55.16203
        ],
        [
          20.83937,
          55.16197
        ],
        [
          20.83944,
          55.1619199
        ],
        [
          20.8395,
          55.16187
        ],
        [
          20.83956,
          55.1618099
        ],
        [
          20.83963,
          55.16176
        ],
        [
          20.8397,
          55.1617
        ],
        [
          20.83976,
          55.1616499
        ],
        [
          20.83983,
          55.1615899
        ],
        [
          20.83989,
          55.16153
        ],
        [
          20.83996,
          55.16147
        ],
        [
          20.84002,
          55.1614199
        ],
        [
          20.84009,
          55.1613599
        ],
        [
          20.84016,
          55.16131
        ],
        [
          20.84022,
          55.16125
        ],
        [
          20.84028,
          55.1612
        ],
        [
          20.84035,
          55.16114
        ],
        [
          20.84042,
          55.16108
        ],
        [
          20.84048,
          55.1610299
        ],
        [
          20.84054,
          55.16097
        ],
        [
          20.8405999,
          55.16092
        ],
        [
          20.8406699,
          55.1608599
        ],
        [
          20.8407299,
          55.16081
        ],
        [
          20.8407899,
          55.16075
        ],
        [
          20.8408599,
          55.1606999
        ],
        [
          20.8409199,
          55.1606399
        ],
        [
          20.84098,
          55.16058
        ],
        [
          20.84105,
          55.1605299
        ],
        [
          20.84111,
          55.16048
        ],
        [
          20.84117,
          55.16043
        ],
        [
          20.84123,
          55.16038
        ],
        [
          20.8413,
          55.16032
        ],
        [
          20.84136,
          55.1602699
        ],
        [
          20.84143,
          55.16022
        ],
        [
          20.8414899,
          55.1601699
        ],
        [
          20.84156,
          55.1601099
        ],
        [
          20.8416199,
          55.16006
        ],
        [
          20.8416799,
          55.16
        ],
        [
          20.84174,
          55.1599499
        ],
        [
          20.8418099,
          55.1599
        ],
        [
          20.84187,
          55.15984
        ],
        [
          20.84193,
          55.1598
        ],
        [
          20.84199,
          55.15974
        ],
        [
          20.84205,
          55.15969
        ],
        [
          20.8421099,
          55.15963
        ],
        [
          20.8421799,
          55.1595799
        ],
        [
          20.8422399,
          55.15953
        ],
        [
          20.8422999,
          55.15947
        ],
        [
          20.84236,
          55.15943
        ],
        [
          20.8424299,
          55.15937
        ],
        [
          20.84248,
          55.1593199
        ],
        [
          20.8425399,
          55.1592599
        ],
        [
          20.8425999,
          55.15921
        ],
        [
          20.8426699,
          55.15915
        ],
        [
          20.8427299,
          55.1591
        ],
        [
          20.84279,
          55.15905
        ],
        [
          20.84284,
          55.1589899
        ],
        [
          20.8428999,
          55.15894
        ],
        [
          20.8429599,
          55.15888
        ],
        [
          20.84301,
          55.1588299
        ],
        [
          20.84307,
          55.15878
        ],
        [
          20.84315,
          55.1587299
        ],
        [
          20.8432199,
          55.1586699
        ],
        [
          20.8432899,
          55.15861
        ],
        [
          20.8433599,
          55.15856
        ],
        [
          20.84343,
          55.1584999
        ],
        [
          20.84351,
          55.1584399
        ],
        [
          20.8435899,
          55.1583999
        ],
        [
          20.84366,
          55.1583399
        ],
        [
          20.84374,
          55.15829
        ],
        [
          20.8438199,
          55.1582399
        ],
        [
          20.84389,
          55.15819
        ],
        [
          20.84396,
          55.1581399
        ],
        [
          20.8440399,
          55.1580799
        ],
        [
          20.8441099,
          55.15803
        ],
        [
          20.8441799,
          55.1579699
        ],
        [
          20.84425,
          55.1579099
        ],
        [
          20.8443099,
          55.15786
        ],
        [
          20.84438,
          55.1578
        ],
        [
          20.84445,
          55.1577399
        ],
        [
          20.84452,
          55.15769
        ],
        [
          20.8445999,
          55.15764
        ],
        [
          20.84469,
          55.1576
        ],
        [
          20.8447699,
          55.15756
        ],
        [
          20.84485,
          55.1575099
        ],
        [
          20.84492,
          55.15746
        ],
        [
          20.84498,
          55.1574
        ],
        [
          20.84502,
          55.15734
        ],
        [
          20.84507,
          55.1572799
        ],
        [
          20.84511,
          55.15721
        ],
        [
          20.84515,
          55.15714
        ],
        [
          20.8451999,
          55.15708
        ],
        [
          20.84524,
          55.15701
        ],
        [
          20.8452899,
          55.15694
        ],
        [
          20.8453599,
          55.15688
        ],
        [
          20.84544,
          55.1568299
        ],
        [
          20.84553,
          55.15678
        ],
        [
          20.84564,
          55.15674
        ],
        [
          20.84573,
          55.15671
        ],
        [
          20.84584,
          55.15667
        ],
        [
          20.84596,
          55.15664
        ],
        [
          20.84607,
          55.15661
        ],
        [
          20.84619,
          55.15658
        ],
        [
          20.8463099,
          55.15655
        ],
        [
          20.84642,
          55.15652
        ],
        [
          20.8465399,
          55.15649
        ],
        [
          20.84665,
          55.1564599
        ],
        [
          20.8467699,
          55.1564299
        ],
        [
          20.84688,
          55.1563999
        ],
        [
          20.84699,
          55.1563699
        ],
        [
          20.84709,
          55.1563399
        ],
        [
          20.8471999,
          55.15631
        ],
        [
          20.84731,
          55.15628
        ],
        [
          20.84741,
          55.15625
        ],
        [
          20.8475199,
          55.15622
        ],
        [
          20.84763,
          55.15619
        ],
        [
          20.84774,
          55.15616
        ],
        [
          20.8478499,
          55.1561399
        ],
        [
          20.8479499,
          55.1561099
        ],
        [
          20.84806,
          55.15609
        ],
        [
          20.84816,
          55.1560699
        ],
        [
          20.8482799,
          55.1560399
        ],
        [
          20.84837,
          55.15602
        ],
        [
          20.8484699,
          55.15599
        ],
        [
          20.84856,
          55.1559699
        ],
        [
          20.84865,
          55.1559399
        ],
        [
          20.84873,
          55.15592
        ],
        [
          20.84879,
          55.1559
        ],
        [
          20.84882,
          55.15589
        ],
        [
          20.84882,
          55.15589
        ],
        [
          20.84882,
          55.15589
        ],
        [
          20.84882,
          55.15589
        ],
        [
          20.84882,
          55.15589
        ],
        [
          20.84882,
          55.15589
        ],
        [
          20.84882,
          55.15589
        ],
        [
          20.84882,
          55.15589
        ],
        [
          20.8488399,
          55.15589
        ],
        [
          20.84883,
          55.1559
        ],
        [
          20.84882,
          55.1559
        ],
        [
          20.8487999,
          55.1559
        ],
        [
          20.84878,
          55.15589
        ],
        [
          20.8487399,
          55.1558799
        ],
        [
          20.8486999,
          55.15586
        ],
        [
          20.8486699,
          55.1558399
        ],
        [
          20.84865,
          55.1558
        ],
        [
          20.84862,
          55.1557699
        ],
        [
          20.84859,
          55.1557399
        ],
        [
          20.8485699,
          55.1557
        ],
        [
          20.8485399,
          55.15566
        ],
        [
          20.8485099,
          55.15563
        ],
        [
          20.8484799,
          55.15559
        ],
        [
          20.84845,
          55.1555499
        ],
        [
          20.84842,
          55.1555
        ],
        [
          20.8483799,
          55.15546
        ],
        [
          20.8483399,
          55.1554199
        ],
        [
          20.8483,
          55.15537
        ],
        [
          20.84826,
          55.1553199
        ],
        [
          20.8482199,
          55.15527
        ],
        [
          20.84819,
          55.15523
        ],
        [
          20.8481499,
          55.1551799
        ],
        [
          20.8481099,
          55.15513
        ],
        [
          20.84807,
          55.15508
        ],
        [
          20.8480199,
          55.1550199
        ],
        [
          20.8479799,
          55.15497
        ],
        [
          20.84794,
          55.1549199
        ],
        [
          20.8478899,
          55.15487
        ],
        [
          20.84784,
          55.1548199
        ],
        [
          20.8477899,
          55.15477
        ],
        [
          20.84774,
          55.1547199
        ],
        [
          20.8476899,
          55.15467
        ],
        [
          20.84764,
          55.15462
        ],
        [
          20.84758,
          55.15457
        ],
        [
          20.8475199,
          55.15452
        ],
        [
          20.8474599,
          55.1544699
        ],
        [
          20.8473899,
          55.15442
        ],
        [
          20.84732,
          55.1543699
        ],
        [
          20.84725,
          55.1543299
        ],
        [
          20.84717,
          55.15428
        ],
        [
          20.8470999,
          55.1542299
        ],
        [
          20.8470299,
          55.15419
        ],
        [
          20.84695,
          55.15415
        ],
        [
          20.84688,
          55.15411
        ],
        [
          20.84681,
          55.15408
        ],
        [
          20.8467399,
          55.15403
        ],
        [
          20.84668,
          55.1539999
        ],
        [
          20.84662,
          55.15396
        ],
        [
          20.84655,
          55.15392
        ],
        [
          20.84649,
          55.15389
        ],
        [
          20.84643,
          55.15386
        ],
        [
          20.84639,
          55.15383
        ],
        [
          20.84635,
          55.1538099
        ],
        [
          20.84632,
          55.15379
        ],
        [
          20.84632,
          55.15379
        ],
        [
          20.84632,
          55.15379
        ],
        [
          20.84632,
          55.15379
        ],
        [
          20.84632,
          55.15379
        ],
        [
          20.8463099,
          55.15373
        ],
        [
          20.8462799,
          55.15373
        ],
        [
          20.8462499,
          55.1537099
        ],
        [
          20.84622,
          55.15369
        ],
        [
          20.8461799,
          55.15366
        ],
        [
          20.84613,
          55.15363
        ],
        [
          20.8460799,
          55.1536
        ],
        [
          20.8460199,
          55.15357
        ],
        [
          20.8460199,
          55.15357
        ],
        [
          20.8459099,
          55.1535
        ],
        [
          20.8458499,
          55.15347
        ],
        [
          20.8457899,
          55.1534399
        ],
        [
          20.84573,
          55.1534
        ],
        [
          20.84566,
          55.15336
        ],
        [
          20.8455899,
          55.1533199
        ],
        [
          20.84553,
          55.1532799
        ],
        [
          20.8454599,
          55.15323
        ],
        [
          20.8453899,
          55.15319
        ],
        [
          20.8453199,
          55.1531499
        ],
        [
          20.8452599,
          55.1531
        ],
        [
          20.84518,
          55.15306
        ],
        [
          20.84511,
          55.1530199
        ],
        [
          20.84504,
          55.1529799
        ],
        [
          20.8449699,
          55.15294
        ],
        [
          20.84491,
          55.1528899
        ],
        [
          20.8448299,
          55.1528499
        ],
        [
          20.8447699,
          55.1528199
        ],
        [
          20.84471,
          55.15278
        ],
        [
          20.84465,
          55.15274
        ],
        [
          20.8445999,
          55.15271
        ],
        [
          20.84455,
          55.15267
        ],
        [
          20.84449,
          55.15264
        ],
        [
          20.8444399,
          55.15261
        ],
        [
          20.84438,
          55.15258
        ],
        [
          20.84432,
          55.15255
        ],
        [
          20.84432,
          55.15255
        ],
        [
          20.8442,
          55.15248
        ],
        [
          20.8441399,
          55.15244
        ],
        [
          20.8440799,
          55.15241
        ],
        [
          20.844,
          55.1523899
        ],
        [
          20.84392,
          55.15238
        ],
        [
          20.84384,
          55.15237
        ],
        [
          20.8437499,
          55.15238
        ],
        [
          20.8436799,
          55.1523899
        ],
        [
          20.8436,
          55.15241
        ],
        [
          20.84353,
          55.1524299
        ],
        [
          20.8434499,
          55.15244
        ],
        [
          20.84337,
          55.15247
        ],
        [
          20.8432899,
          55.1524899
        ],
        [
          20.8432899,
          55.1524899
        ],
        [
          20.8431299,
          55.15254
        ],
        [
          20.84305,
          55.15257
        ],
        [
          20.84298,
          55.1526
        ],
        [
          20.8428999,
          55.1526199
        ],
        [
          20.8428299,
          55.15264
        ],
        [
          20.8428299,
          55.15264
        ],
        [
          20.84275,
          55.15267
        ],
        [
          20.8427299,
          55.15267
        ],
        [
          20.8426999,
          55.15268
        ],
        [
          20.84268,
          55.1526899
        ],
        [
          20.8426599,
          55.1527
        ],
        [
          20.8426599,
          55.1527
        ],
        [
          20.84259,
          55.1527299
        ],
        [
          20.84255,
          55.15275
        ],
        [
          20.84249,
          55.1527599
        ],
        [
          20.8424299,
          55.15277
        ],
        [
          20.84235,
          55.15278
        ],
        [
          20.84235,
          55.15278
        ],
        [
          20.8421799,
          55.1528
        ],
        [
          20.8421,
          55.1528199
        ],
        [
          20.84203,
          55.15284
        ],
        [
          20.84199,
          55.15284
        ],
        [
          20.84196,
          55.1528499
        ],
        [
          20.84196,
          55.1528499
        ],
        [
          20.84196,
          55.1528499
        ],
        [
          20.84196,
          55.1528499
        ],
        [
          20.8418799,
          55.15283
        ],
        [
          20.8418399,
          55.15283
        ],
        [
          20.8418099,
          55.1528199
        ],
        [
          20.8417499,
          55.1528
        ],
        [
          20.8417499,
          55.1528
        ],
        [
          20.84166,
          55.1527299
        ],
        [
          20.8416099,
          55.15271
        ],
        [
          20.84156,
          55.15268
        ],
        [
          20.8415,
          55.15265
        ],
        [
          20.84144,
          55.1526299
        ],
        [
          20.8413799,
          55.15261
        ],
        [
          20.84133,
          55.1525899
        ],
        [
          20.84128,
          55.15257
        ],
        [
          20.84123,
          55.15255
        ],
        [
          20.84117,
          55.1525299
        ],
        [
          20.84111,
          55.15251
        ],
        [
          20.84105,
          55.1524899
        ],
        [
          20.8409899,
          55.15247
        ],
        [
          20.8409899,
          55.15247
        ],
        [
          20.84088,
          55.15241
        ],
        [
          20.84081,
          55.1523899
        ],
        [
          20.84074,
          55.15238
        ],
        [
          20.8406599,
          55.1523599
        ],
        [
          20.84058,
          55.15235
        ],
        [
          20.84051,
          55.15232
        ],
        [
          20.8404299,
          55.1522999
        ],
        [
          20.84035,
          55.15228
        ],
        [
          20.8402699,
          55.15225
        ],
        [
          20.84019,
          55.15222
        ],
        [
          20.84012,
          55.15219
        ],
        [
          20.84012,
          55.15219
        ],
        [
          20.84005,
          55.1521699
        ],
        [
          20.8399,
          55.15212
        ],
        [
          20.83982,
          55.15209
        ],
        [
          20.8397499,
          55.1520699
        ],
        [
          20.83969,
          55.1520399
        ],
        [
          20.8396399,
          55.1519999
        ],
        [
          20.83959,
          55.1519699
        ],
        [
          20.83959,
          55.1519699
        ],
        [
          20.83947,
          55.15192
        ],
        [
          20.83943,
          55.15189
        ],
        [
          20.8393899,
          55.15186
        ],
        [
          20.83934,
          55.1518399
        ],
        [
          20.8392899,
          55.1518099
        ],
        [
          20.8392499,
          55.15179
        ],
        [
          20.8391899,
          55.15178
        ],
        [
          20.83913,
          55.1517699
        ],
        [
          20.83907,
          55.15175
        ],
        [
          20.83907,
          55.15175
        ],
        [
          20.8389599,
          55.15172
        ],
        [
          20.8389,
          55.15169
        ],
        [
          20.8389,
          55.15169
        ],
        [
          20.8387899,
          55.1516399
        ],
        [
          20.8387899,
          55.1516399
        ],
        [
          20.83867,
          55.1516
        ],
        [
          20.83861,
          55.1515799
        ],
        [
          20.8385599,
          55.15156
        ],
        [
          20.83851,
          55.1515399
        ],
        [
          20.8384699,
          55.15153
        ],
        [
          20.8384299,
          55.15152
        ],
        [
          20.83841,
          55.1515099
        ],
        [
          20.83839,
          55.15149
        ],
        [
          20.8383699,
          55.1514799
        ],
        [
          20.83835,
          55.1514699
        ],
        [
          20.83832,
          55.15146
        ],
        [
          20.83829,
          55.1514499
        ],
        [
          20.8382399,
          55.1514399
        ],
        [
          20.83819,
          55.15142
        ],
        [
          20.8381399,
          55.1514099
        ],
        [
          20.83808,
          55.15139
        ],
        [
          20.83803,
          55.15136
        ],
        [
          20.8379699,
          55.1513499
        ],
        [
          20.8379099,
          55.15132
        ],
        [
          20.83785,
          55.1513
        ],
        [
          20.83779,
          55.1512799
        ],
        [
          20.8377399,
          55.15126
        ],
        [
          20.83769,
          55.15124
        ],
        [
          20.83769,
          55.15124
        ],
        [
          20.83757,
          55.15119
        ],
        [
          20.8375,
          55.15116
        ],
        [
          20.83743,
          55.15114
        ],
        [
          20.83737,
          55.1511099
        ],
        [
          20.8373,
          55.15107
        ],
        [
          20.83723,
          55.1510499
        ],
        [
          20.83717,
          55.15103
        ],
        [
          20.83717,
          55.15103
        ],
        [
          20.8370199,
          55.1509799
        ],
        [
          20.8369599,
          55.1509499
        ],
        [
          20.8368899,
          55.1509199
        ],
        [
          20.83683,
          55.1508899
        ],
        [
          20.83683,
          55.1508899
        ],
        [
          20.8367,
          55.1508499
        ],
        [
          20.8366299,
          55.1508199
        ],
        [
          20.83657,
          55.1508
        ],
        [
          20.83652,
          55.15078
        ],
        [
          20.8364599,
          55.1507499
        ],
        [
          20.8363999,
          55.1507199
        ],
        [
          20.83634,
          55.1507
        ],
        [
          20.83628,
          55.15067
        ],
        [
          20.83621,
          55.1506499
        ],
        [
          20.83615,
          55.1506199
        ],
        [
          20.8360999,
          55.1506
        ],
        [
          20.8360399,
          55.15058
        ],
        [
          20.83598,
          55.15055
        ],
        [
          20.83592,
          55.1505299
        ],
        [
          20.83586,
          55.1505
        ],
        [
          20.83579,
          55.15048
        ],
        [
          20.83573,
          55.15045
        ],
        [
          20.83573,
          55.15045
        ],
        [
          20.8356099,
          55.1504
        ],
        [
          20.83555,
          55.15037
        ],
        [
          20.83549,
          55.15035
        ],
        [
          20.83549,
          55.15035
        ],
        [
          20.83537,
          55.1502999
        ],
        [
          20.8353099,
          55.15028
        ],
        [
          20.8352499,
          55.1502599
        ],
        [
          20.8352499,
          55.1502599
        ],
        [
          20.8351199,
          55.15021
        ],
        [
          20.83507,
          55.1501899
        ],
        [
          20.83501,
          55.1501699
        ],
        [
          20.8349499,
          55.15014
        ],
        [
          20.8348899,
          55.15011
        ],
        [
          20.8348199,
          55.15009
        ],
        [
          20.8347599,
          55.1500599
        ],
        [
          20.8347,
          55.1500299
        ],
        [
          20.8346299,
          55.15001
        ],
        [
          20.8346299,
          55.15001
        ],
        [
          20.83451,
          55.1499699
        ],
        [
          20.83445,
          55.14995
        ],
        [
          20.83438,
          55.1499299
        ],
        [
          20.8343299,
          55.1498999
        ],
        [
          20.83427,
          55.14988
        ],
        [
          20.83421,
          55.14986
        ],
        [
          20.83414,
          55.1498399
        ],
        [
          20.83408,
          55.14981
        ],
        [
          20.83401,
          55.14978
        ],
        [
          20.83395,
          55.14975
        ],
        [
          20.8338699,
          55.14973
        ],
        [
          20.83379,
          55.1497099
        ],
        [
          20.83379,
          55.1497099
        ],
        [
          20.83372,
          55.14968
        ],
        [
          20.8335799,
          55.14963
        ],
        [
          20.8335099,
          55.1495999
        ],
        [
          20.83343,
          55.1495699
        ],
        [
          20.8333499,
          55.14955
        ],
        [
          20.8333499,
          55.14955
        ],
        [
          20.83322,
          55.14949
        ],
        [
          20.8331499,
          55.14946
        ],
        [
          20.8330799,
          55.14943
        ],
        [
          20.8330099,
          55.1494
        ],
        [
          20.8329499,
          55.1493799
        ],
        [
          20.8328899,
          55.14935
        ],
        [
          20.83283,
          55.14933
        ],
        [
          20.83277,
          55.1493
        ],
        [
          20.8327,
          55.14927
        ],
        [
          20.83263,
          55.14926
        ],
        [
          20.8325599,
          55.14923
        ],
        [
          20.8324899,
          55.1492099
        ],
        [
          20.8324199,
          55.14919
        ],
        [
          20.83235,
          55.14916
        ],
        [
          20.8323,
          55.14913
        ],
        [
          20.8323,
          55.14913
        ],
        [
          20.83217,
          55.14907
        ],
        [
          20.8320999,
          55.1490499
        ],
        [
          20.8320299,
          55.1490199
        ],
        [
          20.8319599,
          55.149
        ],
        [
          20.83189,
          55.14897
        ],
        [
          20.83182,
          55.14894
        ],
        [
          20.83175,
          55.1489099
        ],
        [
          20.83168,
          55.1488799
        ],
        [
          20.8316099,
          55.1488499
        ],
        [
          20.83155,
          55.1488199
        ],
        [
          20.83148,
          55.1487899
        ],
        [
          20.83142,
          55.14876
        ],
        [
          20.8313399,
          55.1487199
        ],
        [
          20.8312699,
          55.1486899
        ],
        [
          20.83119,
          55.1486599
        ],
        [
          20.83112,
          55.14864
        ],
        [
          20.83103,
          55.14861
        ],
        [
          20.8309499,
          55.1485899
        ],
        [
          20.83086,
          55.1485599
        ],
        [
          20.8307799,
          55.14854
        ],
        [
          20.8307,
          55.1485
        ],
        [
          20.8306199,
          55.14847
        ],
        [
          20.83053,
          55.14844
        ],
        [
          20.8304499,
          55.1484
        ],
        [
          20.8303599,
          55.14837
        ],
        [
          20.83028,
          55.14834
        ],
        [
          20.8301899,
          55.14831
        ],
        [
          20.8300999,
          55.14827
        ],
        [
          20.83001,
          55.14824
        ],
        [
          20.8299299,
          55.14821
        ],
        [
          20.82984,
          55.14818
        ],
        [
          20.82975,
          55.14814
        ],
        [
          20.82975,
          55.14814
        ],
        [
          20.82966,
          55.1480999
        ],
        [
          20.82949,
          55.14802
        ],
        [
          20.82949,
          55.14802
        ],
        [
          20.8294099,
          55.14798
        ],
        [
          20.8293099,
          55.14795
        ],
        [
          20.82922,
          55.14792
        ],
        [
          20.8290499,
          55.14785
        ],
        [
          20.8290499,
          55.14785
        ],
        [
          20.82897,
          55.14782
        ],
        [
          20.82879,
          55.1477399
        ],
        [
          20.82879,
          55.1477399
        ],
        [
          20.8287,
          55.14771
        ],
        [
          20.8285199,
          55.14765
        ],
        [
          20.8285199,
          55.14765
        ],
        [
          20.82843,
          55.14761
        ],
        [
          20.82824,
          55.14753
        ],
        [
          20.82824,
          55.14753
        ],
        [
          20.82815,
          55.1474999
        ],
        [
          20.82795,
          55.14742
        ],
        [
          20.82795,
          55.14742
        ],
        [
          20.82785,
          55.14739
        ],
        [
          20.8276599,
          55.1473099
        ],
        [
          20.8276599,
          55.1473099
        ],
        [
          20.8275599,
          55.1472799
        ],
        [
          20.82746,
          55.1472399
        ],
        [
          20.82736,
          55.1472
        ],
        [
          20.82725,
          55.1471699
        ],
        [
          20.82715,
          55.14713
        ],
        [
          20.82705,
          55.1471
        ],
        [
          20.82695,
          55.14706
        ],
        [
          20.8268399,
          55.14703
        ],
        [
          20.8267399,
          55.14699
        ],
        [
          20.82664,
          55.1469499
        ],
        [
          20.82654,
          55.1469199
        ],
        [
          20.82643,
          55.1468799
        ],
        [
          20.82633,
          55.14684
        ],
        [
          20.82623,
          55.1468
        ],
        [
          20.82614,
          55.14676
        ],
        [
          20.82604,
          55.14673
        ],
        [
          20.82594,
          55.1467
        ],
        [
          20.82584,
          55.14666
        ],
        [
          20.82574,
          55.1466199
        ],
        [
          20.82564,
          55.1465799
        ],
        [
          20.82555,
          55.14654
        ],
        [
          20.82545,
          55.1465
        ],
        [
          20.82535,
          55.14647
        ],
        [
          20.82525,
          55.14644
        ],
        [
          20.8251399,
          55.14641
        ],
        [
          20.8250399,
          55.14638
        ],
        [
          20.8249399,
          55.1463499
        ],
        [
          20.82483,
          55.1463199
        ],
        [
          20.82473,
          55.1462899
        ],
        [
          20.82462,
          55.14627
        ],
        [
          20.8245099,
          55.14625
        ],
        [
          20.8244,
          55.1462199
        ],
        [
          20.8242899,
          55.1461899
        ],
        [
          20.82417,
          55.14617
        ],
        [
          20.8240599,
          55.14614
        ],
        [
          20.82397,
          55.14611
        ],
        [
          20.82387,
          55.14608
        ],
        [
          20.82375,
          55.14605
        ],
        [
          20.82364,
          55.14604
        ],
        [
          20.82352,
          55.14601
        ],
        [
          20.8233999,
          55.1459899
        ],
        [
          20.82328,
          55.1459599
        ],
        [
          20.82316,
          55.1459299
        ],
        [
          20.8230399,
          55.14591
        ],
        [
          20.82292,
          55.14588
        ],
        [
          20.8228,
          55.1458599
        ],
        [
          20.8226799,
          55.1458299
        ],
        [
          20.82257,
          55.1457999
        ],
        [
          20.8224499,
          55.1457699
        ],
        [
          20.82234,
          55.14574
        ],
        [
          20.82223,
          55.14572
        ],
        [
          20.8221199,
          55.14569
        ],
        [
          20.8220199,
          55.1456599
        ],
        [
          20.8219199,
          55.1456399
        ],
        [
          20.8218199,
          55.14562
        ],
        [
          20.8217299,
          55.1455999
        ],
        [
          20.82165,
          55.1455699
        ],
        [
          20.82157,
          55.14555
        ],
        [
          20.8214999,
          55.1455399
        ],
        [
          20.8214299,
          55.14552
        ],
        [
          20.82135,
          55.1454999
        ],
        [
          20.82128,
          55.14548
        ],
        [
          20.8211999,
          55.14546
        ],
        [
          20.8211299,
          55.1454399
        ],
        [
          20.82106,
          55.14543
        ],
        [
          20.82099,
          55.1454099
        ],
        [
          20.82092,
          55.14539
        ],
        [
          20.82085,
          55.1453699
        ],
        [
          20.8207699,
          55.14536
        ],
        [
          20.8206999,
          55.14533
        ],
        [
          20.82063,
          55.1453099
        ],
        [
          20.82056,
          55.14529
        ],
        [
          20.82049,
          55.1452699
        ],
        [
          20.82042,
          55.14525
        ],
        [
          20.8203499,
          55.14523
        ],
        [
          20.8202499,
          55.1452
        ],
        [
          20.8201499,
          55.1451699
        ],
        [
          20.8200499,
          55.1451399
        ],
        [
          20.8199499,
          55.1451099
        ],
        [
          20.81986,
          55.14509
        ],
        [
          20.81977,
          55.14506
        ],
        [
          20.81968,
          55.14503
        ],
        [
          20.8195899,
          55.1450099
        ],
        [
          20.8194899,
          55.1449799
        ],
        [
          20.8194,
          55.14496
        ],
        [
          20.8192999,
          55.14493
        ],
        [
          20.81922,
          55.1449
        ],
        [
          20.8191299,
          55.1448799
        ],
        [
          20.81904,
          55.1448499
        ],
        [
          20.8189599,
          55.14482
        ],
        [
          20.81888,
          55.14479
        ],
        [
          20.81881,
          55.14477
        ],
        [
          20.81872,
          55.14474
        ],
        [
          20.81865,
          55.1447199
        ],
        [
          20.81856,
          55.14469
        ],
        [
          20.8184799,
          55.14467
        ],
        [
          20.8184,
          55.14464
        ],
        [
          20.8183099,
          55.1446099
        ],
        [
          20.81823,
          55.14459
        ],
        [
          20.8181399,
          55.14456
        ],
        [
          20.8180499,
          55.14454
        ],
        [
          20.81796,
          55.14451
        ],
        [
          20.81787,
          55.1444899
        ],
        [
          20.8177799,
          55.14446
        ],
        [
          20.8176899,
          55.14443
        ],
        [
          20.81761,
          55.14441
        ],
        [
          20.8175199,
          55.1443799
        ],
        [
          20.81744,
          55.1443599
        ],
        [
          20.81735,
          55.14433
        ],
        [
          20.81727,
          55.14431
        ],
        [
          20.81718,
          55.14428
        ],
        [
          20.8170899,
          55.1442499
        ],
        [
          20.8169999,
          55.1442199
        ],
        [
          20.81691,
          55.1442
        ],
        [
          20.8167999,
          55.14418
        ],
        [
          20.81669,
          55.1441499
        ],
        [
          20.81659,
          55.1441199
        ],
        [
          20.81648,
          55.1440899
        ],
        [
          20.8163699,
          55.14407
        ],
        [
          20.8162799,
          55.14404
        ],
        [
          20.8161799,
          55.1440199
        ],
        [
          20.8160799,
          55.1439899
        ],
        [
          20.81599,
          55.1439599
        ],
        [
          20.8159,
          55.14394
        ],
        [
          20.8158,
          55.14391
        ],
        [
          20.81571,
          55.1438899
        ],
        [
          20.81561,
          55.14387
        ],
        [
          20.81551,
          55.14385
        ],
        [
          20.8154199,
          55.14382
        ],
        [
          20.81533,
          55.1437999
        ],
        [
          20.81524,
          55.14378
        ],
        [
          20.8151599,
          55.14375
        ],
        [
          20.81508,
          55.1437299
        ],
        [
          20.8149999,
          55.1436999
        ],
        [
          20.8149299,
          55.14369
        ],
        [
          20.81485,
          55.1436599
        ],
        [
          20.81478,
          55.14365
        ],
        [
          20.81471,
          55.1436299
        ],
        [
          20.8146399,
          55.14361
        ],
        [
          20.8145699,
          55.14359
        ],
        [
          20.81451,
          55.1435599
        ],
        [
          20.8144399,
          55.14352
        ],
        [
          20.81438,
          55.14348
        ],
        [
          20.81432,
          55.1434299
        ],
        [
          20.8142699,
          55.1433699
        ],
        [
          20.81422,
          55.14332
        ],
        [
          20.8141699,
          55.1432699
        ],
        [
          20.8141099,
          55.14322
        ],
        [
          20.8140699,
          55.14316
        ],
        [
          20.81402,
          55.1431099
        ],
        [
          20.81397,
          55.14306
        ],
        [
          20.8139099,
          55.143
        ],
        [
          20.81386,
          55.14295
        ],
        [
          20.8138,
          55.1429
        ],
        [
          20.8137499,
          55.1428399
        ],
        [
          20.8137,
          55.14279
        ],
        [
          20.8136499,
          55.14273
        ],
        [
          20.8136099,
          55.14267
        ],
        [
          20.81357,
          55.1426199
        ],
        [
          20.8135199,
          55.14256
        ],
        [
          20.8134899,
          55.1425
        ],
        [
          20.8134499,
          55.14244
        ],
        [
          20.8134199,
          55.1423799
        ],
        [
          20.8134,
          55.1423199
        ],
        [
          20.8133799,
          55.1422499
        ],
        [
          20.8133599,
          55.1421899
        ],
        [
          20.81333,
          55.1421199
        ],
        [
          20.8133199,
          55.1420599
        ],
        [
          20.8133,
          55.1419899
        ],
        [
          20.8132899,
          55.1419299
        ],
        [
          20.81327,
          55.14187
        ],
        [
          20.8132599,
          55.1418
        ],
        [
          20.8132499,
          55.14174
        ],
        [
          20.81323,
          55.14168
        ],
        [
          20.8132199,
          55.14161
        ],
        [
          20.8132,
          55.14155
        ],
        [
          20.81318,
          55.14149
        ],
        [
          20.8131599,
          55.1414299
        ],
        [
          20.8131199,
          55.1413599
        ],
        [
          20.8130899,
          55.1412999
        ],
        [
          20.81304,
          55.1412399
        ],
        [
          20.813,
          55.14118
        ],
        [
          20.81295,
          55.14112
        ],
        [
          20.81288,
          55.14106
        ],
        [
          20.81281,
          55.1409999
        ],
        [
          20.81274,
          55.14095
        ],
        [
          20.81268,
          55.14089
        ],
        [
          20.81261,
          55.1408399
        ],
        [
          20.81254,
          55.14079
        ],
        [
          20.8124699,
          55.14073
        ],
        [
          20.8123999,
          55.1406799
        ],
        [
          20.8123299,
          55.14062
        ],
        [
          20.81226,
          55.14057
        ],
        [
          20.81219,
          55.14052
        ],
        [
          20.81212,
          55.14047
        ],
        [
          20.81205,
          55.1404099
        ],
        [
          20.81199,
          55.14036
        ],
        [
          20.81192,
          55.1403099
        ],
        [
          20.8118499,
          55.1402499
        ],
        [
          20.8117799,
          55.1402
        ],
        [
          20.81172,
          55.14016
        ],
        [
          20.8116499,
          55.14011
        ],
        [
          20.8115799,
          55.1400599
        ],
        [
          20.8115099,
          55.1400199
        ],
        [
          20.81144,
          55.1399599
        ],
        [
          20.81136,
          55.1399199
        ],
        [
          20.8113,
          55.1398599
        ],
        [
          20.81123,
          55.13981
        ],
        [
          20.8111599,
          55.1397599
        ],
        [
          20.8110899,
          55.13971
        ],
        [
          20.8110199,
          55.1396599
        ],
        [
          20.8109599,
          55.1395999
        ],
        [
          20.8109,
          55.13955
        ],
        [
          20.8108199,
          55.1394999
        ],
        [
          20.81075,
          55.13945
        ],
        [
          20.81068,
          55.1393999
        ],
        [
          20.81061,
          55.13935
        ],
        [
          20.81054,
          55.13929
        ],
        [
          20.8104699,
          55.13924
        ],
        [
          20.8103999,
          55.13919
        ],
        [
          20.8103299,
          55.1391299
        ],
        [
          20.81026,
          55.13908
        ],
        [
          20.81018,
          55.13902
        ],
        [
          20.8101099,
          55.1389699
        ],
        [
          20.8100399,
          55.13892
        ],
        [
          20.8099699,
          55.1388699
        ],
        [
          20.8099,
          55.1388099
        ],
        [
          20.80983,
          55.13876
        ],
        [
          20.80976,
          55.1387099
        ],
        [
          20.80969,
          55.13866
        ],
        [
          20.80962,
          55.1386099
        ],
        [
          20.8095399,
          55.13856
        ],
        [
          20.80946,
          55.1385099
        ],
        [
          20.8093799,
          55.13846
        ],
        [
          20.80929,
          55.1384099
        ],
        [
          20.8091899,
          55.13836
        ],
        [
          20.8091,
          55.1383199
        ],
        [
          20.809,
          55.1382799
        ],
        [
          20.8089,
          55.1382499
        ],
        [
          20.8088,
          55.1382199
        ],
        [
          20.8087,
          55.13819
        ],
        [
          20.8085899,
          55.13816
        ],
        [
          20.80848,
          55.13813
        ],
        [
          20.8083699,
          55.1381
        ],
        [
          20.8082599,
          55.13807
        ],
        [
          20.80815,
          55.1380499
        ],
        [
          20.8080399,
          55.1380199
        ],
        [
          20.80793,
          55.1379899
        ],
        [
          20.80782,
          55.13796
        ],
        [
          20.8077099,
          55.13793
        ],
        [
          20.8076,
          55.13791
        ],
        [
          20.8075,
          55.13788
        ],
        [
          20.80739,
          55.1378499
        ],
        [
          20.80729,
          55.13783
        ],
        [
          20.8071799,
          55.1378
        ],
        [
          20.80707,
          55.13777
        ],
        [
          20.80696,
          55.1377499
        ],
        [
          20.8068599,
          55.1377199
        ],
        [
          20.8067599,
          55.1377
        ],
        [
          20.80665,
          55.13767
        ],
        [
          20.80654,
          55.13765
        ],
        [
          20.8064299,
          55.1376199
        ],
        [
          20.8063299,
          55.1375899
        ],
        [
          20.80622,
          55.13757
        ],
        [
          20.80611,
          55.13754
        ],
        [
          20.8059999,
          55.13751
        ],
        [
          20.8058999,
          55.13748
        ],
        [
          20.8057999,
          55.1374599
        ],
        [
          20.8056999,
          55.1374299
        ],
        [
          20.80559,
          55.1373999
        ],
        [
          20.80549,
          55.13737
        ],
        [
          20.80539,
          55.13735
        ],
        [
          20.8052799,
          55.13732
        ],
        [
          20.8051799,
          55.1372899
        ],
        [
          20.8050799,
          55.13727
        ],
        [
          20.8049799,
          55.13724
        ],
        [
          20.8048799,
          55.13721
        ],
        [
          20.8047799,
          55.13719
        ],
        [
          20.80468,
          55.1371599
        ],
        [
          20.80458,
          55.1371299
        ],
        [
          20.80448,
          55.13711
        ],
        [
          20.80438,
          55.13708
        ],
        [
          20.80428,
          55.13705
        ],
        [
          20.8041899,
          55.1370299
        ],
        [
          20.80408,
          55.1369999
        ],
        [
          20.8039699,
          55.13698
        ],
        [
          20.80386,
          55.13695
        ],
        [
          20.80375,
          55.1369299
        ],
        [
          20.8036399,
          55.1368999
        ],
        [
          20.80353,
          55.1368699
        ],
        [
          20.80342,
          55.13685
        ],
        [
          20.8033,
          55.13682
        ],
        [
          20.80319,
          55.13679
        ],
        [
          20.8030799,
          55.1367699
        ],
        [
          20.80297,
          55.1367399
        ],
        [
          20.80286,
          55.1367099
        ],
        [
          20.8027499,
          55.13668
        ],
        [
          20.80264,
          55.13666
        ],
        [
          20.80253,
          55.13663
        ],
        [
          20.8024199,
          55.1366099
        ],
        [
          20.8023199,
          55.1365799
        ],
        [
          20.80221,
          55.1365399
        ],
        [
          20.8020999,
          55.13652
        ],
        [
          20.8019899,
          55.13649
        ],
        [
          20.80188,
          55.13646
        ],
        [
          20.8017699,
          55.1364399
        ],
        [
          20.80166,
          55.1364099
        ],
        [
          20.80155,
          55.1363799
        ],
        [
          20.8014399,
          55.13636
        ],
        [
          20.80133,
          55.13633
        ],
        [
          20.80122,
          55.1363
        ],
        [
          20.8011099,
          55.13627
        ],
        [
          20.801,
          55.1362399
        ],
        [
          20.80089,
          55.1362099
        ],
        [
          20.80077,
          55.1361799
        ],
        [
          20.80066,
          55.1361499
        ],
        [
          20.8005499,
          55.1361199
        ],
        [
          20.80044,
          55.13609
        ],
        [
          20.80034,
          55.1360499
        ],
        [
          20.8002299,
          55.13603
        ],
        [
          20.8001199,
          55.136
        ],
        [
          20.80001,
          55.13596
        ],
        [
          20.7998999,
          55.13594
        ],
        [
          20.79979,
          55.13591
        ],
        [
          20.79968,
          55.1358799
        ],
        [
          20.7995699,
          55.1358499
        ],
        [
          20.79946,
          55.1358199
        ],
        [
          20.7993399,
          55.1357899
        ],
        [
          20.79923,
          55.1357499
        ],
        [
          20.79912,
          55.1357199
        ],
        [
          20.7990099,
          55.1356899
        ],
        [
          20.7989,
          55.1356599
        ],
        [
          20.79879,
          55.13563
        ],
        [
          20.79867,
          55.1356
        ],
        [
          20.79856,
          55.13557
        ],
        [
          20.7984499,
          55.1355499
        ],
        [
          20.79834,
          55.1355199
        ],
        [
          20.79823,
          55.1354899
        ],
        [
          20.7981199,
          55.1354599
        ],
        [
          20.79801,
          55.1354299
        ],
        [
          20.7979,
          55.1354
        ],
        [
          20.7977899,
          55.13537
        ],
        [
          20.7976899,
          55.13534
        ],
        [
          20.79758,
          55.13532
        ],
        [
          20.7974699,
          55.1352899
        ],
        [
          20.79736,
          55.1352599
        ],
        [
          20.79725,
          55.1352299
        ],
        [
          20.7971399,
          55.1351999
        ],
        [
          20.79703,
          55.13517
        ],
        [
          20.79692,
          55.13514
        ],
        [
          20.7968,
          55.13511
        ],
        [
          20.79669,
          55.13508
        ],
        [
          20.7965799,
          55.13505
        ],
        [
          20.79647,
          55.13502
        ],
        [
          20.79636,
          55.13499
        ],
        [
          20.7962499,
          55.1349599
        ],
        [
          20.79614,
          55.1349299
        ],
        [
          20.79603,
          55.1348999
        ],
        [
          20.7959199,
          55.1348699
        ],
        [
          20.7958,
          55.1348399
        ],
        [
          20.7956999,
          55.1347999
        ],
        [
          20.7955899,
          55.1347699
        ],
        [
          20.79548,
          55.1347399
        ],
        [
          20.7953699,
          55.1346999
        ],
        [
          20.79526,
          55.13468
        ],
        [
          20.79515,
          55.13465
        ],
        [
          20.79505,
          55.13462
        ],
        [
          20.79493,
          55.13458
        ],
        [
          20.79482,
          55.13455
        ],
        [
          20.7947099,
          55.13452
        ],
        [
          20.7946,
          55.13449
        ],
        [
          20.79449,
          55.13446
        ],
        [
          20.79437,
          55.1344399
        ],
        [
          20.79426,
          55.1344
        ],
        [
          20.79414,
          55.1343799
        ],
        [
          20.79403,
          55.13436
        ],
        [
          20.7939199,
          55.13433
        ],
        [
          20.7938,
          55.1343
        ],
        [
          20.7936899,
          55.1342699
        ],
        [
          20.79358,
          55.1342499
        ],
        [
          20.79347,
          55.13422
        ],
        [
          20.7933599,
          55.13419
        ],
        [
          20.79325,
          55.13416
        ],
        [
          20.79314,
          55.13413
        ],
        [
          20.79302,
          55.1341
        ],
        [
          20.7929099,
          55.1340799
        ],
        [
          20.7927999,
          55.1340499
        ],
        [
          20.79269,
          55.1340199
        ],
        [
          20.7925799,
          55.13399
        ],
        [
          20.79247,
          55.1339499
        ],
        [
          20.7923499,
          55.1339199
        ],
        [
          20.79224,
          55.13389
        ],
        [
          20.7921199,
          55.13386
        ],
        [
          20.792,
          55.13383
        ],
        [
          20.7918799,
          55.13381
        ],
        [
          20.7917599,
          55.1337799
        ],
        [
          20.7916499,
          55.1337499
        ],
        [
          20.7915299,
          55.13373
        ],
        [
          20.7914199,
          55.1337
        ],
        [
          20.7912999,
          55.13366
        ],
        [
          20.7911899,
          55.13363
        ],
        [
          20.79108,
          55.1336
        ],
        [
          20.7909699,
          55.13357
        ],
        [
          20.79086,
          55.13353
        ],
        [
          20.7907399,
          55.1335
        ],
        [
          20.79063,
          55.13347
        ],
        [
          20.7905099,
          55.13344
        ],
        [
          20.79039,
          55.13341
        ],
        [
          20.7902799,
          55.13338
        ],
        [
          20.79016,
          55.13335
        ],
        [
          20.7900499,
          55.1333199
        ],
        [
          20.78994,
          55.1332899
        ],
        [
          20.7898199,
          55.1332599
        ],
        [
          20.7897,
          55.1332299
        ],
        [
          20.78958,
          55.1331899
        ],
        [
          20.78947,
          55.1331599
        ],
        [
          20.7893599,
          55.1331299
        ],
        [
          20.78924,
          55.1330999
        ],
        [
          20.7891299,
          55.13307
        ],
        [
          20.7891299,
          55.13307
        ],
        [
          20.78892,
          55.1329999
        ],
        [
          20.78881,
          55.13297
        ],
        [
          20.7886999,
          55.13294
        ],
        [
          20.78859,
          55.13291
        ],
        [
          20.78849,
          55.13288
        ],
        [
          20.7883799,
          55.13285
        ],
        [
          20.7883799,
          55.13285
        ],
        [
          20.78817,
          55.13279
        ],
        [
          20.78807,
          55.1327599
        ],
        [
          20.78807,
          55.1327599
        ],
        [
          20.78786,
          55.1326999
        ],
        [
          20.78776,
          55.1326699
        ],
        [
          20.78764,
          55.1326399
        ],
        [
          20.78754,
          55.1325999
        ],
        [
          20.78743,
          55.1325699
        ],
        [
          20.7873199,
          55.1325399
        ],
        [
          20.78721,
          55.1325099
        ],
        [
          20.7870999,
          55.13248
        ],
        [
          20.78698,
          55.13246
        ],
        [
          20.7868599,
          55.13243
        ],
        [
          20.78675,
          55.1323999
        ],
        [
          20.7866399,
          55.1323699
        ],
        [
          20.7865299,
          55.1323399
        ],
        [
          20.7864099,
          55.1323
        ],
        [
          20.78629,
          55.1322699
        ],
        [
          20.7861799,
          55.1322399
        ],
        [
          20.7860699,
          55.1322099
        ],
        [
          20.78596,
          55.1321799
        ],
        [
          20.78596,
          55.1321799
        ],
        [
          20.78574,
          55.13213
        ],
        [
          20.78563,
          55.1321
        ],
        [
          20.78551,
          55.13207
        ],
        [
          20.7853899,
          55.1320399
        ],
        [
          20.7852899,
          55.1320099
        ],
        [
          20.7852899,
          55.1320099
        ],
        [
          20.78518,
          55.13197
        ],
        [
          20.78498,
          55.1319
        ],
        [
          20.7848899,
          55.13186
        ],
        [
          20.7847899,
          55.1318199
        ],
        [
          20.7846999,
          55.1317799
        ],
        [
          20.78461,
          55.13173
        ],
        [
          20.78451,
          55.1316799
        ],
        [
          20.78442,
          55.13164
        ],
        [
          20.78432,
          55.1315899
        ],
        [
          20.78423,
          55.13154
        ],
        [
          20.7841399,
          55.1314899
        ],
        [
          20.78405,
          55.13143
        ],
        [
          20.78396,
          55.1313899
        ],
        [
          20.78386,
          55.13134
        ],
        [
          20.78377,
          55.1312899
        ],
        [
          20.7836799,
          55.13124
        ],
        [
          20.78359,
          55.1311899
        ],
        [
          20.7835099,
          55.13114
        ],
        [
          20.7834199,
          55.1311
        ],
        [
          20.7834199,
          55.1311
        ],
        [
          20.78333,
          55.13105
        ],
        [
          20.7831599,
          55.1309599
        ],
        [
          20.7831599,
          55.1309599
        ],
        [
          20.7829899,
          55.1308599
        ],
        [
          20.7829,
          55.13081
        ],
        [
          20.78281,
          55.1307599
        ],
        [
          20.78272,
          55.13071
        ],
        [
          20.7826299,
          55.1306599
        ],
        [
          20.78254,
          55.13062
        ],
        [
          20.78245,
          55.1305699
        ],
        [
          20.78236,
          55.13052
        ],
        [
          20.78226,
          55.13048
        ],
        [
          20.7821699,
          55.1304299
        ],
        [
          20.78208,
          55.13038
        ],
        [
          20.7819999,
          55.13033
        ],
        [
          20.7819999,
          55.13033
        ],
        [
          20.78183,
          55.13023
        ],
        [
          20.7817399,
          55.1301699
        ],
        [
          20.7816499,
          55.13013
        ],
        [
          20.78157,
          55.1300699
        ],
        [
          20.7814799,
          55.13003
        ],
        [
          20.78139,
          55.1299799
        ],
        [
          20.7813099,
          55.12993
        ],
        [
          20.7812199,
          55.1298799
        ],
        [
          20.78113,
          55.12983
        ],
        [
          20.7810499,
          55.1297799
        ],
        [
          20.7809499,
          55.1297399
        ],
        [
          20.7808599,
          55.12969
        ],
        [
          20.78078,
          55.12964
        ],
        [
          20.78078,
          55.12964
        ],
        [
          20.7805999,
          55.1295499
        ],
        [
          20.7805999,
          55.1295499
        ],
        [
          20.7804299,
          55.12946
        ],
        [
          20.78035,
          55.12941
        ],
        [
          20.7802699,
          55.12937
        ],
        [
          20.78019,
          55.1293199
        ],
        [
          20.78012,
          55.12927
        ],
        [
          20.7800399,
          55.1292199
        ],
        [
          20.7799699,
          55.12918
        ],
        [
          20.7798999,
          55.12913
        ],
        [
          20.77982,
          55.1290899
        ],
        [
          20.77975,
          55.12905
        ],
        [
          20.7796799,
          55.12901
        ],
        [
          20.7796099,
          55.12898
        ],
        [
          20.7795399,
          55.12895
        ],
        [
          20.7795399,
          55.12895
        ],
        [
          20.7794,
          55.1288599
        ],
        [
          20.7793199,
          55.12882
        ],
        [
          20.77924,
          55.12877
        ],
        [
          20.77916,
          55.1287299
        ],
        [
          20.77907,
          55.1286899
        ],
        [
          20.7789899,
          55.12864
        ],
        [
          20.7789,
          55.1285999
        ],
        [
          20.77881,
          55.12855
        ],
        [
          20.77873,
          55.1284999
        ],
        [
          20.77864,
          55.12845
        ],
        [
          20.7785599,
          55.12841
        ],
        [
          20.77848,
          55.12836
        ],
        [
          20.7783999,
          55.12832
        ],
        [
          20.77832,
          55.1282699
        ],
        [
          20.77825,
          55.12822
        ],
        [
          20.7781699,
          55.12818
        ],
        [
          20.77809,
          55.12813
        ],
        [
          20.77801,
          55.12808
        ],
        [
          20.77792,
          55.12803
        ],
        [
          20.7778399,
          55.1279799
        ],
        [
          20.7777699,
          55.12793
        ],
        [
          20.77769,
          55.1278799
        ],
        [
          20.77762,
          55.12783
        ],
        [
          20.77755,
          55.1277799
        ],
        [
          20.7774699,
          55.12773
        ],
        [
          20.7774,
          55.1276799
        ],
        [
          20.77732,
          55.12763
        ],
        [
          20.7772399,
          55.1275799
        ],
        [
          20.77717,
          55.1275199
        ],
        [
          20.77709,
          55.12747
        ],
        [
          20.7770199,
          55.1274099
        ],
        [
          20.77694,
          55.12736
        ],
        [
          20.7768499,
          55.12731
        ],
        [
          20.77677,
          55.12726
        ],
        [
          20.7766899,
          55.1272
        ],
        [
          20.7766199,
          55.1271499
        ],
        [
          20.77654,
          55.1271
        ],
        [
          20.77647,
          55.12704
        ],
        [
          20.7763899,
          55.1269899
        ],
        [
          20.77631,
          55.12694
        ],
        [
          20.7762299,
          55.12688
        ],
        [
          20.7762299,
          55.12688
        ],
        [
          20.7760699,
          55.12678
        ],
        [
          20.77599,
          55.1267199
        ],
        [
          20.7759299,
          55.1266599
        ],
        [
          20.77585,
          55.12661
        ],
        [
          20.77578,
          55.12655
        ],
        [
          20.77571,
          55.12649
        ],
        [
          20.77563,
          55.12642
        ],
        [
          20.77555,
          55.1263599
        ],
        [
          20.7754699,
          55.12631
        ],
        [
          20.7754,
          55.1262399
        ],
        [
          20.77533,
          55.12618
        ],
        [
          20.7752499,
          55.12611
        ],
        [
          20.7751799,
          55.12605
        ],
        [
          20.7751099,
          55.12598
        ],
        [
          20.77504,
          55.12592
        ],
        [
          20.77496,
          55.12585
        ],
        [
          20.77489,
          55.12579
        ],
        [
          20.77483,
          55.12572
        ],
        [
          20.77483,
          55.12572
        ],
        [
          20.7746799,
          55.12559
        ],
        [
          20.77461,
          55.1255399
        ],
        [
          20.77454,
          55.1254799
        ],
        [
          20.77447,
          55.1254199
        ],
        [
          20.7744,
          55.12536
        ],
        [
          20.7744,
          55.12536
        ],
        [
          20.77427,
          55.12524
        ],
        [
          20.7742,
          55.1251799
        ],
        [
          20.7742,
          55.1251799
        ],
        [
          20.77414,
          55.12513
        ],
        [
          20.77401,
          55.1250199
        ],
        [
          20.77394,
          55.12497
        ],
        [
          20.77388,
          55.12491
        ],
        [
          20.77388,
          55.12491
        ],
        [
          20.77375,
          55.1248
        ],
        [
          20.77368,
          55.12475
        ],
        [
          20.77362,
          55.12468
        ],
        [
          20.77356,
          55.1246299
        ],
        [
          20.77349,
          55.12457
        ],
        [
          20.77342,
          55.12451
        ],
        [
          20.77342,
          55.12451
        ],
        [
          20.7732699,
          55.1243899
        ],
        [
          20.7732699,
          55.1243899
        ],
        [
          20.7731099,
          55.12428
        ],
        [
          20.77303,
          55.12422
        ],
        [
          20.7729499,
          55.1241599
        ],
        [
          20.77287,
          55.1240999
        ],
        [
          20.7728,
          55.12405
        ],
        [
          20.7727199,
          55.12399
        ],
        [
          20.7726499,
          55.1239399
        ],
        [
          20.7726499,
          55.1239399
        ],
        [
          20.7724899,
          55.12383
        ],
        [
          20.77241,
          55.1237699
        ],
        [
          20.7723199,
          55.12372
        ],
        [
          20.77224,
          55.12366
        ],
        [
          20.7721599,
          55.1236099
        ],
        [
          20.77208,
          55.12355
        ],
        [
          20.77208,
          55.12355
        ],
        [
          20.7719299,
          55.1234399
        ],
        [
          20.7718599,
          55.12339
        ],
        [
          20.7717699,
          55.1233399
        ],
        [
          20.77169,
          55.12329
        ],
        [
          20.77162,
          55.12324
        ],
        [
          20.7715399,
          55.1231799
        ],
        [
          20.77146,
          55.12313
        ],
        [
          20.77138,
          55.12307
        ],
        [
          20.7713099,
          55.1230199
        ],
        [
          20.7712399,
          55.12296
        ],
        [
          20.7711799,
          55.12291
        ],
        [
          20.77112,
          55.1228499
        ],
        [
          20.7710699,
          55.1228
        ],
        [
          20.77102,
          55.12274
        ],
        [
          20.7709699,
          55.12268
        ],
        [
          20.77093,
          55.1226199
        ],
        [
          20.7709,
          55.1225599
        ],
        [
          20.77087,
          55.1224899
        ],
        [
          20.7708399,
          55.1224299
        ],
        [
          20.7708099,
          55.12237
        ],
        [
          20.77077,
          55.1222999
        ],
        [
          20.77074,
          55.12224
        ],
        [
          20.7707099,
          55.1221699
        ],
        [
          20.7706799,
          55.1220999
        ],
        [
          20.77064,
          55.1220299
        ],
        [
          20.7706,
          55.1219699
        ],
        [
          20.7706,
          55.1219699
        ],
        [
          20.77051,
          55.1218399
        ],
        [
          20.7704499,
          55.1217699
        ],
        [
          20.7704,
          55.1217099
        ],
        [
          20.77034,
          55.12165
        ],
        [
          20.77028,
          55.12159
        ],
        [
          20.77021,
          55.12153
        ],
        [
          20.77013,
          55.1214799
        ],
        [
          20.7700599,
          55.12142
        ],
        [
          20.76998,
          55.1213799
        ],
        [
          20.7698899,
          55.12133
        ],
        [
          20.7697999,
          55.1212799
        ],
        [
          20.76971,
          55.1212399
        ],
        [
          20.76971,
          55.1212399
        ],
        [
          20.7696299,
          55.1212
        ],
        [
          20.76945,
          55.1211099
        ],
        [
          20.76945,
          55.1211099
        ],
        [
          20.76936,
          55.1210799
        ],
        [
          20.76926,
          55.12103
        ],
        [
          20.76908,
          55.1209499
        ],
        [
          20.76899,
          55.1209099
        ],
        [
          20.7689099,
          55.12087
        ],
        [
          20.76882,
          55.12083
        ],
        [
          20.76873,
          55.1207899
        ],
        [
          20.7686399,
          55.1207499
        ],
        [
          20.7686399,
          55.1207499
        ],
        [
          20.76846,
          55.12067
        ],
        [
          20.76846,
          55.12067
        ],
        [
          20.7683,
          55.1205899
        ],
        [
          20.7682199,
          55.12054
        ],
        [
          20.76814,
          55.1205
        ],
        [
          20.7680599,
          55.12045
        ],
        [
          20.76798,
          55.1204
        ],
        [
          20.76791,
          55.1203599
        ],
        [
          20.7678299,
          55.12031
        ],
        [
          20.76775,
          55.1202599
        ],
        [
          20.76767,
          55.12021
        ],
        [
          20.7675899,
          55.12017
        ],
        [
          20.7675299,
          55.12011
        ],
        [
          20.7674599,
          55.1200599
        ],
        [
          20.76739,
          55.12001
        ],
        [
          20.76732,
          55.11995
        ],
        [
          20.76726,
          55.1198999
        ],
        [
          20.76721,
          55.11984
        ],
        [
          20.76721,
          55.11984
        ],
        [
          20.7670999,
          55.1197299
        ],
        [
          20.7670399,
          55.1196699
        ],
        [
          20.76699,
          55.1196099
        ],
        [
          20.76693,
          55.11956
        ],
        [
          20.7668699,
          55.1195099
        ],
        [
          20.76682,
          55.11945
        ],
        [
          20.76676,
          55.1193999
        ],
        [
          20.7667,
          55.1193399
        ],
        [
          20.7666499,
          55.11929
        ],
        [
          20.76659,
          55.11923
        ],
        [
          20.7665399,
          55.1191799
        ],
        [
          20.7664799,
          55.11913
        ],
        [
          20.7664099,
          55.11907
        ],
        [
          20.7663499,
          55.11902
        ],
        [
          20.76629,
          55.11896
        ],
        [
          20.76623,
          55.1189099
        ],
        [
          20.7661799,
          55.1188499
        ],
        [
          20.7661199,
          55.11879
        ],
        [
          20.76606,
          55.11874
        ],
        [
          20.766,
          55.1186899
        ],
        [
          20.76593,
          55.11864
        ],
        [
          20.7658599,
          55.1186
        ],
        [
          20.7657899,
          55.1185499
        ],
        [
          20.76571,
          55.1185
        ],
        [
          20.7656299,
          55.1184599
        ],
        [
          20.76555,
          55.11841
        ],
        [
          20.76547,
          55.1183599
        ],
        [
          20.7653899,
          55.11831
        ],
        [
          20.76532,
          55.11827
        ],
        [
          20.76524,
          55.1182299
        ],
        [
          20.7651599,
          55.1181899
        ],
        [
          20.76508,
          55.11815
        ],
        [
          20.76501,
          55.11811
        ],
        [
          20.76493,
          55.11807
        ],
        [
          20.76486,
          55.1180299
        ],
        [
          20.76479,
          55.1179899
        ],
        [
          20.76479,
          55.1179899
        ],
        [
          20.7646399,
          55.11791
        ],
        [
          20.7645699,
          55.1178699
        ],
        [
          20.76449,
          55.1178299
        ],
        [
          20.76442,
          55.11778
        ],
        [
          20.7643499,
          55.11774
        ],
        [
          20.76427,
          55.1176999
        ],
        [
          20.76419,
          55.11766
        ],
        [
          20.7641099,
          55.11762
        ],
        [
          20.76403,
          55.11759
        ],
        [
          20.7639499,
          55.11756
        ],
        [
          20.76387,
          55.11752
        ],
        [
          20.7637899,
          55.11749
        ],
        [
          20.76371,
          55.11745
        ],
        [
          20.7636299,
          55.11742
        ],
        [
          20.76355,
          55.11739
        ],
        [
          20.76348,
          55.11736
        ],
        [
          20.7633999,
          55.11733
        ],
        [
          20.7633299,
          55.1172999
        ],
        [
          20.76325,
          55.11726
        ],
        [
          20.7631699,
          55.11722
        ],
        [
          20.7631699,
          55.11722
        ],
        [
          20.76302,
          55.11715
        ],
        [
          20.7629399,
          55.11712
        ],
        [
          20.76286,
          55.1170799
        ],
        [
          20.76286,
          55.1170799
        ],
        [
          20.76272,
          55.117
        ],
        [
          20.76265,
          55.11696
        ],
        [
          20.7625699,
          55.11693
        ],
        [
          20.7625099,
          55.1168799
        ],
        [
          20.7624399,
          55.11683
        ],
        [
          20.7624399,
          55.11683
        ],
        [
          20.76229,
          55.1167
        ],
        [
          20.76222,
          55.11663
        ],
        [
          20.76222,
          55.11663
        ],
        [
          20.7620799,
          55.11646
        ],
        [
          20.7620799,
          55.11646
        ],
        [
          20.7620099,
          55.11638
        ],
        [
          20.7618799,
          55.11623
        ],
        [
          20.7618199,
          55.1161599
        ],
        [
          20.7618199,
          55.1161599
        ],
        [
          20.7617,
          55.11601
        ],
        [
          20.76164,
          55.11594
        ],
        [
          20.76164,
          55.11594
        ],
        [
          20.76158,
          55.11587
        ],
        [
          20.76147,
          55.11572
        ],
        [
          20.7614199,
          55.1156599
        ],
        [
          20.76137,
          55.11559
        ],
        [
          20.7613199,
          55.1155299
        ],
        [
          20.7612599,
          55.11548
        ],
        [
          20.76121,
          55.11541
        ],
        [
          20.76117,
          55.11535
        ],
        [
          20.7611299,
          55.11529
        ],
        [
          20.7611299,
          55.11529
        ],
        [
          20.76104,
          55.1151699
        ],
        [
          20.7609999,
          55.1151099
        ],
        [
          20.7609999,
          55.1151099
        ],
        [
          20.7609699,
          55.1150399
        ],
        [
          20.7608999,
          55.11492
        ],
        [
          20.7608599,
          55.11486
        ],
        [
          20.7608599,
          55.11486
        ],
        [
          20.7608299,
          55.1148
        ],
        [
          20.76076,
          55.11467
        ],
        [
          20.76076,
          55.11467
        ],
        [
          20.76072,
          55.1146
        ],
        [
          20.76065,
          55.1144799
        ],
        [
          20.76065,
          55.1144799
        ],
        [
          20.7606099,
          55.1144199
        ],
        [
          20.7605699,
          55.1143499
        ],
        [
          20.76053,
          55.1142899
        ],
        [
          20.7604999,
          55.11423
        ],
        [
          20.7604699,
          55.11417
        ],
        [
          20.76043,
          55.11411
        ],
        [
          20.7604,
          55.11404
        ],
        [
          20.7603399,
          55.1139199
        ],
        [
          20.7603399,
          55.1139199
        ],
        [
          20.7603,
          55.1138599
        ],
        [
          20.7602099,
          55.11374
        ],
        [
          20.7602099,
          55.11374
        ],
        [
          20.76017,
          55.11368
        ],
        [
          20.76012,
          55.11362
        ],
        [
          20.76006,
          55.1135599
        ],
        [
          20.7600099,
          55.1134999
        ],
        [
          20.75996,
          55.11344
        ],
        [
          20.7599,
          55.11338
        ],
        [
          20.7598499,
          55.11332
        ],
        [
          20.7598,
          55.1132699
        ],
        [
          20.75974,
          55.11321
        ],
        [
          20.7596899,
          55.11315
        ],
        [
          20.7595799,
          55.1130399
        ],
        [
          20.7595799,
          55.1130399
        ],
        [
          20.7595199,
          55.11298
        ],
        [
          20.75947,
          55.11292
        ],
        [
          20.7594199,
          55.1128699
        ],
        [
          20.7593,
          55.11276
        ],
        [
          20.75925,
          55.1127
        ],
        [
          20.7591899,
          55.1126399
        ],
        [
          20.75912,
          55.11259
        ],
        [
          20.75907,
          55.11253
        ],
        [
          20.75901,
          55.1124799
        ],
        [
          20.75895,
          55.1124199
        ],
        [
          20.75889,
          55.11237
        ],
        [
          20.7588299,
          55.1123099
        ],
        [
          20.7587699,
          55.1122499
        ],
        [
          20.75871,
          55.1122
        ],
        [
          20.75865,
          55.1121499
        ],
        [
          20.75859,
          55.1120899
        ],
        [
          20.7585299,
          55.11204
        ],
        [
          20.7585299,
          55.11204
        ],
        [
          20.7584699,
          55.11198
        ],
        [
          20.7583399,
          55.11187
        ],
        [
          20.7583399,
          55.11187
        ],
        [
          20.75828,
          55.11181
        ],
        [
          20.75822,
          55.11175
        ],
        [
          20.7581699,
          55.1116899
        ],
        [
          20.75812,
          55.1116299
        ],
        [
          20.75806,
          55.11158
        ],
        [
          20.75799,
          55.11152
        ],
        [
          20.75793,
          55.11147
        ],
        [
          20.75786,
          55.11141
        ],
        [
          20.7578,
          55.11135
        ],
        [
          20.75774,
          55.1112999
        ],
        [
          20.7576799,
          55.11124
        ],
        [
          20.7576199,
          55.11118
        ],
        [
          20.75756,
          55.1111299
        ],
        [
          20.7575,
          55.1110699
        ],
        [
          20.75744,
          55.1110099
        ],
        [
          20.75738,
          55.11096
        ],
        [
          20.75731,
          55.1108999
        ],
        [
          20.7572499,
          55.11085
        ],
        [
          20.7571899,
          55.11079
        ],
        [
          20.7571199,
          55.1107399
        ],
        [
          20.75705,
          55.1106799
        ],
        [
          20.75697,
          55.11063
        ],
        [
          20.7568999,
          55.1105799
        ],
        [
          20.7568299,
          55.11053
        ],
        [
          20.75675,
          55.1104799
        ],
        [
          20.75668,
          55.11043
        ],
        [
          20.7565999,
          55.1103799
        ],
        [
          20.7565299,
          55.1103199
        ],
        [
          20.75646,
          55.11027
        ],
        [
          20.75639,
          55.1102199
        ],
        [
          20.7563099,
          55.11016
        ],
        [
          20.7562399,
          55.11011
        ],
        [
          20.75616,
          55.11006
        ],
        [
          20.7560799,
          55.11001
        ],
        [
          20.7560099,
          55.1099499
        ],
        [
          20.7559399,
          55.1099
        ],
        [
          20.75586,
          55.10984
        ],
        [
          20.7557799,
          55.1097899
        ],
        [
          20.75569,
          55.10973
        ],
        [
          20.7556199,
          55.10968
        ],
        [
          20.75554,
          55.1096199
        ],
        [
          20.75547,
          55.10957
        ],
        [
          20.7553899,
          55.10951
        ],
        [
          20.7553199,
          55.1094599
        ],
        [
          20.75524,
          55.1093999
        ],
        [
          20.7551599,
          55.10935
        ],
        [
          20.7550899,
          55.1092999
        ],
        [
          20.75501,
          55.10924
        ],
        [
          20.75494,
          55.10919
        ],
        [
          20.7548599,
          55.10914
        ],
        [
          20.75478,
          55.10908
        ],
        [
          20.7546999,
          55.1090299
        ],
        [
          20.75462,
          55.1089699
        ],
        [
          20.75454,
          55.10891
        ],
        [
          20.75445,
          55.10886
        ],
        [
          20.7543699,
          55.1088099
        ],
        [
          20.7542999,
          55.10875
        ],
        [
          20.75422,
          55.1086999
        ],
        [
          20.7541399,
          55.1086399
        ],
        [
          20.75406,
          55.10859
        ],
        [
          20.75398,
          55.1085399
        ],
        [
          20.7539,
          55.1084799
        ],
        [
          20.75382,
          55.10843
        ],
        [
          20.7537499,
          55.10837
        ],
        [
          20.75367,
          55.10832
        ],
        [
          20.75359,
          55.10826
        ],
        [
          20.7535099,
          55.1082099
        ],
        [
          20.75343,
          55.1081499
        ],
        [
          20.7533499,
          55.10809
        ],
        [
          20.7532799,
          55.10804
        ],
        [
          20.7532,
          55.1079899
        ],
        [
          20.7531199,
          55.10793
        ],
        [
          20.75303,
          55.1078799
        ],
        [
          20.7529499,
          55.10783
        ],
        [
          20.75287,
          55.10777
        ],
        [
          20.7527899,
          55.1077199
        ],
        [
          20.75271,
          55.1076599
        ],
        [
          20.7526299,
          55.10761
        ],
        [
          20.7525599,
          55.10755
        ],
        [
          20.75248,
          55.1075
        ],
        [
          20.7523999,
          55.10745
        ],
        [
          20.7523299,
          55.1073899
        ],
        [
          20.75225,
          55.10734
        ],
        [
          20.75218,
          55.1072899
        ],
        [
          20.7520999,
          55.10724
        ],
        [
          20.7520299,
          55.10718
        ],
        [
          20.7519699,
          55.1071299
        ],
        [
          20.75189,
          55.10708
        ],
        [
          20.75183,
          55.1070299
        ],
        [
          20.7517699,
          55.10698
        ],
        [
          20.7517099,
          55.10692
        ],
        [
          20.75165,
          55.1068699
        ],
        [
          20.75159,
          55.10681
        ],
        [
          20.75153,
          55.10676
        ],
        [
          20.75147,
          55.1066999
        ],
        [
          20.7514099,
          55.1066399
        ],
        [
          20.7513499,
          55.10659
        ],
        [
          20.75129,
          55.10653
        ],
        [
          20.75124,
          55.1064799
        ],
        [
          20.7511799,
          55.10642
        ],
        [
          20.75113,
          55.10636
        ],
        [
          20.75107,
          55.1063
        ],
        [
          20.75101,
          55.1062399
        ],
        [
          20.7509499,
          55.10619
        ],
        [
          20.7509,
          55.10613
        ],
        [
          20.75084,
          55.10607
        ],
        [
          20.75077,
          55.1060099
        ],
        [
          20.75071,
          55.1059499
        ],
        [
          20.75064,
          55.10589
        ],
        [
          20.75057,
          55.10583
        ],
        [
          20.7504999,
          55.10577
        ],
        [
          20.75044,
          55.10571
        ],
        [
          20.75038,
          55.1056499
        ],
        [
          20.75032,
          55.1055899
        ],
        [
          20.7502599,
          55.10553
        ],
        [
          20.75019,
          55.10548
        ],
        [
          20.7501299,
          55.1054199
        ],
        [
          20.75001,
          55.1053
        ],
        [
          20.75001,
          55.1053
        ],
        [
          20.74995,
          55.10525
        ],
        [
          20.74983,
          55.10514
        ],
        [
          20.74976,
          55.10508
        ],
        [
          20.74976,
          55.10508
        ],
        [
          20.7496399,
          55.1049699
        ],
        [
          20.7495799,
          55.10491
        ],
        [
          20.74952,
          55.1048599
        ],
        [
          20.7494699,
          55.1047999
        ],
        [
          20.7494099,
          55.10475
        ],
        [
          20.7493499,
          55.10469
        ],
        [
          20.7492799,
          55.1046299
        ],
        [
          20.7492799,
          55.1046299
        ],
        [
          20.7492199,
          55.10458
        ],
        [
          20.74916,
          55.10452
        ],
        [
          20.7491,
          55.1044699
        ],
        [
          20.749,
          55.10436
        ],
        [
          20.749,
          55.10436
        ],
        [
          20.74887,
          55.10425
        ],
        [
          20.74887,
          55.10425
        ],
        [
          20.74881,
          55.10419
        ],
        [
          20.7487499,
          55.1041399
        ],
        [
          20.7486899,
          55.1040799
        ],
        [
          20.74863,
          55.10402
        ],
        [
          20.74857,
          55.10397
        ],
        [
          20.74851,
          55.1039099
        ],
        [
          20.74845,
          55.10386
        ],
        [
          20.7483899,
          55.1038
        ],
        [
          20.74834,
          55.1037499
        ],
        [
          20.7482899,
          55.1036899
        ],
        [
          20.7482299,
          55.10364
        ],
        [
          20.74817,
          55.1035799
        ],
        [
          20.74811,
          55.10353
        ],
        [
          20.7480599,
          55.10347
        ],
        [
          20.7479999,
          55.1034199
        ],
        [
          20.7479399,
          55.10337
        ],
        [
          20.74789,
          55.1033199
        ],
        [
          20.7478299,
          55.10327
        ],
        [
          20.7477699,
          55.1032199
        ],
        [
          20.74772,
          55.10317
        ],
        [
          20.74766,
          55.10311
        ],
        [
          20.7476099,
          55.1030599
        ],
        [
          20.74756,
          55.10301
        ],
        [
          20.7475,
          55.1029599
        ],
        [
          20.74745,
          55.10291
        ],
        [
          20.74739,
          55.10285
        ],
        [
          20.74733,
          55.1027999
        ],
        [
          20.7472799,
          55.10275
        ],
        [
          20.74722,
          55.1026999
        ],
        [
          20.74716,
          55.10265
        ],
        [
          20.7471,
          55.1025999
        ],
        [
          20.74704,
          55.1025399
        ],
        [
          20.7469799,
          55.10249
        ],
        [
          20.7469199,
          55.1024399
        ],
        [
          20.7468499,
          55.10239
        ],
        [
          20.7467799,
          55.10233
        ],
        [
          20.74671,
          55.10228
        ],
        [
          20.74664,
          55.10223
        ],
        [
          20.7465599,
          55.1021799
        ],
        [
          20.7464899,
          55.10213
        ],
        [
          20.74641,
          55.10209
        ],
        [
          20.7463299,
          55.1020399
        ],
        [
          20.74625,
          55.10199
        ],
        [
          20.74618,
          55.1019499
        ],
        [
          20.7460999,
          55.1019
        ],
        [
          20.74602,
          55.1018499
        ],
        [
          20.74594,
          55.1018099
        ],
        [
          20.7458599,
          55.10176
        ],
        [
          20.74578,
          55.1017199
        ],
        [
          20.74571,
          55.10167
        ],
        [
          20.7456299,
          55.10163
        ],
        [
          20.74556,
          55.1015799
        ],
        [
          20.74548,
          55.10154
        ],
        [
          20.7453999,
          55.1015
        ],
        [
          20.74532,
          55.1014499
        ],
        [
          20.7452399,
          55.1014
        ],
        [
          20.7451699,
          55.1013499
        ],
        [
          20.74509,
          55.10131
        ],
        [
          20.74502,
          55.1012599
        ],
        [
          20.7449399,
          55.1012199
        ],
        [
          20.74486,
          55.10117
        ],
        [
          20.7447799,
          55.1011199
        ],
        [
          20.7447,
          55.10108
        ],
        [
          20.74463,
          55.1010299
        ],
        [
          20.7445499,
          55.10098
        ],
        [
          20.74447,
          55.1009299
        ],
        [
          20.7444,
          55.10088
        ],
        [
          20.7443199,
          55.10084
        ],
        [
          20.74424,
          55.1007899
        ],
        [
          20.74417,
          55.10074
        ],
        [
          20.7441,
          55.10068
        ],
        [
          20.74402,
          55.1006299
        ],
        [
          20.74395,
          55.1005699
        ],
        [
          20.7438899,
          55.10051
        ],
        [
          20.74382,
          55.10046
        ],
        [
          20.7437599,
          55.1003999
        ],
        [
          20.7436999,
          55.1003399
        ],
        [
          20.7436399,
          55.10028
        ],
        [
          20.74358,
          55.10022
        ],
        [
          20.74352,
          55.10016
        ],
        [
          20.74346,
          55.1001099
        ],
        [
          20.7434099,
          55.10005
        ],
        [
          20.74336,
          55.09999
        ],
        [
          20.7432999,
          55.09993
        ],
        [
          20.7432399,
          55.0998699
        ],
        [
          20.74319,
          55.0998099
        ],
        [
          20.7431399,
          55.0997499
        ],
        [
          20.74309,
          55.09969
        ],
        [
          20.7430399,
          55.09963
        ],
        [
          20.74299,
          55.09957
        ],
        [
          20.7429499,
          55.0995099
        ],
        [
          20.7429,
          55.0994499
        ],
        [
          20.7428499,
          55.0993899
        ],
        [
          20.7428,
          55.09933
        ],
        [
          20.74276,
          55.09927
        ],
        [
          20.74273,
          55.09921
        ],
        [
          20.7427,
          55.09914
        ],
        [
          20.74267,
          55.09908
        ],
        [
          20.74264,
          55.0990199
        ],
        [
          20.7426199,
          55.09895
        ],
        [
          20.7426,
          55.0988899
        ],
        [
          20.74257,
          55.0988199
        ],
        [
          20.7425499,
          55.0987599
        ],
        [
          20.74253,
          55.0986999
        ],
        [
          20.74251,
          55.0986299
        ],
        [
          20.7424899,
          55.09857
        ],
        [
          20.74247,
          55.09851
        ],
        [
          20.74244,
          55.09845
        ],
        [
          20.7424199,
          55.09838
        ],
        [
          20.7424,
          55.0983299
        ],
        [
          20.7423799,
          55.09826
        ],
        [
          20.74236,
          55.0981999
        ],
        [
          20.74234,
          55.0981399
        ],
        [
          20.74233,
          55.09808
        ],
        [
          20.74231,
          55.09802
        ],
        [
          20.74228,
          55.09796
        ],
        [
          20.7422599,
          55.09789
        ],
        [
          20.74224,
          55.09783
        ],
        [
          20.7422199,
          55.0977699
        ],
        [
          20.7421899,
          55.0977099
        ],
        [
          20.74217,
          55.0976499
        ],
        [
          20.7421499,
          55.09759
        ],
        [
          20.7421299,
          55.09752
        ],
        [
          20.74211,
          55.09746
        ],
        [
          20.7420899,
          55.0974099
        ],
        [
          20.74207,
          55.09734
        ],
        [
          20.7420599,
          55.0972799
        ],
        [
          20.74204,
          55.0972199
        ],
        [
          20.74201,
          55.0971499
        ],
        [
          20.7419899,
          55.0970899
        ],
        [
          20.74197,
          55.0970199
        ],
        [
          20.74194,
          55.0969599
        ],
        [
          20.7419199,
          55.0968899
        ],
        [
          20.7418999,
          55.09683
        ],
        [
          20.74187,
          55.09677
        ],
        [
          20.74185,
          55.09671
        ],
        [
          20.74182,
          55.09664
        ],
        [
          20.7417999,
          55.09658
        ],
        [
          20.74177,
          55.09652
        ],
        [
          20.7417299,
          55.0964599
        ],
        [
          20.74169,
          55.0963899
        ],
        [
          20.74165,
          55.0963299
        ],
        [
          20.74161,
          55.09628
        ],
        [
          20.7415599,
          55.09622
        ],
        [
          20.74152,
          55.0961599
        ],
        [
          20.7414699,
          55.0960999
        ],
        [
          20.7414299,
          55.0960399
        ],
        [
          20.74138,
          55.09598
        ],
        [
          20.74132,
          55.09592
        ],
        [
          20.74128,
          55.09586
        ],
        [
          20.7412399,
          55.0957999
        ],
        [
          20.74118,
          55.0957399
        ],
        [
          20.74113,
          55.0956799
        ],
        [
          20.7410699,
          55.09562
        ],
        [
          20.74102,
          55.09556
        ],
        [
          20.74096,
          55.0955
        ],
        [
          20.7409,
          55.0954499
        ],
        [
          20.7408399,
          55.09539
        ],
        [
          20.7407799,
          55.09533
        ],
        [
          20.74072,
          55.0952799
        ],
        [
          20.7406499,
          55.0952199
        ],
        [
          20.7405799,
          55.09517
        ],
        [
          20.7405099,
          55.0951199
        ],
        [
          20.74044,
          55.09507
        ],
        [
          20.74037,
          55.0950199
        ],
        [
          20.7403,
          55.09496
        ],
        [
          20.74024,
          55.09491
        ],
        [
          20.74017,
          55.0948599
        ],
        [
          20.7401,
          55.09481
        ],
        [
          20.74003,
          55.0947499
        ],
        [
          20.7399599,
          55.0947
        ],
        [
          20.7398899,
          55.0946599
        ],
        [
          20.7398199,
          55.09461
        ],
        [
          20.7397599,
          55.0945599
        ],
        [
          20.7396899,
          55.09451
        ],
        [
          20.7396299,
          55.0944599
        ],
        [
          20.73958,
          55.09442
        ],
        [
          20.73952,
          55.09438
        ],
        [
          20.7394599,
          55.0943299
        ],
        [
          20.73941,
          55.0942899
        ],
        [
          20.7393599,
          55.09425
        ],
        [
          20.73931,
          55.09421
        ],
        [
          20.73926,
          55.0941699
        ],
        [
          20.73921,
          55.0941299
        ],
        [
          20.73915,
          55.09409
        ],
        [
          20.73909,
          55.09405
        ],
        [
          20.73903,
          55.0939999
        ],
        [
          20.73898,
          55.09396
        ],
        [
          20.7389099,
          55.09392
        ],
        [
          20.73885,
          55.0938699
        ],
        [
          20.7387799,
          55.09382
        ],
        [
          20.73872,
          55.0937699
        ],
        [
          20.7386399,
          55.09372
        ],
        [
          20.73857,
          55.09368
        ],
        [
          20.7385,
          55.09363
        ],
        [
          20.7384199,
          55.0935799
        ],
        [
          20.73834,
          55.09353
        ],
        [
          20.73826,
          55.09349
        ],
        [
          20.7381799,
          55.0934399
        ],
        [
          20.7381,
          55.09339
        ],
        [
          20.7380199,
          55.0933499
        ],
        [
          20.73794,
          55.0933
        ],
        [
          20.7378599,
          55.09326
        ],
        [
          20.73777,
          55.09322
        ],
        [
          20.73768,
          55.0931799
        ],
        [
          20.7375899,
          55.09313
        ],
        [
          20.7374999,
          55.09309
        ],
        [
          20.73742,
          55.0930499
        ],
        [
          20.7373299,
          55.093
        ],
        [
          20.73725,
          55.09296
        ],
        [
          20.73716,
          55.09291
        ],
        [
          20.73708,
          55.09287
        ],
        [
          20.73699,
          55.0928199
        ],
        [
          20.7368999,
          55.0927799
        ],
        [
          20.7368099,
          55.09273
        ],
        [
          20.73672,
          55.0926899
        ],
        [
          20.73663,
          55.09264
        ],
        [
          20.7365399,
          55.0926
        ],
        [
          20.7364499,
          55.0925499
        ],
        [
          20.73636,
          55.09251
        ],
        [
          20.73627,
          55.09247
        ],
        [
          20.73619,
          55.0924199
        ],
        [
          20.7361,
          55.09238
        ],
        [
          20.73601,
          55.0923299
        ],
        [
          20.73593,
          55.0922899
        ],
        [
          20.7358499,
          55.09224
        ],
        [
          20.73577,
          55.0921999
        ],
        [
          20.73568,
          55.0921599
        ],
        [
          20.7356,
          55.09211
        ],
        [
          20.73551,
          55.0920699
        ],
        [
          20.7354299,
          55.0920299
        ],
        [
          20.73534,
          55.09199
        ],
        [
          20.7352599,
          55.09194
        ],
        [
          20.7351699,
          55.0918999
        ],
        [
          20.73508,
          55.0918599
        ],
        [
          20.7349999,
          55.09181
        ],
        [
          20.73491,
          55.0917699
        ],
        [
          20.7348299,
          55.0917299
        ],
        [
          20.7347399,
          55.09168
        ],
        [
          20.73466,
          55.09163
        ],
        [
          20.7345699,
          55.09158
        ],
        [
          20.7345,
          55.09153
        ],
        [
          20.73442,
          55.09148
        ],
        [
          20.7343399,
          55.09143
        ],
        [
          20.73426,
          55.0913699
        ],
        [
          20.73419,
          55.09133
        ],
        [
          20.7341099,
          55.0912699
        ],
        [
          20.73403,
          55.0912099
        ],
        [
          20.73397,
          55.09116
        ],
        [
          20.73391,
          55.0911
        ],
        [
          20.73386,
          55.0910399
        ],
        [
          20.7338,
          55.0909799
        ],
        [
          20.73376,
          55.0909099
        ],
        [
          20.73371,
          55.0908499
        ],
        [
          20.7336599,
          55.09079
        ],
        [
          20.7336199,
          55.09073
        ],
        [
          20.73357,
          55.09067
        ],
        [
          20.73353,
          55.0906
        ],
        [
          20.7334899,
          55.09054
        ],
        [
          20.73344,
          55.09048
        ],
        [
          20.7333899,
          55.0904199
        ],
        [
          20.73335,
          55.0903599
        ],
        [
          20.7332999,
          55.0903
        ],
        [
          20.73324,
          55.09024
        ],
        [
          20.73318,
          55.09018
        ],
        [
          20.73312,
          55.0901299
        ],
        [
          20.73305,
          55.09007
        ],
        [
          20.73298,
          55.09001
        ],
        [
          20.73291,
          55.0899599
        ],
        [
          20.7328399,
          55.0898999
        ],
        [
          20.73276,
          55.08985
        ],
        [
          20.73268,
          55.0897999
        ],
        [
          20.73259,
          55.08974
        ],
        [
          20.7325099,
          55.08968
        ],
        [
          20.73243,
          55.0896299
        ],
        [
          20.73236,
          55.0895699
        ],
        [
          20.73229,
          55.08951
        ],
        [
          20.7322099,
          55.08945
        ],
        [
          20.7321399,
          55.08939
        ],
        [
          20.73206,
          55.08933
        ],
        [
          20.73199,
          55.08928
        ],
        [
          20.7319199,
          55.08922
        ],
        [
          20.7318499,
          55.0891699
        ],
        [
          20.73177,
          55.0891099
        ],
        [
          20.7317,
          55.08906
        ],
        [
          20.73163,
          55.0890099
        ],
        [
          20.7315599,
          55.0889499
        ],
        [
          20.7314899,
          55.0889
        ],
        [
          20.7314199,
          55.0888499
        ],
        [
          20.7313599,
          55.0888
        ],
        [
          20.73128,
          55.08874
        ],
        [
          20.7312,
          55.08869
        ],
        [
          20.7311299,
          55.08864
        ],
        [
          20.73105,
          55.0885899
        ],
        [
          20.73098,
          55.08854
        ],
        [
          20.7308999,
          55.0884899
        ],
        [
          20.7308299,
          55.08843
        ],
        [
          20.73075,
          55.08838
        ],
        [
          20.7306699,
          55.08833
        ],
        [
          20.73059,
          55.08828
        ],
        [
          20.73052,
          55.0882199
        ],
        [
          20.7304399,
          55.0881599
        ],
        [
          20.73036,
          55.08811
        ],
        [
          20.7302799,
          55.08805
        ],
        [
          20.7302,
          55.088
        ],
        [
          20.73012,
          55.08794
        ],
        [
          20.7300399,
          55.0878899
        ],
        [
          20.72996,
          55.08785
        ],
        [
          20.72987,
          55.0877999
        ],
        [
          20.7297799,
          55.08775
        ],
        [
          20.7297,
          55.08771
        ],
        [
          20.72961,
          55.0876599
        ],
        [
          20.7295199,
          55.08761
        ],
        [
          20.72943,
          55.0875699
        ],
        [
          20.72934,
          55.0875299
        ],
        [
          20.7292499,
          55.08748
        ],
        [
          20.7291599,
          55.0874299
        ],
        [
          20.7290599,
          55.08739
        ],
        [
          20.72897,
          55.08735
        ],
        [
          20.72888,
          55.0872999
        ],
        [
          20.7287899,
          55.08725
        ],
        [
          20.7286999,
          55.08722
        ],
        [
          20.72861,
          55.0871699
        ],
        [
          20.7285299,
          55.0871399
        ],
        [
          20.7284399,
          55.08709
        ],
        [
          20.72835,
          55.08705
        ],
        [
          20.7282699,
          55.087
        ],
        [
          20.7281699,
          55.08696
        ],
        [
          20.7280799,
          55.0869099
        ],
        [
          20.72799,
          55.08687
        ],
        [
          20.7279099,
          55.08682
        ],
        [
          20.72782,
          55.08676
        ],
        [
          20.7277499,
          55.0867099
        ],
        [
          20.72767,
          55.08666
        ],
        [
          20.7276099,
          55.0866
        ],
        [
          20.7275499,
          55.0865499
        ],
        [
          20.7274899,
          55.0864799
        ],
        [
          20.72743,
          55.0864199
        ],
        [
          20.7273799,
          55.08637
        ],
        [
          20.72733,
          55.08631
        ],
        [
          20.7272899,
          55.08624
        ],
        [
          20.72724,
          55.08618
        ],
        [
          20.72718,
          55.08613
        ],
        [
          20.72713,
          55.08607
        ],
        [
          20.72708,
          55.08601
        ],
        [
          20.72704,
          55.08595
        ],
        [
          20.727,
          55.0859
        ],
        [
          20.72695,
          55.08584
        ],
        [
          20.7269,
          55.0857899
        ],
        [
          20.72685,
          55.0857299
        ],
        [
          20.72681,
          55.08568
        ],
        [
          20.72677,
          55.0856299
        ],
        [
          20.7267299,
          55.0855699
        ],
        [
          20.7266899,
          55.08552
        ],
        [
          20.72665,
          55.08548
        ],
        [
          20.72661,
          55.0854299
        ],
        [
          20.72658,
          55.08539
        ],
        [
          20.72654,
          55.0853399
        ],
        [
          20.72651,
          55.0852999
        ],
        [
          20.7264699,
          55.08526
        ],
        [
          20.72644,
          55.08522
        ],
        [
          20.7263999,
          55.08518
        ],
        [
          20.72636,
          55.08513
        ],
        [
          20.72632,
          55.08509
        ],
        [
          20.7262699,
          55.0850399
        ],
        [
          20.72622,
          55.08499
        ],
        [
          20.7261699,
          55.0849399
        ],
        [
          20.72612,
          55.08489
        ],
        [
          20.72608,
          55.0848399
        ],
        [
          20.72603,
          55.08479
        ],
        [
          20.7259699,
          55.0847399
        ],
        [
          20.7259099,
          55.08469
        ],
        [
          20.72585,
          55.0846499
        ],
        [
          20.72579,
          55.0846
        ],
        [
          20.72573,
          55.08456
        ],
        [
          20.72567,
          55.0845199
        ],
        [
          20.7256,
          55.08447
        ],
        [
          20.72553,
          55.08444
        ],
        [
          20.72546,
          55.08439
        ],
        [
          20.7254,
          55.0843499
        ],
        [
          20.72533,
          55.08431
        ],
        [
          20.72526,
          55.08426
        ],
        [
          20.7251799,
          55.0842199
        ],
        [
          20.7250899,
          55.08417
        ],
        [
          20.72501,
          55.0841199
        ],
        [
          20.72493,
          55.08408
        ],
        [
          20.72485,
          55.08403
        ],
        [
          20.72477,
          55.0839899
        ],
        [
          20.7246899,
          55.08394
        ],
        [
          20.72462,
          55.0838899
        ],
        [
          20.72455,
          55.08384
        ],
        [
          20.72448,
          55.0838
        ],
        [
          20.7243999,
          55.08375
        ],
        [
          20.7243299,
          55.08371
        ],
        [
          20.72425,
          55.08367
        ],
        [
          20.7241699,
          55.08362
        ],
        [
          20.72409,
          55.08357
        ],
        [
          20.7240099,
          55.08352
        ],
        [
          20.72393,
          55.08347
        ],
        [
          20.72385,
          55.0834299
        ],
        [
          20.7237699,
          55.08338
        ],
        [
          20.7237,
          55.0833299
        ],
        [
          20.72362,
          55.08328
        ],
        [
          20.72353,
          55.0832299
        ],
        [
          20.7234499,
          55.08318
        ],
        [
          20.72337,
          55.0831399
        ],
        [
          20.7233,
          55.08309
        ],
        [
          20.7232199,
          55.0830399
        ],
        [
          20.72314,
          55.08299
        ],
        [
          20.72307,
          55.0829399
        ],
        [
          20.7229899,
          55.0828999
        ],
        [
          20.72291,
          55.08285
        ],
        [
          20.72283,
          55.0828099
        ],
        [
          20.72275,
          55.08276
        ],
        [
          20.72268,
          55.0827099
        ],
        [
          20.72261,
          55.08266
        ],
        [
          20.72254,
          55.08262
        ],
        [
          20.72248,
          55.08257
        ],
        [
          20.72241,
          55.08252
        ],
        [
          20.72235,
          55.0824799
        ],
        [
          20.7222999,
          55.08243
        ],
        [
          20.72224,
          55.0823799
        ],
        [
          20.72218,
          55.08233
        ],
        [
          20.7221299,
          55.0822799
        ],
        [
          20.72206,
          55.0822199
        ],
        [
          20.7219999,
          55.08217
        ],
        [
          20.7219399,
          55.08211
        ],
        [
          20.7218699,
          55.0820499
        ],
        [
          20.7217999,
          55.0819899
        ],
        [
          20.72173,
          55.08193
        ],
        [
          20.72165,
          55.0818599
        ],
        [
          20.7215699,
          55.0817899
        ],
        [
          20.7215,
          55.0817299
        ],
        [
          20.72143,
          55.0816599
        ],
        [
          20.72136,
          55.0816
        ],
        [
          20.72129,
          55.08154
        ],
        [
          20.72123,
          55.08148
        ],
        [
          20.72116,
          55.08141
        ],
        [
          20.7211,
          55.08135
        ],
        [
          20.72103,
          55.08128
        ],
        [
          20.72097,
          55.08121
        ],
        [
          20.7209,
          55.08115
        ],
        [
          20.7208199,
          55.08108
        ],
        [
          20.7207499,
          55.0809999
        ],
        [
          20.72068,
          55.0809299
        ],
        [
          20.72061,
          55.08086
        ],
        [
          20.72054,
          55.0807999
        ],
        [
          20.72048,
          55.08073
        ],
        [
          20.72041,
          55.08066
        ],
        [
          20.72034,
          55.0806
        ],
        [
          20.72028,
          55.08053
        ],
        [
          20.72021,
          55.0804699
        ],
        [
          20.72015,
          55.0804
        ],
        [
          20.72008,
          55.0803399
        ],
        [
          20.72002,
          55.08029
        ],
        [
          20.71996,
          55.08023
        ],
        [
          20.71991,
          55.08017
        ],
        [
          20.71985,
          55.0801099
        ],
        [
          20.71979,
          55.08006
        ],
        [
          20.71973,
          55.08
        ],
        [
          20.7196699,
          55.0799499
        ],
        [
          20.71962,
          55.0798899
        ],
        [
          20.71956,
          55.07984
        ],
        [
          20.7195,
          55.07978
        ],
        [
          20.71945,
          55.0797199
        ],
        [
          20.71939,
          55.0796599
        ],
        [
          20.71933,
          55.07961
        ],
        [
          20.7192799,
          55.07955
        ],
        [
          20.71922,
          55.0794899
        ],
        [
          20.71917,
          55.0794299
        ],
        [
          20.7191099,
          55.07937
        ],
        [
          20.71906,
          55.07931
        ],
        [
          20.719,
          55.0792599
        ],
        [
          20.71894,
          55.0791999
        ],
        [
          20.7188799,
          55.07914
        ],
        [
          20.7188199,
          55.07909
        ],
        [
          20.71876,
          55.0790299
        ],
        [
          20.71871,
          55.0789699
        ],
        [
          20.71864,
          55.07891
        ],
        [
          20.7185899,
          55.07885
        ],
        [
          20.71853,
          55.07879
        ],
        [
          20.71847,
          55.0787299
        ],
        [
          20.7184199,
          55.0786699
        ],
        [
          20.7183599,
          55.0785999
        ],
        [
          20.7183,
          55.0785399
        ],
        [
          20.71825,
          55.0784799
        ],
        [
          20.7181899,
          55.0784099
        ],
        [
          20.71814,
          55.07835
        ],
        [
          20.71808,
          55.07829
        ],
        [
          20.7180299,
          55.07823
        ],
        [
          20.7179699,
          55.07817
        ],
        [
          20.71792,
          55.0781
        ],
        [
          20.7178699,
          55.07804
        ],
        [
          20.71782,
          55.07797
        ],
        [
          20.71776,
          55.0779099
        ],
        [
          20.71771,
          55.07784
        ],
        [
          20.71766,
          55.0777799
        ],
        [
          20.7175999,
          55.07771
        ],
        [
          20.71755,
          55.0776499
        ],
        [
          20.71749,
          55.07758
        ],
        [
          20.7174399,
          55.0775199
        ],
        [
          20.7173799,
          55.0774599
        ],
        [
          20.71733,
          55.0773899
        ],
        [
          20.7172799,
          55.0773299
        ],
        [
          20.71723,
          55.07727
        ],
        [
          20.7171699,
          55.07721
        ],
        [
          20.71712,
          55.07715
        ],
        [
          20.71707,
          55.07708
        ],
        [
          20.71702,
          55.07702
        ],
        [
          20.71697,
          55.0769599
        ],
        [
          20.7169099,
          55.0768999
        ],
        [
          20.71686,
          55.07684
        ],
        [
          20.7168099,
          55.07678
        ],
        [
          20.71676,
          55.07672
        ],
        [
          20.71671,
          55.07666
        ],
        [
          20.71666,
          55.0765999
        ],
        [
          20.71661,
          55.0765399
        ],
        [
          20.71656,
          55.07649
        ],
        [
          20.71651,
          55.07642
        ],
        [
          20.7164599,
          55.0763699
        ],
        [
          20.71641,
          55.07632
        ],
        [
          20.7163499,
          55.0762699
        ],
        [
          20.7162899,
          55.07622
        ],
        [
          20.7162299,
          55.0761799
        ],
        [
          20.71617,
          55.07613
        ],
        [
          20.71611,
          55.0760799
        ],
        [
          20.71604,
          55.0760399
        ],
        [
          20.71597,
          55.07599
        ],
        [
          20.7158899,
          55.0759499
        ],
        [
          20.71582,
          55.0759099
        ],
        [
          20.71574,
          55.0758799
        ],
        [
          20.7156699,
          55.07584
        ],
        [
          20.71559,
          55.0758
        ],
        [
          20.71552,
          55.07576
        ],
        [
          20.7154399,
          55.07573
        ],
        [
          20.71536,
          55.0757
        ],
        [
          20.71528,
          55.07566
        ],
        [
          20.7152099,
          55.07563
        ],
        [
          20.71513,
          55.0755899
        ],
        [
          20.71505,
          55.07556
        ],
        [
          20.7149799,
          55.0755199
        ],
        [
          20.7149,
          55.0754899
        ],
        [
          20.71482,
          55.0754599
        ],
        [
          20.7147499,
          55.07543
        ],
        [
          20.71467,
          55.0753899
        ],
        [
          20.7146,
          55.0753599
        ],
        [
          20.7145199,
          55.07533
        ],
        [
          20.7144499,
          55.0753
        ],
        [
          20.7143799,
          55.07527
        ],
        [
          20.71431,
          55.07524
        ],
        [
          20.71424,
          55.07521
        ],
        [
          20.71418,
          55.07518
        ],
        [
          20.71411,
          55.07515
        ],
        [
          20.7140299,
          55.0751199
        ],
        [
          20.7139599,
          55.07508
        ],
        [
          20.7138899,
          55.07505
        ],
        [
          20.71382,
          55.07502
        ],
        [
          20.71374,
          55.07498
        ],
        [
          20.7136699,
          55.07495
        ],
        [
          20.71359,
          55.07491
        ],
        [
          20.71352,
          55.07488
        ],
        [
          20.7134399,
          55.07485
        ],
        [
          20.71336,
          55.07482
        ],
        [
          20.71328,
          55.07478
        ],
        [
          20.7131999,
          55.07475
        ],
        [
          20.71313,
          55.07471
        ],
        [
          20.71305,
          55.07468
        ],
        [
          20.7129799,
          55.0746399
        ],
        [
          20.7129,
          55.07461
        ],
        [
          20.71282,
          55.0745699
        ],
        [
          20.7127499,
          55.0745399
        ],
        [
          20.71267,
          55.07451
        ],
        [
          20.71259,
          55.0744699
        ],
        [
          20.7125199,
          55.0744399
        ],
        [
          20.71244,
          55.0744099
        ],
        [
          20.71236,
          55.0743699
        ],
        [
          20.7122799,
          55.0743399
        ],
        [
          20.7122,
          55.0743099
        ],
        [
          20.7121199,
          55.0742699
        ],
        [
          20.71204,
          55.0742399
        ],
        [
          20.71195,
          55.0742099
        ],
        [
          20.71188,
          55.0741699
        ],
        [
          20.7118,
          55.0741399
        ],
        [
          20.71172,
          55.0741099
        ],
        [
          20.71164,
          55.0740799
        ],
        [
          20.7115599,
          55.0740399
        ],
        [
          20.71149,
          55.0740099
        ],
        [
          20.71141,
          55.0739799
        ],
        [
          20.7113399,
          55.0739499
        ],
        [
          20.7112699,
          55.0739099
        ],
        [
          20.71119,
          55.0738799
        ],
        [
          20.71112,
          55.0738499
        ],
        [
          20.71105,
          55.0738099
        ],
        [
          20.71096,
          55.0737799
        ],
        [
          20.7108799,
          55.0737499
        ],
        [
          20.7108099,
          55.0737099
        ],
        [
          20.71073,
          55.0736799
        ],
        [
          20.7106499,
          55.0736499
        ],
        [
          20.71057,
          55.0736099
        ],
        [
          20.7105,
          55.0735799
        ],
        [
          20.7104199,
          55.07354
        ],
        [
          20.7103499,
          55.0735
        ],
        [
          20.7102799,
          55.07346
        ],
        [
          20.7102199,
          55.0734199
        ],
        [
          20.7101499,
          55.0733799
        ],
        [
          20.7100899,
          55.07334
        ],
        [
          20.71003,
          55.0732899
        ],
        [
          20.70998,
          55.07324
        ],
        [
          20.70993,
          55.0731899
        ],
        [
          20.70987,
          55.07314
        ],
        [
          20.70981,
          55.0730899
        ],
        [
          20.70975,
          55.07305
        ],
        [
          20.7096899,
          55.073
        ],
        [
          20.7096299,
          55.07295
        ],
        [
          20.70957,
          55.0728999
        ],
        [
          20.7094999,
          55.07285
        ],
        [
          20.70944,
          55.0727899
        ],
        [
          20.70938,
          55.07274
        ],
        [
          20.70931,
          55.07269
        ],
        [
          20.70925,
          55.0726299
        ],
        [
          20.70919,
          55.07258
        ],
        [
          20.7091299,
          55.0725299
        ],
        [
          20.70906,
          55.07248
        ],
        [
          20.7089999,
          55.0724299
        ],
        [
          20.7089399,
          55.0723699
        ],
        [
          20.70888,
          55.07232
        ],
        [
          20.70882,
          55.0722699
        ],
        [
          20.70875,
          55.0722099
        ],
        [
          20.70869,
          55.07216
        ],
        [
          20.70863,
          55.0721099
        ],
        [
          20.7085699,
          55.07206
        ],
        [
          20.7085099,
          55.0720099
        ],
        [
          20.7085099,
          55.0720099
        ],
        [
          20.7084499,
          55.07195
        ],
        [
          20.7083199,
          55.0718399
        ],
        [
          20.70826,
          55.07179
        ],
        [
          20.7082,
          55.0717399
        ],
        [
          20.70814,
          55.0716799
        ],
        [
          20.70807,
          55.0716199
        ],
        [
          20.70801,
          55.07157
        ],
        [
          20.7079499,
          55.0715199
        ],
        [
          20.7078899,
          55.07146
        ],
        [
          20.7078199,
          55.0714
        ],
        [
          20.7078199,
          55.0714
        ],
        [
          20.7077,
          55.0712899
        ],
        [
          20.70764,
          55.07124
        ],
        [
          20.70764,
          55.07124
        ],
        [
          20.7075199,
          55.07114
        ],
        [
          20.7074599,
          55.07108
        ],
        [
          20.7073999,
          55.07103
        ],
        [
          20.70735,
          55.07097
        ],
        [
          20.7072899,
          55.07091
        ],
        [
          20.70724,
          55.0708599
        ],
        [
          20.70719,
          55.0708
        ],
        [
          20.7071299,
          55.07074
        ],
        [
          20.70708,
          55.0706899
        ],
        [
          20.70702,
          55.0706299
        ],
        [
          20.7069699,
          55.07058
        ],
        [
          20.70692,
          55.07052
        ],
        [
          20.7068699,
          55.0704699
        ],
        [
          20.7068099,
          55.07041
        ],
        [
          20.70676,
          55.07035
        ],
        [
          20.7067099,
          55.07029
        ],
        [
          20.70665,
          55.0702399
        ],
        [
          20.7066,
          55.07018
        ],
        [
          20.70655,
          55.07012
        ],
        [
          20.7065,
          55.0700699
        ],
        [
          20.7064399,
          55.07002
        ],
        [
          20.70639,
          55.06996
        ],
        [
          20.7063399,
          55.0699099
        ],
        [
          20.70629,
          55.06985
        ],
        [
          20.70629,
          55.06985
        ],
        [
          20.70619,
          55.0697399
        ],
        [
          20.70613,
          55.06969
        ],
        [
          20.7060799,
          55.06963
        ],
        [
          20.70604,
          55.0695799
        ],
        [
          20.7059799,
          55.06953
        ],
        [
          20.7059799,
          55.06953
        ],
        [
          20.7058799,
          55.0694199
        ],
        [
          20.70583,
          55.0693799
        ],
        [
          20.7057799,
          55.0693199
        ],
        [
          20.70573,
          55.06927
        ],
        [
          20.70568,
          55.0692199
        ],
        [
          20.70563,
          55.06917
        ],
        [
          20.70558,
          55.0691199
        ],
        [
          20.70558,
          55.0691199
        ],
        [
          20.7054899,
          55.06901
        ],
        [
          20.7054299,
          55.0689599
        ],
        [
          20.70538,
          55.06891
        ],
        [
          20.7053299,
          55.0688499
        ],
        [
          20.70528,
          55.0688
        ],
        [
          20.7052299,
          55.06875
        ],
        [
          20.70518,
          55.0686899
        ],
        [
          20.7051299,
          55.06864
        ],
        [
          20.70508,
          55.0685899
        ],
        [
          20.7050299,
          55.06854
        ],
        [
          20.70498,
          55.06848
        ],
        [
          20.7049299,
          55.0684299
        ],
        [
          20.70489,
          55.06839
        ],
        [
          20.7048399,
          55.06834
        ],
        [
          20.7047999,
          55.0682999
        ],
        [
          20.70476,
          55.06825
        ],
        [
          20.70471,
          55.0681999
        ],
        [
          20.7046699,
          55.06815
        ],
        [
          20.70463,
          55.0680999
        ],
        [
          20.70458,
          55.06805
        ],
        [
          20.70453,
          55.06801
        ],
        [
          20.70449,
          55.06796
        ],
        [
          20.7044399,
          55.0679099
        ],
        [
          20.7044,
          55.06786
        ],
        [
          20.70435,
          55.0678099
        ],
        [
          20.7043099,
          55.06776
        ],
        [
          20.70426,
          55.0677099
        ],
        [
          20.70422,
          55.0676699
        ],
        [
          20.70417,
          55.06762
        ],
        [
          20.70413,
          55.0675799
        ],
        [
          20.70409,
          55.06753
        ],
        [
          20.70409,
          55.06753
        ],
        [
          20.704,
          55.0674499
        ],
        [
          20.70396,
          55.0674
        ],
        [
          20.7039199,
          55.0673499
        ],
        [
          20.70387,
          55.0673099
        ],
        [
          20.70383,
          55.06726
        ],
        [
          20.7037799,
          55.0672199
        ],
        [
          20.70373,
          55.06717
        ],
        [
          20.7036899,
          55.0671199
        ],
        [
          20.7036499,
          55.06707
        ],
        [
          20.7036,
          55.06703
        ],
        [
          20.7035499,
          55.0669799
        ],
        [
          20.70351,
          55.06693
        ],
        [
          20.7034599,
          55.06688
        ],
        [
          20.70341,
          55.06684
        ],
        [
          20.70337,
          55.0667899
        ],
        [
          20.7033199,
          55.06674
        ],
        [
          20.70328,
          55.0666899
        ],
        [
          20.70324,
          55.06665
        ],
        [
          20.7031899,
          55.0666
        ],
        [
          20.70314,
          55.0665599
        ],
        [
          20.7030999,
          55.06651
        ],
        [
          20.70305,
          55.0664599
        ],
        [
          20.7029999,
          55.06642
        ],
        [
          20.7029599,
          55.06637
        ],
        [
          20.70291,
          55.06632
        ],
        [
          20.7028599,
          55.06627
        ],
        [
          20.70281,
          55.06622
        ],
        [
          20.70281,
          55.06622
        ],
        [
          20.70271,
          55.06612
        ],
        [
          20.70271,
          55.06612
        ],
        [
          20.7026699,
          55.0660699
        ],
        [
          20.7025699,
          55.0659699
        ],
        [
          20.70252,
          55.06592
        ],
        [
          20.7024699,
          55.0658699
        ],
        [
          20.70242,
          55.06582
        ],
        [
          20.7023699,
          55.0657699
        ],
        [
          20.70232,
          55.06572
        ],
        [
          20.70226,
          55.0656699
        ],
        [
          20.7022099,
          55.06562
        ],
        [
          20.70215,
          55.0655699
        ],
        [
          20.70215,
          55.0655699
        ],
        [
          20.7020499,
          55.0654699
        ],
        [
          20.702,
          55.06542
        ],
        [
          20.7019399,
          55.06536
        ],
        [
          20.7018799,
          55.0653099
        ],
        [
          20.7018199,
          55.06526
        ],
        [
          20.70176,
          55.0652099
        ],
        [
          20.7017,
          55.06516
        ],
        [
          20.70164,
          55.0651099
        ],
        [
          20.7015799,
          55.0650499
        ],
        [
          20.7015199,
          55.065
        ],
        [
          20.7014499,
          55.0649499
        ],
        [
          20.7013899,
          55.0649
        ],
        [
          20.70133,
          55.06486
        ],
        [
          20.70127,
          55.06481
        ],
        [
          20.70121,
          55.06476
        ],
        [
          20.70114,
          55.06471
        ],
        [
          20.70107,
          55.06467
        ],
        [
          20.7009999,
          55.0646199
        ],
        [
          20.7009299,
          55.06457
        ],
        [
          20.7008599,
          55.0645199
        ],
        [
          20.70078,
          55.06447
        ],
        [
          20.70071,
          55.0644299
        ],
        [
          20.7006299,
          55.06437
        ],
        [
          20.70055,
          55.0643199
        ],
        [
          20.70055,
          55.0643199
        ],
        [
          20.70039,
          55.0642299
        ],
        [
          20.7003099,
          55.06417
        ],
        [
          20.7002399,
          55.06412
        ],
        [
          20.70015,
          55.0640699
        ],
        [
          20.7000699,
          55.06402
        ],
        [
          20.69999,
          55.0639699
        ],
        [
          20.6999099,
          55.06391
        ],
        [
          20.69983,
          55.06386
        ],
        [
          20.6997499,
          55.06381
        ],
        [
          20.69967,
          55.06376
        ],
        [
          20.6996,
          55.06371
        ],
        [
          20.69953,
          55.06366
        ],
        [
          20.69946,
          55.0636099
        ],
        [
          20.6993899,
          55.06356
        ],
        [
          20.6993199,
          55.0635099
        ],
        [
          20.69923,
          55.06346
        ],
        [
          20.6991499,
          55.0634099
        ],
        [
          20.69907,
          55.06336
        ],
        [
          20.6989899,
          55.0633099
        ],
        [
          20.6989,
          55.06325
        ],
        [
          20.69882,
          55.0632
        ],
        [
          20.6987299,
          55.0631399
        ],
        [
          20.69865,
          55.06309
        ],
        [
          20.6985699,
          55.0630399
        ],
        [
          20.6984999,
          55.06299
        ],
        [
          20.69842,
          55.06294
        ],
        [
          20.69835,
          55.0628799
        ],
        [
          20.6982699,
          55.06283
        ],
        [
          20.69819,
          55.0627799
        ],
        [
          20.6981099,
          55.06273
        ],
        [
          20.69803,
          55.0626799
        ],
        [
          20.69795,
          55.06263
        ],
        [
          20.6978799,
          55.0625899
        ],
        [
          20.6978,
          55.06254
        ],
        [
          20.69773,
          55.0624899
        ],
        [
          20.6976499,
          55.06244
        ],
        [
          20.69757,
          55.0623899
        ],
        [
          20.69749,
          55.0623299
        ],
        [
          20.6974099,
          55.06228
        ],
        [
          20.69733,
          55.0622299
        ],
        [
          20.69726,
          55.06218
        ],
        [
          20.6971799,
          55.0621299
        ],
        [
          20.69711,
          55.06208
        ],
        [
          20.69704,
          55.06204
        ],
        [
          20.69697,
          55.0619999
        ],
        [
          20.6969,
          55.0619599
        ],
        [
          20.69684,
          55.06191
        ],
        [
          20.69677,
          55.0618599
        ],
        [
          20.69671,
          55.06182
        ],
        [
          20.69664,
          55.0617699
        ],
        [
          20.69657,
          55.06172
        ],
        [
          20.69651,
          55.06168
        ],
        [
          20.69644,
          55.0616399
        ],
        [
          20.6963699,
          55.0615999
        ],
        [
          20.69631,
          55.0615699
        ],
        [
          20.69625,
          55.0615299
        ],
        [
          20.69619,
          55.06149
        ],
        [
          20.69612,
          55.06145
        ],
        [
          20.69606,
          55.0613999
        ],
        [
          20.69599,
          55.06136
        ],
        [
          20.69592,
          55.0613099
        ],
        [
          20.69585,
          55.0612799
        ],
        [
          20.69579,
          55.06123
        ],
        [
          20.69572,
          55.06119
        ],
        [
          20.6956499,
          55.06115
        ],
        [
          20.6955799,
          55.0611099
        ],
        [
          20.6955099,
          55.06106
        ],
        [
          20.6954499,
          55.0610099
        ],
        [
          20.69537,
          55.06097
        ],
        [
          20.6953,
          55.06093
        ],
        [
          20.69523,
          55.0608799
        ],
        [
          20.69516,
          55.06083
        ],
        [
          20.6950899,
          55.06079
        ],
        [
          20.69501,
          55.0607499
        ],
        [
          20.69493,
          55.0607
        ],
        [
          20.6948499,
          55.06066
        ],
        [
          20.69477,
          55.0606199
        ],
        [
          20.69468,
          55.0605899
        ],
        [
          20.6946,
          55.06056
        ],
        [
          20.69451,
          55.06053
        ],
        [
          20.69441,
          55.0604899
        ],
        [
          20.69432,
          55.06046
        ],
        [
          20.69422,
          55.06043
        ],
        [
          20.6941399,
          55.0603899
        ],
        [
          20.69405,
          55.0603499
        ],
        [
          20.6939699,
          55.06031
        ],
        [
          20.69389,
          55.06027
        ],
        [
          20.6937999,
          55.0602199
        ],
        [
          20.69373,
          55.06018
        ],
        [
          20.6936399,
          55.06014
        ],
        [
          20.6935699,
          55.0600899
        ],
        [
          20.69349,
          55.06005
        ],
        [
          20.69342,
          55.0599999
        ],
        [
          20.6933399,
          55.0599599
        ],
        [
          20.69327,
          55.05991
        ],
        [
          20.6932,
          55.05987
        ],
        [
          20.69313,
          55.0598299
        ],
        [
          20.69307,
          55.05978
        ],
        [
          20.693,
          55.05974
        ],
        [
          20.6929199,
          55.05969
        ],
        [
          20.69284,
          55.05964
        ],
        [
          20.69277,
          55.0595999
        ],
        [
          20.6926899,
          55.05956
        ],
        [
          20.6926,
          55.05952
        ],
        [
          20.6925199,
          55.05948
        ],
        [
          20.69244,
          55.0594299
        ],
        [
          20.6923599,
          55.0593999
        ],
        [
          20.69228,
          55.05936
        ],
        [
          20.6921999,
          55.05932
        ],
        [
          20.69211,
          55.05928
        ],
        [
          20.69202,
          55.0592399
        ],
        [
          20.6919299,
          55.0591999
        ],
        [
          20.6919299,
          55.0591999
        ],
        [
          20.6917399,
          55.05912
        ],
        [
          20.69165,
          55.0590799
        ],
        [
          20.69156,
          55.05903
        ],
        [
          20.6914699,
          55.05899
        ],
        [
          20.6913799,
          55.05895
        ],
        [
          20.6913,
          55.0589099
        ],
        [
          20.6912099,
          55.05887
        ],
        [
          20.69113,
          55.05882
        ],
        [
          20.69104,
          55.0587799
        ],
        [
          20.6909499,
          55.0587399
        ],
        [
          20.6908499,
          55.05869
        ],
        [
          20.69076,
          55.0586499
        ],
        [
          20.69076,
          55.0586499
        ],
        [
          20.69067,
          55.0586
        ],
        [
          20.69048,
          55.0585099
        ],
        [
          20.6903899,
          55.05847
        ],
        [
          20.6903,
          55.0584199
        ],
        [
          20.69021,
          55.0583799
        ],
        [
          20.69021,
          55.0583799
        ],
        [
          20.6900299,
          55.0583
        ],
        [
          20.6900299,
          55.0583
        ],
        [
          20.6898399,
          55.0582199
        ],
        [
          20.68975,
          55.05818
        ],
        [
          20.68965,
          55.05814
        ],
        [
          20.68955,
          55.0581
        ],
        [
          20.68945,
          55.0580599
        ],
        [
          20.68945,
          55.0580599
        ],
        [
          20.68925,
          55.05798
        ],
        [
          20.6891499,
          55.05795
        ],
        [
          20.6890499,
          55.05791
        ],
        [
          20.6889499,
          55.05788
        ],
        [
          20.6888499,
          55.05784
        ],
        [
          20.68876,
          55.05781
        ],
        [
          20.68867,
          55.05777
        ],
        [
          20.68857,
          55.05774
        ],
        [
          20.68848,
          55.0576999
        ],
        [
          20.68838,
          55.0576599
        ],
        [
          20.6882899,
          55.05762
        ],
        [
          20.6882,
          55.05758
        ],
        [
          20.68811,
          55.05754
        ],
        [
          20.6880299,
          55.0574999
        ],
        [
          20.68794,
          55.0574599
        ],
        [
          20.68785,
          55.05742
        ],
        [
          20.6877599,
          55.05738
        ],
        [
          20.6876699,
          55.0573399
        ],
        [
          20.68758,
          55.05729
        ],
        [
          20.68749,
          55.05726
        ],
        [
          20.6873999,
          55.05722
        ],
        [
          20.68732,
          55.05718
        ],
        [
          20.68732,
          55.05718
        ],
        [
          20.6871399,
          55.0570999
        ],
        [
          20.68706,
          55.05705
        ],
        [
          20.68697,
          55.0570099
        ],
        [
          20.6868799,
          55.0569699
        ],
        [
          20.6868,
          55.05692
        ],
        [
          20.6867199,
          55.0568799
        ],
        [
          20.68663,
          55.0568399
        ],
        [
          20.6865499,
          55.05679
        ],
        [
          20.68647,
          55.0567399
        ],
        [
          20.6863899,
          55.05669
        ],
        [
          20.6863899,
          55.05669
        ],
        [
          20.68623,
          55.05659
        ],
        [
          20.6861599,
          55.05654
        ],
        [
          20.6861,
          55.05649
        ],
        [
          20.6861,
          55.05649
        ],
        [
          20.68597,
          55.0563799
        ],
        [
          20.68591,
          55.0563199
        ],
        [
          20.6858599,
          55.05626
        ],
        [
          20.68581,
          55.0562
        ],
        [
          20.68575,
          55.0561499
        ],
        [
          20.6856999,
          55.05608
        ],
        [
          20.68565,
          55.0560199
        ],
        [
          20.68559,
          55.0559599
        ],
        [
          20.68554,
          55.0559
        ],
        [
          20.68554,
          55.0559
        ],
        [
          20.6854399,
          55.05578
        ],
        [
          20.6853699,
          55.0557199
        ],
        [
          20.6853099,
          55.05567
        ],
        [
          20.68523,
          55.05562
        ],
        [
          20.68523,
          55.05562
        ],
        [
          20.6850699,
          55.0555299
        ],
        [
          20.6849799,
          55.0554999
        ],
        [
          20.6848799,
          55.0554699
        ],
        [
          20.68479,
          55.05544
        ],
        [
          20.68479,
          55.05544
        ],
        [
          20.68459,
          55.0553699
        ],
        [
          20.68459,
          55.0553699
        ],
        [
          20.6844,
          55.05529
        ],
        [
          20.6843199,
          55.05525
        ],
        [
          20.68426,
          55.0551999
        ],
        [
          20.6841899,
          55.05515
        ],
        [
          20.6841199,
          55.0550999
        ],
        [
          20.6840599,
          55.05505
        ],
        [
          20.6840599,
          55.05505
        ],
        [
          20.6839299,
          55.05495
        ],
        [
          20.68387,
          55.0548999
        ],
        [
          20.68381,
          55.0548399
        ],
        [
          20.68381,
          55.0548399
        ],
        [
          20.6836999,
          55.05472
        ],
        [
          20.68365,
          55.0546699
        ],
        [
          20.68365,
          55.0546699
        ],
        [
          20.6835599,
          55.0545499
        ],
        [
          20.68352,
          55.05449
        ],
        [
          20.68348,
          55.05442
        ],
        [
          20.68344,
          55.05436
        ],
        [
          20.6833999,
          55.05429
        ],
        [
          20.68336,
          55.05423
        ],
        [
          20.6833299,
          55.05417
        ],
        [
          20.68329,
          55.0541
        ],
        [
          20.68326,
          55.05404
        ],
        [
          20.68322,
          55.05398
        ],
        [
          20.68319,
          55.05391
        ],
        [
          20.68315,
          55.0538499
        ],
        [
          20.68315,
          55.0538499
        ],
        [
          20.6830999,
          55.0537899
        ],
        [
          20.68305,
          55.05374
        ],
        [
          20.68299,
          55.05368
        ],
        [
          20.68286,
          55.05357
        ],
        [
          20.68286,
          55.05357
        ],
        [
          20.6827799,
          55.05352
        ],
        [
          20.6827099,
          55.05347
        ],
        [
          20.6826399,
          55.05341
        ],
        [
          20.68256,
          55.05337
        ],
        [
          20.6824,
          55.0532699
        ],
        [
          20.6824,
          55.0532699
        ],
        [
          20.6823199,
          55.05322
        ],
        [
          20.6822499,
          55.0531699
        ],
        [
          20.68217,
          55.05312
        ],
        [
          20.6821,
          55.05308
        ],
        [
          20.6819499,
          55.05298
        ],
        [
          20.6819499,
          55.05298
        ],
        [
          20.68187,
          55.0529299
        ],
        [
          20.6817899,
          55.05288
        ],
        [
          20.68171,
          55.0528399
        ],
        [
          20.6816299,
          55.05279
        ],
        [
          20.6815599,
          55.0527399
        ],
        [
          20.68148,
          55.05269
        ],
        [
          20.68141,
          55.0526399
        ],
        [
          20.6813299,
          55.0526
        ],
        [
          20.6812599,
          55.05255
        ],
        [
          20.68118,
          55.0525099
        ],
        [
          20.6810999,
          55.05246
        ],
        [
          20.6810299,
          55.0524099
        ],
        [
          20.68095,
          55.05236
        ],
        [
          20.6808699,
          55.0523099
        ],
        [
          20.68079,
          55.05226
        ],
        [
          20.6807,
          55.0522099
        ],
        [
          20.6806099,
          55.05216
        ],
        [
          20.68052,
          55.0521099
        ],
        [
          20.68043,
          55.05206
        ],
        [
          20.68034,
          55.052
        ],
        [
          20.6802499,
          55.0519499
        ],
        [
          20.68017,
          55.0519
        ],
        [
          20.6800799,
          55.0518499
        ],
        [
          20.68,
          55.0517899
        ],
        [
          20.67991,
          55.05174
        ],
        [
          20.67983,
          55.0516899
        ],
        [
          20.67974,
          55.05164
        ],
        [
          20.6796599,
          55.05158
        ],
        [
          20.67958,
          55.0515299
        ],
        [
          20.6794999,
          55.05148
        ],
        [
          20.67941,
          55.05144
        ],
        [
          20.6793299,
          55.0513899
        ],
        [
          20.67925,
          55.05134
        ],
        [
          20.67918,
          55.0512899
        ],
        [
          20.67909,
          55.05124
        ],
        [
          20.67901,
          55.0511899
        ],
        [
          20.6789299,
          55.05114
        ],
        [
          20.67885,
          55.05109
        ],
        [
          20.6787699,
          55.05104
        ],
        [
          20.67869,
          55.05099
        ],
        [
          20.6786,
          55.0509399
        ],
        [
          20.67852,
          55.05089
        ],
        [
          20.6784399,
          55.0508399
        ],
        [
          20.67837,
          55.05079
        ],
        [
          20.6782799,
          55.0507399
        ],
        [
          20.6782,
          55.05069
        ],
        [
          20.6781199,
          55.0506399
        ],
        [
          20.67803,
          55.05059
        ],
        [
          20.6779499,
          55.0505399
        ],
        [
          20.67787,
          55.05049
        ],
        [
          20.6777899,
          55.05045
        ],
        [
          20.67771,
          55.0504
        ],
        [
          20.67763,
          55.05036
        ],
        [
          20.67755,
          55.0503099
        ],
        [
          20.67748,
          55.05026
        ],
        [
          20.6774,
          55.0502099
        ],
        [
          20.67732,
          55.05016
        ],
        [
          20.67725,
          55.05012
        ],
        [
          20.67717,
          55.05007
        ],
        [
          20.67711,
          55.0500199
        ],
        [
          20.6770299,
          55.04997
        ],
        [
          20.6769599,
          55.04993
        ],
        [
          20.67688,
          55.0498899
        ],
        [
          20.67681,
          55.0498499
        ],
        [
          20.6767299,
          55.04981
        ],
        [
          20.67666,
          55.04976
        ],
        [
          20.67659,
          55.0497199
        ],
        [
          20.6765099,
          55.04967
        ],
        [
          20.6764399,
          55.0496199
        ],
        [
          20.6763699,
          55.04958
        ],
        [
          20.67629,
          55.04953
        ],
        [
          20.6762099,
          55.04948
        ],
        [
          20.6761399,
          55.04944
        ],
        [
          20.67606,
          55.0493899
        ],
        [
          20.6759799,
          55.04934
        ],
        [
          20.6759,
          55.0492899
        ],
        [
          20.6758199,
          55.04925
        ],
        [
          20.6757499,
          55.0491999
        ],
        [
          20.67567,
          55.0491599
        ],
        [
          20.6755899,
          55.04911
        ],
        [
          20.6755199,
          55.0490599
        ],
        [
          20.67544,
          55.04902
        ],
        [
          20.67538,
          55.0489699
        ],
        [
          20.67531,
          55.04891
        ],
        [
          20.67525,
          55.0488599
        ],
        [
          20.67518,
          55.04882
        ],
        [
          20.67511,
          55.04876
        ],
        [
          20.67505,
          55.04871
        ],
        [
          20.6749899,
          55.04866
        ],
        [
          20.67492,
          55.04861
        ],
        [
          20.6748599,
          55.04855
        ],
        [
          20.6747999,
          55.0484999
        ],
        [
          20.6747399,
          55.04845
        ],
        [
          20.67468,
          55.04839
        ],
        [
          20.67462,
          55.0483399
        ],
        [
          20.6745699,
          55.04829
        ],
        [
          20.67452,
          55.04823
        ],
        [
          20.6744699,
          55.0481799
        ],
        [
          20.67442,
          55.04812
        ],
        [
          20.67436,
          55.04807
        ],
        [
          20.6743099,
          55.0480099
        ],
        [
          20.67425,
          55.04796
        ],
        [
          20.6742099,
          55.0479
        ],
        [
          20.67415,
          55.04784
        ],
        [
          20.6741,
          55.0477799
        ],
        [
          20.6740499,
          55.0477199
        ],
        [
          20.674,
          55.04767
        ],
        [
          20.6739399,
          55.0476
        ],
        [
          20.6738799,
          55.0475499
        ],
        [
          20.6738099,
          55.0475
        ],
        [
          20.67374,
          55.04744
        ],
        [
          20.67366,
          55.0474
        ],
        [
          20.6735899,
          55.0473499
        ],
        [
          20.67351,
          55.0473
        ],
        [
          20.67344,
          55.04725
        ],
        [
          20.67337,
          55.0472
        ],
        [
          20.6732899,
          55.04715
        ],
        [
          20.6732199,
          55.04711
        ],
        [
          20.67315,
          55.0470599
        ],
        [
          20.6730899,
          55.0469999
        ],
        [
          20.67302,
          55.04695
        ],
        [
          20.67295,
          55.0468999
        ],
        [
          20.67288,
          55.04685
        ],
        [
          20.67282,
          55.0467999
        ],
        [
          20.67275,
          55.04675
        ],
        [
          20.67268,
          55.0466999
        ],
        [
          20.67262,
          55.04665
        ],
        [
          20.67255,
          55.0465999
        ],
        [
          20.67248,
          55.04655
        ],
        [
          20.67242,
          55.0464999
        ],
        [
          20.67236,
          55.04645
        ],
        [
          20.67228,
          55.0463999
        ],
        [
          20.6722099,
          55.04635
        ],
        [
          20.67215,
          55.0462999
        ],
        [
          20.6720799,
          55.04625
        ],
        [
          20.6720099,
          55.0462
        ],
        [
          20.6719399,
          55.04616
        ],
        [
          20.67186,
          55.0461099
        ],
        [
          20.67179,
          55.0460799
        ],
        [
          20.6717099,
          55.04603
        ],
        [
          20.67163,
          55.046
        ],
        [
          20.6715499,
          55.04596
        ],
        [
          20.67147,
          55.04592
        ],
        [
          20.6713799,
          55.0458799
        ],
        [
          20.6713,
          55.0458399
        ],
        [
          20.67121,
          55.0458
        ],
        [
          20.6711199,
          55.04577
        ],
        [
          20.6710299,
          55.04574
        ],
        [
          20.67094,
          55.0457
        ],
        [
          20.67085,
          55.04567
        ],
        [
          20.6707599,
          55.04563
        ],
        [
          20.67068,
          55.0455899
        ],
        [
          20.67059,
          55.04556
        ],
        [
          20.67052,
          55.04551
        ],
        [
          20.6704399,
          55.04547
        ],
        [
          20.67036,
          55.04543
        ],
        [
          20.67028,
          55.0453799
        ],
        [
          20.6701999,
          55.04534
        ],
        [
          20.67012,
          55.0452899
        ],
        [
          20.6700399,
          55.04524
        ],
        [
          20.66996,
          55.0452
        ],
        [
          20.6698799,
          55.04515
        ],
        [
          20.6698,
          55.0451
        ],
        [
          20.66973,
          55.04505
        ],
        [
          20.6696499,
          55.045
        ],
        [
          20.6695799,
          55.04495
        ],
        [
          20.6695199,
          55.0448999
        ],
        [
          20.6694499,
          55.04485
        ],
        [
          20.6693799,
          55.0447899
        ],
        [
          20.66931,
          55.04474
        ],
        [
          20.6692499,
          55.04469
        ],
        [
          20.6691799,
          55.04464
        ],
        [
          20.6691199,
          55.04459
        ],
        [
          20.6690499,
          55.04454
        ],
        [
          20.66898,
          55.04448
        ],
        [
          20.66891,
          55.0444299
        ],
        [
          20.66884,
          55.04438
        ],
        [
          20.66877,
          55.0443399
        ],
        [
          20.6686999,
          55.04428
        ],
        [
          20.6686299,
          55.04423
        ],
        [
          20.6685599,
          55.04418
        ],
        [
          20.66848,
          55.04412
        ],
        [
          20.66841,
          55.04406
        ],
        [
          20.66834,
          55.0440099
        ],
        [
          20.6682699,
          55.04396
        ],
        [
          20.66819,
          55.0439
        ],
        [
          20.66812,
          55.0438499
        ],
        [
          20.66805,
          55.0438
        ],
        [
          20.66798,
          55.0437399
        ],
        [
          20.6678999,
          55.04369
        ],
        [
          20.66782,
          55.0436499
        ],
        [
          20.66775,
          55.0436
        ],
        [
          20.66766,
          55.0435499
        ],
        [
          20.66757,
          55.0435099
        ],
        [
          20.6674799,
          55.04347
        ],
        [
          20.6673799,
          55.04344
        ],
        [
          20.66727,
          55.04341
        ],
        [
          20.66716,
          55.0433899
        ],
        [
          20.6670499,
          55.04337
        ],
        [
          20.66693,
          55.0433499
        ],
        [
          20.6668199,
          55.04333
        ],
        [
          20.6667199,
          55.04331
        ],
        [
          20.66661,
          55.0433
        ],
        [
          20.6664999,
          55.0432799
        ],
        [
          20.66638,
          55.04327
        ],
        [
          20.6662699,
          55.0432499
        ],
        [
          20.66616,
          55.04324
        ],
        [
          20.66606,
          55.0432199
        ],
        [
          20.66595,
          55.0432
        ],
        [
          20.6658399,
          55.04318
        ],
        [
          20.66573,
          55.0431599
        ],
        [
          20.66563,
          55.04313
        ],
        [
          20.66553,
          55.04311
        ],
        [
          20.66543,
          55.04308
        ],
        [
          20.66533,
          55.0430499
        ],
        [
          20.66523,
          55.0430199
        ],
        [
          20.66513,
          55.0429899
        ],
        [
          20.66503,
          55.04295
        ],
        [
          20.66493,
          55.0429199
        ],
        [
          20.66483,
          55.0428899
        ],
        [
          20.66473,
          55.0428599
        ],
        [
          20.6646299,
          55.0428299
        ],
        [
          20.6645299,
          55.0427899
        ],
        [
          20.6644299,
          55.0427599
        ],
        [
          20.6643299,
          55.04272
        ],
        [
          20.66422,
          55.04268
        ],
        [
          20.66412,
          55.04265
        ],
        [
          20.66402,
          55.04261
        ],
        [
          20.66392,
          55.04258
        ],
        [
          20.66382,
          55.04254
        ],
        [
          20.66372,
          55.0424999
        ],
        [
          20.66362,
          55.0424699
        ],
        [
          20.6635099,
          55.0424299
        ],
        [
          20.6634,
          55.04239
        ],
        [
          20.6633,
          55.04235
        ],
        [
          20.66319,
          55.04231
        ],
        [
          20.6630799,
          55.04228
        ],
        [
          20.66297,
          55.0422399
        ],
        [
          20.66287,
          55.0421999
        ],
        [
          20.66276,
          55.04216
        ],
        [
          20.6626499,
          55.04213
        ],
        [
          20.6625499,
          55.04209
        ],
        [
          20.66244,
          55.04205
        ],
        [
          20.6623299,
          55.04202
        ],
        [
          20.66222,
          55.04198
        ],
        [
          20.66211,
          55.0419399
        ],
        [
          20.6619999,
          55.0419
        ],
        [
          20.6618999,
          55.0418699
        ],
        [
          20.6617999,
          55.04183
        ],
        [
          20.66169,
          55.04179
        ],
        [
          20.66159,
          55.04175
        ],
        [
          20.66148,
          55.04172
        ],
        [
          20.6613699,
          55.0416799
        ],
        [
          20.66126,
          55.0416499
        ],
        [
          20.66116,
          55.04162
        ],
        [
          20.6610499,
          55.04159
        ],
        [
          20.6609499,
          55.0415499
        ],
        [
          20.6608499,
          55.04152
        ],
        [
          20.6607499,
          55.0415
        ],
        [
          20.66064,
          55.04147
        ],
        [
          20.66054,
          55.04143
        ],
        [
          20.66044,
          55.0414
        ],
        [
          20.66034,
          55.04136
        ],
        [
          20.66024,
          55.04133
        ],
        [
          20.66015,
          55.0412899
        ],
        [
          20.66005,
          55.0412499
        ],
        [
          20.6599599,
          55.04121
        ],
        [
          20.65988,
          55.04117
        ],
        [
          20.6597999,
          55.04113
        ],
        [
          20.65971,
          55.0410899
        ],
        [
          20.6596299,
          55.0410499
        ],
        [
          20.6595399,
          55.04101
        ],
        [
          20.6594699,
          55.04097
        ],
        [
          20.65939,
          55.04093
        ],
        [
          20.65932,
          55.04088
        ],
        [
          20.6592399,
          55.04084
        ],
        [
          20.6591399,
          55.0408
        ],
        [
          20.6590499,
          55.04077
        ],
        [
          20.65896,
          55.04074
        ],
        [
          20.65886,
          55.04071
        ],
        [
          20.65876,
          55.0406899
        ],
        [
          20.6586499,
          55.04065
        ],
        [
          20.65854,
          55.0406299
        ],
        [
          20.65843,
          55.04061
        ],
        [
          20.6583199,
          55.0405899
        ],
        [
          20.6582199,
          55.0405599
        ],
        [
          20.65811,
          55.04054
        ],
        [
          20.6580199,
          55.04051
        ],
        [
          20.65791,
          55.0404899
        ],
        [
          20.6577999,
          55.04047
        ],
        [
          20.6576999,
          55.04045
        ],
        [
          20.65759,
          55.0404299
        ],
        [
          20.65749,
          55.04041
        ],
        [
          20.65739,
          55.04039
        ],
        [
          20.65728,
          55.0403699
        ],
        [
          20.65718,
          55.04035
        ],
        [
          20.6570699,
          55.0403299
        ],
        [
          20.65696,
          55.04031
        ],
        [
          20.65686,
          55.04028
        ],
        [
          20.6567499,
          55.0402599
        ],
        [
          20.6566499,
          55.0402299
        ],
        [
          20.65654,
          55.04022
        ],
        [
          20.65643,
          55.0401999
        ],
        [
          20.6563199,
          55.04018
        ],
        [
          20.65621,
          55.04016
        ],
        [
          20.6561,
          55.0401399
        ],
        [
          20.6559899,
          55.0401299
        ],
        [
          20.65588,
          55.04011
        ],
        [
          20.65577,
          55.0400999
        ],
        [
          20.65567,
          55.04008
        ],
        [
          20.6555599,
          55.0400699
        ],
        [
          20.6554599,
          55.04006
        ],
        [
          20.65535,
          55.0400399
        ],
        [
          20.6552399,
          55.0400299
        ],
        [
          20.65513,
          55.04001
        ],
        [
          20.65502,
          55.03999
        ],
        [
          20.65492,
          55.03998
        ],
        [
          20.6548099,
          55.0399699
        ],
        [
          20.6547,
          55.03996
        ],
        [
          20.65459,
          55.0399399
        ],
        [
          20.6544799,
          55.03992
        ],
        [
          20.65437,
          55.0398999
        ],
        [
          20.65426,
          55.03989
        ],
        [
          20.6541499,
          55.0398699
        ],
        [
          20.65404,
          55.03985
        ],
        [
          20.65393,
          55.0398399
        ],
        [
          20.6538199,
          55.03982
        ],
        [
          20.65371,
          55.0398099
        ],
        [
          20.65361,
          55.03979
        ],
        [
          20.65352,
          55.0397699
        ],
        [
          20.65342,
          55.03975
        ],
        [
          20.65332,
          55.03972
        ],
        [
          20.65322,
          55.03969
        ],
        [
          20.6531299,
          55.03966
        ],
        [
          20.6530399,
          55.03962
        ],
        [
          20.65295,
          55.03959
        ],
        [
          20.65286,
          55.0395499
        ],
        [
          20.6527799,
          55.0395099
        ],
        [
          20.6527,
          55.03946
        ],
        [
          20.65262,
          55.03942
        ],
        [
          20.6525399,
          55.0393799
        ],
        [
          20.65246,
          55.03934
        ],
        [
          20.65237,
          55.03929
        ],
        [
          20.65229,
          55.0392499
        ],
        [
          20.6522099,
          55.0392
        ],
        [
          20.65214,
          55.03916
        ],
        [
          20.65206,
          55.0391199
        ],
        [
          20.6519799,
          55.03907
        ],
        [
          20.6519,
          55.03903
        ],
        [
          20.65183,
          55.0389899
        ],
        [
          20.6517499,
          55.03894
        ],
        [
          20.65167,
          55.0389
        ],
        [
          20.6516,
          55.0388499
        ],
        [
          20.65152,
          55.03881
        ],
        [
          20.65145,
          55.03877
        ],
        [
          20.6513899,
          55.03873
        ],
        [
          20.65131,
          55.0386899
        ],
        [
          20.65124,
          55.03865
        ],
        [
          20.6511699,
          55.03861
        ],
        [
          20.65109,
          55.0385599
        ],
        [
          20.65101,
          55.0385199
        ],
        [
          20.6509299,
          55.03847
        ],
        [
          20.65085,
          55.0384299
        ],
        [
          20.65078,
          55.0383899
        ],
        [
          20.6507099,
          55.03834
        ],
        [
          20.65063,
          55.0382999
        ],
        [
          20.65055,
          55.0382599
        ],
        [
          20.6504699,
          55.03821
        ],
        [
          20.6503799,
          55.0381599
        ],
        [
          20.6503,
          55.03812
        ],
        [
          20.65023,
          55.03808
        ],
        [
          20.65014,
          55.0380299
        ],
        [
          20.65007,
          55.03799
        ],
        [
          20.6499799,
          55.0379399
        ],
        [
          20.6499,
          55.0378999
        ],
        [
          20.64981,
          55.03786
        ],
        [
          20.64973,
          55.03782
        ],
        [
          20.6496499,
          55.0377699
        ],
        [
          20.64958,
          55.03773
        ],
        [
          20.6495,
          55.03769
        ],
        [
          20.6494199,
          55.0376399
        ],
        [
          20.64934,
          55.0376
        ],
        [
          20.6492599,
          55.03755
        ],
        [
          20.64918,
          55.0375099
        ],
        [
          20.6490999,
          55.0374699
        ],
        [
          20.64902,
          55.03742
        ],
        [
          20.64895,
          55.0373799
        ],
        [
          20.64888,
          55.0373399
        ],
        [
          20.6487999,
          55.0373
        ],
        [
          20.64872,
          55.03726
        ],
        [
          20.6486399,
          55.0372099
        ],
        [
          20.64856,
          55.03717
        ],
        [
          20.6484799,
          55.0371199
        ],
        [
          20.6484099,
          55.0370799
        ],
        [
          20.6484099,
          55.0370799
        ],
        [
          20.6482499,
          55.03699
        ],
        [
          20.64817,
          55.03694
        ],
        [
          20.64817,
          55.03694
        ],
        [
          20.6480099,
          55.03686
        ],
        [
          20.64793,
          55.03681
        ],
        [
          20.64786,
          55.0367599
        ],
        [
          20.6477799,
          55.0367199
        ],
        [
          20.64771,
          55.03668
        ],
        [
          20.64771,
          55.03668
        ],
        [
          20.64757,
          55.03658
        ],
        [
          20.64757,
          55.03658
        ],
        [
          20.64744,
          55.0364899
        ],
        [
          20.64738,
          55.03645
        ],
        [
          20.6473199,
          55.0364
        ],
        [
          20.6472599,
          55.0363599
        ],
        [
          20.6471999,
          55.03632
        ],
        [
          20.64714,
          55.03628
        ],
        [
          20.64708,
          55.0362299
        ],
        [
          20.64702,
          55.0361899
        ],
        [
          20.6469599,
          55.03615
        ],
        [
          20.6469599,
          55.03615
        ],
        [
          20.64684,
          55.0360699
        ],
        [
          20.6467699,
          55.0360299
        ],
        [
          20.64671,
          55.03599
        ],
        [
          20.64671,
          55.03599
        ],
        [
          20.64659,
          55.03591
        ],
        [
          20.6465399,
          55.0358699
        ],
        [
          20.6464699,
          55.0358299
        ],
        [
          20.6464099,
          55.03579
        ],
        [
          20.64635,
          55.03575
        ],
        [
          20.64629,
          55.03571
        ],
        [
          20.64622,
          55.0356699
        ],
        [
          20.6461499,
          55.0356399
        ],
        [
          20.6461499,
          55.0356399
        ],
        [
          20.646,
          55.03556
        ],
        [
          20.6459199,
          55.03552
        ],
        [
          20.64584,
          55.0354799
        ],
        [
          20.64584,
          55.0354799
        ],
        [
          20.6456899,
          55.0354
        ],
        [
          20.64561,
          55.03536
        ],
        [
          20.64553,
          55.03532
        ],
        [
          20.6454499,
          55.0352799
        ],
        [
          20.64537,
          55.0352399
        ],
        [
          20.6452899,
          55.0352
        ],
        [
          20.64521,
          55.03516
        ],
        [
          20.6451199,
          55.03512
        ],
        [
          20.64504,
          55.03507
        ],
        [
          20.6449599,
          55.03503
        ],
        [
          20.64488,
          55.03499
        ],
        [
          20.64488,
          55.03499
        ],
        [
          20.6447299,
          55.0349099
        ],
        [
          20.64465,
          55.03487
        ],
        [
          20.64458,
          55.03483
        ],
        [
          20.64451,
          55.0347899
        ],
        [
          20.64443,
          55.03474
        ],
        [
          20.64435,
          55.0347
        ],
        [
          20.64428,
          55.0346499
        ],
        [
          20.6442,
          55.03461
        ],
        [
          20.64412,
          55.03457
        ],
        [
          20.64405,
          55.0345199
        ],
        [
          20.6439799,
          55.03447
        ],
        [
          20.6439099,
          55.0344199
        ],
        [
          20.6438399,
          55.0343599
        ],
        [
          20.64376,
          55.03431
        ],
        [
          20.64369,
          55.0342599
        ],
        [
          20.6436199,
          55.03421
        ],
        [
          20.64354,
          55.0341599
        ],
        [
          20.64346,
          55.03411
        ],
        [
          20.64346,
          55.03411
        ],
        [
          20.6433,
          55.03402
        ],
        [
          20.6432199,
          55.0339699
        ],
        [
          20.64314,
          55.0339299
        ],
        [
          20.64307,
          55.03389
        ],
        [
          20.643,
          55.0338599
        ],
        [
          20.64292,
          55.0338299
        ],
        [
          20.64285,
          55.0337999
        ],
        [
          20.64277,
          55.0337599
        ],
        [
          20.64268,
          55.0337299
        ],
        [
          20.64258,
          55.03369
        ],
        [
          20.64249,
          55.03366
        ],
        [
          20.64249,
          55.03366
        ],
        [
          20.64229,
          55.03359
        ],
        [
          20.6421999,
          55.03356
        ],
        [
          20.6420999,
          55.03352
        ],
        [
          20.6420099,
          55.03349
        ],
        [
          20.64192,
          55.03345
        ],
        [
          20.6418399,
          55.0334099
        ],
        [
          20.6417499,
          55.0333699
        ],
        [
          20.64166,
          55.03333
        ],
        [
          20.64157,
          55.03329
        ],
        [
          20.6414799,
          55.03325
        ],
        [
          20.6413899,
          55.0332
        ],
        [
          20.6413899,
          55.0332
        ],
        [
          20.6412,
          55.03312
        ],
        [
          20.64111,
          55.03309
        ],
        [
          20.64101,
          55.0330499
        ],
        [
          20.6409199,
          55.0330099
        ],
        [
          20.6408199,
          55.03296
        ],
        [
          20.6407299,
          55.0329099
        ],
        [
          20.64064,
          55.03286
        ],
        [
          20.64064,
          55.03286
        ],
        [
          20.64055,
          55.0328199
        ],
        [
          20.6404699,
          55.03277
        ],
        [
          20.64031,
          55.03267
        ],
        [
          20.6402299,
          55.0326199
        ],
        [
          20.6401399,
          55.03256
        ],
        [
          20.64006,
          55.03251
        ],
        [
          20.63998,
          55.0324599
        ],
        [
          20.6399,
          55.03241
        ],
        [
          20.63982,
          55.0323599
        ],
        [
          20.6397399,
          55.03231
        ],
        [
          20.63966,
          55.0322599
        ],
        [
          20.6395799,
          55.03221
        ],
        [
          20.6395,
          55.0321599
        ],
        [
          20.6394099,
          55.03211
        ],
        [
          20.6393199,
          55.0320599
        ],
        [
          20.63924,
          55.03202
        ],
        [
          20.63914,
          55.03198
        ],
        [
          20.63906,
          55.0319299
        ],
        [
          20.63897,
          55.0318899
        ],
        [
          20.6388899,
          55.03185
        ],
        [
          20.63881,
          55.03181
        ],
        [
          20.63874,
          55.0317599
        ],
        [
          20.6386599,
          55.03172
        ],
        [
          20.63858,
          55.03169
        ],
        [
          20.63851,
          55.03165
        ],
        [
          20.6384299,
          55.03161
        ],
        [
          20.63835,
          55.03156
        ],
        [
          20.63828,
          55.0315299
        ],
        [
          20.63828,
          55.0315299
        ],
        [
          20.6381399,
          55.03145
        ],
        [
          20.6380699,
          55.03141
        ],
        [
          20.63799,
          55.03136
        ],
        [
          20.63792,
          55.03132
        ],
        [
          20.6378399,
          55.03129
        ],
        [
          20.6377699,
          55.03125
        ],
        [
          20.63769,
          55.0312099
        ],
        [
          20.63762,
          55.0311699
        ],
        [
          20.6375499,
          55.03113
        ],
        [
          20.6375499,
          55.03113
        ],
        [
          20.6374099,
          55.0310399
        ],
        [
          20.6373399,
          55.031
        ],
        [
          20.63726,
          55.0309499
        ],
        [
          20.6371799,
          55.0309
        ],
        [
          20.6371,
          55.03086
        ],
        [
          20.6370199,
          55.03082
        ],
        [
          20.63693,
          55.03077
        ],
        [
          20.6368499,
          55.0307199
        ],
        [
          20.63677,
          55.0306799
        ],
        [
          20.6367,
          55.03064
        ],
        [
          20.6366299,
          55.0306
        ],
        [
          20.6365599,
          55.03056
        ],
        [
          20.6364899,
          55.0305199
        ],
        [
          20.6364299,
          55.0304799
        ],
        [
          20.6364299,
          55.0304799
        ],
        [
          20.6362999,
          55.0304
        ],
        [
          20.63624,
          55.03037
        ],
        [
          20.63618,
          55.03033
        ],
        [
          20.63612,
          55.0302899
        ],
        [
          20.63605,
          55.0302599
        ],
        [
          20.63599,
          55.0302199
        ],
        [
          20.6359299,
          55.03018
        ],
        [
          20.63588,
          55.0301499
        ],
        [
          20.6358099,
          55.03011
        ],
        [
          20.6358099,
          55.03011
        ],
        [
          20.63569,
          55.0300299
        ],
        [
          20.63563,
          55.03
        ],
        [
          20.6355699,
          55.0299599
        ],
        [
          20.6355099,
          55.0299199
        ],
        [
          20.6355099,
          55.0299199
        ],
        [
          20.6354,
          55.02985
        ],
        [
          20.6353399,
          55.02982
        ],
        [
          20.6352799,
          55.02978
        ],
        [
          20.63522,
          55.02974
        ],
        [
          20.6351499,
          55.02971
        ],
        [
          20.6350799,
          55.0296699
        ],
        [
          20.6350799,
          55.0296699
        ],
        [
          20.6349499,
          55.0295999
        ],
        [
          20.6348899,
          55.0295699
        ],
        [
          20.6348199,
          55.0295299
        ],
        [
          20.6347499,
          55.0294999
        ],
        [
          20.6346899,
          55.0294699
        ],
        [
          20.63463,
          55.0294299
        ],
        [
          20.6345599,
          55.0293999
        ],
        [
          20.6345,
          55.02936
        ],
        [
          20.6344299,
          55.0293299
        ],
        [
          20.63437,
          55.0292999
        ],
        [
          20.6342999,
          55.0292699
        ],
        [
          20.63424,
          55.02923
        ],
        [
          20.63418,
          55.0291999
        ],
        [
          20.63411,
          55.0291699
        ],
        [
          20.63405,
          55.0291399
        ],
        [
          20.63398,
          55.0291099
        ],
        [
          20.63391,
          55.0290699
        ],
        [
          20.63385,
          55.0290399
        ],
        [
          20.63378,
          55.0290099
        ],
        [
          20.63371,
          55.0289799
        ],
        [
          20.63365,
          55.02895
        ],
        [
          20.63359,
          55.02892
        ],
        [
          20.63353,
          55.02889
        ],
        [
          20.63348,
          55.02885
        ],
        [
          20.63342,
          55.02882
        ],
        [
          20.63336,
          55.02879
        ],
        [
          20.63329,
          55.0287499
        ],
        [
          20.63329,
          55.0287499
        ],
        [
          20.63317,
          55.02869
        ],
        [
          20.6331099,
          55.02866
        ],
        [
          20.63306,
          55.02863
        ],
        [
          20.63306,
          55.02863
        ],
        [
          20.63294,
          55.02857
        ],
        [
          20.6328799,
          55.02854
        ],
        [
          20.6328199,
          55.0285099
        ],
        [
          20.6327499,
          55.0284799
        ],
        [
          20.6327499,
          55.0284799
        ],
        [
          20.6326,
          55.0284099
        ],
        [
          20.63253,
          55.02839
        ],
        [
          20.63247,
          55.02836
        ],
        [
          20.6324,
          55.02833
        ],
        [
          20.6324,
          55.02833
        ],
        [
          20.63227,
          55.02826
        ],
        [
          20.6322,
          55.02823
        ],
        [
          20.6321299,
          55.0282
        ],
        [
          20.63207,
          55.02817
        ],
        [
          20.6319999,
          55.02814
        ],
        [
          20.6319299,
          55.0281
        ],
        [
          20.6318699,
          55.02807
        ],
        [
          20.63179,
          55.02804
        ],
        [
          20.63172,
          55.02801
        ],
        [
          20.63165,
          55.02798
        ],
        [
          20.63158,
          55.02794
        ],
        [
          20.6315099,
          55.02791
        ],
        [
          20.6314399,
          55.02788
        ],
        [
          20.6313699,
          55.02785
        ],
        [
          20.6313099,
          55.02781
        ],
        [
          20.6312399,
          55.02778
        ],
        [
          20.6311699,
          55.02775
        ],
        [
          20.63109,
          55.02771
        ],
        [
          20.63103,
          55.02767
        ],
        [
          20.63096,
          55.02764
        ],
        [
          20.63089,
          55.02761
        ],
        [
          20.6308199,
          55.02757
        ],
        [
          20.6307499,
          55.02754
        ],
        [
          20.6306799,
          55.02751
        ],
        [
          20.63061,
          55.0274699
        ],
        [
          20.6305499,
          55.0274299
        ],
        [
          20.6304899,
          55.0273999
        ],
        [
          20.6304899,
          55.0273999
        ],
        [
          20.6303499,
          55.0273299
        ],
        [
          20.6302899,
          55.02729
        ],
        [
          20.6302199,
          55.02725
        ],
        [
          20.6302199,
          55.02725
        ],
        [
          20.63008,
          55.02718
        ],
        [
          20.63001,
          55.0271399
        ],
        [
          20.63001,
          55.0271399
        ],
        [
          20.62987,
          55.02706
        ],
        [
          20.62979,
          55.02702
        ],
        [
          20.62972,
          55.02699
        ],
        [
          20.62965,
          55.02695
        ],
        [
          20.62958,
          55.0269099
        ],
        [
          20.62951,
          55.0268699
        ],
        [
          20.6294399,
          55.02683
        ],
        [
          20.6293699,
          55.0268
        ],
        [
          20.6292999,
          55.02676
        ],
        [
          20.62923,
          55.02672
        ],
        [
          20.6291699,
          55.02669
        ],
        [
          20.6291,
          55.0266499
        ],
        [
          20.62903,
          55.0266099
        ],
        [
          20.62896,
          55.02657
        ],
        [
          20.62889,
          55.02653
        ],
        [
          20.62882,
          55.02649
        ],
        [
          20.6287399,
          55.0264499
        ],
        [
          20.62866,
          55.0264199
        ],
        [
          20.62859,
          55.0263799
        ],
        [
          20.6285199,
          55.02634
        ],
        [
          20.6284499,
          55.0263
        ],
        [
          20.62837,
          55.02627
        ],
        [
          20.62837,
          55.02627
        ],
        [
          20.62821,
          55.0261899
        ],
        [
          20.62814,
          55.0261499
        ],
        [
          20.62807,
          55.02611
        ],
        [
          20.628,
          55.02607
        ],
        [
          20.6279299,
          55.02604
        ],
        [
          20.6278599,
          55.026
        ],
        [
          20.6277999,
          55.0259599
        ],
        [
          20.62774,
          55.0259199
        ],
        [
          20.62768,
          55.02588
        ],
        [
          20.6276299,
          55.0258499
        ],
        [
          20.62758,
          55.0258
        ],
        [
          20.62752,
          55.0257599
        ],
        [
          20.6274699,
          55.0257199
        ],
        [
          20.62742,
          55.02567
        ],
        [
          20.6273699,
          55.0256199
        ],
        [
          20.6273299,
          55.02558
        ],
        [
          20.62728,
          55.0255299
        ],
        [
          20.6272299,
          55.02548
        ],
        [
          20.62718,
          55.0254299
        ],
        [
          20.62713,
          55.0253899
        ],
        [
          20.62709,
          55.02534
        ],
        [
          20.6270399,
          55.0252999
        ],
        [
          20.62699,
          55.02525
        ],
        [
          20.62695,
          55.02521
        ],
        [
          20.6269,
          55.0251599
        ],
        [
          20.62686,
          55.02511
        ],
        [
          20.6268099,
          55.0250699
        ],
        [
          20.6268099,
          55.0250699
        ],
        [
          20.62672,
          55.0249699
        ],
        [
          20.62667,
          55.02493
        ],
        [
          20.62663,
          55.02488
        ],
        [
          20.6265799,
          55.02483
        ],
        [
          20.62653,
          55.02479
        ],
        [
          20.6264799,
          55.0247399
        ],
        [
          20.6264799,
          55.0247399
        ],
        [
          20.62637,
          55.02465
        ],
        [
          20.62631,
          55.0246099
        ],
        [
          20.6262499,
          55.02456
        ],
        [
          20.6261899,
          55.02452
        ],
        [
          20.6261199,
          55.0244799
        ],
        [
          20.62604,
          55.0244499
        ],
        [
          20.62597,
          55.0244099
        ],
        [
          20.6258899,
          55.02437
        ],
        [
          20.6258899,
          55.02437
        ],
        [
          20.6257299,
          55.0243
        ],
        [
          20.62565,
          55.02426
        ],
        [
          20.62557,
          55.02423
        ],
        [
          20.62557,
          55.02423
        ],
        [
          20.6253999,
          55.02416
        ],
        [
          20.62531,
          55.0241199
        ],
        [
          20.62531,
          55.0241199
        ],
        [
          20.6251699,
          55.02404
        ],
        [
          20.62509,
          55.02401
        ],
        [
          20.62502,
          55.02397
        ],
        [
          20.6249399,
          55.02393
        ],
        [
          20.6249399,
          55.02393
        ],
        [
          20.6248699,
          55.0238899
        ],
        [
          20.62472,
          55.0238
        ],
        [
          20.62465,
          55.0237599
        ],
        [
          20.62457,
          55.0237199
        ],
        [
          20.6245,
          55.02368
        ],
        [
          20.6245,
          55.02368
        ],
        [
          20.6243499,
          55.0236
        ],
        [
          20.62427,
          55.0235599
        ],
        [
          20.6241899,
          55.0235199
        ],
        [
          20.62411,
          55.02348
        ],
        [
          20.6240199,
          55.02345
        ],
        [
          20.62394,
          55.02341
        ],
        [
          20.6238499,
          55.02338
        ],
        [
          20.6237599,
          55.02334
        ],
        [
          20.62367,
          55.0232999
        ],
        [
          20.62358,
          55.02327
        ],
        [
          20.6234899,
          55.02324
        ],
        [
          20.6233899,
          55.02321
        ],
        [
          20.6232999,
          55.02318
        ],
        [
          20.62321,
          55.02315
        ],
        [
          20.62321,
          55.02315
        ],
        [
          20.6230399,
          55.02308
        ],
        [
          20.62295,
          55.02305
        ],
        [
          20.62286,
          55.02302
        ],
        [
          20.62286,
          55.02302
        ],
        [
          20.6226799,
          55.02295
        ],
        [
          20.6226,
          55.02292
        ],
        [
          20.6225099,
          55.02289
        ],
        [
          20.62242,
          55.02286
        ],
        [
          20.62242,
          55.02286
        ],
        [
          20.6222499,
          55.02279
        ],
        [
          20.62216,
          55.02276
        ],
        [
          20.6220799,
          55.02273
        ],
        [
          20.6219899,
          55.02269
        ],
        [
          20.6219199,
          55.02266
        ],
        [
          20.6219199,
          55.02266
        ],
        [
          20.62177,
          55.02258
        ],
        [
          20.6217,
          55.0225399
        ],
        [
          20.6216199,
          55.0225
        ],
        [
          20.62154,
          55.0224699
        ],
        [
          20.6214599,
          55.02242
        ],
        [
          20.6213899,
          55.0223799
        ],
        [
          20.62132,
          55.02233
        ],
        [
          20.62125,
          55.0222799
        ],
        [
          20.62125,
          55.0222799
        ],
        [
          20.62112,
          55.02219
        ],
        [
          20.6210599,
          55.0221399
        ],
        [
          20.6209999,
          55.02209
        ],
        [
          20.62095,
          55.02204
        ],
        [
          20.62089,
          55.02199
        ],
        [
          20.6208399,
          55.02194
        ],
        [
          20.6208399,
          55.02194
        ],
        [
          20.6207399,
          55.02184
        ],
        [
          20.62069,
          55.0217899
        ],
        [
          20.62069,
          55.0217899
        ],
        [
          20.6205999,
          55.02168
        ],
        [
          20.6205999,
          55.02168
        ],
        [
          20.62056,
          55.02163
        ],
        [
          20.6205,
          55.02153
        ],
        [
          20.6205,
          55.02153
        ],
        [
          20.6204699,
          55.02147
        ],
        [
          20.62039,
          55.02137
        ],
        [
          20.62039,
          55.02137
        ],
        [
          20.62036,
          55.0213199
        ],
        [
          20.62029,
          55.02122
        ],
        [
          20.62029,
          55.02122
        ],
        [
          20.62026,
          55.02117
        ],
        [
          20.62019,
          55.02107
        ],
        [
          20.62019,
          55.02107
        ],
        [
          20.62016,
          55.0210299
        ],
        [
          20.6201,
          55.02094
        ],
        [
          20.6201,
          55.02094
        ],
        [
          20.62007,
          55.02089
        ],
        [
          20.6200099,
          55.0207999
        ],
        [
          20.6200099,
          55.0207999
        ],
        [
          20.6199799,
          55.02076
        ],
        [
          20.6199499,
          55.02071
        ],
        [
          20.6199199,
          55.0206699
        ],
        [
          20.6198899,
          55.02062
        ],
        [
          20.61986,
          55.0205699
        ],
        [
          20.61983,
          55.02053
        ],
        [
          20.6197899,
          55.02049
        ],
        [
          20.61976,
          55.0204399
        ],
        [
          20.61973,
          55.02039
        ],
        [
          20.6197,
          55.02035
        ],
        [
          20.61967,
          55.0203
        ],
        [
          20.61964,
          55.02026
        ],
        [
          20.61961,
          55.0202099
        ],
        [
          20.61958,
          55.02016
        ],
        [
          20.6195499,
          55.02012
        ],
        [
          20.6195199,
          55.02007
        ],
        [
          20.6195,
          55.02002
        ],
        [
          20.61948,
          55.01997
        ],
        [
          20.6194599,
          55.0199199
        ],
        [
          20.6194299,
          55.01987
        ],
        [
          20.61941,
          55.0198099
        ],
        [
          20.6193899,
          55.01977
        ],
        [
          20.61937,
          55.01971
        ],
        [
          20.61935,
          55.01966
        ],
        [
          20.61934,
          55.01961
        ],
        [
          20.6193199,
          55.01956
        ],
        [
          20.61931,
          55.01951
        ],
        [
          20.6192899,
          55.0194499
        ],
        [
          20.61928,
          55.0194
        ],
        [
          20.61927,
          55.0193499
        ],
        [
          20.6192599,
          55.0192899
        ],
        [
          20.61925,
          55.01924
        ],
        [
          20.61925,
          55.01918
        ],
        [
          20.61924,
          55.01912
        ],
        [
          20.6192299,
          55.01907
        ],
        [
          20.61922,
          55.01901
        ],
        [
          20.61921,
          55.01895
        ],
        [
          20.6191899,
          55.01889
        ],
        [
          20.61918,
          55.0188299
        ],
        [
          20.61917,
          55.0187699
        ],
        [
          20.6191599,
          55.01871
        ],
        [
          20.61915,
          55.01866
        ],
        [
          20.61914,
          55.0185999
        ],
        [
          20.6191299,
          55.0185399
        ],
        [
          20.61911,
          55.01848
        ],
        [
          20.6190899,
          55.01843
        ],
        [
          20.61908,
          55.0183699
        ],
        [
          20.6190599,
          55.0182999
        ],
        [
          20.61904,
          55.0182399
        ],
        [
          20.61901,
          55.01819
        ],
        [
          20.6189999,
          55.01812
        ],
        [
          20.61898,
          55.0180699
        ],
        [
          20.6189599,
          55.0180099
        ],
        [
          20.61895,
          55.01796
        ],
        [
          20.6189299,
          55.0179
        ],
        [
          20.61891,
          55.0178399
        ],
        [
          20.6188999,
          55.01779
        ],
        [
          20.61889,
          55.01773
        ],
        [
          20.6188699,
          55.01767
        ],
        [
          20.61885,
          55.0176199
        ],
        [
          20.61884,
          55.01756
        ],
        [
          20.61882,
          55.01751
        ],
        [
          20.6187999,
          55.0174499
        ],
        [
          20.61878,
          55.0173899
        ],
        [
          20.61876,
          55.01733
        ],
        [
          20.6187399,
          55.01727
        ],
        [
          20.61872,
          55.0172199
        ],
        [
          20.61871,
          55.0171599
        ],
        [
          20.61869,
          55.0171
        ],
        [
          20.6186699,
          55.01704
        ],
        [
          20.61866,
          55.01698
        ],
        [
          20.6186399,
          55.01692
        ],
        [
          20.61862,
          55.01687
        ],
        [
          20.6185999,
          55.01681
        ],
        [
          20.61858,
          55.01675
        ],
        [
          20.6185699,
          55.01669
        ],
        [
          20.61855,
          55.01664
        ],
        [
          20.61853,
          55.01658
        ],
        [
          20.61852,
          55.01652
        ],
        [
          20.6184999,
          55.0164699
        ],
        [
          20.61848,
          55.01641
        ],
        [
          20.6184399,
          55.0163099
        ],
        [
          20.61842,
          55.01626
        ],
        [
          20.6184099,
          55.01622
        ],
        [
          20.6183799,
          55.01619
        ],
        [
          20.6183399,
          55.01619
        ],
        [
          20.6183099,
          55.01619
        ],
        [
          20.6183099,
          55.01619
        ],
        [
          20.6183099,
          55.01619
        ],
        [
          20.6183099,
          55.01619
        ],
        [
          20.6183099,
          55.01619
        ],
        [
          20.6183,
          55.0161399
        ],
        [
          20.61833,
          55.01613
        ],
        [
          20.61833,
          55.0161099
        ],
        [
          20.61832,
          55.0160799
        ],
        [
          20.6183099,
          55.01605
        ],
        [
          20.6183,
          55.01602
        ],
        [
          20.61829,
          55.01599
        ],
        [
          20.6182799,
          55.01596
        ],
        [
          20.6182699,
          55.0159399
        ],
        [
          20.61826,
          55.0159
        ],
        [
          20.61825,
          55.01587
        ],
        [
          20.61823,
          55.0158399
        ],
        [
          20.61822,
          55.0158
        ],
        [
          20.6182,
          55.01576
        ],
        [
          20.6181799,
          55.01572
        ],
        [
          20.61817,
          55.0156799
        ],
        [
          20.6181499,
          55.01564
        ],
        [
          20.6181399,
          55.0156
        ],
        [
          20.61812,
          55.01556
        ],
        [
          20.6181,
          55.0155199
        ],
        [
          20.61809,
          55.0154799
        ],
        [
          20.61807,
          55.01544
        ],
        [
          20.6180499,
          55.0153899
        ],
        [
          20.61803,
          55.0153499
        ],
        [
          20.61802,
          55.01531
        ],
        [
          20.618,
          55.01527
        ],
        [
          20.6179799,
          55.01523
        ],
        [
          20.61797,
          55.01518
        ],
        [
          20.61796,
          55.01514
        ],
        [
          20.6179499,
          55.0150899
        ],
        [
          20.61794,
          55.0150499
        ],
        [
          20.61794,
          55.015
        ],
        [
          20.6179499,
          55.0149599
        ],
        [
          20.61797,
          55.0149199
        ],
        [
          20.61799,
          55.01487
        ],
        [
          20.61802,
          55.0148299
        ],
        [
          20.61806,
          55.0147899
        ],
        [
          20.6181099,
          55.01475
        ],
        [
          20.6181499,
          55.01471
        ],
        [
          20.6182,
          55.01468
        ],
        [
          20.61825,
          55.01464
        ],
        [
          20.6183,
          55.0145999
        ],
        [
          20.61835,
          55.0145699
        ],
        [
          20.6183999,
          55.0145299
        ],
        [
          20.61846,
          55.01449
        ],
        [
          20.6184999,
          55.0144599
        ],
        [
          20.61856,
          55.01442
        ],
        [
          20.6185999,
          55.01438
        ],
        [
          20.6186399,
          55.0143299
        ],
        [
          20.6186699,
          55.01429
        ],
        [
          20.61869,
          55.0142399
        ],
        [
          20.6186999,
          55.01419
        ],
        [
          20.6186999,
          55.0141399
        ],
        [
          20.61869,
          55.01409
        ],
        [
          20.61868,
          55.0140399
        ],
        [
          20.61868,
          55.01399
        ],
        [
          20.6186699,
          55.01389
        ],
        [
          20.6186699,
          55.01383
        ],
        [
          20.61866,
          55.0137799
        ],
        [
          20.6186699,
          55.01373
        ],
        [
          20.61866,
          55.0136799
        ],
        [
          20.61866,
          55.01363
        ],
        [
          20.61866,
          55.0135799
        ],
        [
          20.61865,
          55.0135199
        ],
        [
          20.61865,
          55.01347
        ],
        [
          20.61865,
          55.0134099
        ],
        [
          20.61865,
          55.01336
        ],
        [
          20.61865,
          55.01331
        ],
        [
          20.61866,
          55.0132499
        ],
        [
          20.61866,
          55.0132
        ],
        [
          20.61865,
          55.0131499
        ],
        [
          20.61865,
          55.0130899
        ],
        [
          20.61865,
          55.01304
        ],
        [
          20.6186399,
          55.01298
        ],
        [
          20.6186299,
          55.01293
        ],
        [
          20.6186299,
          55.01287
        ],
        [
          20.61862,
          55.01281
        ],
        [
          20.6185999,
          55.0127599
        ],
        [
          20.61858,
          55.0127
        ],
        [
          20.61856,
          55.01265
        ],
        [
          20.6185399,
          55.0125999
        ],
        [
          20.6185099,
          55.01255
        ],
        [
          20.61846,
          55.01245
        ],
        [
          20.61846,
          55.01245
        ],
        [
          20.6184399,
          55.0123999
        ],
        [
          20.61842,
          55.01235
        ],
        [
          20.6183999,
          55.0122999
        ],
        [
          20.61836,
          55.01225
        ],
        [
          20.61833,
          55.0121999
        ],
        [
          20.61829,
          55.01215
        ],
        [
          20.61826,
          55.01211
        ],
        [
          20.61822,
          55.01206
        ],
        [
          20.61819,
          55.0120099
        ],
        [
          20.6181499,
          55.01196
        ],
        [
          20.61812,
          55.0119099
        ],
        [
          20.6180799,
          55.01186
        ],
        [
          20.61803,
          55.0118099
        ],
        [
          20.61799,
          55.01176
        ],
        [
          20.61796,
          55.01172
        ],
        [
          20.6179199,
          55.0116699
        ],
        [
          20.6178799,
          55.01162
        ],
        [
          20.61784,
          55.0115799
        ],
        [
          20.6178,
          55.01153
        ],
        [
          20.61777,
          55.0114799
        ],
        [
          20.61773,
          55.01143
        ],
        [
          20.6176899,
          55.0113799
        ],
        [
          20.61764,
          55.01133
        ],
        [
          20.6175899,
          55.01129
        ],
        [
          20.61753,
          55.0112499
        ],
        [
          20.61747,
          55.0112099
        ],
        [
          20.6174,
          55.01117
        ],
        [
          20.6173199,
          55.01113
        ],
        [
          20.61725,
          55.0111
        ],
        [
          20.6171599,
          55.01107
        ],
        [
          20.61708,
          55.01104
        ],
        [
          20.6169999,
          55.0110199
        ],
        [
          20.61692,
          55.0109899
        ],
        [
          20.61684,
          55.01096
        ],
        [
          20.6167599,
          55.01094
        ],
        [
          20.61669,
          55.0109199
        ],
        [
          20.61661,
          55.0108899
        ],
        [
          20.6165299,
          55.01087
        ],
        [
          20.61645,
          55.01084
        ],
        [
          20.61638,
          55.01081
        ],
        [
          20.6163099,
          55.01077
        ],
        [
          20.6162399,
          55.0107499
        ],
        [
          20.6161699,
          55.0107199
        ],
        [
          20.6161,
          55.0106899
        ],
        [
          20.61602,
          55.0106599
        ],
        [
          20.6159499,
          55.0106299
        ],
        [
          20.61589,
          55.0106
        ],
        [
          20.6158099,
          55.01057
        ],
        [
          20.61574,
          55.01054
        ],
        [
          20.61567,
          55.01051
        ],
        [
          20.6156,
          55.01048
        ],
        [
          20.6155199,
          55.01045
        ],
        [
          20.6154499,
          55.01042
        ],
        [
          20.61538,
          55.01038
        ],
        [
          20.6153199,
          55.0103599
        ],
        [
          20.61524,
          55.0103299
        ],
        [
          20.61517,
          55.0102999
        ],
        [
          20.6151,
          55.0102699
        ],
        [
          20.6150299,
          55.01024
        ],
        [
          20.61495,
          55.01021
        ],
        [
          20.61488,
          55.01018
        ],
        [
          20.61481,
          55.01014
        ],
        [
          20.61474,
          55.01011
        ],
        [
          20.6146599,
          55.01009
        ],
        [
          20.61459,
          55.01006
        ],
        [
          20.61451,
          55.0100299
        ],
        [
          20.6144399,
          55.0099999
        ],
        [
          20.6143699,
          55.0099699
        ],
        [
          20.6142999,
          55.0099299
        ],
        [
          20.61423,
          55.0098999
        ],
        [
          20.61416,
          55.0098699
        ],
        [
          20.61409,
          55.0098399
        ],
        [
          20.61403,
          55.0097999
        ],
        [
          20.61396,
          55.0097699
        ],
        [
          20.61389,
          55.00973
        ],
        [
          20.61383,
          55.00969
        ],
        [
          20.61376,
          55.00966
        ],
        [
          20.6137,
          55.00962
        ],
        [
          20.61363,
          55.0095799
        ],
        [
          20.61357,
          55.0095399
        ],
        [
          20.6135099,
          55.0095
        ],
        [
          20.6134499,
          55.00945
        ],
        [
          20.6133899,
          55.00942
        ],
        [
          20.61333,
          55.00937
        ],
        [
          20.61327,
          55.00933
        ],
        [
          20.61321,
          55.00929
        ],
        [
          20.6131499,
          55.0092499
        ],
        [
          20.6130899,
          55.0092099
        ],
        [
          20.61303,
          55.00917
        ],
        [
          20.61297,
          55.00913
        ],
        [
          20.61291,
          55.0091
        ],
        [
          20.61285,
          55.0090499
        ],
        [
          20.6127899,
          55.0090199
        ],
        [
          20.6127299,
          55.0089799
        ],
        [
          20.6126599,
          55.00894
        ],
        [
          20.6125999,
          55.0088899
        ],
        [
          20.6125299,
          55.00884
        ],
        [
          20.61245,
          55.0087899
        ],
        [
          20.61238,
          55.00874
        ],
        [
          20.6122999,
          55.0086899
        ],
        [
          20.6122299,
          55.00864
        ],
        [
          20.61216,
          55.0085899
        ],
        [
          20.61209,
          55.00855
        ],
        [
          20.61202,
          55.0085
        ],
        [
          20.61195,
          55.00845
        ],
        [
          20.6118799,
          55.00841
        ],
        [
          20.6118099,
          55.00837
        ],
        [
          20.6117399,
          55.0083299
        ],
        [
          20.61167,
          55.0082899
        ],
        [
          20.6116,
          55.00824
        ],
        [
          20.61153,
          55.0081999
        ],
        [
          20.6114499,
          55.0081599
        ],
        [
          20.61139,
          55.00812
        ],
        [
          20.6113199,
          55.00808
        ],
        [
          20.6112499,
          55.00804
        ],
        [
          20.6111899,
          55.00799
        ],
        [
          20.61113,
          55.00795
        ],
        [
          20.6110499,
          55.00791
        ],
        [
          20.61098,
          55.00788
        ],
        [
          20.61091,
          55.0078399
        ],
        [
          20.61085,
          55.00781
        ],
        [
          20.61077,
          55.0077699
        ],
        [
          20.6107,
          55.0077299
        ],
        [
          20.6106299,
          55.00768
        ],
        [
          20.6105599,
          55.00765
        ],
        [
          20.6104899,
          55.0075999
        ],
        [
          20.61042,
          55.00756
        ],
        [
          20.61035,
          55.00752
        ],
        [
          20.61028,
          55.0074799
        ],
        [
          20.61021,
          55.0074399
        ],
        [
          20.6101399,
          55.0074
        ],
        [
          20.6100699,
          55.00736
        ],
        [
          20.6099999,
          55.00732
        ],
        [
          20.60993,
          55.0072799
        ],
        [
          20.60986,
          55.00723
        ],
        [
          20.6097799,
          55.00719
        ],
        [
          20.6097,
          55.0071499
        ],
        [
          20.60962,
          55.00712
        ],
        [
          20.6095399,
          55.00707
        ],
        [
          20.60947,
          55.00704
        ],
        [
          20.60939,
          55.00699
        ],
        [
          20.6093199,
          55.0069499
        ],
        [
          20.60924,
          55.0069099
        ],
        [
          20.60917,
          55.00686
        ],
        [
          20.6090899,
          55.0068199
        ],
        [
          20.60901,
          55.0067799
        ],
        [
          20.60893,
          55.00674
        ],
        [
          20.6088499,
          55.0067
        ],
        [
          20.6087599,
          55.00666
        ],
        [
          20.60868,
          55.0066199
        ],
        [
          20.6085899,
          55.00658
        ],
        [
          20.6084999,
          55.00654
        ],
        [
          20.6083999,
          55.00651
        ],
        [
          20.60831,
          55.00648
        ],
        [
          20.60821,
          55.0064499
        ],
        [
          20.60811,
          55.0064299
        ],
        [
          20.60801,
          55.0064
        ],
        [
          20.60791,
          55.00638
        ],
        [
          20.6078099,
          55.0063599
        ],
        [
          20.6077099,
          55.00634
        ],
        [
          20.6076,
          55.0063299
        ],
        [
          20.6075,
          55.00631
        ],
        [
          20.6074,
          55.0063
        ],
        [
          20.60729,
          55.00628
        ],
        [
          20.6071799,
          55.00627
        ],
        [
          20.6070799,
          55.0062599
        ],
        [
          20.60697,
          55.00624
        ],
        [
          20.60687,
          55.0062299
        ],
        [
          20.6067599,
          55.0062199
        ],
        [
          20.6066499,
          55.0061999
        ],
        [
          20.60655,
          55.0061899
        ],
        [
          20.60644,
          55.00618
        ],
        [
          20.60634,
          55.00617
        ],
        [
          20.6062299,
          55.00615
        ],
        [
          20.6061299,
          55.00614
        ],
        [
          20.6060299,
          55.0061299
        ],
        [
          20.6059299,
          55.00611
        ],
        [
          20.6058299,
          55.0060999
        ],
        [
          20.6057299,
          55.00608
        ],
        [
          20.60562,
          55.0060599
        ],
        [
          20.60552,
          55.00605
        ],
        [
          20.60542,
          55.00604
        ],
        [
          20.60533,
          55.0060299
        ],
        [
          20.60522,
          55.00602
        ],
        [
          20.60512,
          55.00601
        ],
        [
          20.6050199,
          55.0059999
        ],
        [
          20.6049199,
          55.00599
        ],
        [
          20.60481,
          55.00598
        ],
        [
          20.6047,
          55.0059699
        ],
        [
          20.6046,
          55.00595
        ],
        [
          20.6044899,
          55.00594
        ],
        [
          20.6043899,
          55.0059299
        ],
        [
          20.60428,
          55.00591
        ],
        [
          20.60417,
          55.0058999
        ],
        [
          20.60407,
          55.00589
        ],
        [
          20.6039599,
          55.00588
        ],
        [
          20.60385,
          55.0058599
        ],
        [
          20.6037399,
          55.00585
        ],
        [
          20.6036399,
          55.0058299
        ],
        [
          20.6035399,
          55.00582
        ],
        [
          20.60343,
          55.00581
        ],
        [
          20.60333,
          55.0057999
        ],
        [
          20.60322,
          55.00578
        ],
        [
          20.60312,
          55.0057699
        ],
        [
          20.60302,
          55.00575
        ],
        [
          20.60293,
          55.0057399
        ],
        [
          20.60283,
          55.0057299
        ],
        [
          20.60273,
          55.00572
        ],
        [
          20.60263,
          55.0056999
        ],
        [
          20.60254,
          55.00569
        ],
        [
          20.60244,
          55.00568
        ],
        [
          20.6023499,
          55.0056699
        ],
        [
          20.6022599,
          55.00566
        ],
        [
          20.60217,
          55.00565
        ],
        [
          20.60208,
          55.0056399
        ],
        [
          20.6019899,
          55.00562
        ],
        [
          20.6018999,
          55.00562
        ],
        [
          20.60181,
          55.00561
        ],
        [
          20.60172,
          55.0055999
        ],
        [
          20.6016299,
          55.00559
        ],
        [
          20.60155,
          55.00558
        ],
        [
          20.60146,
          55.0055699
        ],
        [
          20.6013699,
          55.00556
        ],
        [
          20.60128,
          55.00555
        ],
        [
          20.60119,
          55.0055399
        ],
        [
          20.6011099,
          55.00553
        ],
        [
          20.60102,
          55.00552
        ],
        [
          20.60093,
          55.0055099
        ],
        [
          20.6008399,
          55.0054999
        ],
        [
          20.60076,
          55.00549
        ],
        [
          20.6006799,
          55.00548
        ],
        [
          20.60059,
          55.00546
        ],
        [
          20.6005,
          55.00545
        ],
        [
          20.6004199,
          55.0054399
        ],
        [
          20.60034,
          55.00543
        ],
        [
          20.6002499,
          55.00542
        ],
        [
          20.60017,
          55.0054099
        ],
        [
          20.6000899,
          55.0053999
        ],
        [
          20.60001,
          55.00539
        ],
        [
          20.5999199,
          55.00538
        ],
        [
          20.59984,
          55.0053699
        ],
        [
          20.59975,
          55.00536
        ],
        [
          20.5996699,
          55.00535
        ],
        [
          20.59958,
          55.0053399
        ],
        [
          20.5994999,
          55.00533
        ],
        [
          20.59942,
          55.00532
        ],
        [
          20.5993399,
          55.00532
        ],
        [
          20.59925,
          55.0053
        ],
        [
          20.5991699,
          55.00529
        ],
        [
          20.59909,
          55.0052799
        ],
        [
          20.599,
          55.0052699
        ],
        [
          20.59892,
          55.00526
        ],
        [
          20.5988399,
          55.00525
        ],
        [
          20.59876,
          55.0052399
        ],
        [
          20.5986799,
          55.00523
        ],
        [
          20.59859,
          55.00522
        ],
        [
          20.5985,
          55.0052
        ],
        [
          20.5984099,
          55.00519
        ],
        [
          20.59831,
          55.0051699
        ],
        [
          20.59821,
          55.0051399
        ],
        [
          20.59811,
          55.00512
        ],
        [
          20.598,
          55.00509
        ],
        [
          20.5978899,
          55.00506
        ],
        [
          20.59777,
          55.00502
        ],
        [
          20.59765,
          55.0049799
        ],
        [
          20.59752,
          55.00493
        ],
        [
          20.59739,
          55.0048799
        ],
        [
          20.59726,
          55.00483
        ],
        [
          20.59712,
          55.0047799
        ],
        [
          20.59698,
          55.0047199
        ],
        [
          20.59685,
          55.00467
        ],
        [
          20.5967099,
          55.0046199
        ],
        [
          20.5965799,
          55.00457
        ],
        [
          20.5964499,
          55.0045199
        ],
        [
          20.59633,
          55.00447
        ],
        [
          20.5962,
          55.0044199
        ],
        [
          20.5960799,
          55.00438
        ],
        [
          20.5959499,
          55.00433
        ],
        [
          20.59583,
          55.00428
        ],
        [
          20.59571,
          55.0042299
        ],
        [
          20.59558,
          55.00418
        ],
        [
          20.5954599,
          55.0041299
        ],
        [
          20.5953299,
          55.00408
        ],
        [
          20.59521,
          55.00404
        ],
        [
          20.59508,
          55.0039999
        ],
        [
          20.59496,
          55.00395
        ],
        [
          20.5948399,
          55.0038999
        ],
        [
          20.59472,
          55.00385
        ],
        [
          20.5946,
          55.00381
        ],
        [
          20.5944799,
          55.0037599
        ],
        [
          20.59437,
          55.00371
        ],
        [
          20.5942499,
          55.0036699
        ],
        [
          20.59414,
          55.00362
        ],
        [
          20.5940199,
          55.00358
        ],
        [
          20.59391,
          55.0035299
        ],
        [
          20.5937899,
          55.00348
        ],
        [
          20.59368,
          55.0034399
        ],
        [
          20.5935599,
          55.0033999
        ],
        [
          20.59344,
          55.00336
        ],
        [
          20.5933299,
          55.00332
        ],
        [
          20.59322,
          55.0032699
        ],
        [
          20.5930999,
          55.0032399
        ],
        [
          20.59299,
          55.00319
        ],
        [
          20.59288,
          55.00315
        ],
        [
          20.59276,
          55.0031099
        ],
        [
          20.59265,
          55.0030699
        ],
        [
          20.59255,
          55.00303
        ],
        [
          20.59245,
          55.0029799
        ],
        [
          20.59236,
          55.0029499
        ],
        [
          20.59226,
          55.0029099
        ],
        [
          20.59216,
          55.0028799
        ],
        [
          20.59207,
          55.0028399
        ],
        [
          20.59197,
          55.0028099
        ],
        [
          20.5918799,
          55.00277
        ],
        [
          20.5917899,
          55.00274
        ],
        [
          20.5917,
          55.0027
        ],
        [
          20.59161,
          55.00266
        ],
        [
          20.5915199,
          55.00263
        ],
        [
          20.5914299,
          55.0026
        ],
        [
          20.59134,
          55.00256
        ],
        [
          20.59125,
          55.00253
        ],
        [
          20.59117,
          55.0025
        ],
        [
          20.5910899,
          55.00247
        ],
        [
          20.59101,
          55.00243
        ],
        [
          20.59092,
          55.0024
        ],
        [
          20.5908299,
          55.00237
        ],
        [
          20.59075,
          55.00233
        ],
        [
          20.59066,
          55.0023
        ],
        [
          20.5905699,
          55.0022599
        ],
        [
          20.5904699,
          55.00223
        ],
        [
          20.5903799,
          55.0022
        ],
        [
          20.5903,
          55.0021599
        ],
        [
          20.59022,
          55.00213
        ],
        [
          20.5901399,
          55.0021
        ],
        [
          20.59006,
          55.00207
        ],
        [
          20.5899799,
          55.00204
        ],
        [
          20.5899099,
          55.0020199
        ],
        [
          20.58983,
          55.0019899
        ],
        [
          20.58976,
          55.0019599
        ],
        [
          20.5896799,
          55.00194
        ],
        [
          20.58961,
          55.0018999
        ],
        [
          20.58953,
          55.00187
        ],
        [
          20.5894599,
          55.00184
        ],
        [
          20.58938,
          55.00182
        ],
        [
          20.58931,
          55.0017899
        ],
        [
          20.5892299,
          55.0017599
        ],
        [
          20.58915,
          55.0017299
        ],
        [
          20.58907,
          55.0016999
        ],
        [
          20.5889999,
          55.0016599
        ],
        [
          20.58892,
          55.0016299
        ],
        [
          20.58884,
          55.0015999
        ],
        [
          20.5887599,
          55.0015699
        ],
        [
          20.58868,
          55.00154
        ],
        [
          20.5885999,
          55.00152
        ],
        [
          20.58852,
          55.00149
        ],
        [
          20.5884399,
          55.00145
        ],
        [
          20.58836,
          55.00142
        ],
        [
          20.58828,
          55.00139
        ],
        [
          20.5882,
          55.00136
        ],
        [
          20.58812,
          55.0013299
        ],
        [
          20.5880399,
          55.0012999
        ],
        [
          20.58796,
          55.0012699
        ],
        [
          20.58789,
          55.0012399
        ],
        [
          20.5878099,
          55.0012099
        ],
        [
          20.58774,
          55.00118
        ],
        [
          20.58767,
          55.00115
        ],
        [
          20.5875899,
          55.00112
        ],
        [
          20.5875199,
          55.00109
        ],
        [
          20.58744,
          55.00106
        ],
        [
          20.5873599,
          55.0010399
        ],
        [
          20.58728,
          55.001
        ],
        [
          20.58721,
          55.0009699
        ],
        [
          20.5871299,
          55.00095
        ],
        [
          20.5870599,
          55.00092
        ],
        [
          20.58698,
          55.00089
        ],
        [
          20.5868999,
          55.00086
        ],
        [
          20.5868299,
          55.0008399
        ],
        [
          20.5867599,
          55.0008099
        ],
        [
          20.58668,
          55.0007799
        ],
        [
          20.5865999,
          55.0007499
        ],
        [
          20.5865299,
          55.00072
        ],
        [
          20.58645,
          55.00069
        ],
        [
          20.5863699,
          55.00066
        ],
        [
          20.5863699,
          55.00066
        ],
        [
          20.58622,
          55.0006
        ],
        [
          20.5861399,
          55.00057
        ],
        [
          20.58606,
          55.00054
        ],
        [
          20.5859799,
          55.0005099
        ],
        [
          20.5859,
          55.0004799
        ],
        [
          20.58582,
          55.0004499
        ],
        [
          20.58573,
          55.0004199
        ],
        [
          20.58566,
          55.0003899
        ],
        [
          20.5855799,
          55.00036
        ],
        [
          20.5855,
          55.00033
        ],
        [
          20.58541,
          55.0002899
        ],
        [
          20.58533,
          55.00026
        ],
        [
          20.5852499,
          55.00023
        ],
        [
          20.58517,
          55.0002
        ],
        [
          20.5851,
          55.0001599
        ],
        [
          20.58501,
          55.00013
        ],
        [
          20.5849299,
          55.0001
        ],
        [
          20.58485,
          55.00007
        ],
        [
          20.58477,
          55.00004
        ],
        [
          20.5846899,
          55.00001
        ],
        [
          20.58462,
          54.99998
        ],
        [
          20.58454,
          54.99995
        ],
        [
          20.58445,
          54.9999199
        ],
        [
          20.58438,
          54.9998899
        ],
        [
          20.58429,
          54.9998599
        ],
        [
          20.58422,
          54.9998299
        ],
        [
          20.5841399,
          54.9998
        ],
        [
          20.5841399,
          54.9998
        ],
        [
          20.58398,
          54.99975
        ],
        [
          20.5839,
          54.99972
        ],
        [
          20.58382,
          54.9996899
        ],
        [
          20.5837399,
          54.9996599
        ],
        [
          20.5836499,
          54.9996299
        ],
        [
          20.58357,
          54.9995999
        ],
        [
          20.58357,
          54.9995999
        ],
        [
          20.5834099,
          54.99954
        ],
        [
          20.58333,
          54.99951
        ],
        [
          20.5832499,
          54.99948
        ],
        [
          20.58316,
          54.99944
        ],
        [
          20.58308,
          54.99941
        ],
        [
          20.583,
          54.99938
        ],
        [
          20.5829199,
          54.99935
        ],
        [
          20.58284,
          54.99932
        ],
        [
          20.5827599,
          54.99929
        ],
        [
          20.58268,
          54.99926
        ],
        [
          20.5825899,
          54.9992299
        ],
        [
          20.58251,
          54.9991999
        ],
        [
          20.5824299,
          54.99916
        ],
        [
          20.58235,
          54.9991299
        ],
        [
          20.58235,
          54.9991299
        ],
        [
          20.58218,
          54.99906
        ],
        [
          20.58209,
          54.99903
        ],
        [
          20.5820099,
          54.9989999
        ],
        [
          20.58192,
          54.9989699
        ],
        [
          20.5818399,
          54.99893
        ],
        [
          20.58176,
          54.9988999
        ],
        [
          20.5816699,
          54.9988699
        ],
        [
          20.58159,
          54.9988399
        ],
        [
          20.5815,
          54.9988099
        ],
        [
          20.58142,
          54.9987799
        ],
        [
          20.58133,
          54.99875
        ],
        [
          20.5812499,
          54.99872
        ],
        [
          20.58117,
          54.9986799
        ],
        [
          20.58117,
          54.9986799
        ],
        [
          20.581,
          54.99862
        ],
        [
          20.5809199,
          54.99859
        ],
        [
          20.58084,
          54.99856
        ],
        [
          20.5807599,
          54.99853
        ],
        [
          20.58068,
          54.99849
        ],
        [
          20.5806,
          54.99846
        ],
        [
          20.58052,
          54.99843
        ],
        [
          20.58044,
          54.9984
        ],
        [
          20.58035,
          54.99836
        ],
        [
          20.5802699,
          54.99833
        ],
        [
          20.58019,
          54.9983
        ],
        [
          20.58011,
          54.99827
        ],
        [
          20.5800299,
          54.99824
        ],
        [
          20.5800299,
          54.99824
        ],
        [
          20.57986,
          54.9981799
        ],
        [
          20.57978,
          54.9981499
        ],
        [
          20.5796999,
          54.99811
        ],
        [
          20.57962,
          54.9980799
        ],
        [
          20.57953,
          54.9980499
        ],
        [
          20.5794399,
          54.9980199
        ],
        [
          20.57936,
          54.9979899
        ],
        [
          20.5792799,
          54.9979599
        ],
        [
          20.57919,
          54.99793
        ],
        [
          20.5791099,
          54.9979
        ],
        [
          20.5790199,
          54.99787
        ],
        [
          20.57894,
          54.99783
        ],
        [
          20.57886,
          54.9978
        ],
        [
          20.57877,
          54.99777
        ],
        [
          20.5786899,
          54.9977299
        ],
        [
          20.5786,
          54.9976899
        ],
        [
          20.5785199,
          54.9976599
        ],
        [
          20.5784299,
          54.9976199
        ],
        [
          20.57834,
          54.9975899
        ],
        [
          20.57825,
          54.9975599
        ],
        [
          20.57817,
          54.9975299
        ],
        [
          20.57808,
          54.9974999
        ],
        [
          20.5779999,
          54.9974599
        ],
        [
          20.57791,
          54.9974299
        ],
        [
          20.57782,
          54.9973899
        ],
        [
          20.5777399,
          54.9973599
        ],
        [
          20.57765,
          54.99732
        ],
        [
          20.57756,
          54.99729
        ],
        [
          20.57756,
          54.99729
        ],
        [
          20.57739,
          54.9972299
        ],
        [
          20.5773,
          54.99719
        ],
        [
          20.5772099,
          54.99716
        ],
        [
          20.57712,
          54.9971299
        ],
        [
          20.57704,
          54.9970999
        ],
        [
          20.5769499,
          54.9970699
        ],
        [
          20.57686,
          54.9970299
        ],
        [
          20.57677,
          54.9969999
        ],
        [
          20.5766799,
          54.9969999
        ],
        [
          20.5766799,
          54.9969699
        ],
        [
          20.5765,
          54.9969099
        ],
        [
          20.5764199,
          54.9968699
        ],
        [
          20.57634,
          54.9968399
        ],
        [
          20.57625,
          54.9968099
        ],
        [
          20.57617,
          54.99678
        ],
        [
          20.57608,
          54.99675
        ],
        [
          20.57599,
          54.99672
        ],
        [
          20.5758999,
          54.9966799
        ],
        [
          20.5758999,
          54.9966799
        ],
        [
          20.5757299,
          54.99662
        ],
        [
          20.5756399,
          54.99659
        ],
        [
          20.57556,
          54.99655
        ],
        [
          20.5754699,
          54.99652
        ],
        [
          20.57538,
          54.9964799
        ],
        [
          20.57529,
          54.9964499
        ],
        [
          20.5752,
          54.99642
        ],
        [
          20.57512,
          54.9963799
        ],
        [
          20.57503,
          54.9963499
        ],
        [
          20.5749499,
          54.99632
        ],
        [
          20.57486,
          54.9962799
        ],
        [
          20.5747799,
          54.9962499
        ],
        [
          20.5747799,
          54.9962499
        ],
        [
          20.57461,
          54.99619
        ],
        [
          20.5745199,
          54.99616
        ],
        [
          20.57444,
          54.99613
        ],
        [
          20.57444,
          54.99613
        ],
        [
          20.57427,
          54.99606
        ],
        [
          20.57418,
          54.99603
        ],
        [
          20.5741,
          54.996
        ],
        [
          20.57401,
          54.99597
        ],
        [
          20.5739299,
          54.99593
        ],
        [
          20.57384,
          54.9959
        ],
        [
          20.57375,
          54.9958599
        ],
        [
          20.5736599,
          54.99583
        ],
        [
          20.57358,
          54.9958
        ],
        [
          20.57349,
          54.99577
        ],
        [
          20.5734099,
          54.99574
        ],
        [
          20.57332,
          54.9957
        ],
        [
          20.57323,
          54.99567
        ],
        [
          20.5731399,
          54.99564
        ],
        [
          20.57305,
          54.99561
        ],
        [
          20.57297,
          54.99557
        ],
        [
          20.5728799,
          54.99554
        ],
        [
          20.57279,
          54.9955
        ],
        [
          20.5727,
          54.99547
        ],
        [
          20.5726199,
          54.99544
        ],
        [
          20.57253,
          54.9953999
        ],
        [
          20.5724499,
          54.99537
        ],
        [
          20.57236,
          54.99534
        ],
        [
          20.57228,
          54.9952999
        ],
        [
          20.5721899,
          54.99527
        ],
        [
          20.57211,
          54.9952299
        ],
        [
          20.5720199,
          54.9951999
        ],
        [
          20.5719299,
          54.9951599
        ],
        [
          20.57184,
          54.9951299
        ],
        [
          20.57175,
          54.9950999
        ],
        [
          20.5716599,
          54.9950599
        ],
        [
          20.5715699,
          54.9950299
        ],
        [
          20.5715699,
          54.9950299
        ],
        [
          20.57139,
          54.99496
        ],
        [
          20.5712999,
          54.99492
        ],
        [
          20.5712099,
          54.99489
        ],
        [
          20.5712099,
          54.99489
        ],
        [
          20.57103,
          54.99482
        ],
        [
          20.5709399,
          54.99478
        ],
        [
          20.57085,
          54.99475
        ],
        [
          20.57076,
          54.9947099
        ],
        [
          20.57067,
          54.99468
        ],
        [
          20.57067,
          54.99468
        ],
        [
          20.5704799,
          54.9946099
        ],
        [
          20.5703899,
          54.9945799
        ],
        [
          20.5702899,
          54.9945399
        ],
        [
          20.5702,
          54.9945099
        ],
        [
          20.5702,
          54.9945099
        ],
        [
          20.57001,
          54.9944399
        ],
        [
          20.5699199,
          54.9944
        ],
        [
          20.5698299,
          54.99437
        ],
        [
          20.5697299,
          54.99433
        ],
        [
          20.56964,
          54.99429
        ],
        [
          20.56954,
          54.99426
        ],
        [
          20.56945,
          54.99422
        ],
        [
          20.56935,
          54.99419
        ],
        [
          20.56926,
          54.9941499
        ],
        [
          20.56916,
          54.9941099
        ],
        [
          20.56906,
          54.9940799
        ],
        [
          20.5689699,
          54.99404
        ],
        [
          20.5688699,
          54.994
        ],
        [
          20.5687799,
          54.99397
        ],
        [
          20.5686799,
          54.99393
        ],
        [
          20.5685799,
          54.9938899
        ],
        [
          20.5684799,
          54.9938499
        ],
        [
          20.56839,
          54.99381
        ],
        [
          20.56829,
          54.9937799
        ],
        [
          20.5681899,
          54.99374
        ],
        [
          20.5681,
          54.9937
        ],
        [
          20.568,
          54.9936599
        ],
        [
          20.56791,
          54.9936199
        ],
        [
          20.56781,
          54.9935899
        ],
        [
          20.56771,
          54.9935499
        ],
        [
          20.5676199,
          54.9935199
        ],
        [
          20.56752,
          54.99348
        ],
        [
          20.56742,
          54.99344
        ],
        [
          20.5673299,
          54.99341
        ],
        [
          20.5672299,
          54.99337
        ],
        [
          20.5671299,
          54.9933299
        ],
        [
          20.5670399,
          54.9932999
        ],
        [
          20.5669399,
          54.9932599
        ],
        [
          20.5669399,
          54.9932599
        ],
        [
          20.56675,
          54.99318
        ],
        [
          20.56665,
          54.99315
        ],
        [
          20.56655,
          54.99315
        ],
        [
          20.56655,
          54.99311
        ],
        [
          20.56636,
          54.99304
        ],
        [
          20.56627,
          54.9929999
        ],
        [
          20.5661799,
          54.9929599
        ],
        [
          20.5660899,
          54.9929299
        ],
        [
          20.5659899,
          54.99289
        ],
        [
          20.5659,
          54.99285
        ],
        [
          20.56581,
          54.99281
        ],
        [
          20.5657199,
          54.99278
        ],
        [
          20.56564,
          54.9927299
        ],
        [
          20.5655599,
          54.99269
        ],
        [
          20.56547,
          54.99265
        ],
        [
          20.5653899,
          54.9925999
        ],
        [
          20.56531,
          54.99256
        ],
        [
          20.5652299,
          54.9925099
        ],
        [
          20.56515,
          54.99246
        ],
        [
          20.5650699,
          54.99242
        ],
        [
          20.56499,
          54.9923699
        ],
        [
          20.56492,
          54.99232
        ],
        [
          20.5648399,
          54.9922799
        ],
        [
          20.5647699,
          54.99222
        ],
        [
          20.56469,
          54.99217
        ],
        [
          20.56463,
          54.99212
        ],
        [
          20.56455,
          54.99207
        ],
        [
          20.5644699,
          54.99202
        ],
        [
          20.5644,
          54.9919799
        ],
        [
          20.56432,
          54.99193
        ],
        [
          20.5642399,
          54.9918799
        ],
        [
          20.56417,
          54.99183
        ],
        [
          20.56409,
          54.9917799
        ],
        [
          20.5640099,
          54.99173
        ],
        [
          20.56393,
          54.9916799
        ],
        [
          20.56393,
          54.9916799
        ],
        [
          20.5637899,
          54.9915799
        ],
        [
          20.56371,
          54.99153
        ],
        [
          20.56364,
          54.99148
        ],
        [
          20.56357,
          54.99143
        ],
        [
          20.5634899,
          54.99138
        ],
        [
          20.5634199,
          54.9913299
        ],
        [
          20.5634199,
          54.9913299
        ],
        [
          20.56334,
          54.99128
        ],
        [
          20.5631899,
          54.99118
        ],
        [
          20.56311,
          54.9911299
        ],
        [
          20.56304,
          54.99108
        ],
        [
          20.5629599,
          54.9910299
        ],
        [
          20.56289,
          54.99098
        ],
        [
          20.56281,
          54.9909299
        ],
        [
          20.5627299,
          54.99088
        ],
        [
          20.56266,
          54.9908299
        ],
        [
          20.56259,
          54.99078
        ],
        [
          20.5625099,
          54.9907299
        ],
        [
          20.5624399,
          54.99068
        ],
        [
          20.5624399,
          54.99068
        ],
        [
          20.5623,
          54.99059
        ],
        [
          20.56222,
          54.9905399
        ],
        [
          20.5621499,
          54.99049
        ],
        [
          20.5620799,
          54.99045
        ],
        [
          20.5620099,
          54.9903999
        ],
        [
          20.56194,
          54.99035
        ],
        [
          20.56186,
          54.9902999
        ],
        [
          20.5617899,
          54.99026
        ],
        [
          20.5617199,
          54.9902099
        ],
        [
          20.56164,
          54.9901699
        ],
        [
          20.56157,
          54.99012
        ],
        [
          20.5614899,
          54.9900799
        ],
        [
          20.5614199,
          54.99003
        ],
        [
          20.56134,
          54.9899799
        ],
        [
          20.5612599,
          54.98993
        ],
        [
          20.5611899,
          54.98989
        ],
        [
          20.56111,
          54.98984
        ],
        [
          20.56104,
          54.9898
        ],
        [
          20.56098,
          54.9897499
        ],
        [
          20.5608999,
          54.9897
        ],
        [
          20.5608299,
          54.98966
        ],
        [
          20.5607599,
          54.98961
        ],
        [
          20.56069,
          54.98957
        ],
        [
          20.56061,
          54.9895199
        ],
        [
          20.5605399,
          54.9894799
        ],
        [
          20.56046,
          54.98943
        ],
        [
          20.56039,
          54.98938
        ],
        [
          20.5603099,
          54.98934
        ],
        [
          20.5602399,
          54.9892899
        ],
        [
          20.56016,
          54.98924
        ],
        [
          20.5600799,
          54.9891899
        ],
        [
          20.56,
          54.98915
        ],
        [
          20.55992,
          54.9891
        ],
        [
          20.55984,
          54.9890599
        ],
        [
          20.55976,
          54.98901
        ],
        [
          20.5596799,
          54.98897
        ],
        [
          20.5595899,
          54.9889299
        ],
        [
          20.5595,
          54.9888899
        ],
        [
          20.5594,
          54.98884
        ],
        [
          20.55931,
          54.98881
        ],
        [
          20.55921,
          54.9887699
        ],
        [
          20.5591199,
          54.9887299
        ],
        [
          20.55901,
          54.98869
        ],
        [
          20.55891,
          54.98865
        ],
        [
          20.55881,
          54.98862
        ],
        [
          20.55871,
          54.98858
        ],
        [
          20.5585999,
          54.9885399
        ],
        [
          20.5584999,
          54.98851
        ],
        [
          20.5583999,
          54.9884699
        ],
        [
          20.5582999,
          54.9884399
        ],
        [
          20.5581999,
          54.9883999
        ],
        [
          20.5581,
          54.98836
        ],
        [
          20.558,
          54.98832
        ],
        [
          20.5579,
          54.98828
        ],
        [
          20.5578,
          54.9882399
        ],
        [
          20.5578,
          54.9882399
        ],
        [
          20.5576,
          54.98816
        ],
        [
          20.5575,
          54.98812
        ],
        [
          20.5573899,
          54.9880799
        ],
        [
          20.5573899,
          54.9880799
        ],
        [
          20.5571899,
          54.9880099
        ],
        [
          20.55708,
          54.9879699
        ],
        [
          20.55698,
          54.9879399
        ],
        [
          20.55688,
          54.9879
        ],
        [
          20.55688,
          54.9879
        ],
        [
          20.55668,
          54.98782
        ],
        [
          20.55658,
          54.98779
        ],
        [
          20.5564699,
          54.9877499
        ],
        [
          20.5564699,
          54.9877499
        ],
        [
          20.5562699,
          54.9876799
        ],
        [
          20.55618,
          54.98764
        ],
        [
          20.55608,
          54.9876099
        ],
        [
          20.55599,
          54.98757
        ],
        [
          20.55599,
          54.98757
        ],
        [
          20.5558,
          54.9875
        ],
        [
          20.5558,
          54.9875
        ],
        [
          20.55562,
          54.98743
        ],
        [
          20.5555199,
          54.9874
        ],
        [
          20.55543,
          54.98736
        ],
        [
          20.55534,
          54.98733
        ],
        [
          20.5552499,
          54.9873
        ],
        [
          20.5551499,
          54.98727
        ],
        [
          20.5550599,
          54.98724
        ],
        [
          20.55497,
          54.9872
        ],
        [
          20.55488,
          54.98717
        ],
        [
          20.5547899,
          54.98714
        ],
        [
          20.5546999,
          54.9871
        ],
        [
          20.55461,
          54.98707
        ],
        [
          20.55452,
          54.98704
        ],
        [
          20.5544299,
          54.98701
        ],
        [
          20.5543299,
          54.98698
        ],
        [
          20.5542399,
          54.98695
        ],
        [
          20.55415,
          54.98691
        ],
        [
          20.55406,
          54.98688
        ],
        [
          20.5539699,
          54.98684
        ],
        [
          20.55388,
          54.98681
        ],
        [
          20.55379,
          54.98678
        ],
        [
          20.55369,
          54.98675
        ],
        [
          20.5536,
          54.98671
        ],
        [
          20.5536,
          54.98671
        ],
        [
          20.5534099,
          54.98665
        ],
        [
          20.5533099,
          54.98661
        ],
        [
          20.5532199,
          54.9865699
        ],
        [
          20.5531199,
          54.98654
        ],
        [
          20.55303,
          54.98651
        ],
        [
          20.55293,
          54.98648
        ],
        [
          20.55284,
          54.98644
        ],
        [
          20.55274,
          54.98641
        ],
        [
          20.55265,
          54.9863699
        ],
        [
          20.55265,
          54.9863699
        ],
        [
          20.5524599,
          54.9862999
        ],
        [
          20.5524599,
          54.9862999
        ],
        [
          20.5523599,
          54.9862699
        ],
        [
          20.5521699,
          54.9861999
        ],
        [
          20.5521699,
          54.9861999
        ],
        [
          20.5520699,
          54.98616
        ],
        [
          20.55189,
          54.98609
        ],
        [
          20.55189,
          54.98609
        ],
        [
          20.55179,
          54.98605
        ],
        [
          20.5516,
          54.9859799
        ],
        [
          20.5516,
          54.9859799
        ],
        [
          20.5515099,
          54.98595
        ],
        [
          20.5513099,
          54.9858799
        ],
        [
          20.5513099,
          54.9858799
        ],
        [
          20.5512199,
          54.98585
        ],
        [
          20.5510199,
          54.9857799
        ],
        [
          20.5510199,
          54.9857799
        ],
        [
          20.55093,
          54.9857499
        ],
        [
          20.55084,
          54.9857099
        ],
        [
          20.55074,
          54.98567
        ],
        [
          20.5506499,
          54.9856399
        ],
        [
          20.5505599,
          54.9856
        ],
        [
          20.55047,
          54.98556
        ],
        [
          20.55038,
          54.9855199
        ],
        [
          20.55028,
          54.9854799
        ],
        [
          20.5501899,
          54.9854499
        ],
        [
          20.5500999,
          54.9854099
        ],
        [
          20.5499999,
          54.9853799
        ],
        [
          20.54991,
          54.98534
        ],
        [
          20.54982,
          54.9853
        ],
        [
          20.54972,
          54.98527
        ],
        [
          20.54962,
          54.98523
        ],
        [
          20.54953,
          54.9851899
        ],
        [
          20.54943,
          54.9851499
        ],
        [
          20.54933,
          54.9851199
        ],
        [
          20.5492399,
          54.9850899
        ],
        [
          20.5491399,
          54.9850499
        ],
        [
          20.54904,
          54.98501
        ],
        [
          20.54893,
          54.98498
        ],
        [
          20.54883,
          54.98494
        ],
        [
          20.54873,
          54.98491
        ],
        [
          20.54863,
          54.98487
        ],
        [
          20.54854,
          54.9848299
        ],
        [
          20.54844,
          54.9848
        ],
        [
          20.54834,
          54.9847599
        ],
        [
          20.54824,
          54.9847199
        ],
        [
          20.54815,
          54.9846899
        ],
        [
          20.54805,
          54.98465
        ],
        [
          20.54795,
          54.98462
        ],
        [
          20.54785,
          54.98458
        ],
        [
          20.54775,
          54.98454
        ],
        [
          20.54765,
          54.98451
        ],
        [
          20.54755,
          54.9844699
        ],
        [
          20.54745,
          54.98444
        ],
        [
          20.54725,
          54.9843599
        ],
        [
          20.54725,
          54.9843599
        ],
        [
          20.5471499,
          54.9843299
        ],
        [
          20.5470499,
          54.98429
        ],
        [
          20.5468499,
          54.98422
        ],
        [
          20.5468499,
          54.98422
        ],
        [
          20.5466499,
          54.9841399
        ],
        [
          20.5465499,
          54.98411
        ],
        [
          20.5464499,
          54.9840699
        ],
        [
          20.5463499,
          54.98403
        ],
        [
          20.54625,
          54.98399
        ],
        [
          20.54615,
          54.98396
        ],
        [
          20.54605,
          54.98392
        ],
        [
          20.54595,
          54.98388
        ],
        [
          20.54584,
          54.98385
        ],
        [
          20.54574,
          54.98382
        ],
        [
          20.54574,
          54.98382
        ],
        [
          20.5456399,
          54.9837799
        ],
        [
          20.5455399,
          54.98375
        ],
        [
          20.5454399,
          54.9837099
        ],
        [
          20.5453399,
          54.9836799
        ],
        [
          20.5452399,
          54.9836399
        ],
        [
          20.5451399,
          54.9836
        ],
        [
          20.54505,
          54.98357
        ],
        [
          20.5449499,
          54.98353
        ],
        [
          20.5448499,
          54.9835
        ],
        [
          20.54476,
          54.98346
        ],
        [
          20.54466,
          54.98343
        ],
        [
          20.54457,
          54.98339
        ],
        [
          20.5444799,
          54.9833499
        ],
        [
          20.5443799,
          54.9833099
        ],
        [
          20.5442899,
          54.9832799
        ],
        [
          20.5441899,
          54.98324
        ],
        [
          20.5440899,
          54.9832099
        ],
        [
          20.544,
          54.98317
        ],
        [
          20.5438999,
          54.98313
        ],
        [
          20.5437999,
          54.9831
        ],
        [
          20.5436999,
          54.98306
        ],
        [
          20.54361,
          54.9830199
        ],
        [
          20.54351,
          54.9829899
        ],
        [
          20.54341,
          54.9829499
        ],
        [
          20.54331,
          54.98291
        ],
        [
          20.5432099,
          54.98287
        ],
        [
          20.5431099,
          54.98284
        ],
        [
          20.5430099,
          54.9828
        ],
        [
          20.5429099,
          54.98277
        ],
        [
          20.54282,
          54.9827299
        ],
        [
          20.5427099,
          54.9826899
        ],
        [
          20.5426199,
          54.9826599
        ],
        [
          20.5425199,
          54.9826199
        ],
        [
          20.5424199,
          54.98258
        ],
        [
          20.5423199,
          54.98255
        ],
        [
          20.5422199,
          54.98251
        ],
        [
          20.5421199,
          54.98248
        ],
        [
          20.5420199,
          54.98244
        ],
        [
          20.5419299,
          54.9823999
        ],
        [
          20.5418299,
          54.98237
        ],
        [
          20.5417299,
          54.9823299
        ],
        [
          20.54164,
          54.98229
        ],
        [
          20.54154,
          54.98225
        ],
        [
          20.54144,
          54.98222
        ],
        [
          20.54135,
          54.98218
        ],
        [
          20.54125,
          54.98215
        ],
        [
          20.54115,
          54.98211
        ],
        [
          20.54106,
          54.98208
        ],
        [
          20.54096,
          54.9820399
        ],
        [
          20.5408699,
          54.98201
        ],
        [
          20.5407699,
          54.9819699
        ],
        [
          20.5406799,
          54.9819299
        ],
        [
          20.5405799,
          54.9818999
        ],
        [
          20.5404799,
          54.9818699
        ],
        [
          20.54039,
          54.9818399
        ],
        [
          20.54029,
          54.9817999
        ],
        [
          20.5402,
          54.98176
        ],
        [
          20.54011,
          54.98173
        ],
        [
          20.54001,
          54.98169
        ],
        [
          20.53991,
          54.98166
        ],
        [
          20.53981,
          54.98162
        ],
        [
          20.53971,
          54.9815799
        ],
        [
          20.53962,
          54.98155
        ],
        [
          20.53952,
          54.9815099
        ],
        [
          20.53942,
          54.9814799
        ],
        [
          20.5393299,
          54.9814399
        ],
        [
          20.5392299,
          54.9814099
        ],
        [
          20.5391399,
          54.98137
        ],
        [
          20.53905,
          54.9813399
        ],
        [
          20.53896,
          54.9813
        ],
        [
          20.5388699,
          54.98127
        ],
        [
          20.5387699,
          54.98123
        ],
        [
          20.5386799,
          54.9812
        ],
        [
          20.53859,
          54.98117
        ],
        [
          20.5385,
          54.98113
        ],
        [
          20.5384099,
          54.9811
        ],
        [
          20.5383099,
          54.98106
        ],
        [
          20.5382199,
          54.9810199
        ],
        [
          20.5381199,
          54.9809899
        ],
        [
          20.53803,
          54.9809499
        ],
        [
          20.53793,
          54.9809199
        ],
        [
          20.53784,
          54.9808899
        ],
        [
          20.53774,
          54.9808499
        ],
        [
          20.53765,
          54.9808199
        ],
        [
          20.5375599,
          54.9807899
        ],
        [
          20.5374599,
          54.9807499
        ],
        [
          20.53737,
          54.9807199
        ],
        [
          20.53728,
          54.9806899
        ],
        [
          20.53719,
          54.9806499
        ],
        [
          20.53711,
          54.9806199
        ],
        [
          20.53702,
          54.98058
        ],
        [
          20.5369299,
          54.9805599
        ],
        [
          20.5368399,
          54.9805299
        ],
        [
          20.53675,
          54.9805
        ],
        [
          20.53666,
          54.98047
        ],
        [
          20.5365699,
          54.98044
        ],
        [
          20.5364799,
          54.9804
        ],
        [
          20.53639,
          54.98037
        ],
        [
          20.5363099,
          54.9803299
        ],
        [
          20.53622,
          54.9802999
        ],
        [
          20.53613,
          54.98027
        ],
        [
          20.53604,
          54.9802299
        ],
        [
          20.5359499,
          54.9801999
        ],
        [
          20.53586,
          54.9801699
        ],
        [
          20.5357599,
          54.9801299
        ],
        [
          20.53567,
          54.9800999
        ],
        [
          20.53558,
          54.9800699
        ],
        [
          20.5354899,
          54.98004
        ],
        [
          20.53541,
          54.98001
        ],
        [
          20.53531,
          54.97998
        ],
        [
          20.5352299,
          54.9799399
        ],
        [
          20.53514,
          54.97991
        ],
        [
          20.53505,
          54.9798699
        ],
        [
          20.5349699,
          54.9798399
        ],
        [
          20.53488,
          54.97981
        ],
        [
          20.53479,
          54.97978
        ],
        [
          20.5346999,
          54.97975
        ],
        [
          20.5346099,
          54.9797099
        ],
        [
          20.5345099,
          54.97968
        ],
        [
          20.53443,
          54.97965
        ],
        [
          20.5343399,
          54.97962
        ],
        [
          20.5342499,
          54.97958
        ],
        [
          20.5341499,
          54.9795399
        ],
        [
          20.53406,
          54.9795099
        ],
        [
          20.53397,
          54.9794699
        ],
        [
          20.5338799,
          54.9794399
        ],
        [
          20.5337899,
          54.9794099
        ],
        [
          20.53371,
          54.9793699
        ],
        [
          20.5336199,
          54.9793399
        ],
        [
          20.53353,
          54.9793099
        ],
        [
          20.5334499,
          54.9792799
        ],
        [
          20.53337,
          54.9792499
        ],
        [
          20.5332899,
          54.97922
        ],
        [
          20.53321,
          54.9791799
        ],
        [
          20.5331299,
          54.97916
        ],
        [
          20.53304,
          54.97913
        ],
        [
          20.5329599,
          54.97909
        ],
        [
          20.5328599,
          54.97906
        ],
        [
          20.5327699,
          54.97903
        ],
        [
          20.53268,
          54.979
        ],
        [
          20.5325999,
          54.97897
        ],
        [
          20.5325099,
          54.97894
        ],
        [
          20.53243,
          54.9789099
        ],
        [
          20.53235,
          54.9788799
        ],
        [
          20.5322699,
          54.9788499
        ],
        [
          20.5321799,
          54.97881
        ],
        [
          20.53209,
          54.9787799
        ],
        [
          20.532,
          54.9787499
        ],
        [
          20.5319,
          54.97871
        ],
        [
          20.5318,
          54.9786799
        ],
        [
          20.5317099,
          54.97864
        ],
        [
          20.5316199,
          54.97861
        ],
        [
          20.53153,
          54.97857
        ],
        [
          20.53144,
          54.97854
        ],
        [
          20.5313499,
          54.97851
        ],
        [
          20.5312599,
          54.97847
        ],
        [
          20.53118,
          54.97844
        ],
        [
          20.5310899,
          54.97841
        ],
        [
          20.5309999,
          54.97837
        ],
        [
          20.53091,
          54.97834
        ],
        [
          20.53082,
          54.97831
        ],
        [
          20.5307299,
          54.97828
        ],
        [
          20.53064,
          54.97825
        ],
        [
          20.53055,
          54.97822
        ],
        [
          20.53046,
          54.9781899
        ],
        [
          20.53038,
          54.9781599
        ],
        [
          20.53028,
          54.9781299
        ],
        [
          20.53019,
          54.9780899
        ],
        [
          20.5301,
          54.9780599
        ],
        [
          20.53002,
          54.97804
        ],
        [
          20.52993,
          54.97801
        ],
        [
          20.5298399,
          54.9779699
        ],
        [
          20.52976,
          54.97794
        ],
        [
          20.52967,
          54.97791
        ],
        [
          20.52959,
          54.97788
        ],
        [
          20.52951,
          54.97785
        ],
        [
          20.5294199,
          54.97782
        ],
        [
          20.52934,
          54.97778
        ],
        [
          20.5292599,
          54.97775
        ],
        [
          20.52917,
          54.97772
        ],
        [
          20.5290899,
          54.97769
        ],
        [
          20.529,
          54.97766
        ],
        [
          20.52891,
          54.97762
        ],
        [
          20.5288299,
          54.97759
        ],
        [
          20.52874,
          54.97756
        ],
        [
          20.52865,
          54.97753
        ],
        [
          20.52855,
          54.9775099
        ],
        [
          20.5284599,
          54.97748
        ],
        [
          20.52836,
          54.97745
        ],
        [
          20.5282699,
          54.97742
        ],
        [
          20.5281699,
          54.97739
        ],
        [
          20.5280699,
          54.97736
        ],
        [
          20.5279699,
          54.97733
        ],
        [
          20.5278699,
          54.9773099
        ],
        [
          20.52777,
          54.9772799
        ],
        [
          20.52767,
          54.97725
        ],
        [
          20.52757,
          54.97723
        ],
        [
          20.52747,
          54.9772099
        ],
        [
          20.52737,
          54.97719
        ],
        [
          20.52727,
          54.9771699
        ],
        [
          20.52717,
          54.9771399
        ],
        [
          20.5270599,
          54.97712
        ],
        [
          20.5269599,
          54.9771099
        ],
        [
          20.52685,
          54.97709
        ],
        [
          20.52675,
          54.97707
        ],
        [
          20.52664,
          54.9770499
        ],
        [
          20.5265299,
          54.9770399
        ],
        [
          20.52642,
          54.97702
        ],
        [
          20.52632,
          54.977
        ],
        [
          20.5261999,
          54.9769799
        ],
        [
          20.52609,
          54.97696
        ],
        [
          20.52598,
          54.97694
        ],
        [
          20.52586,
          54.97693
        ],
        [
          20.52575,
          54.9769099
        ],
        [
          20.5256399,
          54.97689
        ],
        [
          20.52552,
          54.97687
        ],
        [
          20.5254099,
          54.9768499
        ],
        [
          20.5253,
          54.97684
        ],
        [
          20.5251899,
          54.9768199
        ],
        [
          20.5250799,
          54.9768099
        ],
        [
          20.5249599,
          54.97679
        ],
        [
          20.52484,
          54.97677
        ],
        [
          20.5247299,
          54.97676
        ],
        [
          20.5246199,
          54.97674
        ],
        [
          20.52451,
          54.97673
        ],
        [
          20.5243899,
          54.97671
        ],
        [
          20.52428,
          54.9767
        ],
        [
          20.5241599,
          54.9766799
        ],
        [
          20.52405,
          54.97667
        ],
        [
          20.5239399,
          54.97664
        ],
        [
          20.52383,
          54.97663
        ],
        [
          20.5237099,
          54.97661
        ],
        [
          20.5236,
          54.9766
        ],
        [
          20.5234799,
          54.9765799
        ],
        [
          20.52337,
          54.9765499
        ],
        [
          20.52327,
          54.97653
        ],
        [
          20.52316,
          54.9765
        ],
        [
          20.5230499,
          54.97648
        ],
        [
          20.52294,
          54.9764599
        ],
        [
          20.52284,
          54.97644
        ],
        [
          20.52273,
          54.9764199
        ],
        [
          20.5226299,
          54.97641
        ],
        [
          20.5225299,
          54.9764
        ],
        [
          20.5224299,
          54.97637
        ],
        [
          20.5223299,
          54.9763499
        ],
        [
          20.52224,
          54.9763199
        ],
        [
          20.52214,
          54.9763
        ],
        [
          20.52205,
          54.97628
        ],
        [
          20.52195,
          54.9762599
        ],
        [
          20.52186,
          54.9762299
        ],
        [
          20.52178,
          54.97621
        ],
        [
          20.52169,
          54.97617
        ],
        [
          20.5216099,
          54.97614
        ],
        [
          20.52152,
          54.97611
        ],
        [
          20.5214399,
          54.97607
        ],
        [
          20.52136,
          54.97604
        ],
        [
          20.52127,
          54.97601
        ],
        [
          20.5211799,
          54.97598
        ],
        [
          20.5211,
          54.97595
        ],
        [
          20.5210099,
          54.97592
        ],
        [
          20.5209199,
          54.97588
        ],
        [
          20.52083,
          54.97585
        ],
        [
          20.52074,
          54.97582
        ],
        [
          20.5206499,
          54.9757999
        ],
        [
          20.5205499,
          54.97578
        ],
        [
          20.5204599,
          54.9757699
        ],
        [
          20.5203599,
          54.9757599
        ],
        [
          20.52027,
          54.97574
        ],
        [
          20.5201899,
          54.97571
        ],
        [
          20.5200999,
          54.9756699
        ],
        [
          20.52002,
          54.9756399
        ],
        [
          20.5199299,
          54.97561
        ],
        [
          20.51985,
          54.9755699
        ],
        [
          20.51978,
          54.9755299
        ],
        [
          20.5196999,
          54.9754999
        ],
        [
          20.5196299,
          54.97545
        ],
        [
          20.51956,
          54.97542
        ],
        [
          20.51948,
          54.97538
        ],
        [
          20.5194099,
          54.9753399
        ],
        [
          20.51933,
          54.9752999
        ],
        [
          20.51925,
          54.97526
        ],
        [
          20.51916,
          54.97522
        ],
        [
          20.5190799,
          54.9751799
        ],
        [
          20.519,
          54.9751399
        ],
        [
          20.5189199,
          54.9751099
        ],
        [
          20.51884,
          54.9750699
        ],
        [
          20.5187499,
          54.97503
        ],
        [
          20.51867,
          54.97499
        ],
        [
          20.5185799,
          54.9749499
        ],
        [
          20.5185,
          54.9749
        ],
        [
          20.5184199,
          54.97486
        ],
        [
          20.5183299,
          54.97482
        ],
        [
          20.51825,
          54.97477
        ],
        [
          20.51817,
          54.97473
        ],
        [
          20.5180999,
          54.97469
        ],
        [
          20.51802,
          54.9746499
        ],
        [
          20.5179299,
          54.9746099
        ],
        [
          20.51785,
          54.97457
        ],
        [
          20.5177699,
          54.9745199
        ],
        [
          20.51768,
          54.9744799
        ],
        [
          20.51759,
          54.97444
        ],
        [
          20.51751,
          54.9743899
        ],
        [
          20.51742,
          54.9743499
        ],
        [
          20.51733,
          54.97431
        ],
        [
          20.5172399,
          54.9742599
        ],
        [
          20.51716,
          54.97421
        ],
        [
          20.5170699,
          54.97417
        ],
        [
          20.5169799,
          54.9741299
        ],
        [
          20.51689,
          54.97408
        ],
        [
          20.5168099,
          54.9740299
        ],
        [
          20.51673,
          54.9739899
        ],
        [
          20.51664,
          54.97394
        ],
        [
          20.51656,
          54.9738899
        ],
        [
          20.5164799,
          54.97385
        ],
        [
          20.51638,
          54.97381
        ],
        [
          20.5162899,
          54.9737599
        ],
        [
          20.51621,
          54.97372
        ],
        [
          20.5161199,
          54.97368
        ],
        [
          20.5160299,
          54.9736299
        ],
        [
          20.51595,
          54.97358
        ],
        [
          20.51587,
          54.97354
        ],
        [
          20.51578,
          54.9734999
        ],
        [
          20.5156999,
          54.97345
        ],
        [
          20.51561,
          54.97341
        ],
        [
          20.5155299,
          54.97335
        ],
        [
          20.5154399,
          54.97331
        ],
        [
          20.51535,
          54.97326
        ],
        [
          20.51526,
          54.9732099
        ],
        [
          20.51518,
          54.9731699
        ],
        [
          20.5151,
          54.97312
        ],
        [
          20.51502,
          54.97308
        ],
        [
          20.5149399,
          54.97303
        ],
        [
          20.5148499,
          54.97299
        ],
        [
          20.51476,
          54.9729399
        ],
        [
          20.5146799,
          54.97289
        ],
        [
          20.51459,
          54.9728399
        ],
        [
          20.5145099,
          54.97279
        ],
        [
          20.5145099,
          54.97279
        ],
        [
          20.51434,
          54.9727
        ],
        [
          20.5142499,
          54.97266
        ],
        [
          20.51417,
          54.9726199
        ],
        [
          20.5140899,
          54.97257
        ],
        [
          20.51401,
          54.97253
        ],
        [
          20.5139199,
          54.9724799
        ],
        [
          20.5138299,
          54.97243
        ],
        [
          20.51375,
          54.9723899
        ],
        [
          20.5136599,
          54.97234
        ],
        [
          20.5135699,
          54.9723
        ],
        [
          20.51349,
          54.9722499
        ],
        [
          20.51349,
          54.9722499
        ],
        [
          20.5133299,
          54.97217
        ],
        [
          20.5132399,
          54.97213
        ],
        [
          20.5131699,
          54.9720899
        ],
        [
          20.51309,
          54.9720499
        ],
        [
          20.5130099,
          54.97201
        ],
        [
          20.5129399,
          54.97197
        ],
        [
          20.51286,
          54.9719299
        ],
        [
          20.5127799,
          54.9718899
        ],
        [
          20.5127099,
          54.97185
        ],
        [
          20.51263,
          54.9718
        ],
        [
          20.51256,
          54.9717599
        ],
        [
          20.51249,
          54.97172
        ],
        [
          20.51243,
          54.97168
        ],
        [
          20.51236,
          54.97165
        ],
        [
          20.5123,
          54.97162
        ],
        [
          20.51224,
          54.97158
        ],
        [
          20.51217,
          54.97155
        ],
        [
          20.51211,
          54.97152
        ],
        [
          20.51211,
          54.97152
        ],
        [
          20.5119899,
          54.97145
        ],
        [
          20.51193,
          54.97142
        ],
        [
          20.51187,
          54.97138
        ],
        [
          20.51181,
          54.97135
        ],
        [
          20.5117599,
          54.97132
        ],
        [
          20.5117,
          54.97129
        ],
        [
          20.51165,
          54.97126
        ],
        [
          20.5115899,
          54.9712299
        ],
        [
          20.5115299,
          54.9711999
        ],
        [
          20.51148,
          54.9711699
        ],
        [
          20.51142,
          54.9711399
        ],
        [
          20.5113599,
          54.9710999
        ],
        [
          20.51129,
          54.9710699
        ],
        [
          20.5112299,
          54.9710399
        ],
        [
          20.5111699,
          54.9710099
        ],
        [
          20.51111,
          54.97098
        ],
        [
          20.5110399,
          54.9709399
        ],
        [
          20.51098,
          54.9709099
        ],
        [
          20.51092,
          54.9708699
        ],
        [
          20.51086,
          54.97083
        ],
        [
          20.51079,
          54.9708
        ],
        [
          20.51072,
          54.9707699
        ],
        [
          20.51066,
          54.9707399
        ],
        [
          20.5106,
          54.9707099
        ],
        [
          20.5105399,
          54.97069
        ],
        [
          20.5104799,
          54.97066
        ],
        [
          20.51043,
          54.97063
        ],
        [
          20.51037,
          54.9706099
        ],
        [
          20.5103099,
          54.97059
        ],
        [
          20.51026,
          54.97056
        ],
        [
          20.5102,
          54.97053
        ],
        [
          20.51014,
          54.9705099
        ],
        [
          20.51007,
          54.9704799
        ],
        [
          20.51001,
          54.9704499
        ],
        [
          20.50994,
          54.97043
        ],
        [
          20.50994,
          54.97043
        ],
        [
          20.5098199,
          54.9703799
        ],
        [
          20.5098199,
          54.9703799
        ],
        [
          20.50971,
          54.97033
        ],
        [
          20.50971,
          54.97033
        ],
        [
          20.5096,
          54.97029
        ],
        [
          20.50955,
          54.97027
        ],
        [
          20.5094899,
          54.9702499
        ],
        [
          20.5094299,
          54.9702199
        ],
        [
          20.50938,
          54.9702
        ],
        [
          20.50932,
          54.9701799
        ],
        [
          20.5092599,
          54.97016
        ],
        [
          20.50919,
          54.9701199
        ],
        [
          20.50911,
          54.9701
        ],
        [
          20.50911,
          54.9701
        ],
        [
          20.50896,
          54.97003
        ],
        [
          20.5088699,
          54.97
        ],
        [
          20.50879,
          54.9699599
        ],
        [
          20.5086999,
          54.96993
        ],
        [
          20.5086099,
          54.9698899
        ],
        [
          20.5085099,
          54.9698499
        ],
        [
          20.50842,
          54.9698199
        ],
        [
          20.50832,
          54.96978
        ],
        [
          20.5082199,
          54.96974
        ],
        [
          20.5081199,
          54.9697
        ],
        [
          20.5080099,
          54.9696599
        ],
        [
          20.50791,
          54.96962
        ],
        [
          20.5078,
          54.9695899
        ],
        [
          20.5077,
          54.96955
        ],
        [
          20.50761,
          54.96951
        ],
        [
          20.5075199,
          54.96947
        ],
        [
          20.5074199,
          54.9694299
        ],
        [
          20.5073299,
          54.96939
        ],
        [
          20.50724,
          54.96935
        ],
        [
          20.50714,
          54.96932
        ],
        [
          20.50705,
          54.9692699
        ],
        [
          20.50695,
          54.96924
        ],
        [
          20.50685,
          54.9691999
        ],
        [
          20.50676,
          54.96916
        ],
        [
          20.50666,
          54.96912
        ],
        [
          20.50656,
          54.96908
        ],
        [
          20.5064699,
          54.96905
        ],
        [
          20.5063699,
          54.96901
        ],
        [
          20.50627,
          54.96896
        ],
        [
          20.50617,
          54.96892
        ],
        [
          20.50607,
          54.96888
        ],
        [
          20.50596,
          54.9688399
        ],
        [
          20.50586,
          54.9687999
        ],
        [
          20.50576,
          54.96876
        ],
        [
          20.50566,
          54.96872
        ],
        [
          20.5055499,
          54.9686699
        ],
        [
          20.5055499,
          54.9686699
        ],
        [
          20.50534,
          54.96859
        ],
        [
          20.50524,
          54.9685499
        ],
        [
          20.50514,
          54.9685099
        ],
        [
          20.50504,
          54.96847
        ],
        [
          20.50494,
          54.96843
        ],
        [
          20.50484,
          54.9684
        ],
        [
          20.5047299,
          54.96837
        ],
        [
          20.5046299,
          54.9683399
        ],
        [
          20.5045399,
          54.9683099
        ],
        [
          20.50443,
          54.96827
        ],
        [
          20.50433,
          54.96824
        ],
        [
          20.50422,
          54.9682
        ],
        [
          20.50412,
          54.96817
        ],
        [
          20.50402,
          54.96813
        ],
        [
          20.5039199,
          54.9681
        ],
        [
          20.5038199,
          54.96807
        ],
        [
          20.5037199,
          54.96803
        ],
        [
          20.50361,
          54.968
        ],
        [
          20.5035,
          54.9679499
        ],
        [
          20.5033899,
          54.9679199
        ],
        [
          20.5032899,
          54.96788
        ],
        [
          20.50318,
          54.96784
        ],
        [
          20.50308,
          54.96781
        ],
        [
          20.50298,
          54.96777
        ],
        [
          20.50288,
          54.96774
        ],
        [
          20.50278,
          54.9677
        ],
        [
          20.50268,
          54.96767
        ],
        [
          20.50258,
          54.9676299
        ],
        [
          20.50248,
          54.9676
        ],
        [
          20.50238,
          54.9675599
        ],
        [
          20.50228,
          54.9675299
        ],
        [
          20.50219,
          54.9675
        ],
        [
          20.50209,
          54.96747
        ],
        [
          20.50199,
          54.96744
        ],
        [
          20.50189,
          54.9673999
        ],
        [
          20.50179,
          54.96737
        ],
        [
          20.50169,
          54.9673299
        ],
        [
          20.50159,
          54.9672999
        ],
        [
          20.5014899,
          54.9672599
        ],
        [
          20.5014,
          54.9672299
        ],
        [
          20.5013,
          54.96719
        ],
        [
          20.5012,
          54.9671599
        ],
        [
          20.5010899,
          54.9671299
        ],
        [
          20.5009899,
          54.9670999
        ],
        [
          20.5008899,
          54.9670699
        ],
        [
          20.5007899,
          54.9670299
        ],
        [
          20.5006899,
          54.9669999
        ],
        [
          20.50059,
          54.96696
        ],
        [
          20.5004999,
          54.9669299
        ],
        [
          20.5003999,
          54.96689
        ],
        [
          20.5002999,
          54.96686
        ],
        [
          20.5001999,
          54.9668299
        ],
        [
          20.5001099,
          54.9667999
        ],
        [
          20.5000099,
          54.96676
        ],
        [
          20.49992,
          54.96673
        ],
        [
          20.49983,
          54.9666999
        ],
        [
          20.4997399,
          54.9666699
        ],
        [
          20.4996499,
          54.9666399
        ],
        [
          20.49956,
          54.9666099
        ],
        [
          20.49947,
          54.9665799
        ],
        [
          20.49947,
          54.9665799
        ],
        [
          20.49937,
          54.96655
        ],
        [
          20.4991899,
          54.96649
        ],
        [
          20.4991,
          54.96645
        ],
        [
          20.4991,
          54.96645
        ],
        [
          20.49891,
          54.96639
        ],
        [
          20.4988199,
          54.96636
        ],
        [
          20.4988199,
          54.96636
        ],
        [
          20.4986299,
          54.9663
        ],
        [
          20.49854,
          54.96627
        ],
        [
          20.49845,
          54.9662399
        ],
        [
          20.4983599,
          54.9662099
        ],
        [
          20.49826,
          54.9661799
        ],
        [
          20.4981699,
          54.9661499
        ],
        [
          20.49809,
          54.9661199
        ],
        [
          20.4979999,
          54.96609
        ],
        [
          20.49792,
          54.96606
        ],
        [
          20.49783,
          54.96604
        ],
        [
          20.49775,
          54.966
        ],
        [
          20.49767,
          54.9659799
        ],
        [
          20.49759,
          54.96596
        ],
        [
          20.4975,
          54.9659199
        ],
        [
          20.4974199,
          54.9659
        ],
        [
          20.49734,
          54.9658799
        ],
        [
          20.49726,
          54.9658499
        ],
        [
          20.4971799,
          54.9658199
        ],
        [
          20.4971,
          54.9657899
        ],
        [
          20.49703,
          54.9657799
        ],
        [
          20.49697,
          54.9657599
        ],
        [
          20.49691,
          54.96574
        ],
        [
          20.4968599,
          54.9657199
        ],
        [
          20.49681,
          54.9657
        ],
        [
          20.49681,
          54.9657
        ],
        [
          20.4967299,
          54.9656499
        ],
        [
          20.4966899,
          54.9656199
        ],
        [
          20.4966899,
          54.9656199
        ],
        [
          20.4965999,
          54.9655499
        ],
        [
          20.49655,
          54.9655199
        ],
        [
          20.4964999,
          54.9654899
        ],
        [
          20.49645,
          54.96545
        ],
        [
          20.49645,
          54.96545
        ],
        [
          20.49632,
          54.96544
        ],
        [
          20.49624,
          54.96544
        ],
        [
          20.49616,
          54.96544
        ],
        [
          20.49609,
          54.96545
        ],
        [
          20.49601,
          54.96544
        ],
        [
          20.49593,
          54.9654299
        ],
        [
          20.49586,
          54.9654199
        ],
        [
          20.49579,
          54.9654
        ],
        [
          20.49573,
          54.96538
        ],
        [
          20.49566,
          54.9653599
        ],
        [
          20.49559,
          54.96534
        ],
        [
          20.49552,
          54.96531
        ],
        [
          20.4954399,
          54.9652899
        ],
        [
          20.49537,
          54.9652599
        ],
        [
          20.4953,
          54.96524
        ],
        [
          20.49523,
          54.96522
        ],
        [
          20.49516,
          54.9651899
        ],
        [
          20.49516,
          54.9651899
        ],
        [
          20.49501,
          54.96515
        ],
        [
          20.49494,
          54.96512
        ],
        [
          20.49487,
          54.96509
        ],
        [
          20.4948,
          54.9650699
        ],
        [
          20.4948,
          54.9650699
        ],
        [
          20.49467,
          54.96501
        ],
        [
          20.49467,
          54.96501
        ],
        [
          20.49454,
          54.96495
        ],
        [
          20.4944599,
          54.96492
        ],
        [
          20.4944599,
          54.96492
        ],
        [
          20.4942899,
          54.96485
        ],
        [
          20.49421,
          54.9648299
        ],
        [
          20.49421,
          54.9648299
        ],
        [
          20.4940599,
          54.96476
        ],
        [
          20.49399,
          54.9647299
        ],
        [
          20.49391,
          54.9646999
        ],
        [
          20.4938399,
          54.9646699
        ],
        [
          20.4937699,
          54.9646399
        ],
        [
          20.4936999,
          54.9645999
        ],
        [
          20.4936399,
          54.9645699
        ],
        [
          20.4935799,
          54.9645399
        ],
        [
          20.49353,
          54.9645099
        ],
        [
          20.4934699,
          54.9644699
        ],
        [
          20.4934,
          54.9644399
        ],
        [
          20.4933399,
          54.9644
        ],
        [
          20.49326,
          54.9643699
        ],
        [
          20.49319,
          54.96433
        ],
        [
          20.4931099,
          54.9643
        ],
        [
          20.49304,
          54.96426
        ],
        [
          20.49296,
          54.96422
        ],
        [
          20.49296,
          54.96422
        ],
        [
          20.49281,
          54.9641499
        ],
        [
          20.49274,
          54.9641099
        ],
        [
          20.49267,
          54.96407
        ],
        [
          20.4926,
          54.9640199
        ],
        [
          20.49254,
          54.9639799
        ],
        [
          20.49248,
          54.96394
        ],
        [
          20.49241,
          54.9639
        ],
        [
          20.49235,
          54.96386
        ],
        [
          20.4922899,
          54.9638199
        ],
        [
          20.4922299,
          54.9637799
        ],
        [
          20.49217,
          54.9637499
        ],
        [
          20.49211,
          54.9637
        ],
        [
          20.49205,
          54.96367
        ],
        [
          20.49199,
          54.96363
        ],
        [
          20.4919299,
          54.9635899
        ],
        [
          20.4918699,
          54.9635499
        ],
        [
          20.49182,
          54.96351
        ],
        [
          20.49176,
          54.96348
        ],
        [
          20.49171,
          54.96344
        ],
        [
          20.4916699,
          54.96341
        ],
        [
          20.49162,
          54.96338
        ],
        [
          20.49158,
          54.96335
        ],
        [
          20.49153,
          54.96331
        ],
        [
          20.49149,
          54.96328
        ],
        [
          20.49145,
          54.96324
        ],
        [
          20.49139,
          54.96321
        ],
        [
          20.49132,
          54.96317
        ],
        [
          20.49126,
          54.9631299
        ],
        [
          20.49126,
          54.9631299
        ],
        [
          20.49112,
          54.9630599
        ],
        [
          20.49106,
          54.96302
        ],
        [
          20.491,
          54.96298
        ],
        [
          20.49094,
          54.96295
        ],
        [
          20.49089,
          54.96291
        ],
        [
          20.49089,
          54.96291
        ],
        [
          20.49077,
          54.9628299
        ],
        [
          20.4907199,
          54.9627999
        ],
        [
          20.49066,
          54.9627699
        ],
        [
          20.49061,
          54.9627299
        ],
        [
          20.4905599,
          54.96269
        ],
        [
          20.4905,
          54.96266
        ],
        [
          20.49044,
          54.96262
        ],
        [
          20.49038,
          54.96259
        ],
        [
          20.4903299,
          54.96255
        ],
        [
          20.49027,
          54.9625099
        ],
        [
          20.4902199,
          54.96248
        ],
        [
          20.4901599,
          54.96245
        ],
        [
          20.4900999,
          54.9624099
        ],
        [
          20.49005,
          54.9623699
        ],
        [
          20.49005,
          54.9623699
        ],
        [
          20.48994,
          54.9623
        ],
        [
          20.48988,
          54.9622699
        ],
        [
          20.4898299,
          54.96223
        ],
        [
          20.4897699,
          54.96219
        ],
        [
          20.48971,
          54.96215
        ],
        [
          20.48965,
          54.96212
        ],
        [
          20.48959,
          54.9620799
        ],
        [
          20.4895399,
          54.9620399
        ],
        [
          20.48948,
          54.9620099
        ],
        [
          20.48943,
          54.96197
        ],
        [
          20.4893699,
          54.9619399
        ],
        [
          20.4893099,
          54.9619099
        ],
        [
          20.48926,
          54.96187
        ],
        [
          20.4892,
          54.96184
        ],
        [
          20.4891399,
          54.9618
        ],
        [
          20.4890799,
          54.96177
        ],
        [
          20.48902,
          54.96174
        ],
        [
          20.4889499,
          54.9617099
        ],
        [
          20.4889499,
          54.9617099
        ],
        [
          20.4888,
          54.96166
        ],
        [
          20.4887199,
          54.96164
        ],
        [
          20.4886499,
          54.96161
        ],
        [
          20.48857,
          54.9615899
        ],
        [
          20.4884899,
          54.96157
        ],
        [
          20.4884199,
          54.9615499
        ],
        [
          20.4884199,
          54.9615499
        ],
        [
          20.4882599,
          54.96151
        ],
        [
          20.4882599,
          54.96151
        ],
        [
          20.4881199,
          54.96147
        ],
        [
          20.48805,
          54.96146
        ],
        [
          20.4879899,
          54.9614499
        ],
        [
          20.4879299,
          54.96143
        ],
        [
          20.48788,
          54.9614199
        ],
        [
          20.48782,
          54.96141
        ],
        [
          20.4877699,
          54.9614
        ],
        [
          20.4877699,
          54.9614
        ],
        [
          20.4876699,
          54.96137
        ],
        [
          20.48762,
          54.96137
        ],
        [
          20.48762,
          54.96137
        ],
        [
          20.48752,
          54.9613499
        ],
        [
          20.4874699,
          54.96134
        ],
        [
          20.4874699,
          54.96134
        ],
        [
          20.48742,
          54.96133
        ],
        [
          20.48736,
          54.9613199
        ],
        [
          20.48729,
          54.96131
        ],
        [
          20.48716,
          54.96128
        ],
        [
          20.48709,
          54.96127
        ],
        [
          20.48703,
          54.9612599
        ],
        [
          20.4869699,
          54.96124
        ],
        [
          20.4869699,
          54.96124
        ],
        [
          20.48683,
          54.9612199
        ],
        [
          20.48683,
          54.9612199
        ],
        [
          20.4867,
          54.9612
        ],
        [
          20.48663,
          54.96118
        ],
        [
          20.48663,
          54.96118
        ],
        [
          20.4864799,
          54.9611599
        ],
        [
          20.48641,
          54.96114
        ],
        [
          20.48634,
          54.9611299
        ],
        [
          20.4862599,
          54.96111
        ],
        [
          20.4861899,
          54.9611
        ],
        [
          20.4861199,
          54.96108
        ],
        [
          20.48604,
          54.96107
        ],
        [
          20.48604,
          54.96107
        ],
        [
          20.4858899,
          54.96104
        ],
        [
          20.4858899,
          54.96104
        ],
        [
          20.48582,
          54.9610299
        ],
        [
          20.48575,
          54.96101
        ],
        [
          20.48559,
          54.96097
        ],
        [
          20.48559,
          54.96097
        ],
        [
          20.48544,
          54.96094
        ],
        [
          20.48536,
          54.96092
        ],
        [
          20.48536,
          54.96092
        ],
        [
          20.48528,
          54.96091
        ],
        [
          20.48512,
          54.96087
        ],
        [
          20.48503,
          54.96085
        ],
        [
          20.48495,
          54.96084
        ],
        [
          20.48495,
          54.96084
        ],
        [
          20.48486,
          54.96082
        ],
        [
          20.4847699,
          54.9607999
        ],
        [
          20.4845799,
          54.9607599
        ],
        [
          20.4845799,
          54.9607599
        ],
        [
          20.48449,
          54.96074
        ],
        [
          20.4843,
          54.9607299
        ],
        [
          20.4843,
          54.9607299
        ],
        [
          20.48421,
          54.9607599
        ],
        [
          20.48411,
          54.96078
        ],
        [
          20.48401,
          54.9607999
        ],
        [
          20.4839199,
          54.96082
        ],
        [
          20.48374,
          54.96084
        ],
        [
          20.48374,
          54.96084
        ],
        [
          20.48365,
          54.96087
        ],
        [
          20.4835599,
          54.9608899
        ],
        [
          20.48348,
          54.96091
        ],
        [
          20.48339,
          54.9609299
        ],
        [
          20.4832299,
          54.96097
        ],
        [
          20.4832299,
          54.96097
        ],
        [
          20.48315,
          54.9609899
        ],
        [
          20.4829999,
          54.96104
        ],
        [
          20.4829999,
          54.96104
        ],
        [
          20.4829399,
          54.96107
        ],
        [
          20.48288,
          54.96111
        ],
        [
          20.48283,
          54.96115
        ],
        [
          20.4827799,
          54.9611899
        ],
        [
          20.48273,
          54.9612299
        ],
        [
          20.4826399,
          54.96131
        ],
        [
          20.4826399,
          54.96131
        ],
        [
          20.4826099,
          54.9613499
        ],
        [
          20.48257,
          54.9614
        ],
        [
          20.4825099,
          54.9614899
        ],
        [
          20.4825099,
          54.9614899
        ],
        [
          20.4824799,
          54.96153
        ],
        [
          20.4824499,
          54.9615799
        ],
        [
          20.48242,
          54.9616199
        ],
        [
          20.48239,
          54.96166
        ],
        [
          20.4823499,
          54.9617099
        ],
        [
          20.4823099,
          54.96174
        ],
        [
          20.48226,
          54.96177
        ],
        [
          20.4822099,
          54.96179
        ],
        [
          20.4821499,
          54.9618
        ],
        [
          20.4820899,
          54.9618099
        ],
        [
          20.48203,
          54.9618199
        ],
        [
          20.4819599,
          54.9618099
        ],
        [
          20.4819,
          54.96179
        ],
        [
          20.48184,
          54.96177
        ],
        [
          20.48178,
          54.9617499
        ],
        [
          20.48171,
          54.96173
        ],
        [
          20.48165,
          54.9617099
        ],
        [
          20.48158,
          54.96169
        ],
        [
          20.48151,
          54.9616799
        ],
        [
          20.48144,
          54.96166
        ],
        [
          20.48138,
          54.96164
        ],
        [
          20.48131,
          54.96163
        ],
        [
          20.48124,
          54.96161
        ],
        [
          20.4811699,
          54.9615899
        ],
        [
          20.4810999,
          54.96157
        ],
        [
          20.4810299,
          54.96156
        ],
        [
          20.48096,
          54.96154
        ],
        [
          20.4808999,
          54.96154
        ],
        [
          20.48082,
          54.96153
        ],
        [
          20.48075,
          54.96153
        ],
        [
          20.4806799,
          54.96151
        ],
        [
          20.48062,
          54.96151
        ],
        [
          20.48056,
          54.9615
        ],
        [
          20.48049,
          54.9614799
        ],
        [
          20.4804399,
          54.96147
        ],
        [
          20.48039,
          54.96146
        ],
        [
          20.4803399,
          54.9614499
        ],
        [
          20.48029,
          54.9614499
        ],
        [
          20.48024,
          54.9614499
        ],
        [
          20.48019,
          54.9614499
        ],
        [
          20.4801499,
          54.9614499
        ],
        [
          20.4801099,
          54.96144
        ],
        [
          20.48003,
          54.9614199
        ],
        [
          20.48003,
          54.9614199
        ],
        [
          20.4799899,
          54.9614
        ],
        [
          20.4799499,
          54.9613899
        ],
        [
          20.47991,
          54.9613899
        ],
        [
          20.47986,
          54.96138
        ],
        [
          20.4798199,
          54.96138
        ],
        [
          20.47978,
          54.96137
        ],
        [
          20.47974,
          54.96137
        ],
        [
          20.4797,
          54.9613599
        ],
        [
          20.4796599,
          54.9613499
        ],
        [
          20.47961,
          54.96134
        ],
        [
          20.47957,
          54.96133
        ],
        [
          20.4795299,
          54.96131
        ],
        [
          20.4794899,
          54.9613
        ],
        [
          20.47944,
          54.9612899
        ],
        [
          20.4794,
          54.96127
        ],
        [
          20.4793599,
          54.9612599
        ],
        [
          20.47931,
          54.96124
        ],
        [
          20.47927,
          54.9612299
        ],
        [
          20.4792299,
          54.9612199
        ],
        [
          20.47918,
          54.96121
        ],
        [
          20.4791299,
          54.9612
        ],
        [
          20.47909,
          54.9611899
        ],
        [
          20.47905,
          54.96118
        ],
        [
          20.4789699,
          54.9611599
        ],
        [
          20.4789299,
          54.9611599
        ],
        [
          20.47889,
          54.96114
        ],
        [
          20.47885,
          54.9611299
        ],
        [
          20.47881,
          54.9611199
        ],
        [
          20.4787699,
          54.96111
        ],
        [
          20.4787699,
          54.96111
        ],
        [
          20.4786999,
          54.96108
        ],
        [
          20.4786699,
          54.96107
        ],
        [
          20.47863,
          54.96105
        ],
        [
          20.4785999,
          54.96104
        ],
        [
          20.47856,
          54.9610299
        ],
        [
          20.47852,
          54.9610199
        ],
        [
          20.4784799,
          54.9610199
        ],
        [
          20.4784399,
          54.9609999
        ],
        [
          20.4784,
          54.9609999
        ],
        [
          20.47836,
          54.96098
        ],
        [
          20.47833,
          54.96097
        ],
        [
          20.4783099,
          54.9609599
        ],
        [
          20.4782799,
          54.96094
        ],
        [
          20.4782499,
          54.96092
        ],
        [
          20.47822,
          54.96091
        ],
        [
          20.47822,
          54.96091
        ],
        [
          20.4781799,
          54.9608899
        ],
        [
          20.4781499,
          54.96088
        ],
        [
          20.4781099,
          54.9608599
        ],
        [
          20.4780799,
          54.96085
        ],
        [
          20.47804,
          54.9608299
        ],
        [
          20.478,
          54.96082
        ],
        [
          20.47797,
          54.9607999
        ],
        [
          20.47794,
          54.96078
        ],
        [
          20.4779,
          54.9607599
        ],
        [
          20.47786,
          54.96075
        ],
        [
          20.4778199,
          54.96074
        ],
        [
          20.4777799,
          54.96072
        ],
        [
          20.47773,
          54.9606999
        ],
        [
          20.4776899,
          54.96068
        ],
        [
          20.4776599,
          54.9606599
        ],
        [
          20.4776199,
          54.96064
        ],
        [
          20.4775899,
          54.96062
        ],
        [
          20.4775499,
          54.9605999
        ],
        [
          20.4775199,
          54.96058
        ],
        [
          20.4774899,
          54.96056
        ],
        [
          20.4774599,
          54.9605299
        ],
        [
          20.4774299,
          54.96052
        ],
        [
          20.4773899,
          54.9604999
        ],
        [
          20.4773599,
          54.9604699
        ],
        [
          20.4773299,
          54.96045
        ],
        [
          20.4772899,
          54.9604299
        ],
        [
          20.47725,
          54.96041
        ],
        [
          20.47721,
          54.96039
        ],
        [
          20.4771599,
          54.9603699
        ],
        [
          20.47711,
          54.96035
        ],
        [
          20.4770599,
          54.96033
        ],
        [
          20.47701,
          54.96032
        ],
        [
          20.47695,
          54.9602999
        ],
        [
          20.47691,
          54.96028
        ],
        [
          20.4768599,
          54.9602699
        ],
        [
          20.47681,
          54.96025
        ],
        [
          20.47675,
          54.96023
        ],
        [
          20.4766999,
          54.96022
        ],
        [
          20.47665,
          54.9602099
        ],
        [
          20.47661,
          54.96019
        ],
        [
          20.47656,
          54.96018
        ],
        [
          20.47652,
          54.9601699
        ],
        [
          20.47649,
          54.96016
        ],
        [
          20.47646,
          54.96016
        ],
        [
          20.47646,
          54.96016
        ],
        [
          20.47646,
          54.96016
        ],
        [
          20.47646,
          54.96016
        ],
        [
          20.47646,
          54.96016
        ],
        [
          20.47646,
          54.96016
        ],
        [
          20.47646,
          54.96016
        ],
        [
          20.47632,
          54.96012
        ],
        [
          20.47629,
          54.9601099
        ],
        [
          20.47626,
          54.9601
        ],
        [
          20.47622,
          54.9601
        ],
        [
          20.4761799,
          54.96009
        ],
        [
          20.4761399,
          54.96009
        ],
        [
          20.47609,
          54.9600799
        ],
        [
          20.4760499,
          54.9600799
        ],
        [
          20.476,
          54.9600699
        ],
        [
          20.47596,
          54.9600699
        ],
        [
          20.47593,
          54.96005
        ],
        [
          20.47589,
          54.96003
        ],
        [
          20.47584,
          54.96002
        ],
        [
          20.4758,
          54.96002
        ],
        [
          20.47576,
          54.9600099
        ],
        [
          20.47571,
          54.96
        ],
        [
          20.47567,
          54.95999
        ],
        [
          20.47563,
          54.95999
        ],
        [
          20.4755899,
          54.9599699
        ],
        [
          20.47556,
          54.95996
        ],
        [
          20.4755199,
          54.9599499
        ],
        [
          20.4754899,
          54.9599499
        ],
        [
          20.4754499,
          54.9599399
        ],
        [
          20.47541,
          54.95993
        ],
        [
          20.4753599,
          54.95993
        ],
        [
          20.4753199,
          54.95992
        ],
        [
          20.47528,
          54.95992
        ],
        [
          20.47524,
          54.95993
        ],
        [
          20.47521,
          54.9599399
        ],
        [
          20.47518,
          54.9599499
        ],
        [
          20.47515,
          54.9599499
        ],
        [
          20.47511,
          54.95996
        ],
        [
          20.47508,
          54.95996
        ],
        [
          20.47504,
          54.9599699
        ],
        [
          20.4749999,
          54.9599699
        ],
        [
          20.47497,
          54.9599699
        ],
        [
          20.4749299,
          54.9599699
        ],
        [
          20.4748899,
          54.9599699
        ],
        [
          20.47485,
          54.9599699
        ],
        [
          20.47482,
          54.9599699
        ],
        [
          20.47478,
          54.95996
        ],
        [
          20.47475,
          54.95996
        ],
        [
          20.47472,
          54.9599499
        ],
        [
          20.47469,
          54.9599499
        ],
        [
          20.4746599,
          54.9599499
        ],
        [
          20.4746299,
          54.9599399
        ],
        [
          20.47461,
          54.95993
        ],
        [
          20.47458,
          54.95992
        ],
        [
          20.47456,
          54.9599099
        ],
        [
          20.4745399,
          54.9599099
        ],
        [
          20.4744999,
          54.9599
        ],
        [
          20.4744999,
          54.9599
        ],
        [
          20.47448,
          54.95989
        ],
        [
          20.47445,
          54.95987
        ],
        [
          20.47443,
          54.95987
        ],
        [
          20.47436,
          54.9598499
        ],
        [
          20.47433,
          54.9598399
        ],
        [
          20.47433,
          54.9598399
        ],
        [
          20.4743099,
          54.95982
        ],
        [
          20.47428,
          54.9598099
        ],
        [
          20.47425,
          54.95979
        ],
        [
          20.4742099,
          54.9597799
        ],
        [
          20.47419,
          54.95977
        ],
        [
          20.47416,
          54.95976
        ],
        [
          20.47413,
          54.95976
        ],
        [
          20.4741,
          54.9597399
        ],
        [
          20.4740799,
          54.95973
        ],
        [
          20.47405,
          54.95973
        ],
        [
          20.474,
          54.9597199
        ],
        [
          20.4739499,
          54.9597099
        ],
        [
          20.4739,
          54.9597
        ],
        [
          20.4738399,
          54.95969
        ],
        [
          20.4738,
          54.9596799
        ],
        [
          20.4737499,
          54.95967
        ],
        [
          20.4737099,
          54.95966
        ],
        [
          20.47367,
          54.9596499
        ],
        [
          20.47364,
          54.95963
        ],
        [
          20.4736099,
          54.9596199
        ],
        [
          20.4735799,
          54.9596
        ],
        [
          20.4735499,
          54.9595799
        ],
        [
          20.47353,
          54.95957
        ],
        [
          20.4735,
          54.95954
        ],
        [
          20.4734799,
          54.9595199
        ],
        [
          20.4734499,
          54.95951
        ],
        [
          20.47341,
          54.9594899
        ],
        [
          20.47337,
          54.95947
        ],
        [
          20.47333,
          54.95947
        ],
        [
          20.4732899,
          54.95946
        ],
        [
          20.4732599,
          54.95944
        ],
        [
          20.47324,
          54.95943
        ],
        [
          20.47323,
          54.95941
        ],
        [
          20.4732199,
          54.9593799
        ],
        [
          20.47323,
          54.95937
        ],
        [
          20.47324,
          54.9593499
        ],
        [
          20.47327,
          54.95934
        ],
        [
          20.4732899,
          54.95933
        ],
        [
          20.4733,
          54.95931
        ],
        [
          20.47331,
          54.9592899
        ],
        [
          20.4733199,
          54.95927
        ],
        [
          20.47333,
          54.95924
        ],
        [
          20.47334,
          54.95921
        ],
        [
          20.4733499,
          54.95918
        ],
        [
          20.4733499,
          54.95914
        ],
        [
          20.4733499,
          54.95911
        ],
        [
          20.4733599,
          54.9590899
        ],
        [
          20.4733599,
          54.95908
        ],
        [
          20.47337,
          54.95907
        ],
        [
          20.4733799,
          54.9590599
        ],
        [
          20.47341,
          54.95904
        ],
        [
          20.47344,
          54.9590199
        ],
        [
          20.47344,
          54.9590199
        ],
        [
          20.4734499,
          54.95901
        ],
        [
          20.47347,
          54.959
        ],
        [
          20.4734899,
          54.9589899
        ],
        [
          20.47351,
          54.9589899
        ],
        [
          20.47353,
          54.95898
        ],
        [
          20.47353,
          54.95898
        ],
        [
          20.47353,
          54.95898
        ],
        [
          20.47353,
          54.95898
        ],
        [
          20.47353,
          54.95898
        ],
        [
          20.47353,
          54.95898
        ],
        [
          20.47353,
          54.95898
        ],
        [
          20.4735799,
          54.95895
        ],
        [
          20.4735799,
          54.95895
        ],
        [
          20.4735799,
          54.95895
        ],
        [
          20.47357,
          54.95894
        ],
        [
          20.47354,
          54.9589299
        ],
        [
          20.4735,
          54.95891
        ],
        [
          20.47346,
          54.95891
        ],
        [
          20.4734199,
          54.95891
        ],
        [
          20.4733799,
          54.95891
        ],
        [
          20.4733799,
          54.95891
        ],
        [
          20.47331,
          54.9588899
        ],
        [
          20.47327,
          54.9588899
        ],
        [
          20.47324,
          54.9589
        ],
        [
          20.47321,
          54.9589199
        ],
        [
          20.4732,
          54.95894
        ],
        [
          20.47318,
          54.95895
        ],
        [
          20.4731599,
          54.95897
        ],
        [
          20.4731299,
          54.95898
        ],
        [
          20.4730899,
          54.959
        ],
        [
          20.47304,
          54.959
        ],
        [
          20.47298,
          54.95901
        ],
        [
          20.4729299,
          54.95901
        ],
        [
          20.47288,
          54.959
        ],
        [
          20.47284,
          54.9589899
        ],
        [
          20.47284,
          54.9589899
        ],
        [
          20.4727899,
          54.95895
        ],
        [
          20.4727599,
          54.95894
        ],
        [
          20.4727299,
          54.9589199
        ],
        [
          20.4726999,
          54.95891
        ],
        [
          20.4726699,
          54.9589
        ],
        [
          20.47264,
          54.9588899
        ],
        [
          20.4726299,
          54.9588899
        ],
        [
          20.4726299,
          54.95887
        ],
        [
          20.47262,
          54.9588599
        ],
        [
          20.47262,
          54.95884
        ],
        [
          20.4726299,
          54.9588299
        ],
        [
          20.47264,
          54.95882
        ],
        [
          20.4726599,
          54.95881
        ],
        [
          20.47268,
          54.9587999
        ],
        [
          20.4726999,
          54.9587999
        ],
        [
          20.4726999,
          54.9587999
        ],
        [
          20.4726999,
          54.9587999
        ],
        [
          20.4726999,
          54.9587999
        ],
        [
          20.4726999,
          54.9587999
        ],
        [
          20.47274,
          54.9587999
        ],
        [
          20.47277,
          54.95881
        ],
        [
          20.4727999,
          54.95881
        ],
        [
          20.4728299,
          54.95881
        ],
        [
          20.4728599,
          54.9587999
        ],
        [
          20.47288,
          54.95878
        ],
        [
          20.4728999,
          54.9587599
        ],
        [
          20.47292,
          54.95875
        ],
        [
          20.47295,
          54.9587299
        ],
        [
          20.47295,
          54.9587299
        ],
        [
          20.47301,
          54.9586899
        ],
        [
          20.4730199,
          54.9586599
        ],
        [
          20.4730299,
          54.95862
        ],
        [
          20.47304,
          54.95858
        ],
        [
          20.47305,
          54.95854
        ],
        [
          20.47307,
          54.9584999
        ],
        [
          20.4730899,
          54.9584699
        ],
        [
          20.47311,
          54.9584399
        ],
        [
          20.47314,
          54.95841
        ],
        [
          20.4731599,
          54.95838
        ],
        [
          20.47318,
          54.95836
        ],
        [
          20.47318,
          54.95836
        ],
        [
          20.47321,
          54.9582999
        ],
        [
          20.47323,
          54.95828
        ],
        [
          20.47323,
          54.95828
        ],
        [
          20.47323,
          54.95828
        ],
        [
          20.47323,
          54.95828
        ],
        [
          20.47323,
          54.95828
        ],
        [
          20.47323,
          54.95828
        ],
        [
          20.47323,
          54.95828
        ],
        [
          20.47323,
          54.95828
        ],
        [
          20.47317,
          54.95826
        ],
        [
          20.47317,
          54.95826
        ],
        [
          20.47317,
          54.95826
        ],
        [
          20.47317,
          54.95826
        ],
        [
          20.4730599,
          54.9580399
        ],
        [
          20.47304,
          54.95803
        ],
        [
          20.4730299,
          54.95803
        ],
        [
          20.4730199,
          54.95803
        ],
        [
          20.47294,
          54.9580399
        ],
        [
          20.47292,
          54.95805
        ],
        [
          20.4728899,
          54.9580699
        ],
        [
          20.4728899,
          54.9580699
        ],
        [
          20.47287,
          54.9581399
        ],
        [
          20.4728599,
          54.95818
        ],
        [
          20.4728599,
          54.95822
        ],
        [
          20.47285,
          54.95826
        ],
        [
          20.47285,
          54.9582999
        ],
        [
          20.47284,
          54.9583399
        ],
        [
          20.47284,
          54.95839
        ],
        [
          20.47284,
          54.9584299
        ],
        [
          20.47284,
          54.9584699
        ],
        [
          20.4728299,
          54.9584999
        ],
        [
          20.47281,
          54.95854
        ],
        [
          20.47278,
          54.95855
        ],
        [
          20.4727299,
          54.9585699
        ],
        [
          20.47268,
          54.95855
        ],
        [
          20.4726299,
          54.95854
        ],
        [
          20.47261,
          54.95851
        ],
        [
          20.47261,
          54.95851
        ],
        [
          20.47262,
          54.9584599
        ],
        [
          20.47262,
          54.9584599
        ],
        [
          20.4726299,
          54.95838
        ],
        [
          20.47264,
          54.9583399
        ],
        [
          20.47265,
          54.95831
        ],
        [
          20.47265,
          54.95831
        ],
        [
          20.4726599,
          54.95829
        ],
        [
          20.47268,
          54.95828
        ],
        [
          20.47269,
          54.95826
        ],
        [
          20.4726999,
          54.9582299
        ],
        [
          20.4726999,
          54.9582299
        ],
        [
          20.47271,
          54.9581999
        ],
        [
          20.47274,
          54.9581399
        ],
        [
          20.47274,
          54.9581399
        ],
        [
          20.47274,
          54.9581099
        ],
        [
          20.47275,
          54.95809
        ],
        [
          20.4727599,
          54.95806
        ],
        [
          20.4727599,
          54.95805
        ],
        [
          20.47275,
          54.95803
        ],
        [
          20.47275,
          54.95803
        ],
        [
          20.4727599,
          54.9580099
        ],
        [
          20.4727999,
          54.9579699
        ],
        [
          20.4727999,
          54.9579699
        ],
        [
          20.47281,
          54.9579399
        ],
        [
          20.47281,
          54.9579099
        ],
        [
          20.47282,
          54.9578699
        ],
        [
          20.47282,
          54.9578399
        ],
        [
          20.47282,
          54.9578099
        ],
        [
          20.47282,
          54.9577799
        ],
        [
          20.47284,
          54.95776
        ],
        [
          20.47284,
          54.9577399
        ],
        [
          20.47284,
          54.95773
        ],
        [
          20.4728299,
          54.95772
        ],
        [
          20.47282,
          54.9577099
        ],
        [
          20.47282,
          54.9577099
        ],
        [
          20.47282,
          54.9577099
        ],
        [
          20.47282,
          54.9577099
        ],
        [
          20.47282,
          54.9577099
        ],
        [
          20.47282,
          54.9577099
        ],
        [
          20.47282,
          54.9577099
        ],
        [
          20.47282,
          54.9577099
        ],
        [
          20.47282,
          54.9577099
        ],
        [
          20.47282,
          54.9577099
        ],
        [
          20.47282,
          54.9577099
        ],
        [
          20.4728299,
          54.95762
        ],
        [
          20.47282,
          54.9576099
        ],
        [
          20.47282,
          54.9576099
        ],
        [
          20.47281,
          54.9576
        ]
      ]
    ]
  }
}
