{
  "type": "Feature",
  "id": "840e4f0e-8fa4-402b-8a0c-9076f22f53ea",
  "properties": {
    "id": "840e4f0e-8fa4-402b-8a0c-9076f22f53ea",
    "name": "День 1 - Кант - Велодорожки",
    "color": "#ff3300",
    "routeType": "Twiter Gravel V1",
    "isSelected": false
  },
  "geometry": {
    "type": "LineString",
    "coordinates": [
      [
        20.57956994511187,
        54.74805993027985
      ],
      [
        20.579559970647097,
        54.74813997745514
      ],
      [
        20.579579919576645,
        54.74815992638469
      ],
      [
        20.57960992679,
        54.74815992638469
      ],
      [
        20.57962995953858,
        54.74816998466849
      ],
      [
        20.57964999228716,
        54.74818993359804
      ],
      [
        20.579669941216707,
        54.74819999188185
      ],
      [
        20.579689973965287,
        54.74819999188185
      ],
      [
        20.579729955643415,
        54.748219940811396
      ],
      [
        20.579729955643415,
        54.74824994802475
      ],
      [
        20.57977999560535,
        54.74826998077333
      ],
      [
        20.579809918999672,
        54.74828992970288
      ],
      [
        20.579859958961606,
        54.748299987986684
      ],
      [
        20.579919973388314,
        54.74830996245146
      ],
      [
        20.579979987815022,
        54.74830996245146
      ],
      [
        20.580049976706505,
        54.74828992970288
      ],
      [
        20.58007998391986,
        54.74826998077333
      ],
      [
        20.58016992174089,
        54.74818993359804
      ],
      [
        20.580219961702824,
        54.74813997745514
      ],
      [
        20.580269917845726,
        54.748089937493205
      ],
      [
        20.580309983342886,
        54.7480299230665
      ],
      [
        20.58035993948579,
        54.747979966923594
      ],
      [
        20.580409979447722,
        54.74792992696166
      ],
      [
        20.58044996112585,
        54.74788994528353
      ],
      [
        20.580499917268753,
        54.747849963605404
      ],
      [
        20.580539982765913,
        54.74779992364347
      ],
      [
        20.58057996444404,
        54.74775994196534
      ],
      [
        20.58063997887075,
        54.74774996750057
      ],
      [
        20.580699993297458,
        54.74774996750057
      ],
      [
        20.580759923905134,
        54.74775994196534
      ],
      [
        20.58078993111849,
        54.74777997471392
      ],
      [
        20.580819938331842,
        54.747809981927276
      ],
      [
        20.580849945545197,
        54.747829930856824
      ],
      [
        20.58087995275855,
        54.747849963605404
      ],
      [
        20.58091993443668,
        54.74787997081876
      ],
      [
        20.580969974398613,
        54.747899919748306
      ],
      [
        20.58100995607674,
        54.747919952496886
      ],
      [
        20.58104993775487,
        54.74794995971024
      ],
      [
        20.581099977716804,
        54.74796999245882
      ],
      [
        20.581149933859706,
        54.74796999245882
      ],
      [
        20.581229981034994,
        54.74794995971024
      ],
      [
        20.581279937177896,
        54.74790997803211
      ],
      [
        20.58132997713983,
        54.747869996353984
      ],
      [
        20.58136995881796,
        54.747829930856824
      ],
      [
        20.581409940496087,
        54.747789949178696
      ],
      [
        20.581449922174215,
        54.74774996750057
      ],
      [
        20.58151999488473,
        54.74772993475199
      ],
      [
        20.58156995102763,
        54.74773999303579
      ],
      [
        20.581619990989566,
        54.74775994196534
      ],
      [
        20.581679921597242,
        54.74777997471392
      ],
      [
        20.58173993602395,
        54.74777997471392
      ],
      [
        20.581809924915433,
        54.74777997471392
      ],
      [
        20.58186993934214,
        54.747769916430116
      ],
      [
        20.58194998651743,
        54.74773999303579
      ],
      [
        20.582029949873686,
        54.74771996028721
      ],
      [
        20.582119971513748,
        54.74769992753863
      ],
      [
        20.582199934870005,
        54.74766992032528
      ],
      [
        20.582289956510067,
        54.74763999693096
      ],
      [
        20.582369919866323,
        54.7475999314338
      ],
      [
        20.58244996704161,
        54.74755994975567
      ],
      [
        20.582529930397868,
        54.747509993612766
      ],
      [
        20.58259991928935,
        54.74745995365083
      ],
      [
        20.58267996646464,
        54.74742994643748
      ],
      [
        20.5827699881047,
        54.747399939224124
      ],
      [
        20.58285992592573,
        54.74736993201077
      ],
      [
        20.58293997310102,
        54.747339924797416
      ],
      [
        20.583009961992502,
        54.74730991758406
      ],
      [
        20.58308992534876,
        54.74729994311929
      ],
      [
        20.583169972524047,
        54.74727999418974
      ],
      [
        20.583249935880303,
        54.74726993590593
      ],
      [
        20.58332998305559,
        54.74726993590593
      ],
      [
        20.583409946411848,
        54.74727999418974
      ],
      [
        20.583489993587136,
        54.74728996865451
      ],
      [
        20.58355998247862,
        54.74729994311929
      ],
      [
        20.583639945834875,
        54.74729994311929
      ],
      [
        20.583709934726357,
        54.74729994311929
      ],
      [
        20.583789981901646,
        54.74729994311929
      ],
      [
        20.583849996328354,
        54.74731997586787
      ],
      [
        20.58390992693603,
        54.74732995033264
      ],
      [
        20.58394999243319,
        54.747359957545996
      ],
      [
        20.58396994136274,
        54.74738996475935
      ],
      [
        20.58398997411132,
        54.747419971972704
      ],
      [
        20.583999948576093,
        54.74745995365083
      ],
      [
        20.584009923040867,
        54.747489960864186
      ],
      [
        20.584009923040867,
        54.747529942542315
      ],
      [
        20.584009923040867,
        54.74755994975567
      ],
      [
        20.584009923040867,
        54.7475999314338
      ],
      [
        20.584019981324673,
        54.74762993864715
      ],
      [
        20.584009923040867,
        54.74766992032528
      ],
      [
        20.584019981324673,
        54.74769992753863
      ],
      [
        20.584019981324673,
        54.74773999303579
      ],
      [
        20.584009923040867,
        54.747769916430116
      ],
      [
        20.584009923040867,
        54.74779992364347
      ],
      [
        20.584009923040867,
        54.747829930856824
      ],
      [
        20.584019981324673,
        54.747869996353984
      ],
      [
        20.584019981324673,
        54.747899919748306
      ],
      [
        20.584019981324673,
        54.747919952496886
      ],
      [
        20.584009923040867,
        54.747939985245466
      ],
      [
        20.583999948576093,
        54.747939985245466
      ],
      [
        20.58398997411132,
        54.747919952496886
      ],
      [
        20.58398997411132,
        54.747899919748306
      ],
      [
        20.583999948576093,
        54.747869996353984
      ],
      [
        20.583999948576093,
        54.74783998914063
      ],
      [
        20.583999948576093,
        54.747809981927276
      ],
      [
        20.583999948576093,
        54.747769916430116
      ],
      [
        20.58398997411132,
        54.74773999303579
      ],
      [
        20.58398997411132,
        54.74769992753863
      ],
      [
        20.58398997411132,
        54.747659945860505
      ],
      [
        20.58398997411132,
        54.74761996418238
      ],
      [
        20.583979999646544,
        54.74756992422044
      ],
      [
        20.583979999646544,
        54.747529942542315
      ],
      [
        20.583979999646544,
        54.74747998639941
      ],
      [
        20.583979999646544,
        54.74742994643748
      ],
      [
        20.58396994136274,
        54.74738996475935
      ],
      [
        20.58394999243319,
        54.74734998308122
      ],
      [
        20.583899952471256,
        54.74730991758406
      ],
      [
        20.583829963579774,
        54.74728996865451
      ],
      [
        20.583749916404486,
        54.74726993590593
      ],
      [
        20.58366995304823,
        54.74725996144116
      ],
      [
        20.583599964156747,
        54.747249986976385
      ],
      [
        20.58351991698146,
        54.74723992869258
      ],
      [
        20.583449928089976,
        54.747209921479225
      ],
      [
        20.583399971947074,
        54.7471699398011
      ],
      [
        20.583379939198494,
        54.74713993258774
      ],
      [
        20.583379939198494,
        54.74708997644484
      ],
      [
        20.5833899974823,
        54.747039936482906
      ],
      [
        20.5833899974823,
        54.746989980340004
      ],
      [
        20.583399971947074,
        54.74693994037807
      ],
      [
        20.583409946411848,
        54.74688998423517
      ],
      [
        20.583439953625202,
        54.74684991873801
      ],
      [
        20.583459986373782,
        54.746799962595105
      ],
      [
        20.583469960838556,
        54.74674992263317
      ],
      [
        20.583459986373782,
        54.746689992025495
      ],
      [
        20.583449928089976,
        54.74663995206356
      ],
      [
        20.583469960838556,
        54.74658999592066
      ],
      [
        20.583469960838556,
        54.746539955958724
      ],
      [
        20.58347993530333,
        54.74648999981582
      ],
      [
        20.583489993587136,
        54.74642998538911
      ],
      [
        20.583489993587136,
        54.74637994542718
      ],
      [
        20.58349996805191,
        54.74632998928428
      ],
      [
        20.583509942516685,
        54.74626997485757
      ],
      [
        20.58351991698146,
        54.746219934895635
      ],
      [
        20.583529975265265,
        54.746159920468926
      ],
      [
        20.583549924194813,
        54.746109964326024
      ],
      [
        20.58355998247862,
        54.746049949899316
      ],
      [
        20.583579931408167,
        54.74599999375641
      ],
      [
        20.583599964156747,
        54.7459299210459
      ],
      [
        20.58360993862152,
        54.745879964903
      ],
      [
        20.58360993862152,
        54.74582992494106
      ],
      [
        20.583599964156747,
        54.745789943262935
      ],
      [
        20.583599964156747,
        54.74573998712003
      ],
      [
        20.5836299713701,
        54.74569992162287
      ],
      [
        20.583659978583455,
        54.745659939944744
      ],
      [
        20.583679927513003,
        54.745619958266616
      ],
      [
        20.583699960261583,
        54.74556991830468
      ],
      [
        20.583699960261583,
        54.74552993662655
      ],
      [
        20.583709934726357,
        54.745489954948425
      ],
      [
        20.583729967474937,
        54.7454499732703
      ],
      [
        20.58375997468829,
        54.74539993330836
      ],
      [
        20.583809930831194,
        54.74536992609501
      ],
      [
        20.583859970793128,
        54.745339918881655
      ],
      [
        20.583879919722676,
        54.74529993720353
      ],
      [
        20.583889978006482,
        54.745249981060624
      ],
      [
        20.583879919722676,
        54.745209999382496
      ],
      [
        20.583879919722676,
        54.74515995942056
      ],
      [
        20.583889978006482,
        54.74511997774243
      ],
      [
        20.583919985219836,
        54.7450699377805
      ],
      [
        20.583959966897964,
        54.74502995610237
      ],
      [
        20.584019981324673,
        54.74499994888902
      ],
      [
        20.584069937467575,
        54.74495996721089
      ],
      [
        20.584129951894283,
        54.74491998553276
      ],
      [
        20.58418996632099,
        54.74488997831941
      ],
      [
        20.5842499807477,
        54.74485997110605
      ],
      [
        20.584319969639182,
        54.744819989427924
      ],
      [
        20.58437998406589,
        54.74478998221457
      ],
      [
        20.584449972957373,
        54.744759975001216
      ],
      [
        20.58450998738408,
        54.74471999332309
      ],
      [
        20.584579976275563,
        54.74467992782593
      ],
      [
        20.584649965167046,
        54.7446399461478
      ],
      [
        20.584719954058528,
        54.7445899900049
      ],
      [
        20.58478994295001,
        54.74454992450774
      ],
      [
        20.5848699901253,
        54.74450994282961
      ],
      [
        20.584929920732975,
        54.74445998668671
      ],
      [
        20.584989935159683,
        54.74441992118955
      ],
      [
        20.58506998233497,
        54.744369965046644
      ],
      [
        20.585139971226454,
        54.744329983368516
      ],
      [
        20.585209960117936,
        54.744289917871356
      ],
      [
        20.58527994900942,
        54.744259994477034
      ],
      [
        20.5853499379009,
        54.744219928979874
      ],
      [
        20.585419926792383,
        54.74418992176652
      ],
      [
        20.585489999502897,
        54.74414994008839
      ],
      [
        20.585549930110574,
        54.74411993287504
      ],
      [
        20.585619919002056,
        54.74408992566168
      ],
      [
        20.58566995896399,
        54.74405991844833
      ],
      [
        20.585699966177344,
        54.74402999505401
      ],
      [
        20.585699966177344,
        54.74399998784065
      ],
      [
        20.585659984499216,
        54.7439699806273
      ],
      [
        20.585609944537282,
        54.74395992234349
      ],
      [
        20.58555998839438,
        54.74392999894917
      ],
      [
        20.585509948432446,
        54.743899991735816
      ],
      [
        20.585469966754317,
        54.74386998452246
      ],
      [
        20.585419926792383,
        54.7438299190253
      ],
      [
        20.585359996184707,
        54.74379999563098
      ],
      [
        20.585299981758,
        54.74375993013382
      ],
      [
        20.58523996733129,
        54.743729922920465
      ],
      [
        20.585179952904582,
        54.74368994124234
      ],
      [
        20.585119938477874,
        54.74364995956421
      ],
      [
        20.58504994958639,
        54.743599919602275
      ],
      [
        20.58497996069491,
        54.74355993792415
      ],
      [
        20.584909971803427,
        54.74351995624602
      ],
      [
        20.584839982911944,
        54.74347997456789
      ],
      [
        20.584769994020462,
        54.74343999288976
      ],
      [
        20.584699921309948,
        54.7433999273926
      ],
      [
        20.584629932418466,
        54.7433499712497
      ],
      [
        20.584559943526983,
        54.74330998957157
      ],
      [
        20.5844899546355,
        54.74325994960964
      ],
      [
        20.58441996574402,
        54.743209993466735
      ],
      [
        20.58433991856873,
        54.74317998625338
      ],
      [
        20.584269929677248,
        54.74312994629145
      ],
      [
        20.58420999906957,
        54.74308996461332
      ],
      [
        20.584159959107637,
        54.743039924651384
      ],
      [
        20.58409994468093,
        54.74298996850848
      ],
      [
        20.58403993025422,
        54.742949986830354
      ],
      [
        20.583979999646544,
        54.742909921333194
      ],
      [
        20.58390992693603,
        54.742869939655066
      ],
      [
        20.583849996328354,
        54.74282995797694
      ],
      [
        20.583789981901646,
        54.74278997629881
      ],
      [
        20.583719993010163,
        54.742739936336875
      ],
      [
        20.583659978583455,
        54.74269995465875
      ],
      [
        20.583589989691973,
        54.74265997298062
      ],
      [
        20.583529975265265,
        54.74261999130249
      ],
      [
        20.583469960838556,
        54.74257992580533
      ],
      [
        20.583419920876622,
        54.742549918591976
      ],
      [
        20.58336996473372,
        54.742519995197654
      ],
      [
        20.58330995030701,
        54.7424899879843
      ],
      [
        20.58325999416411,
        54.742459980770946
      ],
      [
        20.5831999797374,
        54.74242997355759
      ],
      [
        20.583149939775467,
        54.74238999187946
      ],
      [
        20.58308992534876,
        54.7423499263823
      ],
      [
        20.583039969205856,
        54.742309944704175
      ],
      [
        20.582979954779148,
        54.74227993749082
      ],
      [
        20.58291994035244,
        54.74223995581269
      ],
      [
        20.58285992592573,
        54.742199974134564
      ],
      [
        20.58278993703425,
        54.742159992456436
      ],
      [
        20.58272992260754,
        54.742119926959276
      ],
      [
        20.582669991999865,
        54.74207994528115
      ],
      [
        20.58259991928935,
        54.74203996360302
      ],
      [
        20.582539988681674,
        54.74199998192489
      ],
      [
        20.58246999979019,
        54.74195991642773
      ],
      [
        20.582409985363483,
        54.7419199347496
      ],
      [
        20.582349970936775,
        54.741879953071475
      ],
      [
        20.582289956510067,
        54.74182999692857
      ],
      [
        20.58222994208336,
        54.74179998971522
      ],
      [
        20.58216992765665,
        54.74175992421806
      ],
      [
        20.582109997048974,
        54.74171994253993
      ],
      [
        20.582049982622266,
        54.7416799608618
      ],
      [
        20.581979993730783,
        54.741639979183674
      ],
      [
        20.58190992102027,
        54.741599997505546
      ],
      [
        20.581839932128787,
        54.741559932008386
      ],
      [
        20.581769943237305,
        54.74152992479503
      ],
      [
        20.581689979881048,
        54.74147996865213
      ],
      [
        20.581619990989566,
        54.741439986974
      ],
      [
        20.581539943814278,
        54.74139992147684
      ],
      [
        20.581469954922795,
        54.74135993979871
      ],
      [
        20.58138999156654,
        54.74132993258536
      ],
      [
        20.58130994439125,
        54.74128995090723
      ],
      [
        20.581229981034994,
        54.7412499692291
      ],
      [
        20.581149933859706,
        54.74121996201575
      ],
      [
        20.581079944968224,
        54.74117998033762
      ],
      [
        20.58102998882532,
        54.74115994758904
      ],
      [
        20.580979948863387,
        54.74113999865949
      ],
      [
        20.580929992720485,
        54.74111996591091
      ],
      [
        20.580889927223325,
        54.74110999144614
      ],
      [
        20.58082999661565,
        54.74108995869756
      ],
      [
        20.58076998218894,
        54.7410599514842
      ],
      [
        20.580709967762232,
        54.74102994427085
      ],
      [
        20.58063997887075,
        54.7410099953413
      ],
      [
        20.580569989979267,
        54.74097998812795
      ],
      [
        20.580499917268753,
        54.74094998091459
      ],
      [
        20.580419953912497,
        54.74091997370124
      ],
      [
        20.580329932272434,
        54.74089994095266
      ],
      [
        20.580249968916178,
        54.740869933739305
      ],
      [
        20.58016992174089,
        54.740829952061176
      ],
      [
        20.580089958384633,
        54.74079994484782
      ],
      [
        20.580009995028377,
        54.74076993763447
      ],
      [
        20.579919973388314,
        54.740739930421114
      ],
      [
        20.579839926213026,
        54.740699948742986
      ],
      [
        20.57975996285677,
        54.74066994152963
      ],
      [
        20.579669941216707,
        54.74063993431628
      ],
      [
        20.57958997786045,
        54.74061998538673
      ],
      [
        20.579509930685163,
        54.740589978173375
      ],
      [
        20.579419992864132,
        54.74055997096002
      ],
      [
        20.579339945688844,
        54.74051998928189
      ],
      [
        20.57926995679736,
        54.74048998206854
      ],
      [
        20.579189993441105,
        54.740459974855185
      ],
      [
        20.57911992073059,
        54.74042996764183
      ],
      [
        20.57904993183911,
        54.74040993489325
      ],
      [
        20.578979942947626,
        54.7403899859637
      ],
      [
        20.578909954056144,
        54.74036995321512
      ],
      [
        20.578849939629436,
        54.74033994600177
      ],
      [
        20.57876997627318,
        54.740309938788414
      ],
      [
        20.578699987381697,
        54.74027993157506
      ],
      [
        20.578609965741634,
        54.740249924361706
      ],
      [
        20.578529918566346,
        54.74021991714835
      ],
      [
        20.578439980745316,
        54.7401999682188
      ],
      [
        20.578349959105253,
        54.74016996100545
      ],
      [
        20.578269995748997,
        54.740139953792095
      ],
      [
        20.57818994857371,
        54.74010994657874
      ],
      [
        20.578099926933646,
        54.74007993936539
      ],
      [
        20.57801996357739,
        54.74004993215203
      ],
      [
        20.5779399164021,
        54.74001992493868
      ],
      [
        20.577859953045845,
        54.73997994326055
      ],
      [
        20.57777998968959,
        54.739949936047196
      ],
      [
        20.5776999425143,
        54.73990995436907
      ],
      [
        20.577609920874238,
        54.739879947155714
      ],
      [
        20.57752995751798,
        54.73984993994236
      ],
      [
        20.57743993587792,
        54.739819932729006
      ],
      [
        20.57734999805689,
        54.73978992551565
      ],
      [
        20.5772699508816,
        54.7397599183023
      ],
      [
        20.577189987525344,
        54.73971993662417
      ],
      [
        20.57709996588528,
        54.739689929410815
      ],
      [
        20.57700994424522,
        54.73965992219746
      ],
      [
        20.576919922605157,
        54.73962999880314
      ],
      [
        20.5768399592489,
        54.73958993330598
      ],
      [
        20.576749937608838,
        54.739559926092625
      ],
      [
        20.576659999787807,
        54.73952991887927
      ],
      [
        20.576569978147745,
        54.73948993720114
      ],
      [
        20.576479956507683,
        54.73945992998779
      ],
      [
        20.57638993486762,
        54.73941994830966
      ],
      [
        20.57629999704659,
        54.739389941096306
      ],
      [
        20.5762199498713,
        54.73935993388295
      ],
      [
        20.57612992823124,
        54.73931995220482
      ],
      [
        20.57603999041021,
        54.73928994499147
      ],
      [
        20.575949968770146,
        54.73924996331334
      ],
      [
        20.575859947130084,
        54.73921995609999
      ],
      [
        20.57576992549002,
        54.73917997442186
      ],
      [
        20.57567998766899,
        54.73913999274373
      ],
      [
        20.57558996602893,
        54.739109985530376
      ],
      [
        20.575499944388866,
        54.73906992003322
      ],
      [
        20.575409922748804,
        54.73902993835509
      ],
      [
        20.575329959392548,
        54.73898995667696
      ],
      [
        20.575239937752485,
        54.73894997499883
      ],
      [
        20.57515997439623,
        54.7389099933207
      ],
      [
        20.57507992722094,
        54.73886992782354
      ],
      [
        20.574999963864684,
        54.73881997168064
      ],
      [
        20.5749299749732,
        54.73876993171871
      ],
      [
        20.57485998608172,
        54.73872995004058
      ],
      [
        20.57477993890643,
        54.73867999389768
      ],
      [
        20.57470995001495,
        54.73862995393574
      ],
      [
        20.57464993558824,
        54.73857999779284
      ],
      [
        20.57457994669676,
        54.738529957830906
      ],
      [
        20.574529990553856,
        54.73847991786897
      ],
      [
        20.574469976127148,
        54.73842996172607
      ],
      [
        20.57440996170044,
        54.73836994729936
      ],
      [
        20.574359921738505,
        54.73831999115646
      ],
      [
        20.574309965595603,
        54.738269951194525
      ],
      [
        20.57425992563367,
        54.73820993676782
      ],
      [
        20.574209969490767,
        54.738159980624914
      ],
      [
        20.57416998781264,
        54.738099966198206
      ],
      [
        20.57412992231548,
        54.7380399517715
      ],
      [
        20.57408994063735,
        54.737989995628595
      ],
      [
        20.574049958959222,
        54.73792998120189
      ],
      [
        20.574019951745868,
        54.73786996677518
      ],
      [
        20.57397997006774,
        54.73780995234847
      ],
      [
        20.573949962854385,
        54.73774993792176
      ],
      [
        20.57391995564103,
        54.737689923495054
      ],
      [
        20.573879973962903,
        54.73762999288738
      ],
      [
        20.57384996674955,
        54.737579952925444
      ],
      [
        20.573819959536195,
        54.737519938498735
      ],
      [
        20.573779977858067,
        54.73746998235583
      ],
      [
        20.573749970644712,
        54.737409967929125
      ],
      [
        20.573709988966584,
        54.73735992796719
      ],
      [
        20.573669923469424,
        54.737299997359514
      ],
      [
        20.57363991625607,
        54.73724995739758
      ],
      [
        20.573609992861748,
        54.73718994297087
      ],
      [
        20.573579985648394,
        54.737129928544164
      ],
      [
        20.573539920151234,
        54.73707997240126
      ],
      [
        20.573499938473105,
        54.73702993243933
      ],
      [
        20.573459956794977,
        54.73696991801262
      ],
      [
        20.573429949581623,
        54.73690998740494
      ],
      [
        20.573389967903495,
        54.73685994744301
      ],
      [
        20.573349986225367,
        54.7367999330163
      ],
      [
        20.573319979012012,
        54.7367499768734
      ],
      [
        20.573279997333884,
        54.73668996244669
      ],
      [
        20.573239931836724,
        54.73662994801998
      ],
      [
        20.57320992462337,
        54.73657999187708
      ],
      [
        20.573179917410016,
        54.73651997745037
      ],
      [
        20.573139935731888,
        54.73646993748844
      ],
      [
        20.573109928518534,
        54.73640992306173
      ],
      [
        20.573069946840405,
        54.736359966918826
      ],
      [
        20.57303993962705,
        54.73630992695689
      ],
      [
        20.573009932413697,
        54.736249996349216
      ],
      [
        20.57296995073557,
        54.73619995638728
      ],
      [
        20.572939943522215,
        54.73614991642535
      ],
      [
        20.57290993630886,
        54.736099960282445
      ],
      [
        20.572879929095507,
        54.73604992032051
      ],
      [
        20.57283994741738,
        54.73600993864238
      ],
      [
        20.57281999848783,
        54.735969956964254
      ],
      [
        20.57279996573925,
        54.7359399497509
      ],
      [
        20.572789991274476,
        54.73591991700232
      ],
      [
        20.572789991274476,
        54.73591991700232
      ],
      [
        20.572789991274476,
        54.73591991700232
      ],
      [
        20.572789991274476,
        54.73591991700232
      ],
      [
        20.572789991274476,
        54.73591991700232
      ],
      [
        20.572789991274476,
        54.73591991700232
      ],
      [
        20.57277993299067,
        54.735889993608
      ],
      [
        20.572769958525896,
        54.735859986394644
      ],
      [
        20.572759984061122,
        54.73582997918129
      ],
      [
        20.572739951312542,
        54.735799971967936
      ],
      [
        20.572719918563962,
        54.73576996475458
      ],
      [
        20.572709944099188,
        54.73572998307645
      ],
      [
        20.572679936885834,
        54.7356999758631
      ],
      [
        20.57264992967248,
        54.735649935901165
      ],
      [
        20.57262998074293,
        54.73560995422304
      ],
      [
        20.572599973529577,
        54.73556997254491
      ],
      [
        20.572569966316223,
        54.735519932582974
      ],
      [
        20.57253995910287,
        54.73546997644007
      ],
      [
        20.57249997742474,
        54.735429994761944
      ],
      [
        20.572459995746613,
        54.73537995480001
      ],
      [
        20.57240995578468,
        54.73533997312188
      ],
      [
        20.57236997410655,
        54.73529999144375
      ],
      [
        20.57234994135797,
        54.73525992594659
      ],
      [
        20.572339966893196,
        54.735219944268465
      ],
      [
        20.572339966893196,
        54.73516998812556
      ],
      [
        20.572329992428422,
        54.735109973698854
      ],
      [
        20.572299985215068,
        54.73505993373692
      ],
      [
        20.572269978001714,
        54.73499991931021
      ],
      [
        20.57223997078836,
        54.734939988702536
      ],
      [
        20.57219998911023,
        54.7348899487406
      ],
      [
        20.572169981896877,
        54.73482993431389
      ],
      [
        20.572139974683523,
        54.73477997817099
      ],
      [
        20.572099993005395,
        54.73471996374428
      ],
      [
        20.57206998579204,
        54.73466992378235
      ],
      [
        20.57202992029488,
        54.73460999317467
      ],
      [
        20.57199999690056,
        54.73455995321274
      ],
      [
        20.571969989687204,
        54.73449993878603
      ],
      [
        20.57193998247385,
        54.73444998264313
      ],
      [
        20.57189991697669,
        54.73439994268119
      ],
      [
        20.571869993582368,
        54.734339928254485
      ],
      [
        20.571839986369014,
        54.73428997211158
      ],
      [
        20.57180997915566,
        54.73423993214965
      ],
      [
        20.571779971942306,
        54.734189976006746
      ],
      [
        20.57174996472895,
        54.73413993604481
      ],
      [
        20.571709983050823,
        54.73408997990191
      ],
      [
        20.571669917553663,
        54.734039939939976
      ],
      [
        20.571629935875535,
        54.73397992551327
      ],
      [
        20.571579979732633,
        54.733929969370365
      ],
      [
        20.571539998054504,
        54.73387992940843
      ],
      [
        20.57148995809257,
        54.733819998800755
      ],
      [
        20.571439918130636,
        54.733759984374046
      ],
      [
        20.571399936452508,
        54.73369996994734
      ],
      [
        20.5713399220258,
        54.73363995552063
      ],
      [
        20.571279991418123,
        54.73358999937773
      ],
      [
        20.57120991870761,
        54.73353995941579
      ],
      [
        20.571149988099933,
        54.733479944989085
      ],
      [
        20.57107999920845,
        54.73342998884618
      ],
      [
        20.571019984781742,
        54.73337994888425
      ],
      [
        20.57094999589026,
        54.733329992741346
      ],
      [
        20.570899955928326,
        54.73327995277941
      ],
      [
        20.570839941501617,
        54.73322999663651
      ],
      [
        20.570789985358715,
        54.733179956674576
      ],
      [
        20.570729970932007,
        54.73312991671264
      ],
      [
        20.5706699565053,
        54.73307996056974
      ],
      [
        20.570619916543365,
        54.733029920607805
      ],
      [
        20.570559985935688,
        54.73298993892968
      ],
      [
        20.570509945973754,
        54.732939982786775
      ],
      [
        20.570449931547046,
        54.73288994282484
      ],
      [
        20.570379942655563,
        54.73283998668194
      ],
      [
        20.570319928228855,
        54.732789946720004
      ],
      [
        20.57025999762118,
        54.7327399905771
      ],
      [
        20.57019998319447,
        54.73268995061517
      ],
      [
        20.570139968767762,
        54.732639994472265
      ],
      [
        20.570079954341054,
        54.73258995451033
      ],
      [
        20.57000996544957,
        54.73252994008362
      ],
      [
        20.569949951022863,
        54.73247998394072
      ],
      [
        20.56987996213138,
        54.73242994397879
      ],
      [
        20.569819947704673,
        54.732379987835884
      ],
      [
        20.569759933277965,
        54.73232994787395
      ],
      [
        20.569699918851256,
        54.73227999173105
      ],
      [
        20.56963998824358,
        54.73223992623389
      ],
      [
        20.56957997381687,
        54.73217999562621
      ],
      [
        20.569519959390163,
        54.73212995566428
      ],
      [
        20.569459944963455,
        54.732079999521375
      ],
      [
        20.569409988820553,
        54.73202995955944
      ],
      [
        20.569349974393845,
        54.73196994513273
      ],
      [
        20.569289959967136,
        54.73191998898983
      ],
      [
        20.569229945540428,
        54.731869949027896
      ],
      [
        20.56916993111372,
        54.731819992884994
      ],
      [
        20.569099942222238,
        54.73176995292306
      ],
      [
        20.56903992779553,
        54.73172997124493
      ],
      [
        20.568979997187853,
        54.731679931283
      ],
      [
        20.568919982761145,
        54.731629975140095
      ],
      [
        20.568849993869662,
        54.73158999346197
      ],
      [
        20.568769946694374,
        54.73154992796481
      ],
      [
        20.568689983338118,
        54.731499971821904
      ],
      [
        20.56860993616283,
        54.73146996460855
      ],
      [
        20.568529972806573,
        54.731439957395196
      ],
      [
        20.56843995116651,
        54.73140995018184
      ],
      [
        20.568359987810254,
        54.73137994296849
      ],
      [
        20.568259991705418,
        54.73135999403894
      ],
      [
        20.568169970065355,
        54.731329986825585
      ],
      [
        20.56806997396052,
        54.731309954077005
      ],
      [
        20.567979952320457,
        54.731289921328425
      ],
      [
        20.567889930680394,
        54.73126997239888
      ],
      [
        20.567799992859364,
        54.73123996518552
      ],
      [
        20.5677099712193,
        54.73120995797217
      ],
      [
        20.56761994957924,
        54.73118992522359
      ],
      [
        20.567529927939177,
        54.73116997629404
      ],
      [
        20.567439990118146,
        54.731159918010235
      ],
      [
        20.567349968478084,
        54.73114994354546
      ],
      [
        20.567269921302795,
        54.73112999461591
      ],
      [
        20.567179983481765,
        54.73109998740256
      ],
      [
        20.567099936306477,
        54.73107995465398
      ],
      [
        20.56699994020164,
        54.7310599219054
      ],
      [
        20.566919976845384,
        54.731029998511076
      ],
      [
        20.56682995520532,
        54.73099999129772
      ],
      [
        20.56673993356526,
        54.73097995854914
      ],
      [
        20.56664999574423,
        54.73095992580056
      ],
      [
        20.566559974104166,
        54.730939976871014
      ],
      [
        20.56645997799933,
        54.730919944122434
      ],
      [
        20.566369956359267,
        54.73088993690908
      ],
      [
        20.56626996025443,
        54.730859929695725
      ],
      [
        20.566169964149594,
        54.73083998076618
      ],
      [
        20.566079942509532,
        54.73080997355282
      ],
      [
        20.565979946404696,
        54.73078994080424
      ],
      [
        20.56587995029986,
        54.730769991874695
      ],
      [
        20.565789928659797,
        54.73073998466134
      ],
      [
        20.56568993255496,
        54.73071995191276
      ],
      [
        20.56559999473393,
        54.73069991916418
      ],
      [
        20.565499998629093,
        54.73067997023463
      ],
      [
        20.565399918705225,
        54.73065993748605
      ],
      [
        20.565309980884194,
        54.7306299302727
      ],
      [
        20.565199926495552,
        54.730619955807924
      ],
      [
        20.56510998867452,
        54.73058994859457
      ],
      [
        20.565009992569685,
        54.73056999966502
      ],
      [
        20.564919970929623,
        54.73054996691644
      ],
      [
        20.564819974824786,
        54.73052993416786
      ],
      [
        20.56471997871995,
        54.73049992695451
      ],
      [
        20.564609924331307,
        54.73047997802496
      ],
      [
        20.564519986510277,
        54.73045994527638
      ],
      [
        20.564429964870214,
        54.730429938063025
      ],
      [
        20.564329968765378,
        54.73040998913348
      ],
      [
        20.564239947125316,
        54.73037998192012
      ],
      [
        20.56413995102048,
        54.73036992363632
      ],
      [
        20.564039954915643,
        54.73035994917154
      ],
      [
        20.563939958810806,
        54.73032994195819
      ],
      [
        20.56383996270597,
        54.73030999302864
      ],
      [
        20.563739966601133,
        54.73028996028006
      ],
      [
        20.563639970496297,
        54.73026992753148
      ],
      [
        20.56353997439146,
        54.73023992031813
      ],
      [
        20.563439978286624,
        54.73021997138858
      ],
      [
        20.56334995664656,
        54.73019993864
      ],
      [
        20.563249960541725,
        54.73017998971045
      ],
      [
        20.563159938901663,
        54.73015995696187
      ],
      [
        20.5630699172616,
        54.730129949748516
      ],
      [
        20.56297997944057,
        54.730109916999936
      ],
      [
        20.562889957800508,
        54.730079993605614
      ],
      [
        20.562799936160445,
        54.730059960857034
      ],
      [
        20.562709998339415,
        54.730039928108454
      ],
      [
        20.562619976699352,
        54.7300099208951
      ],
      [
        20.562539929524064,
        54.72998997196555
      ],
      [
        20.562449991703033,
        54.7299599647522
      ],
      [
        20.562369944527745,
        54.72992995753884
      ],
      [
        20.56228998117149,
        54.72990992479026
      ],
      [
        20.5622099339962,
        54.72987991757691
      ],
      [
        20.562139945104718,
        54.72985996864736
      ],
      [
        20.562069956213236,
        54.72983993589878
      ],
      [
        20.562009941786528,
        54.72981998696923
      ],
      [
        20.56192997843027,
        54.72979995422065
      ],
      [
        20.56185998953879,
        54.72977992147207
      ],
      [
        20.5617799423635,
        54.729759972542524
      ],
      [
        20.561699979007244,
        54.72972996532917
      ],
      [
        20.561619931831956,
        54.72970993258059
      ],
      [
        20.5615399684757,
        54.72968998365104
      ],
      [
        20.561449946835637,
        54.72965997643769
      ],
      [
        20.56136998347938,
        54.72963994368911
      ],
      [
        20.561289936304092,
        54.729609936475754
      ],
      [
        20.561199998483062,
        54.729589987546206
      ],
      [
        20.561119951307774,
        54.729549922049046
      ],
      [
        20.56102992966771,
        54.72951999865472
      ],
      [
        20.560949966311455,
        54.72948999144137
      ],
      [
        20.560869919136167,
        54.729459984228015
      ],
      [
        20.560779981315136,
        54.729439951479435
      ],
      [
        20.560699934139848,
        54.72940994426608
      ],
      [
        20.560609996318817,
        54.72938999533653
      ],
      [
        20.56052994914353,
        54.72934992983937
      ],
      [
        20.560449985787272,
        54.729309948161244
      ],
      [
        20.56037999689579,
        54.72927994094789
      ],
      [
        20.560299949720502,
        54.72923995926976
      ],
      [
        20.560219986364245,
        54.729199977591634
      ],
      [
        20.560149997472763,
        54.72916997037828
      ],
      [
        20.560069950297475,
        54.72912998870015
      ],
      [
        20.559979928657413,
        54.72908992320299
      ],
      [
        20.559899965301156,
        54.72904994152486
      ],
      [
        20.559819918125868,
        54.729009959846735
      ],
      [
        20.55973995476961,
        54.72896997816861
      ],
      [
        20.559659991413355,
        54.72892999649048
      ],
      [
        20.55958991870284,
        54.72888993099332
      ],
      [
        20.559509955346584,
        54.72884994931519
      ],
      [
        20.559439966455102,
        54.72880996763706
      ],
      [
        20.559359919279814,
        54.72877996042371
      ],
      [
        20.559279955923557,
        54.728749953210354
      ],
      [
        20.559189934283495,
        54.728709971532226
      ],
      [
        20.55910997092724,
        54.72867996431887
      ],
      [
        20.55902992375195,
        54.72863998264074
      ],
      [
        20.55893998593092,
        54.72860997542739
      ],
      [
        20.558849964290857,
        54.72858994267881
      ],
      [
        20.558759942650795,
        54.72854996100068
      ],
      [
        20.55867997929454,
        54.72851995378733
      ],
      [
        20.55859993211925,
        54.7284799721092
      ],
      [
        20.558529943227768,
        54.728449964895844
      ],
      [
        20.558459954336286,
        54.72841995768249
      ],
      [
        20.55837999098003,
        54.728389950469136
      ],
      [
        20.55829994380474,
        54.72835994325578
      ],
      [
        20.558219980448484,
        54.728339994326234
      ],
      [
        20.558129958808422,
        54.72834996879101
      ],
      [
        20.558049995452166,
        54.72835994325578
      ],
      [
        20.55797992274165,
        54.72835994325578
      ],
      [
        20.55792996659875,
        54.72835994325578
      ],
      [
        20.557899959385395,
        54.72834996879101
      ],
      [
        20.55788998492062,
        54.728339994326234
      ],
      [
        20.557879926636815,
        54.72832993604243
      ],
      [
        20.557879926636815,
        54.72832993604243
      ],
      [
        20.557879926636815,
        54.72832993604243
      ],
      [
        20.557879926636815,
        54.72832993604243
      ],
      [
        20.55786995217204,
        54.72824997268617
      ],
      [
        20.55786995217204,
        54.7282399982214
      ],
      [
        20.55786995217204,
        54.72821996547282
      ],
      [
        20.557859977707267,
        54.72819993272424
      ],
      [
        20.55784991942346,
        54.72818995825946
      ],
      [
        20.55784991942346,
        54.72818995825946
      ],
      [
        20.55784991942346,
        54.72818995825946
      ],
      [
        20.557749923318624,
        54.728129943832755
      ],
      [
        20.557709941640496,
        54.72811996936798
      ],
      [
        20.557669959962368,
        54.7280999366194
      ],
      [
        20.55762997828424,
        54.72808996215463
      ],
      [
        20.55758999660611,
        54.72805995494127
      ],
      [
        20.557539956644177,
        54.72803992219269
      ],
      [
        20.55747994221747,
        54.72803992219269
      ],
      [
        20.557409953325987,
        54.72803992219269
      ],
      [
        20.55734993889928,
        54.72803992219269
      ],
      [
        20.55728992447257,
        54.728019973263144
      ],
      [
        20.557239968329668,
        54.727999940514565
      ],
      [
        20.55719998665154,
        54.72796993330121
      ],
      [
        20.55717995390296,
        54.727939926087856
      ],
      [
        20.55715992115438,
        54.72789994440973
      ],
      [
        20.557129997760057,
        54.727869937196374
      ],
      [
        20.557079957798123,
        54.72783992998302
      ],
      [
        20.557019943371415,
        54.72781998105347
      ],
      [
        20.556959928944707,
        54.72778997384012
      ],
      [
        20.556909972801805,
        54.72775996662676
      ],
      [
        20.556849958375096,
        54.72772995941341
      ],
      [
        20.556789943948388,
        54.727699952200055
      ],
      [
        20.55670998059213,
        54.727679919451475
      ],
      [
        20.556629933416843,
        54.72764999605715
      ],
      [
        20.556549970060587,
        54.72762996330857
      ],
      [
        20.556479981169105,
        54.72759995609522
      ],
      [
        20.556409992277622,
        54.72755997441709
      ],
      [
        20.556339919567108,
        54.72753994166851
      ],
      [
        20.556269930675626,
        54.727509934455156
      ],
      [
        20.55618996731937,
        54.7274799272418
      ],
      [
        20.556119978427887,
        54.72744992002845
      ],
      [
        20.5560399312526,
        54.727419996634126
      ],
      [
        20.555969942361116,
        54.72738998942077
      ],
      [
        20.55588997900486,
        54.72735998220742
      ],
      [
        20.555819990113378,
        54.72732997499406
      ],
      [
        20.555749917402864,
        54.72729996778071
      ],
      [
        20.55567992851138,
        54.72725998610258
      ],
      [
        20.5556099396199,
        54.727239953354
      ],
      [
        20.555529976263642,
        54.72719997167587
      ],
      [
        20.555449929088354,
        54.72717993892729
      ],
      [
        20.55537994019687,
        54.72714993171394
      ],
      [
        20.555299976840615,
        54.727119924500585
      ],
      [
        20.555219929665327,
        54.72708991728723
      ],
      [
        20.555149940773845,
        54.72705999389291
      ],
      [
        20.555079951882362,
        54.727029986679554
      ],
      [
        20.554999988526106,
        54.7269999794662
      ],
      [
        20.554929999634624,
        54.726969972252846
      ],
      [
        20.55485992692411,
        54.72692999057472
      ],
      [
        20.554779963567853,
        54.72689998336136
      ],
      [
        20.554699916392565,
        54.72687995061278
      ],
      [
        20.55461995303631,
        54.72684994339943
      ],
      [
        20.554549964144826,
        54.726819936186075
      ],
      [
        20.554479975253344,
        54.72678992897272
      ],
      [
        20.55440998636186,
        54.72675992175937
      ],
      [
        20.554349971935153,
        54.726729998365045
      ],
      [
        20.554269924759865,
        54.72669999115169
      ],
      [
        20.554199935868382,
        54.726669983938336
      ],
      [
        20.554119972512126,
        54.726629918441176
      ],
      [
        20.554039925336838,
        54.726599995046854
      ],
      [
        20.55395996198058,
        54.7265699878335
      ],
      [
        20.553879998624325,
        54.726539980620146
      ],
      [
        20.55380992591381,
        54.72649999894202
      ],
      [
        20.55373993702233,
        54.72646999172866
      ],
      [
        20.553669948130846,
        54.72644995898008
      ],
      [
        20.553619991987944,
        54.7264299262315
      ],
      [
        20.55356995202601,
        54.726409977301955
      ],
      [
        20.553539944812655,
        54.726389944553375
      ],
      [
        20.553519995883107,
        54.7263799700886
      ],
      [
        20.553519995883107,
        54.7263799700886
      ],
      [
        20.553519995883107,
        54.7263799700886
      ],
      [
        20.55343994870782,
        54.72635993734002
      ],
      [
        20.553429974243045,
        54.72634996287525
      ],
      [
        20.553409941494465,
        54.72632993012667
      ],
      [
        20.55337993428111,
        54.72631995566189
      ],
      [
        20.553359985351562,
        54.72630998119712
      ],
      [
        20.55332997813821,
        54.72628994844854
      ],
      [
        20.55330994538963,
        54.726279973983765
      ],
      [
        20.553279938176274,
        54.72626999951899
      ],
      [
        20.553259989246726,
        54.726259941235185
      ],
      [
        20.553239956498146,
        54.72624996677041
      ],
      [
        20.553209949284792,
        54.72622993402183
      ],
      [
        20.553179942071438,
        54.726219959557056
      ],
      [
        20.55315999314189,
        54.72619992680848
      ],
      [
        20.553129985928535,
        54.7261899523437
      ],
      [
        20.553109953179955,
        54.72616991959512
      ],
      [
        20.553089920431376,
        54.726149970665574
      ],
      [
        20.553069971501827,
        54.7261399962008
      ],
      [
        20.553039964288473,
        54.72611996345222
      ],
      [
        20.552999982610345,
        54.72609993070364
      ],
      [
        20.55296997539699,
        54.72607998177409
      ],
      [
        20.552939968183637,
        54.72605994902551
      ],
      [
        20.552909960970283,
        54.72604997456074
      ],
      [
        20.55287995375693,
        54.72602994181216
      ],
      [
        20.55285992100835,
        54.72600999288261
      ],
      [
        20.552829997614026,
        54.72598996013403
      ],
      [
        20.552799990400672,
        54.72596992738545
      ],
      [
        20.552769983187318,
        54.7259499784559
      ],
      [
        20.552739975973964,
        54.725939920172095
      ],
      [
        20.55270996876061,
        54.72591997124255
      ],
      [
        20.552679961547256,
        54.72590999677777
      ],
      [
        20.5526499543339,
        54.72588996402919
      ],
      [
        20.552609972655773,
        54.72586993128061
      ],
      [
        20.55257996544242,
        54.72585995681584
      ],
      [
        20.55253998376429,
        54.72583992406726
      ],
      [
        20.55249991826713,
        54.725829949602485
      ],
      [
        20.552459936589003,
        54.725809916853905
      ],
      [
        20.552419954910874,
        54.72578996792436
      ],
      [
        20.55238994769752,
        54.72576993517578
      ],
      [
        20.552359940484166,
        54.725759960711
      ],
      [
        20.552319958806038,
        54.72573992796242
      ],
      [
        20.552289951592684,
        54.72572995349765
      ],
      [
        20.55225994437933,
        54.725719979032874
      ],
      [
        20.552229937165976,
        54.72570992074907
      ],
      [
        20.552189955487847,
        54.725699946284294
      ],
      [
        20.552169922739267,
        54.72568997181952
      ],
      [
        20.552139999344945,
        54.72566993907094
      ],
      [
        20.552119966596365,
        54.725659964606166
      ],
      [
        20.55210999213159,
        54.72564999014139
      ],
      [
        20.55210999213159,
        54.72564999014139
      ],
      [
        20.55210999213159,
        54.72564999014139
      ],
      [
        20.55201997049153,
        54.72562995739281
      ],
      [
        20.55199993774295,
        54.72560992464423
      ],
      [
        20.551969930529594,
        54.72559995017946
      ],
      [
        20.55193992331624,
        54.72558997571468
      ],
      [
        20.551919974386692,
        54.72557991743088
      ],
      [
        20.551879992708564,
        54.72555996850133
      ],
      [
        20.551839927211404,
        54.72553993575275
      ],
      [
        20.551799945533276,
        54.725509928539395
      ],
      [
        20.551749989390373,
        54.72548997960985
      ],
      [
        20.55169994942844,
        54.72546994686127
      ],
      [
        20.551649993285537,
        54.72543993964791
      ],
      [
        20.551599953323603,
        54.725419990718365
      ],
      [
        20.5515499971807,
        54.72538998350501
      ],
      [
        20.551489982753992,
        54.72536995075643
      ],
      [
        20.551429968327284,
        54.72533994354308
      ],
      [
        20.55137992836535,
        54.72530993632972
      ],
      [
        20.551319997757673,
        54.72527992911637
      ],
      [
        20.551259983330965,
        54.725249921903014
      ],
      [
        20.551199968904257,
        54.72521999850869
      ],
      [
        20.55113995447755,
        54.72518999129534
      ],
      [
        20.55107994005084,
        54.72514992579818
      ],
      [
        20.551019925624132,
        54.725119918584824
      ],
      [
        20.55094993673265,
        54.725079936906695
      ],
      [
        20.55088992230594,
        54.72504992969334
      ],
      [
        20.55081993341446,
        54.72502998076379
      ],
      [
        20.550739970058203,
        54.72499997355044
      ],
      [
        20.550659922882915,
        54.72497994080186
      ],
      [
        20.550579959526658,
        54.724949933588505
      ],
      [
        20.5504999961704,
        54.72492998465896
      ],
      [
        20.550419948995113,
        54.72490995191038
      ],
      [
        20.550339985638857,
        54.7248899191618
      ],
      [
        20.55025993846357,
        54.724859995767474
      ],
      [
        20.550179975107312,
        54.724839963018894
      ],
      [
        20.550099927932024,
        54.724819930270314
      ],
      [
        20.55002993904054,
        54.724799981340766
      ],
      [
        20.549949975684285,
        54.724779948592186
      ],
      [
        20.549859954044223,
        54.72475999966264
      ],
      [
        20.549779990687966,
        54.72473996691406
      ],
      [
        20.549689969047904,
        54.72471993416548
      ],
      [
        20.549589972943068,
        54.724689926952124
      ],
      [
        20.549499951303005,
        54.724669978022575
      ],
      [
        20.549409929662943,
        54.724649945273995
      ],
      [
        20.549329966306686,
        54.72461993806064
      ],
      [
        20.549249919131398,
        54.72459998913109
      ],
      [
        20.549159981310368,
        54.72457995638251
      ],
      [
        20.549089992418885,
        54.72455992363393
      ],
      [
        20.54901991970837,
        54.724539974704385
      ],
      [
        20.54896996356547,
        54.724519941955805
      ],
      [
        20.548939956352115,
        54.72450996749103
      ],
      [
        20.548939956352115,
        54.72450996749103
      ],
      [
        20.548939956352115,
        54.72450996749103
      ],
      [
        20.548869967460632,
        54.72447996027768
      ],
      [
        20.548839960247278,
        54.7244599275291
      ],
      [
        20.54879997856915,
        54.72444995306432
      ],
      [
        20.54873996414244,
        54.72442992031574
      ],
      [
        20.548679949715734,
        54.72441994585097
      ],
      [
        20.54860996082425,
        54.724409971386194
      ],
      [
        20.548549946397543,
        54.72439999692142
      ],
      [
        20.54849999025464,
        54.724369989708066
      ],
      [
        20.548469983041286,
        54.72433998249471
      ],
      [
        20.548419943079352,
        54.72430997528136
      ],
      [
        20.548359928652644,
        54.72426999360323
      ],
      [
        20.548299998044968,
        54.724239986389875
      ],
      [
        20.54823998361826,
        54.72420997917652
      ],
      [
        20.54817996919155,
        54.72417997196317
      ],
      [
        20.548119954764843,
        54.72414996474981
      ],
      [
        20.54804996587336,
        54.72412993200123
      ],
      [
        20.547969918698072,
        54.72409992478788
      ],
      [
        20.54789992980659,
        54.724069917574525
      ],
      [
        20.547829940915108,
        54.7240299358964
      ],
      [
        20.5477699264884,
        54.72399992868304
      ],
      [
        20.547699937596917,
        54.723959947004914
      ],
      [
        20.547629948705435,
        54.723919965326786
      ],
      [
        20.547569934278727,
        54.72387998364866
      ],
      [
        20.547519978135824,
        54.7238399181515
      ],
      [
        20.547459963709116,
        54.72379993647337
      ],
      [
        20.547399949282408,
        54.723769929260015
      ],
      [
        20.547329960390925,
        54.72372994758189
      ],
      [
        20.547259971499443,
        54.72369994036853
      ],
      [
        20.54718998260796,
        54.723659958690405
      ],
      [
        20.547109935432673,
        54.72362995147705
      ],
      [
        20.547029972076416,
        54.72358996979892
      ],
      [
        20.546939950436354,
        54.72355996258557
      ],
      [
        20.54684992879629,
        54.72351998090744
      ],
      [
        20.54675999097526,
        54.72347999922931
      ],
      [
        20.5466699693352,
        54.72343993373215
      ],
      [
        20.546579947695136,
        54.723399952054024
      ],
      [
        20.546489926055074,
        54.72334999591112
      ],
      [
        20.546409962698817,
        54.72330993041396
      ],
      [
        20.546319941058755,
        54.72325997427106
      ],
      [
        20.546229919418693,
        54.723209934309125
      ],
      [
        20.546149956062436,
        54.723169952631
      ],
      [
        20.546059934422374,
        54.72312997095287
      ],
      [
        20.545969996601343,
        54.72308998927474
      ],
      [
        20.54587997496128,
        54.72304992377758
      ],
      [
        20.54578995332122,
        54.72300994209945
      ],
      [
        20.545709989964962,
        54.722969960421324
      ],
      [
        20.5456199683249,
        54.72291992045939
      ],
      [
        20.54553992114961,
        54.72287993878126
      ],
      [
        20.54544998332858,
        54.72283995710313
      ],
      [
        20.545369936153293,
        54.7227899171412
      ],
      [
        20.545289972797036,
        54.72274993546307
      ],
      [
        20.545199951156974,
        54.72270995378494
      ],
      [
        20.54512996226549,
        54.72265999764204
      ],
      [
        20.54505997337401,
        54.72261993214488
      ],
      [
        20.544989984482527,
        54.72256997600198
      ],
      [
        20.544919995591044,
        54.722539968788624
      ],
      [
        20.54484992288053,
        54.722499987110496
      ],
      [
        20.544779933989048,
        54.722459921613336
      ],
      [
        20.544729977846146,
        54.72241993993521
      ],
      [
        20.544689996168017,
        54.72238993272185
      ],
      [
        20.544669963419437,
        54.722369983792305
      ],
      [
        20.544659988954663,
        54.7223599255085
      ],
      [
        20.544659988954663,
        54.72233997657895
      ],
      [
        20.544649930670857,
        54.722329918295145
      ],
      [
        20.544639956206083,
        54.72231994383037
      ],
      [
        20.544619923457503,
        54.7223099693656
      ],
      [
        20.54458991624415,
        54.7223099693656
      ],
      [
        20.5445699673146,
        54.72229999490082
      ],
      [
        20.544539960101247,
        54.72227996215224
      ],
      [
        20.544509952887893,
        54.72225992940366
      ],
      [
        20.54447994567454,
        54.72222992219031
      ],
      [
        20.54445999674499,
        54.722199998795986
      ],
      [
        20.54443996399641,
        54.72216999158263
      ],
      [
        20.544429989531636,
        54.72212992608547
      ],
      [
        20.54441993124783,
        54.72209991887212
      ],
      [
        20.54441993124783,
        54.72207996994257
      ],
      [
        20.544409956783056,
        54.722069995477796
      ],
      [
        20.544399982318282,
        54.72205993719399
      ],
      [
        20.544389924034476,
        54.722049962729216
      ],
      [
        20.544369975104928,
        54.72203998826444
      ],
      [
        20.544349942356348,
        54.72201995551586
      ],
      [
        20.544319935142994,
        54.72199992276728
      ],
      [
        20.544299986213446,
        54.72196999937296
      ],
      [
        20.54428992792964,
        54.721939992159605
      ],
      [
        20.54426997900009,
        54.72190998494625
      ],
      [
        20.544239971786737,
        54.72186991944909
      ],
      [
        20.544209964573383,
        54.72182993777096
      ],
      [
        20.544189931824803,
        54.721789956092834
      ],
      [
        20.544169982895255,
        54.721749974414706
      ],
      [
        20.5441399756819,
        54.72169993445277
      ],
      [
        20.54411994293332,
        54.721659952774644
      ],
      [
        20.544099994003773,
        54.721619971096516
      ],
      [
        20.54406998679042,
        54.72156993113458
      ],
      [
        20.54404995404184,
        54.72152994945645
      ],
      [
        20.54402992129326,
        54.72147999331355
      ],
      [
        20.54400997236371,
        54.72143992781639
      ],
      [
        20.54398993961513,
        54.72138997167349
      ],
      [
        20.543959932401776,
        54.72134998999536
      ],
      [
        20.543929925188422,
        54.7213099244982
      ],
      [
        20.543889943510294,
        54.72126994282007
      ],
      [
        20.54385993629694,
        54.72121998667717
      ],
      [
        20.543829929083586,
        54.72117992118001
      ],
      [
        20.54379992187023,
        54.72112996503711
      ],
      [
        20.543759940192103,
        54.7210699506104
      ],
      [
        20.54372993297875,
        54.7210199944675
      ],
      [
        20.543699925765395,
        54.72095998004079
      ],
      [
        20.543679976835847,
        54.720909940078855
      ],
      [
        20.543659944087267,
        54.720849925652146
      ],
      [
        20.54363999515772,
        54.720799969509244
      ],
      [
        20.543629936873913,
        54.72074992954731
      ],
      [
        20.54361996240914,
        54.72068999893963
      ],
      [
        20.543609987944365,
        54.7206399589777
      ],
      [
        20.54357998073101,
        54.720589919015765
      ],
      [
        20.543539999052882,
        54.72054993733764
      ],
      [
        20.543509991839528,
        54.72050995565951
      ],
      [
        20.543489959090948,
        54.720479948446155
      ],
      [
        20.543479984626174,
        54.720459999516606
      ],
      [
        20.543469926342368,
        54.72042999230325
      ],
      [
        20.543469926342368,
        54.7203999850899
      ],
      [
        20.54344997741282,
        54.72035991959274
      ],
      [
        20.54342994466424,
        54.72031993791461
      ],
      [
        20.543399937450886,
        54.72027995623648
      ],
      [
        20.543379988521338,
        54.72023997455835
      ],
      [
        20.543359955772758,
        54.72018993459642
      ],
      [
        20.543349981307983,
        54.72013997845352
      ],
      [
        20.543329948559403,
        54.72009999677539
      ],
      [
        20.543309999629855,
        54.72005993127823
      ],
      [
        20.543289966881275,
        54.720029924064875
      ],
      [
        20.5432799924165,
        54.719989942386746
      ],
      [
        20.54325995966792,
        54.71995993517339
      ],
      [
        20.54323992691934,
        54.719919953495264
      ],
      [
        20.543219977989793,
        54.71988994628191
      ],
      [
        20.543199945241213,
        54.71984996460378
      ],
      [
        20.543179996311665,
        54.71980998292565
      ],
      [
        20.543159963563085,
        54.71976991742849
      ],
      [
        20.54312995634973,
        54.71971996128559
      ],
      [
        20.543099949136376,
        54.71967997960746
      ],
      [
        20.543069941923022,
        54.71962993964553
      ],
      [
        20.543039934709668,
        54.719579983502626
      ],
      [
        20.54301998578012,
        54.71952994354069
      ],
      [
        20.54299995303154,
        54.719489961862564
      ],
      [
        20.54297992028296,
        54.71945995464921
      ],
      [
        20.542969945818186,
        54.71943992190063
      ],
      [
        20.54295997135341,
        54.71941997297108
      ],
      [
        20.542949996888638,
        54.71940999850631
      ],
      [
        20.54293993860483,
        54.71938996575773
      ],
      [
        20.542929964140058,
        54.71937999129295
      ],
      [
        20.542919989675283,
        54.71935995854437
      ],
      [
        20.542909931391478,
        54.71933992579579
      ],
      [
        20.542899956926703,
        54.71930991858244
      ],
      [
        20.54288998246193,
        54.71926993690431
      ],
      [
        20.54286994971335,
        54.71922995522618
      ],
      [
        20.54284991696477,
        54.719189973548055
      ],
      [
        20.54282996803522,
        54.71913993358612
      ],
      [
        20.54280993528664,
        54.71907991915941
      ],
      [
        20.542779928073287,
        54.71902996301651
      ],
      [
        20.54275997914374,
        54.718979923054576
      ],
      [
        20.542729971930385,
        54.7189199924469
      ],
      [
        20.54269996471703,
        54.718869952484965
      ],
      [
        20.542669957503676,
        54.71881999634206
      ],
      [
        20.542639950290322,
        54.71876995638013
      ],
      [
        20.542619917541742,
        54.71870994195342
      ],
      [
        20.542609943076968,
        54.71865998581052
      ],
      [
        20.54258999414742,
        54.71859997138381
      ],
      [
        20.542559986934066,
        54.718549931421876
      ],
      [
        20.54252997972071,
        54.71848991699517
      ],
      [
        20.542499972507358,
        54.718439960852265
      ],
      [
        20.54245999082923,
        54.71838992089033
      ],
      [
        20.542429983615875,
        54.71833996474743
      ],
      [
        20.54239997640252,
        54.718289924785495
      ],
      [
        20.542369969189167,
        54.71824994310737
      ],
      [
        20.542339961975813,
        54.71820996142924
      ],
      [
        20.54230995476246,
        54.718159921467304
      ],
      [
        20.54228992201388,
        54.718119939789176
      ],
      [
        20.542299980297685,
        54.71807995811105
      ],
      [
        20.542299980297685,
        54.718049950897694
      ],
      [
        20.54228992201388,
        54.718029918149114
      ],
      [
        20.54228992201388,
        54.71799999475479
      ],
      [
        20.542279947549105,
        54.71797996200621
      ],
      [
        20.542259998619556,
        54.71794995479286
      ],
      [
        20.542239965870976,
        54.71792992204428
      ],
      [
        20.542219933122396,
        54.717899998649955
      ],
      [
        20.542199984192848,
        54.7178699914366
      ],
      [
        20.54217995144427,
        54.71783998422325
      ],
      [
        20.54215991869569,
        54.71779991872609
      ],
      [
        20.54213996976614,
        54.71775993704796
      ],
      [
        20.542109962552786,
        54.71771995536983
      ],
      [
        20.54207995533943,
        54.7176799736917
      ],
      [
        20.542039973661304,
        54.717639992013574
      ],
      [
        20.54200996644795,
        54.717599926516414
      ],
      [
        20.541979959234595,
        54.71756991930306
      ],
      [
        20.541959926486015,
        54.71752993762493
      ],
      [
        20.54194995202124,
        54.71747998148203
      ],
      [
        20.541919944807887,
        54.7174399998039
      ],
      [
        20.54187996312976,
        54.71739993430674
      ],
      [
        20.541849955916405,
        54.71735995262861
      ],
      [
        20.54181994870305,
        54.717319970950484
      ],
      [
        20.541779967024922,
        54.717279989272356
      ],
      [
        20.54174995981157,
        54.717239923775196
      ],
      [
        20.541719952598214,
        54.71719994209707
      ],
      [
        20.541679970920086,
        54.717169934883714
      ],
      [
        20.541629930958152,
        54.71713992767036
      ],
      [
        20.54157997481525,
        54.717109920457006
      ],
      [
        20.54153999313712,
        54.71707999706268
      ],
      [
        20.54149992763996,
        54.71703993156552
      ],
      [
        20.541459945961833,
        54.71700992435217
      ],
      [
        20.541419964283705,
        54.71696994267404
      ],
      [
        20.54136992432177,
        54.71692996099591
      ],
      [
        20.541309993714094,
        54.716889979317784
      ],
      [
        20.54125995375216,
        54.71685997210443
      ],
      [
        20.541199939325452,
        54.7168199904263
      ],
      [
        20.54114998318255,
        54.71678998321295
      ],
      [
        20.54110991768539,
        54.716739943251014
      ],
      [
        20.541079994291067,
        54.716699961572886
      ],
      [
        20.541029954329133,
        54.71666995435953
      ],
      [
        20.54097999818623,
        54.71663994714618
      ],
      [
        20.540919983759522,
        54.71660993993282
      ],
      [
        20.540859969332814,
        54.71657993271947
      ],
      [
        20.54080992937088,
        54.71655998378992
      ],
      [
        20.540769947692752,
        54.71652997657657
      ],
      [
        20.540729966014624,
        54.71649996936321
      ],
      [
        20.54067992605269,
        54.71646996214986
      ],
      [
        20.54063994437456,
        54.71644992940128
      ],
      [
        20.540599962696433,
        54.71640994772315
      ],
      [
        20.540579929947853,
        54.716379940509796
      ],
      [
        20.54056995548308,
        54.71633995883167
      ],
      [
        20.540539948269725,
        54.716309951618314
      ],
      [
        20.540499966591597,
        54.71627994440496
      ],
      [
        20.54045998491347,
        54.716249937191606
      ],
      [
        20.540409944951534,
        54.71622998826206
      ],
      [
        20.540359988808632,
        54.7161999810487
      ],
      [
        20.540299974381924,
        54.71616997383535
      ],
      [
        20.54024993441999,
        54.71614994108677
      ],
      [
        20.54018991999328,
        54.716119933873415
      ],
      [
        20.540129989385605,
        54.71608992666006
      ],
      [
        20.540069974958897,
        54.71605991944671
      ],
      [
        20.540019934996963,
        54.716029996052384
      ],
      [
        20.53994994610548,
        54.71599998883903
      ],
      [
        20.539879957213998,
        54.71597995609045
      ],
      [
        20.539809968322515,
        54.715949948877096
      ],
      [
        20.539739979431033,
        54.71590996719897
      ],
      [
        20.539679965004325,
        54.715879959985614
      ],
      [
        20.539609976112843,
        54.715839978307486
      ],
      [
        20.53953998722136,
        54.71579999662936
      ],
      [
        20.539479972794652,
        54.7157599311322
      ],
      [
        20.53940998390317,
        54.71572992391884
      ],
      [
        20.539339995011687,
        54.715689942240715
      ],
      [
        20.539269922301173,
        54.71565993502736
      ],
      [
        20.53919993340969,
        54.71562992781401
      ],
      [
        20.539119970053434,
        54.71559992060065
      ],
      [
        20.539059955626726,
        54.715579971671104
      ],
      [
        20.538989966735244,
        54.71554996445775
      ],
      [
        20.53893992677331,
        54.71550998277962
      ],
      [
        20.538879996165633,
        54.71546991728246
      ],
      [
        20.5388299562037,
        54.71541996113956
      ],
      [
        20.53878997452557,
        54.71537997946143
      ],
      [
        20.538729960098863,
        54.7153299394995
      ],
      [
        20.538669945672154,
        54.71529993228614
      ],
      [
        20.538589982315898,
        54.715259950608015
      ],
      [
        20.538499960675836,
        54.71522994339466
      ],
      [
        20.53841999731958,
        54.71518996171653
      ],
      [
        20.538349924609065,
        54.715149980038404
      ],
      [
        20.538279935717583,
        54.71509994007647
      ],
      [
        20.5382099468261,
        54.71505995839834
      ],
      [
        20.538129983469844,
        54.715019976720214
      ],
      [
        20.53805999457836,
        54.71498996950686
      ],
      [
        20.537989921867847,
        54.71494998782873
      ],
      [
        20.537919932976365,
        54.71490992233157
      ],
      [
        20.537859918549657,
        54.71485996618867
      ],
      [
        20.537789929658175,
        54.71481998451054
      ],
      [
        20.537719940766692,
        54.71477991901338
      ],
      [
        20.53764995187521,
        54.71473993733525
      ],
      [
        20.537579962983727,
        54.714699955657125
      ],
      [
        20.537509974092245,
        54.71464999951422
      ],
      [
        20.537449959665537,
        54.71460993401706
      ],
      [
        20.53738994523883,
        54.71455997787416
      ],
      [
        20.537339989095926,
        54.71451999619603
      ],
      [
        20.537279974669218,
        54.7144699562341
      ],
      [
        20.53721996024251,
        54.71442997455597
      ],
      [
        20.537149971351027,
        54.71438999287784
      ],
      [
        20.537079982459545,
        54.71434992738068
      ],
      [
        20.537019968032837,
        54.71429997123778
      ],
      [
        20.536969928070903,
        54.714249931275845
      ],
      [
        20.536909997463226,
        54.71419997513294
      ],
      [
        20.536859957501292,
        54.71414993517101
      ],
      [
        20.536799943074584,
        54.714119927957654
      ],
      [
        20.5367299541831,
        54.7140899207443
      ],
      [
        20.536669939756393,
        54.714079946279526
      ],
      [
        20.53661998361349,
        54.71406997181475
      ],
      [
        20.536589976400137,
        54.71405999734998
      ],
      [
        20.536559969186783,
        54.71404993906617
      ],
      [
        20.53652996197343,
        54.7140399646014
      ],
      [
        20.53650992922485,
        54.71402999013662
      ],
      [
        20.5364899802953,
        54.71401993185282
      ],
      [
        20.536459973081946,
        54.71401993185282
      ],
      [
        20.536409933120012,
        54.71400995738804
      ],
      [
        20.536369951441884,
        54.71400995738804
      ],
      [
        20.53631999529898,
        54.71400995738804
      ],
      [
        20.53627992980182,
        54.71399998292327
      ],
      [
        20.536239948123693,
        54.71399998292327
      ],
      [
        20.536199966445565,
        54.71399998292327
      ],
      [
        20.536159984767437,
        54.71399998292327
      ],
      [
        20.536119919270277,
        54.71399998292327
      ],
      [
        20.536089995875955,
        54.71400995738804
      ],
      [
        20.53607993759215,
        54.71401993185282
      ],
      [
        20.5360599886626,
        54.7140399646014
      ],
      [
        20.5360599886626,
        54.71405999734998
      ],
      [
        20.536049930378795,
        54.71406997181475
      ],
      [
        20.53603995591402,
        54.7140899207443
      ],
      [
        20.53603995591402,
        54.714099979028106
      ],
      [
        20.536029981449246,
        54.71410995349288
      ],
      [
        20.536029981449246,
        54.71412998624146
      ],
      [
        20.53603995591402,
        54.714139960706234
      ],
      [
        20.5360599886626,
        54.714159993454814
      ],
      [
        20.53607993759215,
        54.71416996791959
      ],
      [
        20.53609997034073,
        54.714189916849136
      ],
      [
        20.536109944805503,
        54.714209949597716
      ],
      [
        20.536119919270277,
        54.71421992406249
      ],
      [
        20.536119919270277,
        54.71423995681107
      ],
      [
        20.536109944805503,
        54.71425998955965
      ],
      [
        20.53609997034073,
        54.714269964024425
      ],
      [
        20.536089995875955,
        54.7142799384892
      ],
      [
        20.536089995875955,
        54.7142799384892
      ],
      [
        20.536089995875955,
        54.7142799384892
      ],
      [
        20.536089995875955,
        54.7142799384892
      ],
      [
        20.535969967022538,
        54.714229982346296
      ],
      [
        20.535949934273958,
        54.71421992406249
      ],
      [
        20.535939959809184,
        54.714209949597716
      ],
      [
        20.535939959809184,
        54.714209949597716
      ],
      [
        20.535939959809184,
        54.714209949597716
      ],
      [
        20.535939959809184,
        54.714209949597716
      ],
      [
        20.535939959809184,
        54.714139960706234
      ],
      [
        20.535949934273958,
        54.714119927957654
      ],
      [
        20.535949934273958,
        54.71410995349288
      ],
      [
        20.535949934273958,
        54.7140899207443
      ],
      [
        20.535939959809184,
        54.71405999734998
      ],
      [
        20.53592998534441,
        54.7140399646014
      ],
      [
        20.53592998534441,
        54.71401993185282
      ],
      [
        20.535939959809184,
        54.71399998292327
      ],
      [
        20.535949934273958,
        54.71397995017469
      ],
      [
        20.535949934273958,
        54.71395991742611
      ],
      [
        20.535959992557764,
        54.71392999403179
      ],
      [
        20.535949934273958,
        54.71389998681843
      ],
      [
        20.535919927060604,
        54.71387995406985
      ],
      [
        20.53588991984725,
        54.71386997960508
      ],
      [
        20.53584993816912,
        54.7138499468565
      ],
      [
        20.535809956490993,
        54.713839972391725
      ],
      [
        20.535769974812865,
        54.713839972391725
      ],
      [
        20.535729993134737,
        54.71382999792695
      ],
      [
        20.535689927637577,
        54.71382999792695
      ],
      [
        20.535659920424223,
        54.713819939643145
      ],
      [
        20.535639971494675,
        54.713819939643145
      ],
      [
        20.5356299970299,
        54.713819939643145
      ],
      [
        20.535619938746095,
        54.71380996517837
      ],
      [
        20.535619938746095,
        54.71380996517837
      ],
      [
        20.53564994595945,
        54.71380996517837
      ],
      [
        20.535639971494675,
        54.713819939643145
      ],
      [
        20.5356299970299,
        54.713839972391725
      ],
      [
        20.535619938746095,
        54.71385992132127
      ],
      [
        20.535599989816546,
        54.71386997960508
      ],
      [
        20.535569982603192,
        54.71387995406985
      ],
      [
        20.535549949854612,
        54.71389998681843
      ],
      [
        20.53551994264126,
        54.71390996128321
      ],
      [
        20.535489935427904,
        54.71391993574798
      ],
      [
        20.53545992821455,
        54.71393996849656
      ],
      [
        20.535429921001196,
        54.71395991742611
      ],
      [
        20.53541994653642,
        54.71397995017469
      ],
      [
        20.535399997606874,
        54.71399998292327
      ],
      [
        20.535389939323068,
        54.71401993185282
      ],
      [
        20.535379964858294,
        54.7140399646014
      ],
      [
        20.535359932109714,
        54.71405999734998
      ],
      [
        20.535339983180165,
        54.714079946279526
      ],
      [
        20.535319950431585,
        54.71410995349288
      ],
      [
        20.535299917683005,
        54.714119927957654
      ],
      [
        20.535269994288683,
        54.714139960706234
      ],
      [
        20.53523998707533,
        54.714159993454814
      ],
      [
        20.535209979861975,
        54.71417994238436
      ],
      [
        20.53517997264862,
        54.71419997513294
      ],
      [
        20.535149965435266,
        54.714229982346296
      ],
      [
        20.535129932686687,
        54.714249931275845
      ],
      [
        20.535129932686687,
        54.7142799384892
      ],
      [
        20.535139990970492,
        54.71429997123778
      ],
      [
        20.535149965435266,
        54.71431992016733
      ],
      [
        20.535149965435266,
        54.71431992016733
      ],
      [
        20.535149965435266,
        54.71431992016733
      ],
      [
        20.535149965435266,
        54.71431992016733
      ],
      [
        20.535149965435266,
        54.71431992016733
      ],
      [
        20.535149965435266,
        54.71431992016733
      ],
      [
        20.535149965435266,
        54.71436996012926
      ],
      [
        20.53515993990004,
        54.71438999287784
      ],
      [
        20.53515993990004,
        54.71440994180739
      ],
      [
        20.53517997264862,
        54.71442997455597
      ],
      [
        20.535189947113395,
        54.71444992348552
      ],
      [
        20.535189947113395,
        54.7144699562341
      ],
      [
        20.53517997264862,
        54.71448998898268
      ],
      [
        20.53515993990004,
        54.71451999619603
      ],
      [
        20.535139990970492,
        54.714549919590354
      ],
      [
        20.535129932686687,
        54.714569952338934
      ],
      [
        20.53510998375714,
        54.71459995955229
      ],
      [
        20.53508995100856,
        54.71462996676564
      ],
      [
        20.53506991825998,
        54.714659973978996
      ],
      [
        20.535039994865656,
        54.714679922908545
      ],
      [
        20.535019962117076,
        54.7147099301219
      ],
      [
        20.534999929368496,
        54.71473993733525
      ],
      [
        20.534979980438948,
        54.71476994454861
      ],
      [
        20.534959947690368,
        54.71479995176196
      ],
      [
        20.53493999876082,
        54.714829958975315
      ],
      [
        20.53491996601224,
        54.71486994065344
      ],
      [
        20.53489993326366,
        54.7148999478668
      ],
      [
        20.534869926050305,
        54.714939929544926
      ],
      [
        20.534849977120757,
        54.71496993675828
      ],
      [
        20.534819969907403,
        54.71500991843641
      ],
      [
        20.534799937158823,
        54.71503992564976
      ],
      [
        20.53476992994547,
        54.715069932863116
      ],
      [
        20.53472994826734,
        54.715109998360276
      ],
      [
        20.534699941053987,
        54.7151399217546
      ],
      [
        20.534669933840632,
        54.71516992896795
      ],
      [
        20.53463992662728,
        54.71519993618131
      ],
      [
        20.534609919413924,
        54.71522994339466
      ],
      [
        20.534569937735796,
        54.71524997614324
      ],
      [
        20.534519981592894,
        54.71526992507279
      ],
      [
        20.534479999914765,
        54.71528995782137
      ],
      [
        20.534439934417605,
        54.71530999056995
      ],
      [
        20.534399952739477,
        54.7153399977833
      ],
      [
        20.53435997106135,
        54.71535994671285
      ],
      [
        20.534329963847995,
        54.71537997946143
      ],
      [
        20.53427992388606,
        54.715389953926206
      ],
      [
        20.534249916672707,
        54.715409986674786
      ],
      [
        20.53420993499458,
        54.71543999388814
      ],
      [
        20.534179927781224,
        54.71547997556627
      ],
      [
        20.53414992056787,
        54.71550998277962
      ],
      [
        20.534129971638322,
        54.71554996445775
      ],
      [
        20.534099964424968,
        54.71558994613588
      ],
      [
        20.534069957211614,
        54.71561995334923
      ],
      [
        20.534049924463034,
        54.71564996056259
      ],
      [
        20.53401991724968,
        54.71567996777594
      ],
      [
        20.533989993855357,
        54.715709974989295
      ],
      [
        20.533969961106777,
        54.71572992391884
      ],
      [
        20.533939953893423,
        54.7157599311322
      ],
      [
        20.533919921144843,
        54.71578993834555
      ],
      [
        20.533899972215295,
        54.715819945558906
      ],
      [
        20.53386996500194,
        54.71584995277226
      ],
      [
        20.533839957788587,
        54.71588993445039
      ],
      [
        20.533809950575233,
        54.71591994166374
      ],
      [
        20.53377994336188,
        54.715949948877096
      ],
      [
        20.53375999443233,
        54.715989930555224
      ],
      [
        20.533729987218976,
        54.71601993776858
      ],
      [
        20.533699980005622,
        54.71605991944671
      ],
      [
        20.533669972792268,
        54.71609998494387
      ],
      [
        20.533649940043688,
        54.716139966621995
      ],
      [
        20.533619932830334,
        54.71617994830012
      ],
      [
        20.533599983900785,
        54.71620995551348
      ],
      [
        20.53356997668743,
        54.716249937191606
      ],
      [
        20.533529995009303,
        54.71627994440496
      ],
      [
        20.53349998779595,
        54.71631992608309
      ],
      [
        20.53347995504737,
        54.71634993329644
      ],
      [
        20.533449947834015,
        54.7163899987936
      ],
      [
        20.53341994062066,
        54.716419922187924
      ],
      [
        20.533389933407307,
        54.716439954936504
      ],
      [
        20.53336998447776,
        54.71646996214986
      ],
      [
        20.533339977264404,
        54.71650994382799
      ],
      [
        20.53330997005105,
        54.71653995104134
      ],
      [
        20.53328993730247,
        54.716569958254695
      ],
      [
        20.533269988372922,
        54.71659996546805
      ],
      [
        20.533259930089116,
        54.71661999821663
      ],
      [
        20.533249955624342,
        54.71661999821663
      ],
      [
        20.533229922875762,
        54.7166299726814
      ],
      [
        20.533229922875762,
        54.7166299726814
      ],
      [
        20.533229922875762,
        54.7166299726814
      ],
      [
        20.533109977841377,
        54.71672996878624
      ],
      [
        20.533089945092797,
        54.716759975999594
      ],
      [
        20.533059937879443,
        54.71677992492914
      ],
      [
        20.533039988949895,
        54.716809932142496
      ],
      [
        20.53300998173654,
        54.71683993935585
      ],
      [
        20.53298994898796,
        54.716869946569204
      ],
      [
        20.53296991623938,
        54.716889979317784
      ],
      [
        20.532949967309833,
        54.71691998653114
      ],
      [
        20.532929934561253,
        54.71694999374449
      ],
      [
        20.532909985631704,
        54.71698997542262
      ],
      [
        20.532909985631704,
        54.71700992435217
      ],
      [
        20.532909985631704,
        54.71702995710075
      ],
      [
        20.532909985631704,
        54.71702995710075
      ],
      [
        20.532909985631704,
        54.71702995710075
      ],
      [
        20.532909985631704,
        54.71702995710075
      ],
      [
        20.5328999273479,
        54.717109920457006
      ],
      [
        20.53287997841835,
        54.717129953205585
      ],
      [
        20.53285994566977,
        54.717149985954165
      ],
      [
        20.532839996740222,
        54.71715996041894
      ],
      [
        20.532809989526868,
        54.71717999316752
      ],
      [
        20.532789956778288,
        54.71719994209707
      ],
      [
        20.532759949564934,
        54.71721997484565
      ],
      [
        20.53272994235158,
        54.717239923775196
      ],
      [
        20.532699935138226,
        54.71726993098855
      ],
      [
        20.53268996067345,
        54.71728996373713
      ],
      [
        20.532679986208677,
        54.717319970950484
      ],
      [
        20.532649978995323,
        54.71733991988003
      ],
      [
        20.532609997317195,
        54.71736992709339
      ],
      [
        20.532569931820035,
        54.71738995984197
      ],
      [
        20.532529950141907,
        54.71739993430674
      ],
      [
        20.532499942928553,
        54.717429941520095
      ],
      [
        20.532459961250424,
        54.7174399998039
      ],
      [
        20.532419979572296,
        54.71745994873345
      ],
      [
        20.532379997894168,
        54.71747998148203
      ],
      [
        20.532339932397008,
        54.71751996316016
      ],
      [
        20.532309925183654,
        54.71753999590874
      ],
      [
        20.532269943505526,
        54.71756991930306
      ],
      [
        20.53223993629217,
        54.717599926516414
      ],
      [
        20.532199954614043,
        54.71762993372977
      ],
      [
        20.53214999847114,
        54.71764996647835
      ],
      [
        20.532089984044433,
        54.71766999922693
      ],
      [
        20.532029969617724,
        54.717689948156476
      ],
      [
        20.531969955191016,
        54.71771995536983
      ],
      [
        20.531909940764308,
        54.717749962583184
      ],
      [
        20.5318499263376,
        54.71778994426131
      ],
      [
        20.531789995729923,
        54.71781995147467
      ],
      [
        20.531729981303215,
        54.717859933152795
      ],
      [
        20.531669966876507,
        54.717899998649955
      ],
      [
        20.531599977985024,
        54.71792992204428
      ],
      [
        20.531529989093542,
        54.71796998754144
      ],
      [
        20.531459916383028,
        54.718009969219565
      ],
      [
        20.531389927491546,
        54.718049950897694
      ],
      [
        20.53132999688387,
        54.71807995811105
      ],
      [
        20.531259924173355,
        54.718119939789176
      ],
      [
        20.53119999356568,
        54.718159921467304
      ],
      [
        20.531129920855165,
        54.718199986964464
      ],
      [
        20.531059931963682,
        54.71823996864259
      ],
      [
        20.5309899430722,
        54.71827995032072
      ],
      [
        20.53092992864549,
        54.71831993199885
      ],
      [
        20.53085993975401,
        54.71835999749601
      ],
      [
        20.5307999253273,
        54.71839997917414
      ],
      [
        20.53072993643582,
        54.71844993531704
      ],
      [
        20.53066992200911,
        54.71848991699517
      ],
      [
        20.530599933117628,
        54.71852998249233
      ],
      [
        20.530529944226146,
        54.718569964170456
      ],
      [
        20.530469929799438,
        54.71861992031336
      ],
      [
        20.530399940907955,
        54.71865998581052
      ],
      [
        20.530329952016473,
        54.71870994195342
      ],
      [
        20.530269937589765,
        54.71874992363155
      ],
      [
        20.530199948698282,
        54.71878998912871
      ],
      [
        20.5301299598068,
        54.71883994527161
      ],
      [
        20.530059970915318,
        54.71887992694974
      ],
      [
        20.529989982023835,
        54.7189199924469
      ],
      [
        20.529919993132353,
        54.7189699485898
      ],
      [
        20.52984992042184,
        54.71900993026793
      ],
      [
        20.529779931530356,
        54.719059970229864
      ],
      [
        20.529719917103648,
        54.71910992637277
      ],
      [
        20.52963995374739,
        54.71914999186993
      ],
      [
        20.529559990391135,
        54.719189973548055
      ],
      [
        20.52948991768062,
        54.71923992969096
      ],
      [
        20.529409954324365,
        54.71928996965289
      ],
      [
        20.529339965432882,
        54.71933992579579
      ],
      [
        20.529259918257594,
        54.71938996575773
      ],
      [
        20.52918992936611,
        54.71943992190063
      ],
      [
        20.52911994047463,
        54.719489961862564
      ],
      [
        20.529039977118373,
        54.71952994354069
      ],
      [
        20.528959929943085,
        54.719579983502626
      ],
      [
        20.528889941051602,
        54.719619965180755
      ],
      [
        20.528809977695346,
        54.71966992132366
      ],
      [
        20.528739988803864,
        54.71971996128559
      ],
      [
        20.52866999991238,
        54.71975994296372
      ],
      [
        20.528589952737093,
        54.71980998292565
      ],
      [
        20.52851996384561,
        54.71984996460378
      ],
      [
        20.52844997495413,
        54.719899920746684
      ],
      [
        20.528379986062646,
        54.719939986243844
      ],
      [
        20.528309997171164,
        54.71997996792197
      ],
      [
        20.528229949995875,
        54.720029924064875
      ],
      [
        20.528159961104393,
        54.720069989562035
      ],
      [
        20.528079997748137,
        54.72010997124016
      ],
      [
        20.528009925037622,
        54.720159927383065
      ],
      [
        20.527929961681366,
        54.720199992880225
      ],
      [
        20.527859972789884,
        54.72023997455835
      ],
      [
        20.5277899838984,
        54.72027995623648
      ],
      [
        20.52771999500692,
        54.72031993791461
      ],
      [
        20.52765998058021,
        54.72035991959274
      ],
      [
        20.52758999168873,
        54.7203999850899
      ],
      [
        20.527519918978214,
        54.720439966768026
      ],
      [
        20.527449930086732,
        54.720479948446155
      ],
      [
        20.527389999479055,
        54.72050995565951
      ],
      [
        20.52733995951712,
        54.72053996287286
      ],
      [
        20.527299977838993,
        54.72056997008622
      ],
      [
        20.52724993787706,
        54.720589919015765
      ],
      [
        20.52718992345035,
        54.72061992622912
      ],
      [
        20.527149941772223,
        54.7206399589777
      ],
      [
        20.52709998562932,
        54.72065999172628
      ],
      [
        20.52705992013216,
        54.72067994065583
      ],
      [
        20.527009963989258,
        54.72070994786918
      ],
      [
        20.526959924027324,
        54.72072998061776
      ],
      [
        20.52690996788442,
        54.720759987831116
      ],
      [
        20.526859927922487,
        54.720779936760664
      ],
      [
        20.526809971779585,
        54.72080994397402
      ],
      [
        20.526749957352877,
        54.72083995118737
      ],
      [
        20.52668994292617,
        54.72085998393595
      ],
      [
        20.52662992849946,
        54.72089996561408
      ],
      [
        20.526569997891784,
        54.720929972827435
      ],
      [
        20.52651995792985,
        54.72094992175698
      ],
      [
        20.526449969038367,
        54.72097992897034
      ],
      [
        20.526399929076433,
        54.72100993618369
      ],
      [
        20.526379980146885,
        54.721039943397045
      ],
      [
        20.526359947398305,
        54.7210699506104
      ],
      [
        20.526359947398305,
        54.72108998335898
      ],
      [
        20.52634997293353,
        54.72111999057233
      ],
      [
        20.52634997293353,
        54.72112996503711
      ],
      [
        20.526359947398305,
        54.72114999778569
      ],
      [
        20.52634997293353,
        54.72115997225046
      ],
      [
        20.526339998468757,
        54.721169946715236
      ],
      [
        20.526319965720177,
        54.72117992118001
      ],
      [
        20.526299932971597,
        54.72117992118001
      ],
      [
        20.52627998404205,
        54.72117992118001
      ],
      [
        20.526229944080114,
        54.72111999057233
      ],
      [
        20.52619993686676,
        54.72109995782375
      ],
      [
        20.526169929653406,
        54.72108998335898
      ],
      [
        20.526149980723858,
        54.72107992507517
      ],
      [
        20.526129947975278,
        54.721059976145625
      ],
      [
        20.52610999904573,
        54.72104991786182
      ],
      [
        20.526099940761924,
        54.721039943397045
      ],
      [
        20.52608996629715,
        54.72102996893227
      ],
      [
        20.52606993354857,
        54.7210199944675
      ],
      [
        20.52604998461902,
        54.7210199944675
      ],
      [
        20.52602995187044,
        54.7210199944675
      ],
      [
        20.525999944657087,
        54.7210199944675
      ],
      [
        20.525969937443733,
        54.7210199944675
      ],
      [
        20.52593993023038,
        54.7210199944675
      ],
      [
        20.525909923017025,
        54.72102996893227
      ],
      [
        20.525859966874123,
        54.72102996893227
      ],
      [
        20.525819985195994,
        54.7210199944675
      ],
      [
        20.525779919698834,
        54.72100993618369
      ],
      [
        20.525739938020706,
        54.72099996171892
      ],
      [
        20.525699956342578,
        54.72097992897034
      ],
      [
        20.52565997466445,
        54.72095998004079
      ],
      [
        20.52561999298632,
        54.72093994729221
      ],
      [
        20.525569953024387,
        54.720929972827435
      ],
      [
        20.52550993859768,
        54.720909940078855
      ],
      [
        20.52546995691955,
        54.720889991149306
      ],
      [
        20.525429975241423,
        54.720869958400726
      ],
      [
        20.52539996802807,
        54.720849925652146
      ],
      [
        20.525369960814714,
        54.72081991843879
      ],
      [
        20.525349928066134,
        54.720799969509244
      ],
      [
        20.52533995360136,
        54.72076996229589
      ],
      [
        20.52533995360136,
        54.720739955082536
      ],
      [
        20.525349928066134,
        54.720719922333956
      ],
      [
        20.525349928066134,
        54.72068999893963
      ],
      [
        20.525349928066134,
        54.72065999172628
      ],
      [
        20.52535998634994,
        54.7206399589777
      ],
      [
        20.52535998634994,
        54.72061992622912
      ],
      [
        20.52535998634994,
        54.720609951764345
      ],
      [
        20.52535998634994,
        54.720609951764345
      ],
      [
        20.52535998634994,
        54.720609951764345
      ],
      [
        20.52535998634994,
        54.720609951764345
      ],
      [
        20.52535998634994,
        54.720609951764345
      ],
      [
        20.52535998634994,
        54.720609951764345
      ],
      [
        20.52535998634994,
        54.72053996287286
      ],
      [
        20.52535998634994,
        54.72050995565951
      ],
      [
        20.525349928066134,
        54.72048992291093
      ],
      [
        20.525349928066134,
        54.72046997398138
      ],
      [
        20.52533995360136,
        54.720439966768026
      ],
      [
        20.52533995360136,
        54.72040995955467
      ],
      [
        20.52533995360136,
        54.72037995234132
      ],
      [
        20.52533995360136,
        54.72035991959274
      ],
      [
        20.52533995360136,
        54.720329996198416
      ],
      [
        20.52533995360136,
        54.720309963449836
      ],
      [
        20.52533995360136,
        54.72029998898506
      ],
      [
        20.52533995360136,
        54.72027995623648
      ],
      [
        20.52533995360136,
        54.72027995623648
      ],
      [
        20.52533995360136,
        54.72027995623648
      ],
      [
        20.525299971923232,
        54.72029998898506
      ],
      [
        20.525299971923232,
        54.72031993791461
      ],
      [
        20.525299971923232,
        54.72033997066319
      ],
      [
        20.525299971923232,
        54.72035991959274
      ],
      [
        20.525299971923232,
        54.72038992680609
      ],
      [
        20.525299971923232,
        54.72040995955467
      ],
      [
        20.525299971923232,
        54.720439966768026
      ],
      [
        20.525299971923232,
        54.72046997398138
      ],
      [
        20.525309946388006,
        54.72048992291093
      ],
      [
        20.525309946388006,
        54.72050995565951
      ],
      [
        20.525309946388006,
        54.72051993012428
      ],
      [
        20.52531992085278,
        54.72053996287286
      ],
      [
        20.52531992085278,
        54.72054993733764
      ],
      [
        20.52531992085278,
        54.72055999562144
      ],
      [
        20.52531992085278,
        54.72055999562144
      ],
      [
        20.52531992085278,
        54.72055999562144
      ],
      [
        20.525239957496524,
        54.720589919015765
      ],
      [
        20.525219924747944,
        54.720589919015765
      ],
      [
        20.52518991753459,
        54.72057994455099
      ],
      [
        20.525179943069816,
        54.72056997008622
      ],
      [
        20.525159994140267,
        54.72055999562144
      ],
      [
        20.52514993585646,
        54.72055999562144
      ],
      [
        20.524989925324917,
        54.72057994455099
      ],
      [
        20.524959918111563,
        54.720589919015765
      ],
      [
        20.52492999471724,
        54.720589919015765
      ],
      [
        20.524899987503886,
        54.72059997729957
      ],
      [
        20.524849947541952,
        54.72059997729957
      ],
      [
        20.52479999139905,
        54.72059997729957
      ],
      [
        20.52475992590189,
        54.720589919015765
      ],
      [
        20.524709969758987,
        54.720589919015765
      ],
      [
        20.52466998808086,
        54.720589919015765
      ],
      [
        20.5246299225837,
        54.72059997729957
      ],
      [
        20.524579966440797,
        54.720609951764345
      ],
      [
        20.524529926478863,
        54.720609951764345
      ],
      [
        20.524469995871186,
        54.72061992622912
      ],
      [
        20.524419955909252,
        54.72061992622912
      ],
      [
        20.524359941482544,
        54.72061992622912
      ],
      [
        20.52430998533964,
        54.72061992622912
      ],
      [
        20.524259945377707,
        54.7206399589777
      ],
      [
        20.524229938164353,
        54.72065999172628
      ],
      [
        20.52421996369958,
        54.72068999893963
      ],
      [
        20.524209989234805,
        54.72070994786918
      ],
      [
        20.524209989234805,
        54.720739955082536
      ],
      [
        20.524209989234805,
        54.72076996229589
      ],
      [
        20.524209989234805,
        54.720799969509244
      ],
      [
        20.524209989234805,
        54.7208299767226
      ],
      [
        20.524199930951,
        54.720849925652146
      ],
      [
        20.524189956486225,
        54.7208799328655
      ],
      [
        20.52417998202145,
        54.720909940078855
      ],
      [
        20.52415994927287,
        54.720929972827435
      ],
      [
        20.52413991652429,
        54.72095998004079
      ],
      [
        20.524099934846163,
        54.72096995450556
      ],
      [
        20.52404997870326,
        54.72098998725414
      ],
      [
        20.524009997025132,
        54.72099996171892
      ],
      [
        20.523979989811778,
        54.7210199944675
      ],
      [
        20.523939924314618,
        54.721039943397045
      ],
      [
        20.52391997538507,
        54.721059976145625
      ],
      [
        20.52389994263649,
        54.72108998335898
      ],
      [
        20.523869935423136,
        54.72110993228853
      ],
      [
        20.52383992820978,
        54.72112996503711
      ],
      [
        20.523809920996428,
        54.72114999778569
      ],
      [
        20.52378997206688,
        54.721169946715236
      ],
      [
        20.523759964853525,
        54.721189979463816
      ],
      [
        20.523739932104945,
        54.72121998667717
      ],
      [
        20.523699950426817,
        54.721229961141944
      ],
      [
        20.523679917678237,
        54.721249993890524
      ],
      [
        20.52365996874869,
        54.721279917284846
      ],
      [
        20.52363993600011,
        54.721299950033426
      ],
      [
        20.52363993600011,
        54.721319982782006
      ],
      [
        20.523629961535335,
        54.721339931711555
      ],
      [
        20.523609928786755,
        54.721359964460135
      ],
      [
        20.523589979857206,
        54.721379997208714
      ],
      [
        20.523559972643852,
        54.72138997167349
      ],
      [
        20.523529965430498,
        54.72139994613826
      ],
      [
        20.523499958217144,
        54.72140992060304
      ],
      [
        20.523459976539016,
        54.72140992060304
      ],
      [
        20.523419994860888,
        54.72141997888684
      ],
      [
        20.523389987647533,
        54.72142995335162
      ],
      [
        20.52335998043418,
        54.72142995335162
      ],
      [
        20.523329973220825,
        54.72143992781639
      ],
      [
        20.52329996600747,
        54.7214499861002
      ],
      [
        20.523269958794117,
        54.7214499861002
      ],
      [
        20.52322997711599,
        54.72145996056497
      ],
      [
        20.52318999543786,
        54.72145996056497
      ],
      [
        20.523139955475926,
        54.721469935029745
      ],
      [
        20.523089999333024,
        54.72147999331355
      ],
      [
        20.523049933835864,
        54.72147999331355
      ],
      [
        20.52299997769296,
        54.72147999331355
      ],
      [
        20.522969970479608,
        54.721489967778325
      ],
      [
        20.52292998880148,
        54.721489967778325
      ],
      [
        20.52288992330432,
        54.721489967778325
      ],
      [
        20.52284994162619,
        54.7214999422431
      ],
      [
        20.522819934412837,
        54.7214999422431
      ],
      [
        20.52277995273471,
        54.7214999422431
      ],
      [
        20.522729996591806,
        54.7214999422431
      ],
      [
        20.522689931094646,
        54.72150991670787
      ],
      [
        20.522649949416518,
        54.72150991670787
      ],
      [
        20.52260996773839,
        54.72151997499168
      ],
      [
        20.52256998606026,
        54.72152994945645
      ],
      [
        20.5225299205631,
        54.72152994945645
      ],
      [
        20.5224799644202,
        54.72153992392123
      ],
      [
        20.52243998274207,
        54.72153992392123
      ],
      [
        20.52239991724491,
        54.72154998220503
      ],
      [
        20.522359935566783,
        54.72154998220503
      ],
      [
        20.522319953888655,
        54.72155995666981
      ],
      [
        20.522269997745752,
        54.72155995666981
      ],
      [
        20.52221995778382,
        54.72155995666981
      ],
      [
        20.522169917821884,
        54.72156993113458
      ],
      [
        20.522119961678982,
        54.72156993113458
      ],
      [
        20.522069921717048,
        54.72155995666981
      ],
      [
        20.52200999110937,
        54.72155995666981
      ],
      [
        20.521959951147437,
        54.72155995666981
      ],
      [
        20.521909995004535,
        54.72154998220503
      ],
      [
        20.521849980577826,
        54.72152994945645
      ],
      [
        20.521799940615892,
        54.72151997499168
      ],
      [
        20.52174998447299,
        54.721489967778325
      ],
      [
        20.521689970046282,
        54.721469935029745
      ],
      [
        20.521629955619574,
        54.7214499861002
      ],
      [
        20.52157999947667,
        54.72142995335162
      ],
      [
        20.521519985049963,
        54.72140992060304
      ],
      [
        20.521459970623255,
        54.721379997208714
      ],
      [
        20.52140993066132,
        54.721359964460135
      ],
      [
        20.521349916234612,
        54.721339931711555
      ],
      [
        20.521289985626936,
        54.7213099244982
      ],
      [
        20.521239945665002,
        54.72128997556865
      ],
      [
        20.5211899895221,
        54.72126994282007
      ],
      [
        20.521139949560165,
        54.72123993560672
      ],
      [
        20.521079935133457,
        54.72121998667717
      ],
      [
        20.52101992070675,
        54.72119995392859
      ],
      [
        20.520969964563847,
        54.72117992118001
      ],
      [
        20.520919924601912,
        54.72114999778569
      ],
      [
        20.520859993994236,
        54.72112996503711
      ],
      [
        20.520809954032302,
        54.72109995782375
      ],
      [
        20.5207599978894,
        54.72107992507517
      ],
      [
        20.52071993239224,
        54.721059976145625
      ],
      [
        20.520669976249337,
        54.72102996893227
      ],
      [
        20.52060996182263,
        54.7210199944675
      ],
      [
        20.52054994739592,
        54.72099996171892
      ],
      [
        20.52049999125302,
        54.72097992897034
      ],
      [
        20.52043997682631,
        54.72095998004079
      ],
      [
        20.520389936864376,
        54.72093994729221
      ],
      [
        20.520339980721474,
        54.72091999836266
      ],
      [
        20.52028994075954,
        54.72089996561408
      ],
      [
        20.520239984616637,
        54.720869958400726
      ],
      [
        20.52017997018993,
        54.720849925652146
      ],
      [
        20.520129930227995,
        54.7208299767226
      ],
      [
        20.52006999962032,
        54.72080994397402
      ],
      [
        20.52000998519361,
        54.720779936760664
      ],
      [
        20.519949970766902,
        54.720759987831116
      ],
      [
        20.519889956340194,
        54.72072998061776
      ],
      [
        20.51983991637826,
        54.72069997340441
      ],
      [
        20.519779985770583,
        54.72068999893963
      ],
      [
        20.51972994580865,
        54.72066996619105
      ],
      [
        20.51968996413052,
        54.72064993344247
      ],
      [
        20.519639924168587,
        54.7206399589777
      ],
      [
        20.519609916955233,
        54.72061992622912
      ],
      [
        20.51959994249046,
        54.720589919015765
      ],
      [
        20.51957999356091,
        54.72056997008622
      ],
      [
        20.519549986347556,
        54.72055999562144
      ],
      [
        20.519489971920848,
        54.72055999562144
      ],
      [
        20.51942995749414,
        54.72055999562144
      ],
      [
        20.51936994306743,
        54.72055999562144
      ],
      [
        20.519309928640723,
        54.72056997008622
      ],
      [
        20.519249998033047,
        54.72057994455099
      ],
      [
        20.519199958071113,
        54.720589919015765
      ],
      [
        20.519139943644404,
        54.720589919015765
      ],
      [
        20.519079929217696,
        54.720589919015765
      ],
      [
        20.51901999861002,
        54.720589919015765
      ],
      [
        20.51895998418331,
        54.72059997729957
      ],
      [
        20.518899969756603,
        54.720589919015765
      ],
      [
        20.518839955329895,
        54.72059997729957
      ],
      [
        20.518789999186993,
        54.72059997729957
      ],
      [
        20.51873995922506,
        54.72059997729957
      ],
      [
        20.518689919263124,
        54.72059997729957
      ],
      [
        20.518639963120222,
        54.72059997729957
      ],
      [
        20.518589923158288,
        54.72059997729957
      ],
      [
        20.51854994148016,
        54.72059997729957
      ],
      [
        20.51850995980203,
        54.72059997729957
      ],
      [
        20.518459919840097,
        54.72059997729957
      ],
      [
        20.518409963697195,
        54.720589919015765
      ],
      [
        20.51835992373526,
        54.720589919015765
      ],
      [
        20.518299993127584,
        54.72059997729957
      ],
      [
        20.51824995316565,
        54.72061992622912
      ],
      [
        20.518209971487522,
        54.72061992622912
      ],
      [
        20.518159931525588,
        54.720629984512925
      ],
      [
        20.51809991709888,
        54.720629984512925
      ],
      [
        20.518039986491203,
        54.720629984512925
      ],
      [
        20.51798994652927,
        54.720629984512925
      ],
      [
        20.51798994652927,
        54.720629984512925
      ],
      [
        20.51792993210256,
        54.7206399589777
      ],
      [
        20.517869917675853,
        54.7206399589777
      ],
      [
        20.517809987068176,
        54.7206399589777
      ],
      [
        20.517749972641468,
        54.7206399589777
      ],
      [
        20.51768995821476,
        54.7206399589777
      ],
      [
        20.517619969323277,
        54.7206399589777
      ],
      [
        20.51755995489657,
        54.720629984512925
      ],
      [
        20.517489966005087,
        54.720629984512925
      ],
      [
        20.517439926043153,
        54.7206399589777
      ],
      [
        20.51738996990025,
        54.7206399589777
      ],
      [
        20.517349988222122,
        54.7206399589777
      ],
      [
        20.517319981008768,
        54.7206399589777
      ],
      [
        20.51727999933064,
        54.720629984512925
      ],
      [
        20.51723993383348,
        54.7206399589777
      ],
      [
        20.517209926620126,
        54.7206399589777
      ],
      [
        20.51717991940677,
        54.720629984512925
      ],
      [
        20.51714999601245,
        54.72061992622912
      ],
      [
        20.517119988799095,
        54.72061992622912
      ],
      [
        20.51708998158574,
        54.720609951764345
      ],
      [
        20.517059974372387,
        54.720609951764345
      ],
      [
        20.517029967159033,
        54.72059997729957
      ],
      [
        20.51699995994568,
        54.72059997729957
      ],
      [
        20.51699995994568,
        54.72059997729957
      ],
      [
        20.51699995994568,
        54.72059997729957
      ],
      [
        20.51699995994568,
        54.72059997729957
      ],
      [
        20.51699995994568,
        54.72059997729957
      ],
      [
        20.51699995994568,
        54.72059997729957
      ],
      [
        20.51699995994568,
        54.72059997729957
      ],
      [
        20.516839949414134,
        54.720589919015765
      ],
      [
        20.516819916665554,
        54.72057994455099
      ],
      [
        20.516799967736006,
        54.72057994455099
      ],
      [
        20.516799967736006,
        54.72057994455099
      ],
      [
        20.516799967736006,
        54.72057994455099
      ],
      [
        20.516799967736006,
        54.72057994455099
      ],
      [
        20.516709946095943,
        54.72056997008622
      ],
      [
        20.516689997166395,
        54.72055999562144
      ],
      [
        20.51665998995304,
        54.72055999562144
      ],
      [
        20.51661992445588,
        54.72055999562144
      ],
      [
        20.516579942777753,
        54.72054993733764
      ],
      [
        20.516539961099625,
        54.72054993733764
      ],
      [
        20.516499979421496,
        54.72053996287286
      ],
      [
        20.516459997743368,
        54.72053996287286
      ],
      [
        20.516419932246208,
        54.72052998840809
      ],
      [
        20.51637995056808,
        54.72051993012428
      ],
      [
        20.516329994425178,
        54.72050995565951
      ],
      [
        20.516289928928018,
        54.72050995565951
      ],
      [
        20.51624994724989,
        54.720499981194735
      ],
      [
        20.516199991106987,
        54.72048992291093
      ],
      [
        20.516149951145053,
        54.720479948446155
      ],
      [
        20.51609999500215,
        54.720479948446155
      ],
      [
        20.51605992950499,
        54.72046997398138
      ],
      [
        20.516009973362088,
        54.720459999516606
      ],
      [
        20.515979966148734,
        54.720459999516606
      ],
      [
        20.515979966148734,
        54.720459999516606
      ],
      [
        20.515979966148734,
        54.720459999516606
      ],
      [
        20.515849962830544,
        54.720459999516606
      ],
      [
        20.515809981152415,
        54.7204499412328
      ],
      [
        20.51577997393906,
        54.7204499412328
      ],
      [
        20.515739992260933,
        54.7204499412328
      ],
      [
        20.51570998504758,
        54.7204499412328
      ],
      [
        20.515679977834225,
        54.720439966768026
      ],
      [
        20.515639996156096,
        54.72042999230325
      ],
      [
        20.515609988942742,
        54.72042999230325
      ],
      [
        20.515609988942742,
        54.72042999230325
      ],
      [
        20.515609988942742,
        54.72042999230325
      ],
      [
        20.5154999345541,
        54.72040995955467
      ],
      [
        20.51547998562455,
        54.7203999850899
      ],
      [
        20.515449978411198,
        54.7203999850899
      ],
      [
        20.515429945662618,
        54.72038992680609
      ],
      [
        20.51540999673307,
        54.72038992680609
      ],
      [
        20.51536993123591,
        54.72038992680609
      ],
      [
        20.51534998230636,
        54.72037995234132
      ],
      [
        20.515319975093007,
        54.720369977876544
      ],
      [
        20.515289967879653,
        54.72035991959274
      ],
      [
        20.515249986201525,
        54.72035991959274
      ],
      [
        20.515209920704365,
        54.72035991959274
      ],
      [
        20.515179997310042,
        54.72035991959274
      ],
      [
        20.515139931812882,
        54.72035991959274
      ],
      [
        20.515119982883334,
        54.72035991959274
      ],
      [
        20.51508997566998,
        54.720349945127964
      ],
      [
        20.515059968456626,
        54.720349945127964
      ],
      [
        20.515029961243272,
        54.720349945127964
      ],
      [
        20.514999954029918,
        54.72033997066319
      ],
      [
        20.51495997235179,
        54.72033997066319
      ],
      [
        20.514929965138435,
        54.720329996198416
      ],
      [
        20.51489995792508,
        54.720329996198416
      ],
      [
        20.514859976246953,
        54.720329996198416
      ],
      [
        20.514819994568825,
        54.72031993791461
      ],
      [
        20.51478998735547,
        54.72031993791461
      ],
      [
        20.51478998735547,
        54.72031993791461
      ],
      [
        20.51478998735547,
        54.72031993791461
      ],
      [
        20.51478998735547,
        54.72031993791461
      ],
      [
        20.51478998735547,
        54.72031993791461
      ],
      [
        20.51467993296683,
        54.72033997066319
      ],
      [
        20.51465998403728,
        54.72033997066319
      ],
      [
        20.514629976823926,
        54.72033997066319
      ],
      [
        20.514599969610572,
        54.720329996198416
      ],
      [
        20.514569962397218,
        54.720329996198416
      ],
      [
        20.514539955183864,
        54.720329996198416
      ],
      [
        20.51450994797051,
        54.720329996198416
      ],
      [
        20.514479940757155,
        54.720329996198416
      ],
      [
        20.514439959079027,
        54.720329996198416
      ],
      [
        20.514419926330447,
        54.720349945127964
      ],
      [
        20.514409951865673,
        54.72035991959274
      ],
      [
        20.514409951865673,
        54.72037995234132
      ],
      [
        20.514419926330447,
        54.7203999850899
      ],
      [
        20.514439959079027,
        54.720419934019446
      ],
      [
        20.514439959079027,
        54.720459999516606
      ],
      [
        20.5144499335438,
        54.72048992291093
      ],
      [
        20.514459991827607,
        54.72052998840809
      ],
      [
        20.514459991827607,
        54.72055999562144
      ],
      [
        20.51446996629238,
        54.72057994455099
      ],
      [
        20.51446996629238,
        54.72059997729957
      ],
      [
        20.51446996629238,
        54.72061992622912
      ],
      [
        20.514459991827607,
        54.7206399589777
      ],
      [
        20.514459991827607,
        54.72064993344247
      ],
      [
        20.5144499335438,
        54.72066996619105
      ],
      [
        20.5144499335438,
        54.72068999893963
      ],
      [
        20.514439959079027,
        54.72068999893963
      ],
      [
        20.514419926330447,
        54.72069997340441
      ],
      [
        20.514419926330447,
        54.72069997340441
      ],
      [
        20.514419926330447,
        54.72069997340441
      ],
      [
        20.514389919117093,
        54.72068999893963
      ],
      [
        20.51437994465232,
        54.72068999893963
      ],
      [
        20.514369970187545,
        54.72067994065583
      ],
      [
        20.514349937438965,
        54.72067994065583
      ],
      [
        20.51431993022561,
        54.72066996619105
      ],
      [
        20.514289923012257,
        54.72066996619105
      ],
      [
        20.51424994133413,
        54.72066996619105
      ],
      [
        20.514209959656,
        54.72066996619105
      ],
      [
        20.514159919694066,
        54.72065999172628
      ],
      [
        20.514109963551164,
        54.72065999172628
      ],
      [
        20.514069981873035,
        54.72065999172628
      ],
      [
        20.514029916375875,
        54.72064993344247
      ],
      [
        20.513979960232973,
        54.7206399589777
      ],
      [
        20.513939978554845,
        54.720629984512925
      ],
      [
        20.513899996876717,
        54.72061992622912
      ],
      [
        20.513849956914783,
        54.72061992622912
      ],
      [
        20.513809975236654,
        54.72061992622912
      ],
      [
        20.513769993558526,
        54.72061992622912
      ],
      [
        20.513729928061366,
        54.72061992622912
      ],
      [
        20.513679971918464,
        54.72061992622912
      ],
      [
        20.513639990240335,
        54.72061992622912
      ],
      [
        20.513599924743176,
        54.72061992622912
      ],
      [
        20.513549968600273,
        54.720609951764345
      ],
      [
        20.513509986922145,
        54.720609951764345
      ],
      [
        20.51345994696021,
        54.720609951764345
      ],
      [
        20.513399932533503,
        54.720609951764345
      ],
      [
        20.5133499763906,
        54.720609951764345
      ],
      [
        20.513289961963892,
        54.720609951764345
      ],
      [
        20.513229947537184,
        54.720609951764345
      ],
      [
        20.51317999139428,
        54.720609951764345
      ],
      [
        20.513129951432347,
        54.72059997729957
      ],
      [
        20.513079995289445,
        54.720609951764345
      ],
      [
        20.513019980862737,
        54.72059997729957
      ],
      [
        20.512969940900803,
        54.72059997729957
      ],
      [
        20.5129199847579,
        54.72059997729957
      ],
      [
        20.51287991926074,
        54.720589919015765
      ],
      [
        20.512829963117838,
        54.720589919015765
      ],
      [
        20.51278998143971,
        54.72057994455099
      ],
      [
        20.51274999976158,
        54.72057994455099
      ],
      [
        20.512699959799647,
        54.72056997008622
      ],
      [
        20.51265997812152,
        54.72055999562144
      ],
      [
        20.512609938159585,
        54.72055999562144
      ],
      [
        20.512559982016683,
        54.72054993733764
      ],
      [
        20.51250994205475,
        54.72054993733764
      ],
      [
        20.51244992762804,
        54.72054993733764
      ],
      [
        20.512399971485138,
        54.72053996287286
      ],
      [
        20.512349931523204,
        54.72053996287286
      ],
      [
        20.5122999753803,
        54.72053996287286
      ],
      [
        20.512239960953593,
        54.72052998840809
      ],
      [
        20.512179946526885,
        54.72052998840809
      ],
      [
        20.512129990383983,
        54.72051993012428
      ],
      [
        20.512069975957274,
        54.72051993012428
      ],
      [
        20.51201993599534,
        54.72050995565951
      ],
      [
        20.511959921568632,
        54.72050995565951
      ],
      [
        20.51190996542573,
        54.720499981194735
      ],
      [
        20.51184995099902,
        54.720499981194735
      ],
      [
        20.51179999485612,
        54.72048992291093
      ],
      [
        20.511749954894185,
        54.72048992291093
      ],
      [
        20.511689940467477,
        54.72048992291093
      ],
      [
        20.511639984324574,
        54.720479948446155
      ],
      [
        20.51158994436264,
        54.720479948446155
      ],
      [
        20.511539988219738,
        54.720479948446155
      ],
      [
        20.511489948257804,
        54.72046997398138
      ],
      [
        20.511449966579676,
        54.72046997398138
      ],
      [
        20.511409984901547,
        54.720459999516606
      ],
      [
        20.511379977688193,
        54.720459999516606
      ],
      [
        20.511339996010065,
        54.720459999516606
      ],
      [
        20.51130998879671,
        54.720459999516606
      ],
      [
        20.511279981583357,
        54.7204499412328
      ],
      [
        20.51123999990523,
        54.7204499412328
      ],
      [
        20.51119993440807,
        54.720439966768026
      ],
      [
        20.51115995272994,
        54.72042999230325
      ],
      [
        20.511119971051812,
        54.72042999230325
      ],
      [
        20.511079989373684,
        54.72040995955467
      ],
      [
        20.511039923876524,
        54.72040995955467
      ],
      [
        20.510999942198396,
        54.7203999850899
      ],
      [
        20.510959960520267,
        54.7203999850899
      ],
      [
        20.510909920558333,
        54.72038992680609
      ],
      [
        20.510869938880205,
        54.72038992680609
      ],
      [
        20.510829957202077,
        54.72037995234132
      ],
      [
        20.510799949988723,
        54.720369977876544
      ],
      [
        20.510759968310595,
        54.720369977876544
      ],
      [
        20.510719986632466,
        54.72035991959274
      ],
      [
        20.510669946670532,
        54.72035991959274
      ],
      [
        20.510609932243824,
        54.720349945127964
      ],
      [
        20.510549917817116,
        54.72033997066319
      ],
      [
        20.510499961674213,
        54.72033997066319
      ],
      [
        20.510439947247505,
        54.720329996198416
      ],
      [
        20.510389991104603,
        54.720329996198416
      ],
      [
        20.510329976677895,
        54.72031993791461
      ],
      [
        20.510269962251186,
        54.72031993791461
      ],
      [
        20.510219922289252,
        54.72031993791461
      ],
      [
        20.510159991681576,
        54.720309963449836
      ],
      [
        20.510099977254868,
        54.720309963449836
      ],
      [
        20.51003996282816,
        54.72029998898506
      ],
      [
        20.50997994840145,
        54.720289930701256
      ],
      [
        20.509919933974743,
        54.72027995623648
      ],
      [
        20.50986997783184,
        54.72027995623648
      ],
      [
        20.509809963405132,
        54.72026998177171
      ],
      [
        20.509759923443198,
        54.7202599234879
      ],
      [
        20.509709967300296,
        54.72024994902313
      ],
      [
        20.509669985622168,
        54.72023997455835
      ],
      [
        20.509629920125008,
        54.72023997455835
      ],
      [
        20.50958993844688,
        54.72022991627455
      ],
      [
        20.509539982303977,
        54.72022991627455
      ],
      [
        20.509489942342043,
        54.72021994180977
      ],
      [
        20.509449960663915,
        54.72021994180977
      ],
      [
        20.50939992070198,
        54.72021994180977
      ],
      [
        20.509349964559078,
        54.72021994180977
      ],
      [
        20.50930998288095,
        54.720199992880225
      ],
      [
        20.509259942919016,
        54.720199992880225
      ],
      [
        20.509209986776114,
        54.72018993459642
      ],
      [
        20.509149972349405,
        54.720179960131645
      ],
      [
        20.50909993238747,
        54.72016998566687
      ],
      [
        20.509039917960763,
        54.720159927383065
      ],
      [
        20.508979987353086,
        54.720159927383065
      ],
      [
        20.50891997292638,
        54.720159927383065
      ],
      [
        20.50885995849967,
        54.72014995291829
      ],
      [
        20.508799944072962,
        54.72013997845352
      ],
      [
        20.508739929646254,
        54.72013997845352
      ],
      [
        20.508679999038577,
        54.72013997845352
      ],
      [
        20.508629959076643,
        54.72013997845352
      ],
      [
        20.50857991911471,
        54.72012992016971
      ],
      [
        20.50853993743658,
        54.72011994570494
      ],
      [
        20.508499955758452,
        54.72010997124016
      ],
      [
        20.508459974080324,
        54.72008993849158
      ],
      [
        20.50840993411839,
        54.72008993849158
      ],
      [
        20.508359977975488,
        54.72007996402681
      ],
      [
        20.508309938013554,
        54.72007996402681
      ],
      [
        20.508269956335425,
        54.72008993849158
      ],
      [
        20.508229974657297,
        54.72008993849158
      ],
      [
        20.508199967443943,
        54.72008993849158
      ],
      [
        20.50816996023059,
        54.72008993849158
      ],
      [
        20.508139953017235,
        54.72008993849158
      ],
      [
        20.50810994580388,
        54.72008993849158
      ],
      [
        20.508079938590527,
        54.720069989562035
      ],
      [
        20.50805998966098,
        54.72005993127823
      ],
      [
        20.5080399569124,
        54.72005993127823
      ],
      [
        20.5080399569124,
        54.72005993127823
      ],
      [
        20.5080399569124,
        54.72005993127823
      ],
      [
        20.5080399569124,
        54.72005993127823
      ],
      [
        20.5080399569124,
        54.72005993127823
      ],
      [
        20.507969968020916,
        54.72005993127823
      ],
      [
        20.507939960807562,
        54.720049956813455
      ],
      [
        20.507909953594208,
        54.72005993127823
      ],
      [
        20.507879946380854,
        54.72007996402681
      ],
      [
        20.507859997451305,
        54.72008993849158
      ],
      [
        20.507819931954145,
        54.72009999677539
      ],
      [
        20.507779950276017,
        54.72008993849158
      ],
      [
        20.507749943062663,
        54.720069989562035
      ],
      [
        20.50771993584931,
        54.720049956813455
      ],
      [
        20.50767995417118,
        54.72003998234868
      ],
      [
        20.507639972493052,
        54.720029924064875
      ],
      [
        20.507599990814924,
        54.72003998234868
      ],
      [
        20.507559925317764,
        54.720029924064875
      ],
      [
        20.507519943639636,
        54.720029924064875
      ],
      [
        20.507479961961508,
        54.7200199496001
      ],
      [
        20.507449954748154,
        54.7200199496001
      ],
      [
        20.507409973070025,
        54.7200199496001
      ],
      [
        20.50737996585667,
        54.720029924064875
      ],
      [
        20.507339984178543,
        54.720029924064875
      ],
      [
        20.507299918681383,
        54.720029924064875
      ],
      [
        20.507259937003255,
        54.720009975135326
      ],
      [
        20.507219955325127,
        54.719989942386746
      ],
      [
        20.507189948111773,
        54.7199699934572
      ],
      [
        20.507149966433644,
        54.71994996070862
      ],
      [
        20.50709992647171,
        54.71992992796004
      ],
      [
        20.507049970328808,
        54.719919953495264
      ],
      [
        20.506999930366874,
        54.71990997903049
      ],
      [
        20.506939999759197,
        54.719899920746684
      ],
      [
        20.50687998533249,
        54.719899920746684
      ],
      [
        20.506829945370555,
        54.719879971817136
      ],
      [
        20.506769930943847,
        54.719879971817136
      ],
      [
        20.506719974800944,
        54.71986999735236
      ],
      [
        20.506659960374236,
        54.71986999735236
      ],
      [
        20.506609920412302,
        54.71986999735236
      ],
      [
        20.506569938734174,
        54.71984996460378
      ],
      [
        20.50651998259127,
        54.71984996460378
      ],
      [
        20.506469942629337,
        54.71983999013901
      ],
      [
        20.506419986486435,
        54.7198299318552
      ],
      [
        20.506359972059727,
        54.71980998292565
      ],
      [
        20.506309932097793,
        54.71979992464185
      ],
      [
        20.50625997595489,
        54.71978995017707
      ],
      [
        20.506199961528182,
        54.7197799757123
      ],
      [
        20.506139947101474,
        54.71976991742849
      ],
      [
        20.506079932674766,
        54.71975994296372
      ],
      [
        20.506019918248057,
        54.719749968498945
      ],
      [
        20.505969962105155,
        54.71973999403417
      ],
      [
        20.50591992214322,
        54.71973999403417
      ],
      [
        20.50586996600032,
        54.71971996128559
      ],
      [
        20.505839958786964,
        54.71971996128559
      ],
      [
        20.50580995157361,
        54.71970998682082
      ],
      [
        20.50578991882503,
        54.71969992853701
      ],
      [
        20.505749937146902,
        54.71969992853701
      ],
      [
        20.505709955468774,
        54.71968995407224
      ],
      [
        20.50565999932587,
        54.71968995407224
      ],
      [
        20.505609959363937,
        54.71967997960746
      ],
      [
        20.50556997768581,
        54.71966992132366
      ],
      [
        20.50552999600768,
        54.71965994685888
      ],
      [
        20.5055099632591,
        54.71964997239411
      ],
      [
        20.505479956045747,
        54.71964997239411
      ],
      [
        20.505459923297167,
        54.719639997929335
      ],
      [
        20.505459923297167,
        54.719639997929335
      ],
      [
        20.505459923297167,
        54.719639997929335
      ],
      [
        20.50535992719233,
        54.71965994685888
      ],
      [
        20.505319945514202,
        54.71965994685888
      ],
      [
        20.505289938300848,
        54.71965994685888
      ],
      [
        20.50524995662272,
        54.71964997239411
      ],
      [
        20.505199916660786,
        54.719639997929335
      ],
      [
        20.505169993266463,
        54.71962993964553
      ],
      [
        20.505129927769303,
        54.71962993964553
      ],
      [
        20.505089946091175,
        54.719619965180755
      ],
      [
        20.50505993887782,
        54.719619965180755
      ],
      [
        20.505029931664467,
        54.71960999071598
      ],
      [
        20.504999924451113,
        54.71960999071598
      ],
      [
        20.50496991723776,
        54.719599932432175
      ],
      [
        20.504939993843436,
        54.7195899579674
      ],
      [
        20.504899928346276,
        54.7195899579674
      ],
      [
        20.504859946668148,
        54.7195899579674
      ],
      [
        20.50481996499002,
        54.7195899579674
      ],
      [
        20.50477998331189,
        54.719579983502626
      ],
      [
        20.504749976098537,
        54.719579983502626
      ],
      [
        20.50470999442041,
        54.71956992521882
      ],
      [
        20.50466992892325,
        54.719559950754046
      ],
      [
        20.50462994724512,
        54.719559950754046
      ],
      [
        20.504589965566993,
        54.71954997628927
      ],
      [
        20.504549983888865,
        54.71953991800547
      ],
      [
        20.50449994392693,
        54.71952994354069
      ],
      [
        20.504459962248802,
        54.71951996907592
      ],
      [
        20.504409922286868,
        54.719509994611144
      ],
      [
        20.504359966143966,
        54.71949993632734
      ],
      [
        20.50430992618203,
        54.71949993632734
      ],
      [
        20.504269944503903,
        54.719489961862564
      ],
      [
        20.504229962825775,
        54.71947998739779
      ],
      [
        20.504189981147647,
        54.71947998739779
      ],
      [
        20.50414999946952,
        54.719469929113984
      ],
      [
        20.504119992256165,
        54.71945995464921
      ],
      [
        20.504079926759005,
        54.71945995464921
      ],
      [
        20.50404991954565,
        54.71945995464921
      ],
      [
        20.504019996151328,
        54.719449980184436
      ],
      [
        20.503979930654168,
        54.719449980184436
      ],
      [
        20.503949923440814,
        54.719449980184436
      ],
      [
        20.50391991622746,
        54.71943992190063
      ],
      [
        20.503889992833138,
        54.71943992190063
      ],
      [
        20.503859985619783,
        54.719429947435856
      ],
      [
        20.50382997840643,
        54.719429947435856
      ],
      [
        20.503799971193075,
        54.71941997297108
      ],
      [
        20.50376996397972,
        54.71941997297108
      ],
      [
        20.503739956766367,
        54.71941997297108
      ],
      [
        20.503689916804433,
        54.71940999850631
      ],
      [
        20.50365999341011,
        54.7193999402225
      ],
      [
        20.50361992791295,
        54.71938996575773
      ],
      [
        20.503579946234822,
        54.71938996575773
      ],
      [
        20.503549939021468,
        54.71937999129295
      ],
      [
        20.50350995734334,
        54.71936993300915
      ],
      [
        20.503479950129986,
        54.71936993300915
      ],
      [
        20.50344994291663,
        54.71936993300915
      ],
      [
        20.503409961238503,
        54.71935995854437
      ],
      [
        20.50337995402515,
        54.7193499840796
      ],
      [
        20.50333997234702,
        54.71933992579579
      ],
      [
        20.503309965133667,
        54.71932995133102
      ],
      [
        20.503259925171733,
        54.719319976866245
      ],
      [
        20.503219943493605,
        54.719319976866245
      ],
      [
        20.503179961815476,
        54.71930991858244
      ],
      [
        20.503129921853542,
        54.719299944117665
      ],
      [
        20.503089940175414,
        54.719299944117665
      ],
      [
        20.503049958497286,
        54.719299944117665
      ],
      [
        20.50299991853535,
        54.719299944117665
      ],
      [
        20.502959936857224,
        54.71928996965289
      ],
      [
        20.50290998071432,
        54.71927999518812
      ],
      [
        20.502869999036193,
        54.71926993690431
      ],
      [
        20.502829933539033,
        54.71924998797476
      ],
      [
        20.502789951860905,
        54.71923992969096
      ],
      [
        20.502739995718002,
        54.71922995522618
      ],
      [
        20.50268995575607,
        54.71922995522618
      ],
      [
        20.502639999613166,
        54.71922995522618
      ],
      [
        20.502599934116006,
        54.71922995522618
      ],
      [
        20.502559952437878,
        54.71922995522618
      ],
      [
        20.50251997075975,
        54.71921998076141
      ],
      [
        20.50247998908162,
        54.71921998076141
      ],
      [
        20.502449981868267,
        54.71921998076141
      ],
      [
        20.502449981868267,
        54.71921998076141
      ],
      [
        20.502449981868267,
        54.71921998076141
      ],
      [
        20.502449981868267,
        54.71921998076141
      ],
      [
        20.502289971336722,
        54.7192099224776
      ],
      [
        20.502269938588142,
        54.7192099224776
      ],
      [
        20.50223993137479,
        54.71921998076141
      ],
      [
        20.50221998244524,
        54.71923992969096
      ],
      [
        20.502189975231886,
        54.71924998797476
      ],
      [
        20.502169942483306,
        54.71926993690431
      ],
      [
        20.502159968018532,
        54.719299944117665
      ],
      [
        20.502139935269952,
        54.719319976866245
      ],
      [
        20.502109928056598,
        54.71932995133102
      ],
      [
        20.502079920843244,
        54.71933992579579
      ],
      [
        20.50204999744892,
        54.7193499840796
      ],
      [
        20.50200993195176,
        54.71935995854437
      ],
      [
        20.501979924738407,
        54.71936993300915
      ],
      [
        20.50193994306028,
        54.71936993300915
      ],
      [
        20.501889986917377,
        54.71936993300915
      ],
      [
        20.501849921420217,
        54.71936993300915
      ],
      [
        20.501799965277314,
        54.71936993300915
      ],
      [
        20.50176995806396,
        54.7193499840796
      ],
      [
        20.501739950850606,
        54.71933992579579
      ],
      [
        20.501709943637252,
        54.719319976866245
      ],
      [
        20.501679936423898,
        54.719319976866245
      ],
      [
        20.501649929210544,
        54.719319976866245
      ],
      [
        20.50161992199719,
        54.71930991858244
      ],
      [
        20.50159997306764,
        54.719299944117665
      ],
      [
        20.501569965854287,
        54.71928996965289
      ],
      [
        20.501539958640933,
        54.71928996965289
      ],
      [
        20.501519925892353,
        54.71927999518812
      ],
      [
        20.501489918679,
        54.71926993690431
      ],
      [
        20.50144993700087,
        54.71927999518812
      ],
      [
        20.501429988071322,
        54.71928996965289
      ],
      [
        20.501419929787517,
        54.71930991858244
      ],
      [
        20.501409955322742,
        54.71932995133102
      ],
      [
        20.50139998085797,
        54.7193499840796
      ],
      [
        20.50137994810939,
        54.71936993300915
      ],
      [
        20.50135999917984,
        54.71937999129295
      ],
      [
        20.50133996643126,
        54.7193999402225
      ],
      [
        20.50131993368268,
        54.71941997297108
      ],
      [
        20.501289926469326,
        54.719429947435856
      ],
      [
        20.501259919255972,
        54.71943992190063
      ],
      [
        20.501239970326424,
        54.719449980184436
      ],
      [
        20.50120996311307,
        54.719469929113984
      ],
      [
        20.50116998143494,
        54.71947998739779
      ],
      [
        20.501139974221587,
        54.71949993632734
      ],
      [
        20.501109967008233,
        54.71951996907592
      ],
      [
        20.501069985330105,
        54.71953991800547
      ],
      [
        20.50103997811675,
        54.719559950754046
      ],
      [
        20.501009970903397,
        54.719579983502626
      ],
      [
        20.50096998922527,
        54.7195899579674
      ],
      [
        20.500939982011914,
        54.719619965180755
      ],
      [
        20.500899916514754,
        54.719639997929335
      ],
      [
        20.500869993120432,
        54.71965994685888
      ],
      [
        20.500829927623272,
        54.71967997960746
      ],
      [
        20.500789945945144,
        54.71968995407224
      ],
      [
        20.500749964267015,
        54.71970998682082
      ],
      [
        20.500709982588887,
        54.719729935750365
      ],
      [
        20.500679975375533,
        54.719749968498945
      ],
      [
        20.5006299354136,
        54.71976991742849
      ],
      [
        20.500599928200245,
        54.71978995017707
      ],
      [
        20.50056992098689,
        54.71980998292565
      ],
      [
        20.500549972057343,
        54.7198299318552
      ],
      [
        20.50053999759257,
        54.71984996460378
      ],
      [
        20.50053999759257,
        54.71986999735236
      ],
      [
        20.50051996484399,
        54.71988994628191
      ],
      [
        20.500509990379214,
        54.719899920746684
      ],
      [
        20.500489957630634,
        54.71990997903049
      ],
      [
        20.500489957630634,
        54.71990997903049
      ],
      [
        20.500489957630634,
        54.71990997903049
      ],
      [
        20.500489957630634,
        54.71990997903049
      ],
      [
        20.500409994274378,
        54.71994996070862
      ],
      [
        20.500389961525798,
        54.71994996070862
      ],
      [
        20.500369928777218,
        54.71994996070862
      ],
      [
        20.50034997984767,
        54.71995993517339
      ],
      [
        20.50032994709909,
        54.7199699934572
      ],
      [
        20.50030999816954,
        54.719989942386746
      ],
      [
        20.50028996542096,
        54.71999991685152
      ],
      [
        20.50026993267238,
        54.720009975135326
      ],
      [
        20.500239925459027,
        54.7200199496001
      ],
      [
        20.50021997652948,
        54.720029924064875
      ],
      [
        20.500189969316125,
        54.72003998234868
      ],
      [
        20.500149987637997,
        54.72003998234868
      ],
      [
        20.500119980424643,
        54.720049956813455
      ],
      [
        20.500079998746514,
        54.72005993127823
      ],
      [
        20.50002995878458,
        54.72005993127823
      ],
      [
        20.499989977106452,
        54.72007996402681
      ],
      [
        20.499949995428324,
        54.72008993849158
      ],
      [
        20.499909929931164,
        54.72010997124016
      ],
      [
        20.499869948253036,
        54.72011994570494
      ],
      [
        20.499829966574907,
        54.72013997845352
      ],
      [
        20.49978998489678,
        54.72014995291829
      ],
      [
        20.499739944934845,
        54.720159927383065
      ],
      [
        20.499699963256717,
        54.720179960131645
      ],
      [
        20.499669956043363,
        54.72018993459642
      ],
      [
        20.49963994883001,
        54.720199992880225
      ],
      [
        20.49959996715188,
        54.720209967345
      ],
      [
        20.499559985473752,
        54.72021994180977
      ],
      [
        20.499509945511818,
        54.72022991627455
      ],
      [
        20.49946996383369,
        54.72023997455835
      ],
      [
        20.49942998215556,
        54.72024994902313
      ],
      [
        20.499379942193627,
        54.7202599234879
      ],
      [
        20.4993399605155,
        54.72026998177171
      ],
      [
        20.499289920553565,
        54.72027995623648
      ],
      [
        20.499249938875437,
        54.720289930701256
      ],
      [
        20.499199982732534,
        54.72029998898506
      ],
      [
        20.49916997551918,
        54.72031993791461
      ],
      [
        20.499129993841052,
        54.72031993791461
      ],
      [
        20.499099986627698,
        54.720329996198416
      ],
      [
        20.499069979414344,
        54.72033997066319
      ],
      [
        20.499049946665764,
        54.720349945127964
      ],
      [
        20.49901993945241,
        54.72035991959274
      ],
      [
        20.49899999052286,
        54.720369977876544
      ],
      [
        20.498969983309507,
        54.72037995234132
      ],
      [
        20.498949950560927,
        54.7203999850899
      ],
      [
        20.498929917812347,
        54.720419934019446
      ],
      [
        20.498919943347573,
        54.720439966768026
      ],
      [
        20.498899994418025,
        54.720459999516606
      ],
      [
        20.49888993613422,
        54.72048992291093
      ],
      [
        20.498879961669445,
        54.72050995565951
      ],
      [
        20.49886998720467,
        54.72052998840809
      ],
      [
        20.498859928920865,
        54.72054993733764
      ],
      [
        20.49884995445609,
        54.72056997008622
      ],
      [
        20.49884995445609,
        54.720589919015765
      ],
      [
        20.49884995445609,
        54.72061992622912
      ],
      [
        20.49884995445609,
        54.7206399589777
      ],
      [
        20.498859928920865,
        54.72065999172628
      ],
      [
        20.498859928920865,
        54.72067994065583
      ],
      [
        20.498879961669445,
        54.72069997340441
      ],
      [
        20.49888993613422,
        54.720719922333956
      ],
      [
        20.49888993613422,
        54.720739955082536
      ],
      [
        20.49888993613422,
        54.720759987831116
      ],
      [
        20.49888993613422,
        54.720759987831116
      ],
      [
        20.49888993613422,
        54.720759987831116
      ],
      [
        20.49886998720467,
        54.72081991843879
      ],
      [
        20.49886998720467,
        54.7208299767226
      ],
      [
        20.49886998720467,
        54.72083995118737
      ],
      [
        20.49886998720467,
        54.72085998393595
      ],
      [
        20.498879961669445,
        54.7208799328655
      ],
      [
        20.498879961669445,
        54.720889991149306
      ],
      [
        20.498879961669445,
        54.720909940078855
      ],
      [
        20.498879961669445,
        54.72091999836266
      ],
      [
        20.498879961669445,
        54.720929972827435
      ],
      [
        20.498879961669445,
        54.72093994729221
      ],
      [
        20.498879961669445,
        54.72095998004079
      ],
      [
        20.498879961669445,
        54.72097992897034
      ],
      [
        20.498879961669445,
        54.72098998725414
      ],
      [
        20.49888993613422,
        54.72100993618369
      ],
      [
        20.498899994418025,
        54.72102996893227
      ],
      [
        20.498899994418025,
        54.72104991786182
      ],
      [
        20.498899994418025,
        54.7210699506104
      ],
      [
        20.498899994418025,
        54.72108998335898
      ],
      [
        20.4989099688828,
        54.72109995782375
      ],
      [
        20.4989099688828,
        54.72111999057233
      ],
      [
        20.498919943347573,
        54.72113993950188
      ],
      [
        20.498919943347573,
        54.72114999778569
      ],
      [
        20.498919943347573,
        54.72114999778569
      ],
      [
        20.498919943347573,
        54.72114999778569
      ],
      [
        20.498919943347573,
        54.72114999778569
      ],
      [
        20.498929917812347,
        54.72121998667717
      ],
      [
        20.499029997736216,
        54.7212599683553
      ],
      [
        20.499049946665764,
        54.72126994282007
      ],
      [
        20.499059921130538,
        54.72126994282007
      ],
      [
        20.499059921130538,
        54.72128997556865
      ],
      [
        20.499059921130538,
        54.72128997556865
      ],
      [
        20.499059921130538,
        54.72128997556865
      ],
      [
        20.499059921130538,
        54.72128997556865
      ],
      [
        20.499059921130538,
        54.72128997556865
      ],
      [
        20.499059921130538,
        54.72128997556865
      ],
      [
        20.49903997220099,
        54.72134998999536
      ],
      [
        20.499049946665764,
        54.721359964460135
      ],
      [
        20.499069979414344,
        54.72138997167349
      ],
      [
        20.499079953879118,
        54.72140992060304
      ],
      [
        20.499089928343892,
        54.72142995335162
      ],
      [
        20.499089928343892,
        54.72145996056497
      ],
      [
        20.499089928343892,
        54.72147999331355
      ],
      [
        20.499089928343892,
        54.721489967778325
      ],
      [
        20.499099986627698,
        54.72150991670787
      ],
      [
        20.499099986627698,
        54.72153992392123
      ],
      [
        20.499109961092472,
        54.72155995666981
      ],
      [
        20.499119935557246,
        54.72157998941839
      ],
      [
        20.499119935557246,
        54.72158996388316
      ],
      [
        20.499119935557246,
        54.721599938347936
      ],
      [
        20.499119935557246,
        54.721619971096516
      ],
      [
        20.499119935557246,
        54.721639920026064
      ],
      [
        20.499119935557246,
        54.72166992723942
      ],
      [
        20.499129993841052,
        54.721689959988
      ],
      [
        20.499139968305826,
        54.72171996720135
      ],
      [
        20.4991499427706,
        54.72173999994993
      ],
      [
        20.4991499427706,
        54.72175994887948
      ],
      [
        20.4991499427706,
        54.721769923344254
      ],
      [
        20.499159917235374,
        54.721789956092834
      ],
      [
        20.499179949983954,
        54.72179993055761
      ],
      [
        20.49920995719731,
        54.72179993055761
      ],
      [
        20.499239964410663,
        54.72179993055761
      ],
      [
        20.499269971624017,
        54.72179993055761
      ],
      [
        20.49929997883737,
        54.72179993055761
      ],
      [
        20.499329986050725,
        54.72179993055761
      ],
      [
        20.49935999326408,
        54.72179993055761
      ],
      [
        20.499379942193627,
        54.72179993055761
      ],
      [
        20.499399974942207,
        54.721809988841414
      ],
      [
        20.499399974942207,
        54.721809988841414
      ],
      [
        20.499399974942207,
        54.721809988841414
      ],
      [
        20.49940994940698,
        54.72182993777096
      ],
      [
        20.49940994940698,
        54.72182993777096
      ],
      [
        20.499399974942207,
        54.72183999605477
      ],
      [
        20.499379942193627,
        54.72183999605477
      ],
      [
        20.499329986050725,
        54.72182993777096
      ],
      [
        20.499309953302145,
        54.72182993777096
      ],
      [
        20.49927994608879,
        54.72183999605477
      ],
      [
        20.499249938875437,
        54.72183999605477
      ],
      [
        20.49922998994589,
        54.72183999605477
      ],
      [
        20.49920995719731,
        54.72184997051954
      ],
      [
        20.49920995719731,
        54.72184997051954
      ],
      [
        20.49920995719731,
        54.72185994498432
      ],
      [
        20.499219931662083,
        54.7218799777329
      ],
      [
        20.499219931662083,
        54.72188995219767
      ],
      [
        20.499219931662083,
        54.72190998494625
      ],
      [
        20.499219931662083,
        54.7219299338758
      ],
      [
        20.499219931662083,
        54.72195994108915
      ],
      [
        20.49922998994589,
        54.72197997383773
      ],
      [
        20.49922998994589,
        54.72200998105109
      ],
      [
        20.499239964410663,
        54.722029929980636
      ],
      [
        20.499249938875437,
        54.722049962729216
      ],
      [
        20.499259997159243,
        54.722069995477796
      ],
      [
        20.499269971624017,
        54.722089944407344
      ],
      [
        20.499289920553565,
        54.722109977155924
      ],
      [
        20.49929997883737,
        54.7221199516207
      ],
      [
        20.49931992776692,
        54.72213998436928
      ],
      [
        20.49931992776692,
        54.722159933298826
      ],
      [
        20.49931992776692,
        54.722179966047406
      ],
      [
        20.49931992776692,
        54.722199998795986
      ],
      [
        20.499329986050725,
        54.72222992219031
      ],
      [
        20.499329986050725,
        54.72224995493889
      ],
      [
        20.499329986050725,
        54.72227996215224
      ],
      [
        20.499329986050725,
        54.72229999490082
      ],
      [
        20.4993399605155,
        54.722329918295145
      ],
      [
        20.499329986050725,
        54.7223599255085
      ],
      [
        20.499329986050725,
        54.72237995825708
      ],
      [
        20.499329986050725,
        54.72239999100566
      ],
      [
        20.4993399605155,
        54.72241993993521
      ],
      [
        20.499349934980273,
        54.72243997268379
      ],
      [
        20.49935999326408,
        54.722459921613336
      ],
      [
        20.499379942193627,
        54.722479954361916
      ],
      [
        20.4993899166584,
        54.72248992882669
      ],
      [
        20.499399974942207,
        54.72250996157527
      ],
      [
        20.49940994940698,
        54.72252999432385
      ],
      [
        20.49940994940698,
        54.7225499432534
      ],
      [
        20.49940994940698,
        54.72255991771817
      ],
      [
        20.499419923871756,
        54.72257995046675
      ],
      [
        20.499419923871756,
        54.72259998321533
      ],
      [
        20.49942998215556,
        54.722629990428686
      ],
      [
        20.49942998215556,
        54.722669972106814
      ],
      [
        20.499419923871756,
        54.72268992103636
      ],
      [
        20.49940994940698,
        54.72270995378494
      ],
      [
        20.4993899166584,
        54.7227399609983
      ],
      [
        20.499369967728853,
        54.72275999374688
      ],
      [
        20.4993399605155,
        54.7227899171412
      ],
      [
        20.49931992776692,
        54.72280994988978
      ],
      [
        20.499309953302145,
        54.72282998263836
      ],
      [
        20.49931992776692,
        54.72284993156791
      ],
      [
        20.499309953302145,
        54.72286996431649
      ],
      [
        20.499309953302145,
        54.72288999706507
      ],
      [
        20.499309953302145,
        54.722909945994616
      ],
      [
        20.499309953302145,
        54.72291992045939
      ],
      [
        20.499309953302145,
        54.72293995320797
      ],
      [
        20.499309953302145,
        54.72293995320797
      ],
      [
        20.499309953302145,
        54.72293995320797
      ],
      [
        20.499309953302145,
        54.72293995320797
      ],
      [
        20.49922998994589,
        54.72291992045939
      ],
      [
        20.499199982732534,
        54.722929978743196
      ],
      [
        20.49916997551918,
        54.722929978743196
      ],
      [
        20.499129993841052,
        54.722929978743196
      ],
      [
        20.499099986627698,
        54.72291992045939
      ],
      [
        20.499069979414344,
        54.722909945994616
      ],
      [
        20.49903997220099,
        54.722909945994616
      ],
      [
        20.49901993945241,
        54.722909945994616
      ],
      [
        20.49899999052286,
        54.72289997152984
      ],
      [
        20.498989932239056,
        54.72288999706507
      ],
      [
        20.49897995777428,
        54.72288999706507
      ],
      [
        20.498969983309507,
        54.72288999706507
      ],
      [
        20.498969983309507,
        54.72288999706507
      ],
      [
        20.4989599250257,
        54.72289997152984
      ],
      [
        20.4989599250257,
        54.722909945994616
      ],
      [
        20.498949950560927,
        54.722929978743196
      ],
      [
        20.498939976096153,
        54.722949927672744
      ],
      [
        20.498919943347573,
        54.722969960421324
      ],
      [
        20.4989099688828,
        54.722989993169904
      ],
      [
        20.498899994418025,
        54.72299996763468
      ],
      [
        20.498879961669445,
        54.72302997484803
      ],
      [
        20.49886998720467,
        54.72304992377758
      ],
      [
        20.49884995445609,
        54.72306995652616
      ],
      [
        20.498839979991317,
        54.72308998927474
      ],
      [
        20.498819947242737,
        54.723119996488094
      ],
      [
        20.498809972777963,
        54.72314991988242
      ],
      [
        20.49879999831319,
        54.723169952631
      ],
      [
        20.49877996556461,
        54.72319995984435
      ],
      [
        20.49875993281603,
        54.723209934309125
      ],
      [
        20.498749958351254,
        54.723209934309125
      ],
      [
        20.498749958351254,
        54.72319995984435
      ],
      [
        20.498749958351254,
        54.72319995984435
      ],
      [
        20.498749958351254,
        54.72319995984435
      ],
      [
        20.498749958351254,
        54.72319995984435
      ],
      [
        20.498749958351254,
        54.72319995984435
      ],
      [
        20.498749958351254,
        54.72319995984435
      ],
      [
        20.498749958351254,
        54.72319995984435
      ],
      [
        20.4987199511379,
        54.723249999806285
      ],
      [
        20.498709976673126,
        54.72325997427106
      ],
      [
        20.49869991838932,
        54.72326994873583
      ],
      [
        20.498689943924546,
        54.72328998148441
      ],
      [
        20.498679969459772,
        54.72329995594919
      ],
      [
        20.498669994994998,
        54.72331998869777
      ],
      [
        20.498659936711192,
        54.723339937627316
      ],
      [
        20.498649962246418,
        54.72336994484067
      ],
      [
        20.498629929497838,
        54.723399952054024
      ],
      [
        20.49860998056829,
        54.72342995926738
      ],
      [
        20.49858994781971,
        54.723469940945506
      ],
      [
        20.49856999889016,
        54.72349994815886
      ],
      [
        20.49854996614158,
        54.72353992983699
      ],
      [
        20.498529933393,
        54.72356993705034
      ],
      [
        20.498499926179647,
        54.7235999442637
      ],
      [
        20.498469918966293,
        54.723639925941825
      ],
      [
        20.498429937288165,
        54.723659958690405
      ],
      [
        20.498389955610037,
        54.723679991438985
      ],
      [
        20.49834997393191,
        54.72368996590376
      ],
      [
        20.498319966718554,
        54.72369994036853
      ],
      [
        20.4982899595052,
        54.72371997311711
      ],
      [
        20.498259952291846,
        54.72373992204666
      ],
      [
        20.498229945078492,
        54.72375995479524
      ],
      [
        20.498219970613718,
        54.723789962008595
      ],
      [
        20.498209996148944,
        54.723809994757175
      ],
      [
        20.498209996148944,
        54.7238399181515
      ],
      [
        20.498199937865138,
        54.72386992536485
      ],
      [
        20.498189963400364,
        54.72388995811343
      ],
      [
        20.498169930651784,
        54.72390999086201
      ],
      [
        20.498169930651784,
        54.723939998075366
      ],
      [
        20.498149981722236,
        54.723959947004914
      ],
      [
        20.498129948973656,
        54.72398995421827
      ],
      [
        20.498109916225076,
        54.72400998696685
      ],
      [
        20.498079992830753,
        54.7240399941802
      ],
      [
        20.498059960082173,
        54.724069917574525
      ],
      [
        20.498039927333593,
        54.724089950323105
      ],
      [
        20.49800992012024,
        54.72411995753646
      ],
      [
        20.497979996725917,
        54.72414996474981
      ],
      [
        20.497959963977337,
        54.72417997196317
      ],
      [
        20.497939931228757,
        54.72420997917652
      ],
      [
        20.497909924015403,
        54.724239986389875
      ],
      [
        20.49789994955063,
        54.72426999360323
      ],
      [
        20.49787991680205,
        54.72428994253278
      ],
      [
        20.4978599678725,
        54.72431994974613
      ],
      [
        20.49783993512392,
        54.724329924210906
      ],
      [
        20.497819986194372,
        54.724349956959486
      ],
      [
        20.497789978981018,
        54.72435993142426
      ],
      [
        20.497759971767664,
        54.724369989708066
      ],
      [
        20.497739939019084,
        54.724369989708066
      ],
      [
        20.497699957340956,
        54.72437996417284
      ],
      [
        20.4976699501276,
        54.72437996417284
      ],
      [
        20.497629968449473,
        54.72437996417284
      ],
      [
        20.49759996123612,
        54.724389938637614
      ],
      [
        20.49755997955799,
        54.724389938637614
      ],
      [
        20.497499965131283,
        54.72439999692142
      ],
      [
        20.497459983453155,
        54.72439999692142
      ],
      [
        20.497399969026446,
        54.724409971386194
      ],
      [
        20.497329980134964,
        54.72441994585097
      ],
      [
        20.497269965708256,
        54.72441994585097
      ],
      [
        20.497209951281548,
        54.72441994585097
      ],
      [
        20.497159995138645,
        54.72442992031574
      ],
      [
        20.497099980711937,
        54.72443997859955
      ],
      [
        20.497049940750003,
        54.72444995306432
      ],
      [
        20.4969999846071,
        54.7244599275291
      ],
      [
        20.496949944645166,
        54.7244699858129
      ],
      [
        20.496909962967038,
        54.72447996027768
      ],
      [
        20.496879955753684,
        54.72448993474245
      ],
      [
        20.49684994854033,
        54.72449999302626
      ],
      [
        20.496819941326976,
        54.72449999302626
      ],
      [
        20.496799992397428,
        54.72449999302626
      ],
      [
        20.496759926900268,
        54.72450996749103
      ],
      [
        20.49671994522214,
        54.72450996749103
      ],
      [
        20.49667996354401,
        54.724519941955805
      ],
      [
        20.496639981865883,
        54.724519941955805
      ],
      [
        20.49658994190395,
        54.72452991642058
      ],
      [
        20.49654996022582,
        54.72452991642058
      ],
      [
        20.496489945799112,
        54.72452991642058
      ],
      [
        20.49643998965621,
        54.72452991642058
      ],
      [
        20.49639992415905,
        54.72452991642058
      ],
      [
        20.496349968016148,
        54.72452991642058
      ],
      [
        20.496299928054214,
        54.72452991642058
      ],
      [
        20.49622993916273,
        54.724539974704385
      ],
      [
        20.496169924736023,
        54.72454994916916
      ],
      [
        20.49611996859312,
        54.72454994916916
      ],
      [
        20.496059954166412,
        54.72454994916916
      ],
      [
        20.496019972488284,
        54.72454994916916
      ],
      [
        20.49598996527493,
        54.724539974704385
      ],
      [
        20.495959958061576,
        54.72452991642058
      ],
      [
        20.495919976383448,
        54.724519941955805
      ],
      [
        20.49587999470532,
        54.72450996749103
      ],
      [
        20.495829954743385,
        54.72450996749103
      ],
      [
        20.495779998600483,
        54.724519941955805
      ],
      [
        20.49572995863855,
        54.724519941955805
      ],
      [
        20.495679918676615,
        54.724519941955805
      ],
      [
        20.49561998806894,
        54.724519941955805
      ],
      [
        20.495569948107004,
        54.724519941955805
      ],
      [
        20.495519991964102,
        54.72452991642058
      ],
      [
        20.495469952002168,
        54.72452991642058
      ],
      [
        20.49540993757546,
        54.72452991642058
      ],
      [
        20.495359981432557,
        54.724539974704385
      ],
      [
        20.49529996700585,
        54.72454994916916
      ],
      [
        20.49523995257914,
        54.72454994916916
      ],
      [
        20.49518999643624,
        54.72454994916916
      ],
      [
        20.495139956474304,
        54.72455992363393
      ],
      [
        20.49508991651237,
        54.72455992363393
      ],
      [
        20.495029985904694,
        54.72455992363393
      ],
      [
        20.49497994594276,
        54.72455992363393
      ],
      [
        20.494929989799857,
        54.72455992363393
      ],
      [
        20.494879949837923,
        54.72455992363393
      ],
      [
        20.49482999369502,
        54.72456998191774
      ],
      [
        20.494769979268312,
        54.72457995638251
      ],
      [
        20.49471993930638,
        54.72458993084729
      ],
      [
        20.49465992487967,
        54.72459998913109
      ],
      [
        20.494589935988188,
        54.72460996359587
      ],
      [
        20.49452992156148,
        54.72461993806064
      ],
      [
        20.494479965418577,
        54.72462999634445
      ],
      [
        20.49441995099187,
        54.72463997080922
      ],
      [
        20.494369994848967,
        54.724649945273995
      ],
      [
        20.49430998042226,
        54.724649945273995
      ],
      [
        20.494259940460324,
        54.72465991973877
      ],
      [
        20.494209984317422,
        54.72465991973877
      ],
      [
        20.494159944355488,
        54.72465991973877
      ],
      [
        20.49411996267736,
        54.724669978022575
      ],
      [
        20.494069922715425,
        54.724669978022575
      ],
      [
        20.494029941037297,
        54.724669978022575
      ],
      [
        20.49398995935917,
        54.724669978022575
      ],
      [
        20.49394997768104,
        54.72465991973877
      ],
      [
        20.493919970467687,
        54.72465991973877
      ],
      [
        20.493889963254333,
        54.72465991973877
      ],
      [
        20.493869930505753,
        54.724669978022575
      ],
      [
        20.493849981576204,
        54.724689926952124
      ],
      [
        20.4938399232924,
        54.72469998523593
      ],
      [
        20.49381997436285,
        54.72471993416548
      ],
      [
        20.493779992684722,
        54.724729992449284
      ],
      [
        20.493729952722788,
        54.72473996691406
      ],
      [
        20.49368997104466,
        54.72474994137883
      ],
      [
        20.493639931082726,
        54.72475999966264
      ],
      [
        20.493599949404597,
        54.724779948592186
      ],
      [
        20.493549993261695,
        54.724799981340766
      ],
      [
        20.493509927764535,
        54.72480995580554
      ],
      [
        20.493459971621633,
        54.724819930270314
      ],
      [
        20.4934099316597,
        54.724839963018894
      ],
      [
        20.493359975516796,
        54.72484993748367
      ],
      [
        20.493309935554862,
        54.72486997023225
      ],
      [
        20.493269953876734,
        54.72487994469702
      ],
      [
        20.49321999773383,
        54.7248899191618
      ],
      [
        20.49317993223667,
        54.7248999774456
      ],
      [
        20.49312997609377,
        54.72491992637515
      ],
      [
        20.49308999441564,
        54.72492998465896
      ],
      [
        20.49304992891848,
        54.72493995912373
      ],
      [
        20.49299997277558,
        54.72495999187231
      ],
      [
        20.49295999109745,
        54.724969966337085
      ],
      [
        20.49291992560029,
        54.724989999085665
      ],
      [
        20.492869969457388,
        54.72499997355044
      ],
      [
        20.49282998777926,
        54.72501992247999
      ],
      [
        20.4927899222821,
        54.72502998076379
      ],
      [
        20.492759998887777,
        54.72502998076379
      ],
      [
        20.492759998887777,
        54.72502998076379
      ],
      [
        20.492759998887777,
        54.72502998076379
      ],
      [
        20.492759998887777,
        54.72502998076379
      ],
      [
        20.492649944499135,
        54.72505998797715
      ],
      [
        20.49261993728578,
        54.72505998797715
      ],
      [
        20.492599988356233,
        54.72506996244192
      ],
      [
        20.492579955607653,
        54.725079936906695
      ],
      [
        20.4925499483943,
        54.7250899951905
      ],
      [
        20.492519941180944,
        54.725099969655275
      ],
      [
        20.49248993396759,
        54.72510994412005
      ],
      [
        20.492449952289462,
        54.72512997686863
      ],
      [
        20.492409970611334,
        54.72512997686863
      ],
      [
        20.49237996339798,
        54.725139951333404
      ],
      [
        20.492349956184626,
        54.72514992579818
      ],
      [
        20.49231994897127,
        54.72514992579818
      ],
      [
        20.49229991622269,
        54.72514992579818
      ],
      [
        20.492289941757917,
        54.72514992579818
      ],
      [
        20.492259934544563,
        54.72514992579818
      ],
      [
        20.492239985615015,
        54.725159984081984
      ],
      [
        20.49222992733121,
        54.72517993301153
      ],
      [
        20.49222992733121,
        54.72518999129534
      ],
      [
        20.49222992733121,
        54.72519996576011
      ],
      [
        20.49220997840166,
        54.725209940224886
      ],
      [
        20.492199920117855,
        54.72521999850869
      ],
      [
        20.492179971188307,
        54.72521999850869
      ],
      [
        20.492159938439727,
        54.725229972973466
      ],
      [
        20.49213998951018,
        54.72523994743824
      ],
      [
        20.4921199567616,
        54.72523994743824
      ],
      [
        20.492109982296824,
        54.725249921903014
      ],
      [
        20.492089949548244,
        54.725249921903014
      ],
      [
        20.49205994233489,
        54.72525998018682
      ],
      [
        20.492029935121536,
        54.72525998018682
      ],
      [
        20.492009986191988,
        54.725269954651594
      ],
      [
        20.491979978978634,
        54.72527992911637
      ],
      [
        20.49194997176528,
        54.725289987400174
      ],
      [
        20.491919964551926,
        54.72529996186495
      ],
      [
        20.491879982873797,
        54.72530993632972
      ],
      [
        20.491839917376637,
        54.72531999461353
      ],
      [
        20.49179993569851,
        54.7253299690783
      ],
      [
        20.49175995402038,
        54.72534991800785
      ],
      [
        20.491699939593673,
        54.72536995075643
      ],
      [
        20.49164998345077,
        54.72538998350501
      ],
      [
        20.491599943488836,
        54.725399957969785
      ],
      [
        20.491549987345934,
        54.725419990718365
      ],
      [
        20.491499947384,
        54.72542996518314
      ],
      [
        20.491449991241097,
        54.72543993964791
      ],
      [
        20.49138997681439,
        54.72544999793172
      ],
      [
        20.49132996238768,
        54.72545997239649
      ],
      [
        20.491279922425747,
        54.72547992132604
      ],
      [
        20.49123994074762,
        54.725509928539395
      ],
      [
        20.491189984604716,
        54.725529961287975
      ],
      [
        20.491139944642782,
        54.725549994036555
      ],
      [
        20.491099962964654,
        54.72555996850133
      ],
      [
        20.491059981286526,
        54.725569942966104
      ],
      [
        20.49102997407317,
        54.72557991743088
      ],
      [
        20.490989992395043,
        54.72558997571468
      ],
      [
        20.490949926897883,
        54.72560992464423
      ],
      [
        20.490909945219755,
        54.72561998292804
      ],
      [
        20.4908799380064,
        54.72562995739281
      ],
      [
        20.490839956328273,
        54.72564999014139
      ],
      [
        20.490799974650145,
        54.725659964606166
      ],
      [
        20.490759992972016,
        54.72566993907094
      ],
      [
        20.490709953010082,
        54.725679997354746
      ],
      [
        20.490669971331954,
        54.725699946284294
      ],
      [
        20.49061993137002,
        54.72570992074907
      ],
      [
        20.49057994969189,
        54.725719979032874
      ],
      [
        20.49052999354899,
        54.72572995349765
      ],
      [
        20.490479953587055,
        54.72573992796242
      ],
      [
        20.490439971908927,
        54.72574998624623
      ],
      [
        20.4903999902308,
        54.72576993517578
      ],
      [
        20.490369983017445,
        54.72577999345958
      ],
      [
        20.49033997580409,
        54.72578996792436
      ],
      [
        20.49033997580409,
        54.72578996792436
      ],
      [
        20.49033997580409,
        54.72578996792436
      ],
      [
        20.490179965272546,
        54.72583992406726
      ],
      [
        20.490159932523966,
        54.725849982351065
      ],
      [
        20.490139983594418,
        54.725849982351065
      ],
      [
        20.490109976381063,
        54.72585995681584
      ],
      [
        20.490089943632483,
        54.72585995681584
      ],
      [
        20.490069994702935,
        54.72585995681584
      ],
      [
        20.490049961954355,
        54.72586993128061
      ],
      [
        20.49003998748958,
        54.72586993128061
      ],
      [
        20.490029929205775,
        54.72587998956442
      ],
      [
        20.489859944209456,
        54.725939920172095
      ],
      [
        20.489829936996102,
        54.7259499784559
      ],
      [
        20.489799929782748,
        54.7259499784559
      ],
      [
        20.489769922569394,
        54.725959952920675
      ],
      [
        20.48973999917507,
        54.72596992738545
      ],
      [
        20.489709991961718,
        54.725979985669255
      ],
      [
        20.489679984748363,
        54.7259999345988
      ],
      [
        20.48964997753501,
        54.7259999345988
      ],
      [
        20.48962994478643,
        54.7259999345988
      ],
      [
        20.489599937573075,
        54.72600999288261
      ],
      [
        20.489579988643527,
        54.72600999288261
      ],
      [
        20.489559955894947,
        54.72602994181216
      ],
      [
        20.489539923146367,
        54.72603991627693
      ],
      [
        20.489509999752045,
        54.72604997456074
      ],
      [
        20.489489967003465,
        54.72604997456074
      ],
      [
        20.489469934254885,
        54.72605994902551
      ],
      [
        20.48943992704153,
        54.72605994902551
      ],
      [
        20.489409919828176,
        54.726069923490286
      ],
      [
        20.48938997089863,
        54.72607998177409
      ],
      [
        20.489359963685274,
        54.72607998177409
      ],
      [
        20.489339930936694,
        54.726089956238866
      ],
      [
        20.489319982007146,
        54.726089956238866
      ],
      [
        20.489319982007146,
        54.726089956238866
      ],
      [
        20.48930992372334,
        54.726089956238866
      ],
      [
        20.489279916509986,
        54.72609993070364
      ],
      [
        20.489249993115664,
        54.726109988987446
      ],
      [
        20.489229960367084,
        54.72611996345222
      ],
      [
        20.48919995315373,
        54.726129937916994
      ],
      [
        20.4891599714756,
        54.726149970665574
      ],
      [
        20.489119989797473,
        54.72615994513035
      ],
      [
        20.48908998258412,
        54.72616991959512
      ],
      [
        20.48904991708696,
        54.72617997787893
      ],
      [
        20.489019993692636,
        54.72619992680848
      ],
      [
        20.488979928195477,
        54.72620998509228
      ],
      [
        20.48893994651735,
        54.726219959557056
      ],
      [
        20.48889996483922,
        54.726239992305636
      ],
      [
        20.488849924877286,
        54.72624996677041
      ],
      [
        20.488799968734384,
        54.726259941235185
      ],
      [
        20.488759987056255,
        54.72626999951899
      ],
      [
        20.4887299798429,
        54.726279973983765
      ],
      [
        20.4887299798429,
        54.726279973983765
      ],
      [
        20.4887299798429,
        54.726279973983765
      ],
      [
        20.4887299798429,
        54.726279973983765
      ],
      [
        20.488669965416193,
        54.72630998119712
      ],
      [
        20.488649932667613,
        54.72631995566189
      ],
      [
        20.488629983738065,
        54.72631995566189
      ],
      [
        20.48859997652471,
        54.72632993012667
      ],
      [
        20.488559994846582,
        54.72633998841047
      ],
      [
        20.488519929349422,
        54.72634996287525
      ],
      [
        20.488479947671294,
        54.72636999562383
      ],
      [
        20.488439965993166,
        54.7263799700886
      ],
      [
        20.488399984315038,
        54.72639991901815
      ],
      [
        20.488359918817878,
        54.726409977301955
      ],
      [
        20.488329995423555,
        54.72641995176673
      ],
      [
        20.4882999882102,
        54.7264299262315
      ],
      [
        20.488269980996847,
        54.7264299262315
      ],
      [
        20.488249948248267,
        54.7264299262315
      ],
      [
        20.48822999931872,
        54.72643998451531
      ],
      [
        20.48822999931872,
        54.72643998451531
      ],
      [
        20.48805993050337,
        54.72650997340679
      ],
      [
        20.48803998157382,
        54.72650997340679
      ],
      [
        20.488009974360466,
        54.726519947871566
      ],
      [
        20.487989941611886,
        54.72652992233634
      ],
      [
        20.487969992682338,
        54.72652992233634
      ],
      [
        20.487949959933758,
        54.726539980620146
      ],
      [
        20.487929927185178,
        54.726539980620146
      ],
      [
        20.48790997825563,
        54.726559929549694
      ],
      [
        20.48788994550705,
        54.726559929549694
      ],
      [
        20.487859938293695,
        54.726559929549694
      ],
      [
        20.48782993108034,
        54.7265699878335
      ],
      [
        20.487809982150793,
        54.7265699878335
      ],
      [
        20.48777997493744,
        54.726579962298274
      ],
      [
        20.487749967724085,
        54.72658993676305
      ],
      [
        20.487729934975505,
        54.72658993676305
      ],
      [
        20.48769992776215,
        54.726599995046854
      ],
      [
        20.487669920548797,
        54.72660996951163
      ],
      [
        20.487639997154474,
        54.7266199439764
      ],
      [
        20.48760998994112,
        54.726629918441176
      ],
      [
        20.48758995719254,
        54.72663997672498
      ],
      [
        20.487559949979186,
        54.726649951189756
      ],
      [
        20.487529942765832,
        54.72665992565453
      ],
      [
        20.487489961087704,
        54.726669983938336
      ],
      [
        20.487469928339124,
        54.72667995840311
      ],
      [
        20.487429946660995,
        54.72669999115169
      ],
      [
        20.48739993944764,
        54.726709965616465
      ],
      [
        20.487369932234287,
        54.726709965616465
      ],
      [
        20.48732995055616,
        54.72671994008124
      ],
      [
        20.48730991780758,
        54.72673997282982
      ],
      [
        20.487279994413257,
        54.72674994729459
      ],
      [
        20.487259961664677,
        54.72674994729459
      ],
      [
        20.487239928916097,
        54.72676998004317
      ],
      [
        20.48721997998655,
        54.72677995450795
      ],
      [
        20.48719994723797,
        54.72677995450795
      ],
      [
        20.48719994723797,
        54.72677995450795
      ],
      [
        20.487069943919778,
        54.72679998725653
      ],
      [
        20.48704999499023,
        54.7268099617213
      ],
      [
        20.48702996224165,
        54.726819936186075
      ],
      [
        20.48700992949307,
        54.726819936186075
      ],
      [
        20.48698998056352,
        54.726819936186075
      ],
      [
        20.48696994781494,
        54.72682999446988
      ],
      [
        20.486949998885393,
        54.72682999446988
      ],
      [
        20.48691999167204,
        54.72684994339943
      ],
      [
        20.48689995892346,
        54.72684994339943
      ],
      [
        20.486869951710105,
        54.7268599178642
      ],
      [
        20.48683994449675,
        54.72686997614801
      ],
      [
        20.486819995567203,
        54.72686997614801
      ],
      [
        20.48678998835385,
        54.72687995061278
      ],
      [
        20.486759981140494,
        54.72688992507756
      ],
      [
        20.48672997392714,
        54.72689998336136
      ],
      [
        20.486699966713786,
        54.72690995782614
      ],
      [
        20.486659985035658,
        54.72691993229091
      ],
      [
        20.486619919538498,
        54.72692999057472
      ],
      [
        20.486589996144176,
        54.726949939504266
      ],
      [
        20.486549930647016,
        54.72695999778807
      ],
      [
        20.486509948968887,
        54.726969972252846
      ],
      [
        20.48646996729076,
        54.72697994671762
      ],
      [
        20.48642998561263,
        54.72697994671762
      ],
      [
        20.48638992011547,
        54.7269999794662
      ],
      [
        20.486349938437343,
        54.727009953930974
      ],
      [
        20.486309956759214,
        54.727029986679554
      ],
      [
        20.486269975081086,
        54.72703996114433
      ],
      [
        20.486239967867732,
        54.7270499356091
      ],
      [
        20.486189927905798,
        54.72705999389291
      ],
      [
        20.48614994622767,
        54.72706996835768
      ],
      [
        20.48610996454954,
        54.72708991728723
      ],
      [
        20.486059924587607,
        54.72710995003581
      ],
      [
        20.48601994290948,
        54.727119924500585
      ],
      [
        20.48597996123135,
        54.72712998278439
      ],
      [
        20.485939979553223,
        54.72714993171394
      ],
      [
        20.485899997875094,
        54.72716996446252
      ],
      [
        20.485859932377934,
        54.72716996446252
      ],
      [
        20.485819950699806,
        54.7271899972111
      ],
      [
        20.485779969021678,
        54.72719997167587
      ],
      [
        20.48573998734355,
        54.72720994614065
      ],
      [
        20.485709980130196,
        54.72721992060542
      ],
      [
        20.485669998452067,
        54.727239953354
      ],
      [
        20.485639991238713,
        54.727249927818775
      ],
      [
        20.485599925741553,
        54.727269960567355
      ],
      [
        20.4855699185282,
        54.727269960567355
      ],
      [
        20.48552993685007,
        54.72727993503213
      ],
      [
        20.485489955171943,
        54.72729996778071
      ],
      [
        20.48545994795859,
        54.72730994224548
      ],
      [
        20.48541996628046,
        54.72731991671026
      ],
      [
        20.485369926318526,
        54.72733994945884
      ],
      [
        20.485319970175624,
        54.72734992392361
      ],
      [
        20.48526993021369,
        54.72735998220742
      ],
      [
        20.48522994853556,
        54.727379931136966
      ],
      [
        20.485199941322207,
        54.727399963885546
      ],
      [
        20.485149985179305,
        54.72740993835032
      ],
      [
        20.48509994521737,
        54.727419996634126
      ],
      [
        20.48504998907447,
        54.727439945563674
      ],
      [
        20.48500992357731,
        54.72744992002845
      ],
      [
        20.484959967434406,
        54.727459978312254
      ],
      [
        20.484919985756278,
        54.7274799272418
      ],
      [
        20.484919985756278,
        54.7274799272418
      ],
      [
        20.484869945794344,
        54.72749995999038
      ],
      [
        20.48481998965144,
        54.727509934455156
      ],
      [
        20.48477992415428,
        54.727529967203736
      ],
      [
        20.484739942476153,
        54.72753994166851
      ],
      [
        20.484699960798025,
        54.72755997441709
      ],
      [
        20.484659979119897,
        54.727569948881865
      ],
      [
        20.484629971906543,
        54.72757992334664
      ],
      [
        20.484589990228415,
        54.72759995609522
      ],
      [
        20.48455998301506,
        54.72760993055999
      ],
      [
        20.4845199175179,
        54.72760993055999
      ],
      [
        20.484469961374998,
        54.7276199888438
      ],
      [
        20.484439954161644,
        54.72762996330857
      ],
      [
        20.484399972483516,
        54.72763993777335
      ],
      [
        20.484359990805387,
        54.72764999605715
      ],
      [
        20.484319925308228,
        54.72765997052193
      ],
      [
        20.484269969165325,
        54.7276699449867
      ],
      [
        20.484229987487197,
        54.72768997773528
      ],
      [
        20.484179947525263,
        54.727699952200055
      ],
      [
        20.48412999138236,
        54.727719984948635
      ],
      [
        20.484079951420426,
        54.72772995941341
      ],
      [
        20.484039969742298,
        54.72773993387818
      ],
      [
        20.483989929780364,
        54.72774999216199
      ],
      [
        20.483949948102236,
        54.72776994109154
      ],
      [
        20.483899991959333,
        54.72777999937534
      ],
      [
        20.4838499519974,
        54.72778997384012
      ],
      [
        20.48380997031927,
        54.727809922769666
      ],
      [
        20.483759930357337,
        54.72781998105347
      ],
      [
        20.48371994867921,
        54.727829955518246
      ],
      [
        20.483669992536306,
        54.727849988266826
      ],
      [
        20.483629927039146,
        54.7278599627316
      ],
      [
        20.483579970896244,
        54.72787999548018
      ],
      [
        20.483539989218116,
        54.72789994440973
      ],
      [
        20.483499923720956,
        54.7279099188745
      ],
      [
        20.483459942042828,
        54.72792995162308
      ],
      [
        20.4834199603647,
        54.727939926087856
      ],
      [
        20.48337997868657,
        54.72794998437166
      ],
      [
        20.483339997008443,
        54.727959958836436
      ],
      [
        20.483299931511283,
        54.72796993330121
      ],
      [
        20.48326992429793,
        54.727979991585016
      ],
      [
        20.4832299426198,
        54.727999940514565
      ],
      [
        20.483199935406446,
        54.72800999879837
      ],
      [
        20.483159953728318,
        54.728019973263144
      ],
      [
        20.483109997585416,
        54.72803992219269
      ],
      [
        20.48305995762348,
        54.7280499804765
      ],
      [
        20.483019975945354,
        54.72805995494127
      ],
      [
        20.48296993598342,
        54.72807998768985
      ],
      [
        20.482919979840517,
        54.7280999366194
      ],
      [
        20.482869939878583,
        54.72811996936798
      ],
      [
        20.482829958200455,
        54.72813991829753
      ],
      [
        20.4827999509871,
        54.72815995104611
      ],
      [
        20.482759969308972,
        54.72816992551088
      ],
      [
        20.482719987630844,
        54.72818995825946
      ],
      [
        20.482679922133684,
        54.72819993272424
      ],
      [
        20.482639940455556,
        54.72819993272424
      ],
      [
        20.482599958777428,
        54.72820999100804
      ],
      [
        20.482569951564074,
        54.72821996547282
      ],
      [
        20.48251999542117,
        54.72822993993759
      ],
      [
        20.482469955459237,
        54.7282399982214
      ],
      [
        20.48242997378111,
        54.7282399982214
      ],
      [
        20.482379933819175,
        54.7282399982214
      ],
      [
        20.482329977676272,
        54.72824997268617
      ],
      [
        20.482269963249564,
        54.72824997268617
      ],
      [
        20.482209948822856,
        54.72824997268617
      ],
      [
        20.482159992679954,
        54.72824997268617
      ],
      [
        20.482099978253245,
        54.72822993993759
      ],
      [
        20.482059996575117,
        54.72821996547282
      ],
      [
        20.482029989361763,
        54.72820999100804
      ],
      [
        20.481989923864603,
        54.72819993272424
      ],
      [
        20.481949942186475,
        54.72818995825946
      ],
      [
        20.48191993497312,
        54.72818995825946
      ],
      [
        20.481879953294992,
        54.72817998379469
      ],
      [
        20.48184994608164,
        54.72816992551088
      ],
      [
        20.48180996440351,
        54.72816992551088
      ],
      [
        20.481779957190156,
        54.72816992551088
      ],
      [
        20.481739975512028,
        54.728149976581335
      ],
      [
        20.4816999938339,
        54.72813991829753
      ],
      [
        20.481669986620545,
        54.72811996936798
      ],
      [
        20.48161994665861,
        54.7280999366194
      ],
      [
        20.48156999051571,
        54.7280999366194
      ],
      [
        20.481519950553775,
        54.72808996215463
      ],
      [
        20.481479968875647,
        54.72807998768985
      ],
      [
        20.48143998719752,
        54.72806992940605
      ],
      [
        20.48139992170036,
        54.72806992940605
      ],
      [
        20.481349965557456,
        54.72805995494127
      ],
      [
        20.481299925595522,
        54.72803992219269
      ],
      [
        20.481239994987845,
        54.72802994772792
      ],
      [
        20.481179980561137,
        54.72800999879837
      ],
      [
        20.48111996613443,
        54.72798996604979
      ],
      [
        20.481049977242947,
        54.727979991585016
      ],
      [
        20.48098996281624,
        54.727959958836436
      ],
      [
        20.48092994838953,
        54.727939926087856
      ],
      [
        20.480859959498048,
        54.72791997715831
      ],
      [
        20.480789970606565,
        54.7279099188745
      ],
      [
        20.480719981715083,
        54.727889969944954
      ],
      [
        20.4806499928236,
        54.7278599627316
      ],
      [
        20.480579920113087,
        54.727849988266826
      ],
      [
        20.480509931221604,
        54.727829955518246
      ],
      [
        20.480429967865348,
        54.727809922769666
      ],
      [
        20.480359978973866,
        54.72779994830489
      ],
      [
        20.480289990082383,
        54.72776994109154
      ],
      [
        20.480209942907095,
        54.72774999216199
      ],
      [
        20.480139954015613,
        54.72772995941341
      ],
      [
        20.48006996512413,
        54.727719984948635
      ],
      [
        20.480009950697422,
        54.727699952200055
      ],
      [
        20.47993996180594,
        54.727679919451475
      ],
      [
        20.47987994737923,
        54.72765997052193
      ],
      [
        20.479819932952523,
        54.72764999605715
      ],
      [
        20.479759918525815,
        54.72763993777335
      ],
      [
        20.47969998791814,
        54.7276199888438
      ],
      [
        20.479649947956204,
        54.72760993055999
      ],
      [
        20.479599991813302,
        54.72759995609522
      ],
      [
        20.479549951851368,
        54.727589981630445
      ],
      [
        20.479499995708466,
        54.727569948881865
      ],
      [
        20.47944995574653,
        54.72755997441709
      ],
      [
        20.47939999960363,
        54.727549999952316
      ],
      [
        20.479349959641695,
        54.72753994166851
      ],
      [
        20.479309977963567,
        54.72751999273896
      ],
      [
        20.479259938001633,
        54.727509934455156
      ],
      [
        20.479219956323504,
        54.72749995999038
      ],
      [
        20.479179974645376,
        54.72748998552561
      ],
      [
        20.479139992967248,
        54.72746995277703
      ],
      [
        20.479099927470088,
        54.727459978312254
      ],
      [
        20.47905994579196,
        54.72744992002845
      ],
      [
        20.479029938578606,
        54.727439945563674
      ],
      [
        20.47899993136525,
        54.7274299710989
      ],
      [
        20.478959949687123,
        54.727419996634126
      ],
      [
        20.47892994247377,
        54.72740993835032
      ],
      [
        20.478899935260415,
        54.72740993835032
      ],
      [
        20.478879986330867,
        54.727399963885546
      ],
      [
        20.47886992804706,
        54.72738998942077
      ],
      [
        20.478859953582287,
        54.727379931136966
      ],
      [
        20.478849979117513,
        54.727379931136966
      ],
      [
        20.478839920833707,
        54.72736995667219
      ],
      [
        20.478839920833707,
        54.72736995667219
      ],
      [
        20.478839920833707,
        54.72736995667219
      ],
      [
        20.478749983012676,
        54.72733994945884
      ],
      [
        20.478749983012676,
        54.72731991671026
      ],
      [
        20.47875995747745,
        54.72729996778071
      ],
      [
        20.47875995747745,
        54.72727993503213
      ],
      [
        20.47875995747745,
        54.727249927818775
      ],
      [
        20.47875995747745,
        54.72722997888923
      ],
      [
        20.47875995747745,
        54.72719997167587
      ],
      [
        20.47875995747745,
        54.72716996446252
      ],
      [
        20.47875995747745,
        54.72712998278439
      ],
      [
        20.478769931942225,
        54.727099975571036
      ],
      [
        20.47877999022603,
        54.72706996835768
      ],
      [
        20.47877999022603,
        54.727029986679554
      ],
      [
        20.47877999022603,
        54.726989921182394
      ],
      [
        20.47877999022603,
        54.726949939504266
      ],
      [
        20.478789964690804,
        54.72690995782614
      ],
      [
        20.47879993915558,
        54.72686997614801
      ],
      [
        20.47879993915558,
        54.72682999446988
      ],
      [
        20.47879993915558,
        54.72678992897272
      ],
      [
        20.47879993915558,
        54.72674994729459
      ],
      [
        20.478809997439384,
        54.726709965616465
      ],
      [
        20.478809997439384,
        54.726669983938336
      ],
      [
        20.478809997439384,
        54.726629918441176
      ],
      [
        20.478809997439384,
        54.72658993676305
      ],
      [
        20.47881997190416,
        54.72654995508492
      ],
      [
        20.47881997190416,
        54.72650997340679
      ],
      [
        20.478829946368933,
        54.72647996619344
      ],
      [
        20.478829946368933,
        54.72643998451531
      ],
      [
        20.478829946368933,
        54.72639991901815
      ],
      [
        20.478829946368933,
        54.72635993734002
      ],
      [
        20.478829946368933,
        54.72631995566189
      ],
      [
        20.478839920833707,
        54.726279973983765
      ],
      [
        20.478839920833707,
        54.726239992305636
      ],
      [
        20.478849979117513,
        54.7261899523437
      ],
      [
        20.478849979117513,
        54.7261399962008
      ],
      [
        20.478859953582287,
        54.726089956238866
      ],
      [
        20.478859953582287,
        54.72603991627693
      ],
      [
        20.478859953582287,
        54.725979985669255
      ],
      [
        20.478859953582287,
        54.72592994570732
      ],
      [
        20.478859953582287,
        54.72587998956442
      ],
      [
        20.478859953582287,
        54.725829949602485
      ],
      [
        20.47886992804706,
        54.72577999345958
      ],
      [
        20.478879986330867,
        54.725719979032874
      ],
      [
        20.47888996079564,
        54.72566993907094
      ],
      [
        20.47888996079564,
        54.72560992464423
      ],
      [
        20.478899935260415,
        54.72555996850133
      ],
      [
        20.47890999354422,
        54.725509928539395
      ],
      [
        20.47890999354422,
        54.72544999793172
      ],
      [
        20.47890999354422,
        54.725399957969785
      ],
      [
        20.478899935260415,
        54.72534991800785
      ],
      [
        20.478899935260415,
        54.72529996186495
      ],
      [
        20.47890999354422,
        54.725249921903014
      ],
      [
        20.47890999354422,
        54.72519996576011
      ],
      [
        20.478919968008995,
        54.72514992579818
      ],
      [
        20.478919968008995,
        54.725099969655275
      ],
      [
        20.478919968008995,
        54.72504992969334
      ],
      [
        20.47892994247377,
        54.72499997355044
      ],
      [
        20.47892994247377,
        54.72493995912373
      ],
      [
        20.47892994247377,
        54.72486997023225
      ],
      [
        20.47892994247377,
        54.72480995580554
      ],
      [
        20.478939916938543,
        54.72474994137883
      ],
      [
        20.47894997522235,
        54.724689926952124
      ],
      [
        20.47894997522235,
        54.72462999634445
      ],
      [
        20.478959949687123,
        54.72455992363393
      ],
      [
        20.478959949687123,
        54.72449999302626
      ],
      [
        20.478969924151897,
        54.72442992031574
      ],
      [
        20.478969924151897,
        54.72435993142426
      ],
      [
        20.478969924151897,
        54.724279968068004
      ],
      [
        20.478979982435703,
        54.72420997917652
      ],
      [
        20.478979982435703,
        54.72412993200123
      ],
      [
        20.478989956900477,
        54.72404996864498
      ],
      [
        20.478989956900477,
        54.72396992146969
      ],
      [
        20.47899993136525,
        54.723899932578206
      ],
      [
        20.47899993136525,
        54.72381996922195
      ],
      [
        20.47899993136525,
        54.72374998033047
      ],
      [
        20.47899993136525,
        54.72368996590376
      ],
      [
        20.479009989649057,
        54.72361997701228
      ],
      [
        20.479009989649057,
        54.72355996258557
      ],
      [
        20.47901996411383,
        54.72349994815886
      ],
      [
        20.47901996411383,
        54.72343993373215
      ],
      [
        20.479029938578606,
        54.723379919305444
      ],
      [
        20.479029938578606,
        54.72331998869777
      ],
      [
        20.47903999686241,
        54.72325997427106
      ],
      [
        20.47903999686241,
        54.72319995984435
      ],
      [
        20.47903999686241,
        54.72313994541764
      ],
      [
        20.47903999686241,
        54.72308998927474
      ],
      [
        20.47903999686241,
        54.723039949312806
      ],
      [
        20.47903999686241,
        54.722989993169904
      ],
      [
        20.47903999686241,
        54.72293995320797
      ],
      [
        20.47903999686241,
        54.72288999706507
      ],
      [
        20.479049971327186,
        54.72283995710313
      ],
      [
        20.479049971327186,
        54.7227899171412
      ],
      [
        20.479049971327186,
        54.7227399609983
      ],
      [
        20.47905994579196,
        54.72268992103636
      ],
      [
        20.479069920256734,
        54.72263996489346
      ],
      [
        20.479069920256734,
        54.722589924931526
      ],
      [
        20.47907997854054,
        54.722539968788624
      ],
      [
        20.479089953005314,
        54.722479954361916
      ],
      [
        20.479089953005314,
        54.72241993993521
      ],
      [
        20.479099927470088,
        54.722369983792305
      ],
      [
        20.479099927470088,
        54.7223099693656
      ],
      [
        20.479109985753894,
        54.72225992940366
      ],
      [
        20.479109985753894,
        54.72220997326076
      ],
      [
        20.479109985753894,
        54.72214995883405
      ],
      [
        20.479119960218668,
        54.72209991887212
      ],
      [
        20.479119960218668,
        54.722049962729216
      ],
      [
        20.479129934683442,
        54.72200998105109
      ],
      [
        20.479129934683442,
        54.72196999937296
      ],
      [
        20.479129934683442,
        54.721939992159605
      ],
      [
        20.479139992967248,
        54.721899926662445
      ],
      [
        20.479139992967248,
        54.72186991944909
      ],
      [
        20.479149967432022,
        54.72182993777096
      ],
      [
        20.47916991636157,
        54.72179993055761
      ],
      [
        20.479179974645376,
        54.72175994887948
      ],
      [
        20.479179974645376,
        54.721729941666126
      ],
      [
        20.47918994911015,
        54.721689959988
      ],
      [
        20.47918994911015,
        54.721659952774644
      ],
      [
        20.479199923574924,
        54.72162994556129
      ],
      [
        20.479199923574924,
        54.721599938347936
      ],
      [
        20.47918994911015,
        54.72155995666981
      ],
      [
        20.47918994911015,
        54.72152994945645
      ],
      [
        20.47918994911015,
        54.7214999422431
      ],
      [
        20.479199923574924,
        54.721469935029745
      ],
      [
        20.479199923574924,
        54.72143992781639
      ],
      [
        20.47918994911015,
        54.72139994613826
      ],
      [
        20.47918994911015,
        54.72136993892491
      ],
      [
        20.47918994911015,
        54.721339931711555
      ],
      [
        20.479199923574924,
        54.7213099244982
      ],
      [
        20.479199923574924,
        54.72126994282007
      ],
      [
        20.47920998185873,
        54.72123993560672
      ],
      [
        20.479219956323504,
        54.721209928393364
      ],
      [
        20.47922993078828,
        54.72117992118001
      ],
      [
        20.47922993078828,
        54.72114999778569
      ],
      [
        20.479219956323504,
        54.72111999057233
      ],
      [
        20.47922993078828,
        54.72109995782375
      ],
      [
        20.47922993078828,
        54.72107992507517
      ],
      [
        20.47922993078828,
        54.721059976145625
      ],
      [
        20.47922993078828,
        54.721039943397045
      ],
      [
        20.479219956323504,
        54.7210199944675
      ],
      [
        20.479219956323504,
        54.72099996171892
      ],
      [
        20.479219956323504,
        54.72098998725414
      ],
      [
        20.479219956323504,
        54.72097992897034
      ],
      [
        20.479219956323504,
        54.72095998004079
      ],
      [
        20.479219956323504,
        54.72093994729221
      ],
      [
        20.479219956323504,
        54.720929972827435
      ],
      [
        20.479219956323504,
        54.720909940078855
      ],
      [
        20.47922993078828,
        54.720889991149306
      ],
      [
        20.47922993078828,
        54.7208799328655
      ],
      [
        20.47922993078828,
        54.72085998393595
      ],
      [
        20.47922993078828,
        54.7208299767226
      ],
      [
        20.479239989072084,
        54.72080994397402
      ],
      [
        20.479239989072084,
        54.72078999504447
      ],
      [
        20.47924996353686,
        54.72076996229589
      ],
      [
        20.47924996353686,
        54.72074992954731
      ],
      [
        20.479239989072084,
        54.720739955082536
      ],
      [
        20.479219956323504,
        54.72072998061776
      ],
      [
        20.479219956323504,
        54.72072998061776
      ],
      [
        20.479219956323504,
        54.72072998061776
      ],
      [
        20.479219956323504,
        54.72072998061776
      ],
      [
        20.479179974645376,
        54.7206399589777
      ],
      [
        20.47916991636157,
        54.720629984512925
      ],
      [
        20.479139992967248,
        54.72061992622912
      ],
      [
        20.479109985753894,
        54.72061992622912
      ],
      [
        20.47907997854054,
        54.720609951764345
      ],
      [
        20.479049971327186,
        54.720609951764345
      ],
      [
        20.47903999686241,
        54.72059997729957
      ],
      [
        20.47903999686241,
        54.720589919015765
      ],
      [
        20.47903999686241,
        54.720589919015765
      ],
      [
        20.47903999686241,
        54.72057994455099
      ],
      [
        20.47903999686241,
        54.72057994455099
      ],
      [
        20.479069920256734,
        54.72052998840809
      ],
      [
        20.47907997854054,
        54.72050995565951
      ],
      [
        20.479089953005314,
        54.720499981194735
      ],
      [
        20.479099927470088,
        54.72048992291093
      ],
      [
        20.479099927470088,
        54.720479948446155
      ],
      [
        20.479109985753894,
        54.720459999516606
      ],
      [
        20.479109985753894,
        54.720439966768026
      ],
      [
        20.479109985753894,
        54.720419934019446
      ],
      [
        20.479099927470088,
        54.7203999850899
      ],
      [
        20.479089953005314,
        54.72037995234132
      ],
      [
        20.479069920256734,
        54.72035991959274
      ],
      [
        20.479049971327186,
        54.720349945127964
      ],
      [
        20.479029938578606,
        54.720329996198416
      ],
      [
        20.479029938578606,
        54.720309963449836
      ],
      [
        20.47901996411383,
        54.720289930701256
      ],
      [
        20.479009989649057,
        54.72026998177171
      ],
      [
        20.479009989649057,
        54.7202599234879
      ],
      [
        20.479009989649057,
        54.72023997455835
      ],
      [
        20.479009989649057,
        54.72022991627455
      ],
      [
        20.479009989649057,
        54.720209967345
      ],
      [
        20.479009989649057,
        54.72018993459642
      ],
      [
        20.47899993136525,
        54.720179960131645
      ],
      [
        20.47899993136525,
        54.720159927383065
      ],
      [
        20.47899993136525,
        54.72013997845352
      ],
      [
        20.47899993136525,
        54.72011994570494
      ],
      [
        20.47899993136525,
        54.72009999677539
      ],
      [
        20.47899993136525,
        54.72007996402681
      ],
      [
        20.47899993136525,
        54.720069989562035
      ],
      [
        20.47899993136525,
        54.720049956813455
      ],
      [
        20.47899993136525,
        54.720029924064875
      ],
      [
        20.47899993136525,
        54.720009975135326
      ],
      [
        20.47899993136525,
        54.71997996792197
      ],
      [
        20.479009989649057,
        54.71994996070862
      ],
      [
        20.479009989649057,
        54.719919953495264
      ],
      [
        20.479009989649057,
        54.719899920746684
      ],
      [
        20.479009989649057,
        54.71986999735236
      ],
      [
        20.47901996411383,
        54.71984996460378
      ],
      [
        20.479029938578606,
        54.71981995739043
      ],
      [
        20.47903999686241,
        54.71978995017707
      ],
      [
        20.479049971327186,
        54.71975994296372
      ],
      [
        20.479049971327186,
        54.719729935750365
      ],
      [
        20.479049971327186,
        54.71970998682082
      ],
      [
        20.479049971327186,
        54.71968995407224
      ],
      [
        20.479049971327186,
        54.71966992132366
      ],
      [
        20.47903999686241,
        54.71964997239411
      ],
      [
        20.479049971327186,
        54.719639997929335
      ],
      [
        20.47903999686241,
        54.719619965180755
      ],
      [
        20.47903999686241,
        54.719599932432175
      ],
      [
        20.47903999686241,
        54.7195899579674
      ],
      [
        20.47903999686241,
        54.7195899579674
      ],
      [
        20.47903999686241,
        54.7195899579674
      ],
      [
        20.47903999686241,
        54.7195899579674
      ],
      [
        20.47903999686241,
        54.7195899579674
      ],
      [
        20.479089953005314,
        54.719559950754046
      ],
      [
        20.479099927470088,
        54.719559950754046
      ],
      [
        20.479119960218668,
        54.719559950754046
      ],
      [
        20.479139992967248,
        54.719559950754046
      ],
      [
        20.479159941896796,
        54.719559950754046
      ],
      [
        20.479199923574924,
        54.719559950754046
      ],
      [
        20.479239989072084,
        54.71953991800547
      ],
      [
        20.47929991967976,
        54.71953991800547
      ],
      [
        20.47933998517692,
        54.71952994354069
      ],
      [
        20.47939999960363,
        54.71954997628927
      ],
      [
        20.47944995574653,
        54.71954997628927
      ],
      [
        20.47948993742466,
        54.719559950754046
      ],
      [
        20.479529919102788,
        54.71956992521882
      ],
      [
        20.479569984599948,
        54.71956992521882
      ],
      [
        20.479599991813302,
        54.71956992521882
      ],
      [
        20.479629999026656,
        54.71956992521882
      ],
      [
        20.479629999026656,
        54.71956992521882
      ],
      [
        20.479629999026656,
        54.71956992521882
      ],
      [
        20.47980995848775,
        54.719579983502626
      ],
      [
        20.47980995848775,
        54.719599932432175
      ],
      [
        20.47980995848775,
        54.719619965180755
      ],
      [
        20.47980995848775,
        54.719639997929335
      ],
      [
        20.479799984022975,
        54.71964997239411
      ],
      [
        20.479799984022975,
        54.71966992132366
      ],
      [
        20.479799984022975,
        54.71968995407224
      ],
      [
        20.479799984022975,
        54.71971996128559
      ],
      [
        20.47978992573917,
        54.719749968498945
      ],
      [
        20.479779951274395,
        54.71976991742849
      ],
      [
        20.479779951274395,
        54.71979992464185
      ],
      [
        20.47976997680962,
        54.7198299318552
      ],
      [
        20.479779951274395,
        54.719859939068556
      ],
      [
        20.479779951274395,
        54.719879971817136
      ],
      [
        20.47976997680962,
        54.71990997903049
      ],
      [
        20.47976997680962,
        54.719939986243844
      ],
      [
        20.47976997680962,
        54.7199699934572
      ],
      [
        20.47976997680962,
        54.71999991685152
      ],
      [
        20.47976997680962,
        54.72003998234868
      ],
      [
        20.47976997680962,
        54.72007996402681
      ],
      [
        20.479759918525815,
        54.72010997124016
      ],
      [
        20.47974994406104,
        54.72014995291829
      ],
      [
        20.47974994406104,
        54.72018993459642
      ],
      [
        20.479729995131493,
        54.72022991627455
      ],
      [
        20.479709962382913,
        54.72026998177171
      ],
      [
        20.479669980704784,
        54.720289930701256
      ],
      [
        20.47961994074285,
        54.72029998898506
      ],
      [
        20.479569984599948,
        54.720309963449836
      ],
      [
        20.479519944638014,
        54.72031993791461
      ],
      [
        20.47946998849511,
        54.72031993791461
      ],
      [
        20.479419948533177,
        54.72031993791461
      ],
      [
        20.479369992390275,
        54.72031993791461
      ],
      [
        20.479309977963567,
        54.72031993791461
      ],
      [
        20.479259938001633,
        54.72031993791461
      ],
      [
        20.479199923574924,
        54.720329996198416
      ],
      [
        20.479139992967248,
        54.720349945127964
      ],
      [
        20.479089953005314,
        54.72037995234132
      ],
      [
        20.479049971327186,
        54.7203999850899
      ],
      [
        20.479009989649057,
        54.72042999230325
      ],
      [
        20.478969924151897,
        54.7204499412328
      ],
      [
        20.478919968008995,
        54.720479948446155
      ],
      [
        20.478849979117513,
        54.72048992291093
      ],
      [
        20.47877999022603,
        54.72048992291093
      ],
      [
        20.478699943050742,
        54.72048992291093
      ],
      [
        20.47860992141068,
        54.720479948446155
      ],
      [
        20.478509925305843,
        54.720479948446155
      ],
      [
        20.478409929201007,
        54.720479948446155
      ],
      [
        20.47830993309617,
        54.720479948446155
      ],
      [
        20.47819996252656,
        54.72048992291093
      ],
      [
        20.47808999195695,
        54.72048992291093
      ],
      [
        20.477979937568307,
        54.720479948446155
      ],
      [
        20.477859992533922,
        54.720479948446155
      ],
      [
        20.477739963680506,
        54.720479948446155
      ],
      [
        20.47761993482709,
        54.720479948446155
      ],
      [
        20.477499989792705,
        54.72046997398138
      ],
      [
        20.477389935404062,
        54.72046997398138
      ],
      [
        20.477269990369678,
        54.720459999516606
      ],
      [
        20.477159935981035,
        54.720459999516606
      ],
      [
        20.477049965411425,
        54.720459999516606
      ],
      [
        20.476939994841814,
        54.720459999516606
      ],
      [
        20.47682994045317,
        54.7204499412328
      ],
      [
        20.47671996988356,
        54.7204499412328
      ],
      [
        20.476619973778725,
        54.7204499412328
      ],
      [
        20.476519977673888,
        54.720459999516606
      ],
      [
        20.4764399304986,
        54.720479948446155
      ],
      [
        20.476359967142344,
        54.720499981194735
      ],
      [
        20.47628997825086,
        54.72051993012428
      ],
      [
        20.476229963824153,
        54.72053996287286
      ],
      [
        20.47617992386222,
        54.72055999562144
      ],
      [
        20.476149916648865,
        54.720589919015765
      ],
      [
        20.47615997493267,
        54.720629984512925
      ],
      [
        20.47617992386222,
        54.72065999172628
      ],
      [
        20.476189982146025,
        54.72068999893963
      ],
      [
        20.476189982146025,
        54.720719922333956
      ],
      [
        20.47615997493267,
        54.72074992954731
      ],
      [
        20.476129967719316,
        54.720779936760664
      ],
      [
        20.47608998604119,
        54.72080994397402
      ],
      [
        20.476059978827834,
        54.72083995118737
      ],
      [
        20.47602997161448,
        54.7208799328655
      ],
      [
        20.476019997149706,
        54.720909940078855
      ],
      [
        20.4760099388659,
        54.72093994729221
      ],
      [
        20.475999964401126,
        54.72097992897034
      ],
      [
        20.475999964401126,
        54.7210199944675
      ],
      [
        20.4760099388659,
        54.721059976145625
      ],
      [
        20.47602997161448,
        54.72109995782375
      ],
      [
        20.47604992054403,
        54.72113993950188
      ],
      [
        20.47608998604119,
        54.721169946715236
      ],
      [
        20.476129967719316,
        54.72119995392859
      ],
      [
        20.47617992386222,
        54.72121998667717
      ],
      [
        20.476239938288927,
        54.721249993890524
      ],
      [
        20.47628997825086,
        54.72126994282007
      ],
      [
        20.476339934393764,
        54.721279917284846
      ],
      [
        20.476379999890924,
        54.721299950033426
      ],
      [
        20.47641998156905,
        54.721319982782006
      ],
      [
        20.47647999599576,
        54.721339931711555
      ],
      [
        20.476529952138662,
        54.721359964460135
      ],
      [
        20.476579992100596,
        54.721379997208714
      ],
      [
        20.4766299482435,
        54.72139994613826
      ],
      [
        20.476679988205433,
        54.72141997888684
      ],
      [
        20.476729944348335,
        54.72143992781639
      ],
      [
        20.47677998431027,
        54.721469935029745
      ],
      [
        20.476819965988398,
        54.721489967778325
      ],
      [
        20.47684997320175,
        54.72151997499168
      ],
      [
        20.476879980415106,
        54.72153992392123
      ],
      [
        20.47690998762846,
        54.72156993113458
      ],
      [
        20.476939994841814,
        54.72158996388316
      ],
      [
        20.476949969306588,
        54.72160999663174
      ],
      [
        20.476959943771362,
        54.721639920026064
      ],
      [
        20.476959943771362,
        54.721659952774644
      ],
      [
        20.476959943771362,
        54.721689959988
      ],
      [
        20.476959943771362,
        54.72170999273658
      ],
      [
        20.476949969306588,
        54.721729941666126
      ],
      [
        20.476949969306588,
        54.721749974414706
      ],
      [
        20.476949969306588,
        54.72175994887948
      ],
      [
        20.476949969306588,
        54.72175994887948
      ],
      [
        20.476949969306588,
        54.72175994887948
      ],
      [
        20.476949969306588,
        54.72175994887948
      ],
      [
        20.476929936558008,
        54.721809988841414
      ],
      [
        20.476929936558008,
        54.72181996330619
      ],
      [
        20.476919962093234,
        54.72183999605477
      ],
      [
        20.476929936558008,
        54.72185994498432
      ],
      [
        20.476929936558008,
        54.72188995219767
      ],
      [
        20.476929936558008,
        54.72190998494625
      ],
      [
        20.476929936558008,
        54.7219299338758
      ],
      [
        20.476929936558008,
        54.72195994108915
      ],
      [
        20.476929936558008,
        54.72197997383773
      ],
      [
        20.476929936558008,
        54.72201995551586
      ],
      [
        20.476929936558008,
        54.722049962729216
      ],
      [
        20.476929936558008,
        54.72207996994257
      ],
      [
        20.476929936558008,
        54.7221199516207
      ],
      [
        20.476919962093234,
        54.72214995883405
      ],
      [
        20.47690998762846,
        54.722179966047406
      ],
      [
        20.47690998762846,
        54.722219947725534
      ],
      [
        20.476899929344654,
        54.72225992940366
      ],
      [
        20.476899929344654,
        54.72229999490082
      ],
      [
        20.476899929344654,
        54.722329918295145
      ],
      [
        20.476899929344654,
        54.7223599255085
      ],
      [
        20.47688995487988,
        54.72239999100566
      ],
      [
        20.476879980415106,
        54.72242999821901
      ],
      [
        20.4768699221313,
        54.72246997989714
      ],
      [
        20.4768699221313,
        54.72250996157527
      ],
      [
        20.4768699221313,
        54.7225499432534
      ],
      [
        20.4768699221313,
        54.722589924931526
      ],
      [
        20.476879980415106,
        54.722629990428686
      ],
      [
        20.476879980415106,
        54.722669972106814
      ],
      [
        20.476879980415106,
        54.72270995378494
      ],
      [
        20.4768699221313,
        54.72275999374688
      ],
      [
        20.4768699221313,
        54.722799975425005
      ],
      [
        20.4768699221313,
        54.72283995710313
      ],
      [
        20.4768699221313,
        54.72287993878126
      ],
      [
        20.4768699221313,
        54.72291992045939
      ],
      [
        20.476859947666526,
        54.722969960421324
      ],
      [
        20.47684997320175,
        54.723019916564226
      ],
      [
        20.476839998736978,
        54.723059982061386
      ],
      [
        20.47682994045317,
        54.723099963739514
      ],
      [
        20.476819965988398,
        54.72314991988242
      ],
      [
        20.476809991523623,
        54.72319995984435
      ],
      [
        20.476799933239818,
        54.723249999806285
      ],
      [
        20.476799933239818,
        54.72329995594919
      ],
      [
        20.47677998431027,
        54.72334999591112
      ],
      [
        20.476749977096915,
        54.723379919305444
      ],
      [
        20.47669993713498,
        54.72338997758925
      ],
      [
        20.476619973778725,
        54.72338997758925
      ],
      [
        20.476539926603436,
        54.72338997758925
      ],
      [
        20.47645996324718,
        54.72338997758925
      ],
      [
        20.476379999890924,
        54.723399952054024
      ],
      [
        20.47628997825086,
        54.7234099265188
      ],
      [
        20.4761999566108,
        54.7234099265188
      ],
      [
        20.476119993254542,
        54.7234099265188
      ],
      [
        20.47602997161448,
        54.723419984802604
      ],
      [
        20.475939949974418,
        54.72342995926738
      ],
      [
        20.475849928334355,
        54.72342995926738
      ],
      [
        20.475759990513325,
        54.72343993373215
      ],
      [
        20.475669968873262,
        54.72343993373215
      ],
      [
        20.4755799472332,
        54.72343993373215
      ],
      [
        20.475479951128364,
        54.72343993373215
      ],
      [
        20.475379955023527,
        54.72344999201596
      ],
      [
        20.475289933383465,
        54.72343993373215
      ],
      [
        20.47518993727863,
        54.72343993373215
      ],
      [
        20.475099999457598,
        54.72343993373215
      ],
      [
        20.475009977817535,
        54.72344999201596
      ],
      [
        20.4749099817127,
        54.72344999201596
      ],
      [
        20.474819960072637,
        54.72345996648073
      ],
      [
        20.474729938432574,
        54.723469940945506
      ],
      [
        20.474649975076318,
        54.723469940945506
      ],
      [
        20.474559953436255,
        54.723469940945506
      ],
      [
        20.47447999008,
        54.72345996648073
      ],
      [
        20.47439994290471,
        54.72345996648073
      ],
      [
        20.474319979548454,
        54.723469940945506
      ],
      [
        20.474239932373166,
        54.723469940945506
      ],
      [
        20.474149994552135,
        54.723469940945506
      ],
      [
        20.474069947376847,
        54.723469940945506
      ],
      [
        20.473979925736785,
        54.72347999922931
      ],
      [
        20.473889987915754,
        54.723489973694086
      ],
      [
        20.473809940740466,
        54.723489973694086
      ],
      [
        20.473719919100404,
        54.723489973694086
      ],
      [
        20.473629981279373,
        54.723489973694086
      ],
      [
        20.47353995963931,
        54.723489973694086
      ],
      [
        20.473459996283054,
        54.72347999922931
      ],
      [
        20.473369974642992,
        54.72347999922931
      ],
      [
        20.47327995300293,
        54.72347999922931
      ],
      [
        20.473189931362867,
        54.72347999922931
      ],
      [
        20.473099993541837,
        54.72347999922931
      ],
      [
        20.473009971901774,
        54.72347999922931
      ],
      [
        20.472929924726486,
        54.72347999922931
      ],
      [
        20.472839986905456,
        54.723489973694086
      ],
      [
        20.472749965265393,
        54.723489973694086
      ],
      [
        20.472669918090105,
        54.723489973694086
      ],
      [
        20.47256992198527,
        54.723489973694086
      ],
      [
        20.472479984164238,
        54.723489973694086
      ],
      [
        20.472389962524176,
        54.723489973694086
      ],
      [
        20.472299940884113,
        54.723489973694086
      ],
      [
        20.47220991924405,
        54.723489973694086
      ],
      [
        20.47211998142302,
        54.723489973694086
      ],
      [
        20.472029959782958,
        54.723489973694086
      ],
      [
        20.471939938142896,
        54.723489973694086
      ],
      [
        20.471849916502833,
        54.723489973694086
      ],
      [
        20.471759978681803,
        54.72349994815886
      ],
      [
        20.47166995704174,
        54.72349994815886
      ],
      [
        20.471579935401678,
        54.72349994815886
      ],
      [
        20.47149997204542,
        54.72349994815886
      ],
      [
        20.471449932083488,
        54.72349994815886
      ],
      [
        20.471449932083488,
        54.72349994815886
      ],
      [
        20.471449932083488,
        54.72349994815886
      ],
      [
        20.471449932083488,
        54.72349994815886
      ],
      [
        20.47134993597865,
        54.72345996648073
      ],
      [
        20.471319928765297,
        54.72345996648073
      ],
      [
        20.471289921551943,
        54.72345996648073
      ],
      [
        20.47125999815762,
        54.723469940945506
      ],
      [
        20.471229990944266,
        54.723469940945506
      ],
      [
        20.471189925447106,
        54.72345996648073
      ],
      [
        20.471149943768978,
        54.72345996648073
      ],
      [
        20.47110996209085,
        54.72344999201596
      ],
      [
        20.471059922128916,
        54.72343993373215
      ],
      [
        20.471009965986013,
        54.72343993373215
      ],
      [
        20.47095992602408,
        54.72344999201596
      ],
      [
        20.470899995416403,
        54.72344999201596
      ],
      [
        20.47084995545447,
        54.72344999201596
      ],
      [
        20.47078994102776,
        54.72344999201596
      ],
      [
        20.470739984884858,
        54.72344999201596
      ],
      [
        20.470689944922924,
        54.72344999201596
      ],
      [
        20.470649963244796,
        54.72344999201596
      ],
      [
        20.47059992328286,
        54.72345996648073
      ],
      [
        20.470559941604733,
        54.72345996648073
      ],
      [
        20.47052993439138,
        54.72345996648073
      ],
      [
        20.47048995271325,
        54.723469940945506
      ],
      [
        20.470449971035123,
        54.723469940945506
      ],
      [
        20.47041996382177,
        54.723469940945506
      ],
      [
        20.47039993107319,
        54.72347999922931
      ],
      [
        20.47037998214364,
        54.723489973694086
      ],
      [
        20.47035994939506,
        54.72349994815886
      ],
      [
        20.47033991664648,
        54.72351998090744
      ],
      [
        20.470299934968352,
        54.72353992983699
      ],
      [
        20.470269927754998,
        54.723549988120794
      ],
      [
        20.470219971612096,
        54.72356993705034
      ],
      [
        20.470179989933968,
        54.72357999533415
      ],
      [
        20.470139924436808,
        54.7235999442637
      ],
      [
        20.470109917223454,
        54.72362995147705
      ],
      [
        20.47007999382913,
        54.72364998422563
      ],
      [
        20.47003992833197,
        54.72366993315518
      ],
      [
        20.46998997218907,
        54.72368996590376
      ],
      [
        20.469959964975715,
        54.72371997311711
      ],
      [
        20.46992995776236,
        54.72373992204666
      ],
      [
        20.469889976084232,
        54.72375995479524
      ],
      [
        20.469849994406104,
        54.72377998754382
      ],
      [
        20.469809928908944,
        54.723809994757175
      ],
      [
        20.469769947230816,
        54.723829943686724
      ],
      [
        20.469739940017462,
        54.7238399181515
      ],
      [
        20.469719991087914,
        54.723849976435304
      ],
      [
        20.469699958339334,
        54.72385995090008
      ],
      [
        20.469699958339334,
        54.72385995090008
      ],
      [
        20.469639943912625,
        54.72385995090008
      ],
      [
        20.469619994983077,
        54.723849976435304
      ],
      [
        20.46960993669927,
        54.7238399181515
      ],
      [
        20.469589987769723,
        54.7238399181515
      ],
      [
        20.469569955021143,
        54.72381996922195
      ],
      [
        20.469549922272563,
        54.72381996922195
      ],
      [
        20.469529973343015,
        54.72379993647337
      ],
      [
        20.469509940594435,
        54.72377998754382
      ],
      [
        20.46947993338108,
        54.723769929260015
      ],
      [
        20.469449926167727,
        54.72374998033047
      ],
      [
        20.46942997723818,
        54.72372994758189
      ],
      [
        20.469399970024824,
        54.72370999865234
      ],
      [
        20.469379937276244,
        54.723679991438985
      ],
      [
        20.469339955598116,
        54.723659958690405
      ],
      [
        20.469309948384762,
        54.723639925941825
      ],
      [
        20.469269966706634,
        54.72362995147705
      ],
      [
        20.46923995949328,
        54.7235999442637
      ],
      [
        20.469209952279925,
        54.72357999533415
      ],
      [
        20.46917994506657,
        54.72355996258557
      ],
      [
        20.469139963388443,
        54.72353992983699
      ],
      [
        20.46910995617509,
        54.72351998090744
      ],
      [
        20.469079948961735,
        54.72349994815886
      ],
      [
        20.46904994174838,
        54.723489973694086
      ],
      [
        20.46899998560548,
        54.723489973694086
      ],
      [
        20.46895992010832,
        54.723489973694086
      ],
      [
        20.468929996713996,
        54.723489973694086
      ],
      [
        20.468889931216836,
        54.72349994815886
      ],
      [
        20.468869982287288,
        54.72349994815886
      ],
      [
        20.468859924003482,
        54.723509922623634
      ],
      [
        20.468859924003482,
        54.723509922623634
      ],
      [
        20.468709971755743,
        54.723509922623634
      ],
      [
        20.46867996454239,
        54.723509922623634
      ],
      [
        20.468649957329035,
        54.723509922623634
      ],
      [
        20.46861995011568,
        54.723509922623634
      ],
      [
        20.468579968437552,
        54.723509922623634
      ],
      [
        20.4685499612242,
        54.72349994815886
      ],
      [
        20.46850997954607,
        54.72349994815886
      ],
      [
        20.468469997867942,
        54.72349994815886
      ],
      [
        20.468439990654588,
        54.723509922623634
      ],
      [
        20.468399925157428,
        54.723509922623634
      ],
      [
        20.4683599434793,
        54.723509922623634
      ],
      [
        20.468329936265945,
        54.72349994815886
      ],
      [
        20.46829992905259,
        54.72349994815886
      ],
      [
        20.468259947374463,
        54.72349994815886
      ],
      [
        20.468219965696335,
        54.723509922623634
      ],
      [
        20.468199932947755,
        54.723509922623634
      ],
      [
        20.468179984018207,
        54.72351998090744
      ],
      [
        20.468179984018207,
        54.72351998090744
      ],
      [
        20.468179984018207,
        54.72351998090744
      ],
      [
        20.46807998791337,
        54.72349994815886
      ],
      [
        20.468049980700016,
        54.72349994815886
      ],
      [
        20.468019973486662,
        54.72349994815886
      ],
      [
        20.467989966273308,
        54.72349994815886
      ],
      [
        20.467969933524728,
        54.723489973694086
      ],
      [
        20.467939926311374,
        54.72347999922931
      ],
      [
        20.467919977381825,
        54.723469940945506
      ],
      [
        20.46788997016847,
        54.723469940945506
      ],
      [
        20.46786993741989,
        54.72345996648073
      ],
      [
        20.467839930206537,
        54.72345996648073
      ],
      [
        20.46779994852841,
        54.72345996648073
      ],
      [
        20.46775996685028,
        54.72344999201596
      ],
      [
        20.467709926888347,
        54.72344999201596
      ],
      [
        20.467659970745444,
        54.72344999201596
      ],
      [
        20.467619989067316,
        54.72344999201596
      ],
      [
        20.467569949105382,
        54.72343993373215
      ],
      [
        20.467529967427254,
        54.72343993373215
      ],
      [
        20.467489985749125,
        54.72343993373215
      ],
      [
        20.467469953000546,
        54.72342995926738
      ],
      [
        20.467449920251966,
        54.72342995926738
      ],
      [
        20.467419996857643,
        54.72342995926738
      ],
      [
        20.467399964109063,
        54.723419984802604
      ],
      [
        20.46738998964429,
        54.723419984802604
      ],
      [
        20.46736995689571,
        54.723419984802604
      ],
      [
        20.467299968004227,
        54.7234099265188
      ],
      [
        20.467269960790873,
        54.7234099265188
      ],
      [
        20.467249928042293,
        54.7234099265188
      ],
      [
        20.467229979112744,
        54.7234099265188
      ],
      [
        20.467189997434616,
        54.7234099265188
      ],
      [
        20.467159990221262,
        54.7234099265188
      ],
      [
        20.467119924724102,
        54.7234099265188
      ],
      [
        20.467089917510748,
        54.7234099265188
      ],
      [
        20.46704993583262,
        54.7234099265188
      ],
      [
        20.46700995415449,
        54.723399952054024
      ],
      [
        20.466969972476363,
        54.723399952054024
      ],
      [
        20.466929990798235,
        54.723399952054024
      ],
      [
        20.4668799508363,
        54.723399952054024
      ],
      [
        20.466849943622947,
        54.72338997758925
      ],
      [
        20.466819936409593,
        54.72338997758925
      ],
      [
        20.466779954731464,
        54.72338997758925
      ],
      [
        20.466739973053336,
        54.72338997758925
      ],
      [
        20.466699991375208,
        54.72338997758925
      ],
      [
        20.466659925878048,
        54.72338997758925
      ],
      [
        20.46661994419992,
        54.72338997758925
      ],
      [
        20.466589936986566,
        54.72338997758925
      ],
      [
        20.466549955308437,
        54.72338997758925
      ],
      [
        20.46650997363031,
        54.72338997758925
      ],
      [
        20.466459933668375,
        54.72338997758925
      ],
      [
        20.466419951990247,
        54.72338997758925
      ],
      [
        20.46637997031212,
        54.723379919305444
      ],
      [
        20.46633998863399,
        54.723379919305444
      ],
      [
        20.46629992313683,
        54.72336994484067
      ],
      [
        20.466259941458702,
        54.72336994484067
      ],
      [
        20.466219959780574,
        54.72336994484067
      ],
      [
        20.46616991981864,
        54.72336994484067
      ],
      [
        20.46612993814051,
        54.723359970375896
      ],
      [
        20.46607998199761,
        54.723359970375896
      ],
      [
        20.466029942035675,
        54.723359970375896
      ],
      [
        20.465989960357547,
        54.72334999591112
      ],
      [
        20.46594997867942,
        54.723339937627316
      ],
      [
        20.46590999700129,
        54.723339937627316
      ],
      [
        20.46586993150413,
        54.723339937627316
      ],
      [
        20.465829949826002,
        54.723339937627316
      ],
      [
        20.4657799936831,
        54.723339937627316
      ],
      [
        20.46573992818594,
        54.723339937627316
      ],
      [
        20.465689972043037,
        54.723339937627316
      ],
      [
        20.46564999036491,
        54.72334999591112
      ],
      [
        20.46560992486775,
        54.72334999591112
      ],
      [
        20.465579917654395,
        54.72334999591112
      ],
      [
        20.465549994260073,
        54.723339937627316
      ],
      [
        20.465509928762913,
        54.723339937627316
      ],
      [
        20.46547992154956,
        54.723339937627316
      ],
      [
        20.465429965406656,
        54.723339937627316
      ],
      [
        20.465379925444722,
        54.723339937627316
      ],
      [
        20.46532996930182,
        54.72334999591112
      ],
      [
        20.465279929339886,
        54.723339937627316
      ],
      [
        20.465229973196983,
        54.723339937627316
      ],
      [
        20.46517993323505,
        54.723339937627316
      ],
      [
        20.46511991880834,
        54.723339937627316
      ],
      [
        20.46506996266544,
        54.723339937627316
      ],
      [
        20.465019922703505,
        54.72332996316254
      ],
      [
        20.464959992095828,
        54.72332996316254
      ],
      [
        20.464919926598668,
        54.72332996316254
      ],
      [
        20.464869970455766,
        54.72332996316254
      ],
      [
        20.46481993049383,
        54.72332996316254
      ],
      [
        20.46476997435093,
        54.723339937627316
      ],
      [
        20.464719934388995,
        54.723339937627316
      ],
      [
        20.464679952710867,
        54.72332996316254
      ],
      [
        20.464649945497513,
        54.72331998869777
      ],
      [
        20.464629996567965,
        54.72328998148441
      ],
      [
        20.464629996567965,
        54.72327992320061
      ],
      [
        20.46461993828416,
        54.72325997427106
      ],
      [
        20.464629996567965,
        54.723229967057705
      ],
      [
        20.46463997103274,
        54.723209934309125
      ],
      [
        20.46463997103274,
        54.72317992709577
      ],
      [
        20.46463997103274,
        54.72314991988242
      ],
      [
        20.46463997103274,
        54.723119996488094
      ],
      [
        20.46463997103274,
        54.72308998927474
      ],
      [
        20.46463997103274,
        54.72306995652616
      ],
      [
        20.46463997103274,
        54.723039949312806
      ],
      [
        20.46463997103274,
        54.72300994209945
      ],
      [
        20.46463997103274,
        54.7229799348861
      ],
      [
        20.46463997103274,
        54.722949927672744
      ],
      [
        20.46463997103274,
        54.72291992045939
      ],
      [
        20.464649945497513,
        54.72289997152984
      ],
      [
        20.464649945497513,
        54.72286996431649
      ],
      [
        20.46463997103274,
        54.72283995710313
      ],
      [
        20.46463997103274,
        54.722799975425005
      ],
      [
        20.46463997103274,
        54.722779942676425
      ],
      [
        20.46463997103274,
        54.72274993546307
      ],
      [
        20.464629996567965,
        54.72270995378494
      ],
      [
        20.46461993828416,
        54.72267994657159
      ],
      [
        20.46459998935461,
        54.722669972106814
      ],
      [
        20.464589931070805,
        54.722649939358234
      ],
      [
        20.464589931070805,
        54.722649939358234
      ],
      [
        20.464589931070805,
        54.722649939358234
      ],
      [
        20.464529916644096,
        54.72255991771817
      ],
      [
        20.464509967714548,
        54.72256997600198
      ],
      [
        20.464489934965968,
        54.72257995046675
      ],
      [
        20.46446998603642,
        54.722589924931526
      ],
      [
        20.46444995328784,
        54.72259998321533
      ],
      [
        20.464419946074486,
        54.72259998321533
      ],
      [
        20.46438993886113,
        54.72259998321533
      ],
      [
        20.464359931647778,
        54.72259998321533
      ],
      [
        20.464329924434423,
        54.72259998321533
      ],
      [
        20.464309975504875,
        54.72259998321533
      ],
      [
        20.46427996829152,
        54.72259998321533
      ],
      [
        20.464239986613393,
        54.72259998321533
      ],
      [
        20.46420997940004,
        54.72259998321533
      ],
      [
        20.46416999772191,
        54.722609957680106
      ],
      [
        20.46412993222475,
        54.72261993214488
      ],
      [
        20.464089950546622,
        54.72261993214488
      ],
      [
        20.46403999440372,
        54.722629990428686
      ],
      [
        20.46399992890656,
        54.72261993214488
      ],
      [
        20.463949972763658,
        54.722629990428686
      ],
      [
        20.46390999108553,
        54.72263996489346
      ],
      [
        20.463859951123595,
        54.722649939358234
      ],
      [
        20.463819969445467,
        54.722649939358234
      ],
      [
        20.463769929483533,
        54.72265999764204
      ],
      [
        20.46371997334063,
        54.72265999764204
      ],
      [
        20.463669933378696,
        54.722669972106814
      ],
      [
        20.463629951700568,
        54.722669972106814
      ],
      [
        20.46358997002244,
        54.72267994657159
      ],
      [
        20.463539930060506,
        54.72267994657159
      ],
      [
        20.463489973917603,
        54.72268992103636
      ],
      [
        20.46343993395567,
        54.72268992103636
      ],
      [
        20.463389977812767,
        54.72269997932017
      ],
      [
        20.463339937850833,
        54.72270995378494
      ],
      [
        20.46328998170793,
        54.72270995378494
      ],
      [
        20.463239941745996,
        54.72270995378494
      ],
      [
        20.46319996006787,
        54.72270995378494
      ],
      [
        20.463149920105934,
        54.72271992824972
      ],
      [
        20.463109938427806,
        54.72271992824972
      ],
      [
        20.463059982284904,
        54.72272998653352
      ],
      [
        20.46300994232297,
        54.7227399609983
      ],
      [
        20.462959986180067,
        54.7227399609983
      ],
      [
        20.462909946218133,
        54.72274993546307
      ],
      [
        20.46285999007523,
        54.72275999374688
      ],
      [
        20.46281992457807,
        54.72275999374688
      ],
      [
        20.462779942899942,
        54.72275999374688
      ],
      [
        20.46274993568659,
        54.72275999374688
      ],
      [
        20.46270995400846,
        54.72275999374688
      ],
      [
        20.462659997865558,
        54.72275999374688
      ],
      [
        20.462619932368398,
        54.72275999374688
      ],
      [
        20.462569976225495,
        54.72276996821165
      ],
      [
        20.462509961798787,
        54.722779942676425
      ],
      [
        20.462459921836853,
        54.7227899171412
      ],
      [
        20.46240996569395,
        54.7227899171412
      ],
      [
        20.462359925732017,
        54.72280994988978
      ],
      [
        20.462309969589114,
        54.72280994988978
      ],
      [
        20.46225992962718,
        54.72281992435455
      ],
      [
        20.462199999019504,
        54.72282998263836
      ],
      [
        20.462139984592795,
        54.72282998263836
      ],
      [
        20.462079970166087,
        54.72283995710313
      ],
      [
        20.46201995573938,
        54.72283995710313
      ],
      [
        20.461949966847897,
        54.72284993156791
      ],
      [
        20.46188995242119,
        54.72285998985171
      ],
      [
        20.46182993799448,
        54.72285998985171
      ],
      [
        20.461769923567772,
        54.72286996431649
      ],
      [
        20.461709992960095,
        54.72287993878126
      ],
      [
        20.461649978533387,
        54.72287993878126
      ],
      [
        20.461599938571453,
        54.72288999706507
      ],
      [
        20.461539924144745,
        54.72289997152984
      ],
      [
        20.461489968001842,
        54.722909945994616
      ],
      [
        20.46143992803991,
        54.722909945994616
      ],
      [
        20.461389971897006,
        54.72291992045939
      ],
      [
        20.461349990218878,
        54.722929978743196
      ],
      [
        20.461309924721718,
        54.72293995320797
      ],
      [
        20.46126994304359,
        54.72295998595655
      ],
      [
        20.461239935830235,
        54.722969960421324
      ],
      [
        20.461219986900687,
        54.722969960421324
      ],
      [
        20.461219986900687,
        54.722969960421324
      ],
      [
        20.461219986900687,
        54.722969960421324
      ],
      [
        20.461109932512045,
        54.72295998595655
      ],
      [
        20.461089983582497,
        54.722969960421324
      ],
      [
        20.461059976369143,
        54.7229799348861
      ],
      [
        20.46102996915579,
        54.722989993169904
      ],
      [
        20.460999961942434,
        54.722989993169904
      ],
      [
        20.460959980264306,
        54.72299996763468
      ],
      [
        20.460929973050952,
        54.723019916564226
      ],
      [
        20.460899965837598,
        54.72302997484803
      ],
      [
        20.460869958624244,
        54.723039949312806
      ],
      [
        20.46083995141089,
        54.723039949312806
      ],
      [
        20.46079996973276,
        54.723039949312806
      ],
      [
        20.460769962519407,
        54.72302997484803
      ],
      [
        20.460739955306053,
        54.72300994209945
      ],
      [
        20.4607099480927,
        54.722989993169904
      ],
      [
        20.46066996641457,
        54.7229799348861
      ],
      [
        20.460629984736443,
        54.722969960421324
      ],
      [
        20.46057994477451,
        54.72295998595655
      ],
      [
        20.46053996309638,
        54.72295998595655
      ],
      [
        20.460489923134446,
        54.72295998595655
      ],
      [
        20.460439966991544,
        54.722969960421324
      ],
      [
        20.460379952564836,
        54.722969960421324
      ],
      [
        20.460329996421933,
        54.7229799348861
      ],
      [
        20.460269981995225,
        54.7229799348861
      ],
      [
        20.46021994203329,
        54.7229799348861
      ],
      [
        20.46016998589039,
        54.722969960421324
      ],
      [
        20.460119945928454,
        54.722969960421324
      ],
      [
        20.460069989785552,
        54.72295998595655
      ],
      [
        20.460019949823618,
        54.72295998595655
      ],
      [
        20.45995993539691,
        54.72295998595655
      ],
      [
        20.45991995371878,
        54.72295998595655
      ],
      [
        20.459879972040653,
        54.722969960421324
      ],
      [
        20.4598499648273,
        54.722989993169904
      ],
      [
        20.459839990362525,
        54.72300994209945
      ],
      [
        20.45982993207872,
        54.72302997484803
      ],
      [
        20.459819957613945,
        54.723039949312806
      ],
      [
        20.45980998314917,
        54.72304992377758
      ],
      [
        20.459819957613945,
        54.72306995652616
      ],
      [
        20.459819957613945,
        54.723079930990934
      ],
      [
        20.459839990362525,
        54.72308998927474
      ],
      [
        20.459859939292073,
        54.723099963739514
      ],
      [
        20.459879972040653,
        54.72310993820429
      ],
      [
        20.4598999209702,
        54.723119996488094
      ],
      [
        20.459909979254007,
        54.72313994541764
      ],
      [
        20.459929928183556,
        54.72314991988242
      ],
      [
        20.459949960932136,
        54.72315997816622
      ],
      [
        20.45995993539691,
        54.723169952631
      ],
      [
        20.45995993539691,
        54.723169952631
      ],
      [
        20.45995993539691,
        54.723169952631
      ],
      [
        20.45995993539691,
        54.723169952631
      ],
      [
        20.459969993680716,
        54.72314991988242
      ],
      [
        20.459949960932136,
        54.72313994541764
      ],
      [
        20.45993998646736,
        54.72312997095287
      ],
      [
        20.45991995371878,
        54.723119996488094
      ],
      [
        20.459909979254007,
        54.72310993820429
      ],
      [
        20.459889946505427,
        54.723099963739514
      ],
      [
        20.459879972040653,
        54.72308998927474
      ],
      [
        20.459859939292073,
        54.723079930990934
      ],
      [
        20.45982993207872,
        54.723079930990934
      ],
      [
        20.459819957613945,
        54.72306995652616
      ],
      [
        20.459799924865365,
        54.723059982061386
      ],
      [
        20.459779975935817,
        54.72304992377758
      ],
      [
        20.459759943187237,
        54.72304992377758
      ],
      [
        20.45973999425769,
        54.723039949312806
      ],
      [
        20.45971996150911,
        54.72302997484803
      ],
      [
        20.459669921547174,
        54.723019916564226
      ],
      [
        20.459639998152852,
        54.72300994209945
      ],
      [
        20.459609990939498,
        54.72300994209945
      ],
      [
        20.459589958190918,
        54.72299996763468
      ],
      [
        20.459559950977564,
        54.72299996763468
      ],
      [
        20.45952994376421,
        54.722989993169904
      ],
      [
        20.45948996208608,
        54.7229799348861
      ],
      [
        20.459459954872727,
        54.722969960421324
      ],
      [
        20.459429947659373,
        54.72295998595655
      ],
      [
        20.459389965981245,
        54.722949927672744
      ],
      [
        20.459349984303117,
        54.722949927672744
      ],
      [
        20.459319977089763,
        54.72295998595655
      ],
      [
        20.45928996987641,
        54.72295998595655
      ],
      [
        20.45924998819828,
        54.72295998595655
      ],
      [
        20.459219980984926,
        54.722969960421324
      ],
      [
        20.459189973771572,
        54.722969960421324
      ],
      [
        20.459159966558218,
        54.722969960421324
      ],
      [
        20.459129959344864,
        54.722969960421324
      ],
      [
        20.459089977666736,
        54.7229799348861
      ],
      [
        20.459049995988607,
        54.722969960421324
      ],
      [
        20.459009930491447,
        54.7229799348861
      ],
      [
        20.45896994881332,
        54.722989993169904
      ],
      [
        20.458939941599965,
        54.72299996763468
      ],
      [
        20.45890993438661,
        54.72300994209945
      ],
      [
        20.458869952708483,
        54.72299996763468
      ],
      [
        20.45883994549513,
        54.72299996763468
      ],
      [
        20.45881999656558,
        54.7229799348861
      ],
      [
        20.458809938281775,
        54.72295998595655
      ],
      [
        20.458789989352226,
        54.72293995320797
      ],
      [
        20.458769956603646,
        54.72291992045939
      ],
      [
        20.458749923855066,
        54.722909945994616
      ],
      [
        20.458719916641712,
        54.72288999706507
      ],
      [
        20.458719916641712,
        54.72286996431649
      ],
      [
        20.458719916641712,
        54.72284993156791
      ],
      [
        20.458699967712164,
        54.72283995710313
      ],
      [
        20.45866996049881,
        54.72282998263836
      ],
      [
        20.458639953285456,
        54.72282998263836
      ],
      [
        20.4586099460721,
        54.72282998263836
      ],
      [
        20.458589997142553,
        54.72283995710313
      ],
      [
        20.458589997142553,
        54.72283995710313
      ],
      [
        20.458589997142553,
        54.72283995710313
      ],
      [
        20.458589997142553,
        54.72283995710313
      ],
      [
        20.458549931645393,
        54.72283995710313
      ],
      [
        20.458549931645393,
        54.72282998263836
      ],
      [
        20.458549931645393,
        54.72281992435455
      ],
      [
        20.458569964393973,
        54.72280994988978
      ],
      [
        20.458579938858747,
        54.722799975425005
      ],
      [
        20.458599971607327,
        54.722779942676425
      ],
      [
        20.458599971607327,
        54.72276996821165
      ],
      [
        20.4586099460721,
        54.72275999374688
      ],
      [
        20.4586099460721,
        54.72275999374688
      ],
      [
        20.45864992775023,
        54.72270995378494
      ],
      [
        20.458659986034036,
        54.72268992103636
      ],
      [
        20.458659986034036,
        54.72267994657159
      ],
      [
        20.45866996049881,
        54.72265999764204
      ],
      [
        20.45866996049881,
        54.722649939358234
      ],
      [
        20.458679934963584,
        54.722629990428686
      ],
      [
        20.458679934963584,
        54.72261993214488
      ],
      [
        20.45866996049881,
        54.722609957680106
      ],
      [
        20.45866996049881,
        54.722609957680106
      ],
      [
        20.45866996049881,
        54.722609957680106
      ],
      [
        20.45866996049881,
        54.722609957680106
      ],
      [
        20.4586099460721,
        54.722589924931526
      ],
      [
        20.458589997142553,
        54.722589924931526
      ],
      [
        20.458569964393973,
        54.72257995046675
      ],
      [
        20.45853995718062,
        54.72257995046675
      ],
      [
        20.458509949967265,
        54.72257995046675
      ],
      [
        20.458469968289137,
        54.72256997600198
      ],
      [
        20.458419928327203,
        54.72256997600198
      ],
      [
        20.4583699721843,
        54.72256997600198
      ],
      [
        20.458329990506172,
        54.72255991771817
      ],
      [
        20.458279950544238,
        54.72255991771817
      ],
      [
        20.45823996886611,
        54.7225499432534
      ],
      [
        20.45819998718798,
        54.722539968788624
      ],
      [
        20.45815992169082,
        54.72252999432385
      ],
      [
        20.458119940012693,
        54.722519936040044
      ],
      [
        20.45808993279934,
        54.72248992882669
      ],
      [
        20.458079958334565,
        54.72246997989714
      ],
      [
        20.45806998386979,
        54.72243997268379
      ],
      [
        20.45806998386979,
        54.72241993993521
      ],
      [
        20.45806998386979,
        54.72238993272185
      ],
      [
        20.45806998386979,
        54.722369983792305
      ],
      [
        20.458059925585985,
        54.722349951043725
      ],
      [
        20.45804995112121,
        54.72233997657895
      ],
      [
        20.458039976656437,
        54.722329918295145
      ],
      [
        20.458039976656437,
        54.722329918295145
      ],
      [
        20.458039976656437,
        54.722329918295145
      ],
      [
        20.457949955016375,
        54.722239980474114
      ],
      [
        20.457929922267795,
        54.72222992219031
      ],
      [
        20.45791994780302,
        54.72220997326076
      ],
      [
        20.457889940589666,
        54.72218994051218
      ],
      [
        20.457859933376312,
        54.72216999158263
      ],
      [
        20.457829926162958,
        54.72214995883405
      ],
      [
        20.45780997723341,
        54.72212992608547
      ],
      [
        20.457779970020056,
        54.722109977155924
      ],
      [
        20.4577499628067,
        54.72207996994257
      ],
      [
        20.457719955593348,
        54.722049962729216
      ],
      [
        20.457689948379993,
        54.72201995551586
      ],
      [
        20.45765994116664,
        54.72198994830251
      ],
      [
        20.45763999223709,
        54.72195994108915
      ],
      [
        20.457609985023737,
        54.7219299338758
      ],
      [
        20.457569919526577,
        54.72190998494625
      ],
      [
        20.45752993784845,
        54.7218799777329
      ],
      [
        20.457499930635095,
        54.72184997051954
      ],
      [
        20.45748995617032,
        54.721809988841414
      ],
      [
        20.45748995617032,
        54.721769923344254
      ],
      [
        20.45748995617032,
        54.721729941666126
      ],
      [
        20.457499930635095,
        54.721689959988
      ],
      [
        20.457499930635095,
        54.72164997830987
      ],
      [
        20.457499930635095,
        54.721599938347936
      ],
      [
        20.457499930635095,
        54.72155995666981
      ],
      [
        20.457499930635095,
        54.72150991670787
      ],
      [
        20.4575099889189,
        54.72145996056497
      ],
      [
        20.457519963383675,
        54.72141997888684
      ],
      [
        20.457519963383675,
        54.721379997208714
      ],
      [
        20.45752993784845,
        54.72132995724678
      ],
      [
        20.457539996132255,
        54.721279917284846
      ],
      [
        20.457539996132255,
        54.72123993560672
      ],
      [
        20.457539996132255,
        54.721189979463816
      ],
      [
        20.45754997059703,
        54.72114999778569
      ],
      [
        20.45754997059703,
        54.72109995782375
      ],
      [
        20.457559945061803,
        54.72104991786182
      ],
      [
        20.457559945061803,
        54.72099996171892
      ],
      [
        20.457569919526577,
        54.72095998004079
      ],
      [
        20.457579977810383,
        54.720909940078855
      ],
      [
        20.457589952275157,
        54.7208799328655
      ],
      [
        20.457589952275157,
        54.72083995118737
      ],
      [
        20.45759992673993,
        54.720799969509244
      ],
      [
        20.457589952275157,
        54.720759987831116
      ],
      [
        20.457589952275157,
        54.720719922333956
      ],
      [
        20.457589952275157,
        54.72067994065583
      ],
      [
        20.457589952275157,
        54.7206399589777
      ],
      [
        20.45759992673993,
        54.720589919015765
      ],
      [
        20.45759992673993,
        54.72055999562144
      ],
      [
        20.45759992673993,
        54.72051993012428
      ],
      [
        20.45761995948851,
        54.720479948446155
      ],
      [
        20.457649966701865,
        54.7204499412328
      ],
      [
        20.457699922844768,
        54.72042999230325
      ],
      [
        20.4577499628067,
        54.72040995955467
      ],
      [
        20.45780997723341,
        54.72040995955467
      ],
      [
        20.457869991660118,
        54.72040995955467
      ],
      [
        20.45791994780302,
        54.72040995955467
      ],
      [
        20.45797996222973,
        54.72040995955467
      ],
      [
        20.458039976656437,
        54.72040995955467
      ],
      [
        20.45808993279934,
        54.7203999850899
      ],
      [
        20.458149947226048,
        54.7203999850899
      ],
      [
        20.458209961652756,
        54.7203999850899
      ],
      [
        20.458259917795658,
        54.7203999850899
      ],
      [
        20.458319932222366,
        54.72038992680609
      ],
      [
        20.458379946649075,
        54.7203999850899
      ],
      [
        20.458439961075783,
        54.7203999850899
      ],
      [
        20.45849997550249,
        54.72038992680609
      ],
      [
        20.4585599899292,
        54.72038992680609
      ],
      [
        20.4586099460721,
        54.720369977876544
      ],
      [
        20.45862997882068,
        54.72033997066319
      ],
      [
        20.45862997882068,
        54.720309963449836
      ],
      [
        20.45862997882068,
        54.72026998177171
      ],
      [
        20.458619920536876,
        54.72023997455835
      ],
      [
        20.458619920536876,
        54.720199992880225
      ],
      [
        20.458619920536876,
        54.72014995291829
      ],
      [
        20.45862997882068,
        54.72010997124016
      ],
      [
        20.45862997882068,
        54.720069989562035
      ],
      [
        20.458619920536876,
        54.7200199496001
      ],
      [
        20.4586099460721,
        54.71997996792197
      ],
      [
        20.458599971607327,
        54.71992992796004
      ],
      [
        20.458589997142553,
        54.719879971817136
      ],
      [
        20.458569964393973,
        54.71983999013901
      ],
      [
        20.4585599899292,
        54.71978995017707
      ],
      [
        20.4585599899292,
        54.71973999403417
      ],
      [
        20.458579938858747,
        54.71969992853701
      ],
      [
        20.458619920536876,
        54.71966992132366
      ],
      [
        20.458679934963584,
        54.71964997239411
      ],
      [
        20.458749923855066,
        54.719639997929335
      ],
      [
        20.45881999656558,
        54.719639997929335
      ],
      [
        20.458889985457063,
        54.719639997929335
      ],
      [
        20.458959974348545,
        54.71962993964553
      ],
      [
        20.459029963240027,
        54.71962993964553
      ],
      [
        20.459109926596284,
        54.71962993964553
      ],
      [
        20.459179999306798,
        54.719619965180755
      ],
      [
        20.459259962663054,
        54.71960999071598
      ],
      [
        20.459329951554537,
        54.71960999071598
      ],
      [
        20.459389965981245,
        54.71960999071598
      ],
      [
        20.459439922124147,
        54.71960999071598
      ],
      [
        20.45948996208608,
        54.71960999071598
      ],
      [
        20.459559950977564,
        54.71960999071598
      ],
      [
        20.459619965404272,
        54.719599932432175
      ],
      [
        20.459689954295754,
        54.719599932432175
      ],
      [
        20.459759943187237,
        54.71960999071598
      ],
      [
        20.45982993207872,
        54.71960999071598
      ],
      [
        20.4598999209702,
        54.71960999071598
      ],
      [
        20.45995993539691,
        54.71962993964553
      ],
      [
        20.460039982572198,
        54.719639997929335
      ],
      [
        20.46010997146368,
        54.719639997929335
      ],
      [
        20.460189934819937,
        54.719639997929335
      ],
      [
        20.460269981995225,
        54.71964997239411
      ],
      [
        20.460339970886707,
        54.71965994685888
      ],
      [
        20.460419934242964,
        54.71965994685888
      ],
      [
        20.460499981418252,
        54.71965994685888
      ],
      [
        20.46057994477451,
        54.71964997239411
      ],
      [
        20.460659991949797,
        54.71965994685888
      ],
      [
        20.460739955306053,
        54.71965994685888
      ],
      [
        20.460809944197536,
        54.71965994685888
      ],
      [
        20.460889991372824,
        54.71965994685888
      ],
      [
        20.460959980264306,
        54.71965994685888
      ],
      [
        20.461039943620563,
        54.71966992132366
      ],
      [
        20.46111999079585,
        54.71966992132366
      ],
      [
        20.461199954152107,
        54.71967997960746
      ],
      [
        20.461279917508364,
        54.71967997960746
      ],
      [
        20.461359964683652,
        54.71968995407224
      ],
      [
        20.461449986323714,
        54.71968995407224
      ],
      [
        20.46152994967997,
        54.71968995407224
      ],
      [
        20.46160999685526,
        54.71969992853701
      ],
      [
        20.46169993467629,
        54.71969992853701
      ],
      [
        20.461779981851578,
        54.71968995407224
      ],
      [
        20.461859945207834,
        54.71967997960746
      ],
      [
        20.461939992383122,
        54.71968995407224
      ],
      [
        20.46201995573938,
        54.71968995407224
      ],
      [
        20.46208994463086,
        54.71968995407224
      ],
      [
        20.462139984592795,
        54.71969992853701
      ],
      [
        20.462179966270924,
        54.71968995407224
      ],
      [
        20.462209973484278,
        54.71967997960746
      ],
      [
        20.462239980697632,
        54.71967997960746
      ],
      [
        20.46227996237576,
        54.71968995407224
      ],
      [
        20.46231994405389,
        54.71969992853701
      ],
      [
        20.462369984015822,
        54.71971996128559
      ],
      [
        20.46242999844253,
        54.719729935750365
      ],
      [
        20.462489929050207,
        54.719729935750365
      ],
      [
        20.462569976225495,
        54.719729935750365
      ],
      [
        20.462639965116978,
        54.719729935750365
      ],
      [
        20.46270995400846,
        54.71973999403417
      ],
      [
        20.462779942899942,
        54.71973999403417
      ],
      [
        20.462849931791425,
        54.71973999403417
      ],
      [
        20.462929978966713,
        54.71973999403417
      ],
      [
        20.462999967858195,
        54.71973999403417
      ],
      [
        20.463069956749678,
        54.71973999403417
      ],
      [
        20.46313994564116,
        54.719749968498945
      ],
      [
        20.463209934532642,
        54.719749968498945
      ],
      [
        20.463279923424125,
        54.719749968498945
      ],
      [
        20.46334999613464,
        54.719749968498945
      ],
      [
        20.463409926742315,
        54.71975994296372
      ],
      [
        20.463489973917603,
        54.71975994296372
      ],
      [
        20.46354998834431,
        54.71976991742849
      ],
      [
        20.463629951700568,
        54.71976991742849
      ],
      [
        20.46369994059205,
        54.71976991742849
      ],
      [
        20.463769929483533,
        54.7197799757123
      ],
      [
        20.46384997665882,
        54.7197799757123
      ],
      [
        20.463919965550303,
        54.7197799757123
      ],
      [
        20.46399992890656,
        54.71978995017707
      ],
      [
        20.464079976081848,
        54.71978995017707
      ],
      [
        20.46416999772191,
        54.71978995017707
      ],
      [
        20.464239986613393,
        54.71979992464185
      ],
      [
        20.464329924434423,
        54.71979992464185
      ],
      [
        20.464419946074486,
        54.71979992464185
      ],
      [
        20.464499993249774,
        54.71979992464185
      ],
      [
        20.46457995660603,
        54.71980998292565
      ],
      [
        20.464659919962287,
        54.71981995739043
      ],
      [
        20.464739967137575,
        54.71981995739043
      ],
      [
        20.464809956029058,
        54.71981995739043
      ],
      [
        20.46487994492054,
        54.71981995739043
      ],
      [
        20.464939959347248,
        54.71981995739043
      ],
      [
        20.464979941025376,
        54.71981995739043
      ],
      [
        20.464979941025376,
        54.71981995739043
      ],
      [
        20.464979941025376,
        54.71981995739043
      ],
      [
        20.464979941025376,
        54.71981995739043
      ],
      [
        20.46506996266544,
        54.71978995017707
      ],
      [
        20.465099969878793,
        54.7197799757123
      ],
      [
        20.465129977092147,
        54.71976991742849
      ],
      [
        20.4651599843055,
        54.71975994296372
      ],
      [
        20.465189991518855,
        54.71975994296372
      ],
      [
        20.465229973196983,
        54.71975994296372
      ],
      [
        20.465259980410337,
        54.71975994296372
      ],
      [
        20.46528998762369,
        54.719749968498945
      ],
      [
        20.465319994837046,
        54.71973999403417
      ],
      [
        20.465339943766594,
        54.71971996128559
      ],
      [
        20.465379925444722,
        54.71970998682082
      ],
      [
        20.465419990941882,
        54.71969992853701
      ],
      [
        20.46545997262001,
        54.71967997960746
      ],
      [
        20.465509928762913,
        54.71965994685888
      ],
      [
        20.465559968724847,
        54.71962993964553
      ],
      [
        20.46560992486775,
        54.719599932432175
      ],
      [
        20.465669939294457,
        54.71956992521882
      ],
      [
        20.465729953721166,
        54.71953991800547
      ],
      [
        20.465789968147874,
        54.719509994611144
      ],
      [
        20.465849982574582,
        54.719469929113984
      ],
      [
        20.465919971466064,
        54.71943992190063
      ],
      [
        20.465979985892773,
        54.71940999850631
      ],
      [
        20.466049974784255,
        54.71937999129295
      ],
      [
        20.466109989210963,
        54.71933992579579
      ],
      [
        20.466179978102446,
        54.719299944117665
      ],
      [
        20.466249966993928,
        54.71925996243954
      ],
      [
        20.46631995588541,
        54.71921998076141
      ],
      [
        20.46637997031212,
        54.719189973548055
      ],
      [
        20.4664499592036,
        54.71914999186993
      ],
      [
        20.466519948095083,
        54.71910992637277
      ],
      [
        20.46657996252179,
        54.71907991915941
      ],
      [
        20.466649951413274,
        54.719039937481284
      ],
      [
        20.466719940304756,
        54.718999955803156
      ],
      [
        20.46678992919624,
        54.7189699485898
      ],
      [
        20.466849943622947,
        54.71892996691167
      ],
      [
        20.46691993251443,
        54.718889985233545
      ],
      [
        20.466999979689717,
        54.71885997802019
      ],
      [
        20.4670699685812,
        54.71881999634206
      ],
      [
        20.467149931937456,
        54.71879996359348
      ],
      [
        20.46723995357752,
        54.71879996359348
      ],
      [
        20.467309942469,
        54.71881999634206
      ],
      [
        20.46736995689571,
        54.718849919736385
      ],
      [
        20.467429971322417,
        54.718869952484965
      ],
      [
        20.467489985749125,
        54.71889995969832
      ],
      [
        20.467559974640608,
        54.71892996691167
      ],
      [
        20.467619989067316,
        54.71895997412503
      ],
      [
        20.4676899779588,
        54.71898998133838
      ],
      [
        20.46775996685028,
        54.71900993026793
      ],
      [
        20.467839930206537,
        54.719039937481284
      ],
      [
        20.46790991909802,
        54.71906994469464
      ],
      [
        20.467979991808534,
        54.71909995190799
      ],
      [
        20.468049980700016,
        54.71912995912135
      ],
      [
        20.4681199695915,
        54.7191599663347
      ],
      [
        20.46818995848298,
        54.71917999908328
      ],
      [
        20.468259947374463,
        54.7192099224776
      ],
      [
        20.46831996180117,
        54.71923992969096
      ],
      [
        20.46837997622788,
        54.71926993690431
      ],
      [
        20.468439990654588,
        54.71928996965289
      ],
      [
        20.46848994679749,
        54.719319976866245
      ],
      [
        20.46852992847562,
        54.71933992579579
      ],
      [
        20.468589942902327,
        54.71936993300915
      ],
      [
        20.468649957329035,
        54.71937999129295
      ],
      [
        20.468709971755743,
        54.7193999402225
      ],
      [
        20.468759927898645,
        54.71941997297108
      ],
      [
        20.46880996786058,
        54.71943992190063
      ],
      [
        20.468869982287288,
        54.71945995464921
      ],
      [
        20.46891993843019,
        54.719489961862564
      ],
      [
        20.46895992010832,
        54.719509994611144
      ],
      [
        20.469009960070252,
        54.71952994354069
      ],
      [
        20.46904994174838,
        54.719559950754046
      ],
      [
        20.46908992342651,
        54.719579983502626
      ],
      [
        20.469119930639863,
        54.719599932432175
      ],
      [
        20.469149937853217,
        54.719619965180755
      ],
      [
        20.469169970601797,
        54.719639997929335
      ],
      [
        20.46919997781515,
        54.71966992132366
      ],
      [
        20.46923995949328,
        54.71968995407224
      ],
      [
        20.469279941171408,
        54.71971996128559
      ],
      [
        20.469319922849536,
        54.71973999403417
      ],
      [
        20.46934993006289,
        54.71976991742849
      ],
      [
        20.469379937276244,
        54.71980998292565
      ],
      [
        20.4694099444896,
        54.71983999013901
      ],
      [
        20.469459984451532,
        54.71986999735236
      ],
      [
        20.46949996612966,
        54.719899920746684
      ],
      [
        20.46953994780779,
        54.71992992796004
      ],
      [
        20.469569955021143,
        54.71995993517339
      ],
      [
        20.469599962234497,
        54.71997996792197
      ],
      [
        20.469639943912625,
        54.720009975135326
      ],
      [
        20.46966995112598,
        54.720029924064875
      ],
      [
        20.469699958339334,
        54.720049956813455
      ],
      [
        20.469729965552688,
        54.72007996402681
      ],
      [
        20.469749998301268,
        54.72009999677539
      ],
      [
        20.46977992169559,
        54.72011994570494
      ],
      [
        20.46981998719275,
        54.72013997845352
      ],
      [
        20.469849994406104,
        54.72016998566687
      ],
      [
        20.469889976084232,
        54.72018993459642
      ],
      [
        20.46990992501378,
        54.72021994180977
      ],
      [
        20.469939932227135,
        54.72023997455835
      ],
      [
        20.46996993944049,
        54.7202599234879
      ],
      [
        20.469999946653843,
        54.72027995623648
      ],
      [
        20.470029953867197,
        54.720309963449836
      ],
      [
        20.47005996108055,
        54.72033997066319
      ],
      [
        20.47007999382913,
        54.72035991959274
      ],
      [
        20.47011997550726,
        54.72037995234132
      ],
      [
        20.470149982720613,
        54.720369977876544
      ],
      [
        20.470129949972034,
        54.720349945127964
      ],
      [
        20.47009994275868,
        54.720329996198416
      ],
      [
        20.47005996108055,
        54.720309963449836
      ],
      [
        20.470019979402423,
        54.72026998177171
      ],
      [
        20.469979997724295,
        54.72023997455835
      ],
      [
        20.469919983297586,
        54.720199992880225
      ],
      [
        20.469869943335652,
        54.720159927383065
      ],
      [
        20.46981998719275,
        54.72011994570494
      ],
      [
        20.46975997276604,
        54.720069989562035
      ],
      [
        20.469709932804108,
        54.720029924064875
      ],
      [
        20.469659976661205,
        54.71997996792197
      ],
      [
        20.46960993669927,
        54.71992992796004
      ],
      [
        20.469569955021143,
        54.71988994628191
      ],
      [
        20.46955998055637,
        54.71984996460378
      ],
      [
        20.469589987769723,
        54.71980998292565
      ],
      [
        20.469639943912625,
        54.7197799757123
      ],
      [
        20.469709932804108,
        54.719749968498945
      ],
      [
        20.469769947230816,
        54.71970998682082
      ],
      [
        20.469809928908944,
        54.71966992132366
      ],
      [
        20.46981998719275,
        54.71964997239411
      ],
      [
        20.4698399361223,
        54.719619965180755
      ],
      [
        20.469849994406104,
        54.719599932432175
      ],
      [
        20.469869943335652,
        54.719579983502626
      ],
      [
        20.46990992501378,
        54.71954997628927
      ],
      [
        20.469939932227135,
        54.71952994354069
      ],
      [
        20.46996993944049,
        54.719509994611144
      ],
      [
        20.46998997218907,
        54.71947998739779
      ],
      [
        20.46998997218907,
        54.71945995464921
      ],
      [
        20.46998997218907,
        54.719429947435856
      ],
      [
        20.46996993944049,
        54.71940999850631
      ],
      [
        20.46994999051094,
        54.71937999129295
      ],
      [
        20.46992995776236,
        54.7193499840796
      ],
      [
        20.469899950549006,
        54.71932995133102
      ],
      [
        20.469879917800426,
        54.719299944117665
      ],
      [
        20.469849994406104,
        54.71927999518812
      ],
      [
        20.469829961657524,
        54.71924998797476
      ],
      [
        20.46981998719275,
        54.71923992969096
      ],
      [
        20.469829961657524,
        54.71921998076141
      ],
      [
        20.4698399361223,
        54.71919994801283
      ],
      [
        20.469869943335652,
        54.71917999908328
      ],
      [
        20.469899950549006,
        54.7191599663347
      ],
      [
        20.469939932227135,
        54.71913993358612
      ],
      [
        20.46996993944049,
        54.71911998465657
      ],
      [
        20.470009921118617,
        54.71909995190799
      ],
      [
        20.47003992833197,
        54.71906994469464
      ],
      [
        20.470069935545325,
        54.71904999576509
      ],
      [
        20.47011997550726,
        54.71900993026793
      ],
      [
        20.470159957185388,
        54.718979923054576
      ],
      [
        20.470199938863516,
        54.71895997412503
      ],
      [
        20.47022994607687,
        54.71892996691167
      ],
      [
        20.470269927754998,
        54.71889995969832
      ],
      [
        20.470309993252158,
        54.718869952484965
      ],
      [
        20.47033991664648,
        54.718849919736385
      ],
      [
        20.47033991664648,
        54.718849919736385
      ],
      [
        20.47037998214364,
        54.71882997080684
      ],
      [
        20.470409989356995,
        54.71879996359348
      ],
      [
        20.47043999657035,
        54.7187799308449
      ],
      [
        20.470479978248477,
        54.718759981915355
      ],
      [
        20.470519959926605,
        54.718719916418195
      ],
      [
        20.47056999988854,
        54.71869996748865
      ],
      [
        20.47061995603144,
        54.71866996027529
      ],
      [
        20.47065993770957,
        54.71863995306194
      ],
      [
        20.470699919387698,
        54.71859997138381
      ],
      [
        20.470739984884858,
        54.71855998970568
      ],
      [
        20.47078994102776,
        54.71852998249233
      ],
      [
        20.470839980989695,
        54.718499975278974
      ],
      [
        20.47086998820305,
        54.718459993600845
      ],
      [
        20.47091994434595,
        54.71842998638749
      ],
      [
        20.47095992602408,
        54.71839997917414
      ],
      [
        20.471009965986013,
        54.71836997196078
      ],
      [
        20.47104994766414,
        54.71833996474743
      ],
      [
        20.47108992934227,
        54.718309957534075
      ],
      [
        20.471119936555624,
        54.718289924785495
      ],
      [
        20.471159918233752,
        54.71825991757214
      ],
      [
        20.471189925447106,
        54.71823996864259
      ],
      [
        20.471229990944266,
        54.71821993589401
      ],
      [
        20.471269972622395,
        54.71818992868066
      ],
      [
        20.471289921551943,
        54.718179954215884
      ],
      [
        20.471319928765297,
        54.718159921467304
      ],
      [
        20.47134993597865,
        54.71814994700253
      ],
      [
        20.471379943192005,
        54.718139972537756
      ],
      [
        20.47140995040536,
        54.71812999807298
      ],
      [
        20.471439957618713,
        54.71812999807298
      ],
      [
        20.471439957618713,
        54.71812999807298
      ],
      [
        20.471439957618713,
        54.71812999807298
      ],
      [
        20.471439957618713,
        54.718049950897694
      ],
      [
        20.47142998315394,
        54.718029918149114
      ],
      [
        20.471449932083488,
        54.718009969219565
      ],
      [
        20.47147993929684,
        54.71799999475479
      ],
      [
        20.471509946510196,
        54.71796998754144
      ],
      [
        20.47153995372355,
        54.71793998032808
      ],
      [
        20.471589993685484,
        54.71790997311473
      ],
      [
        20.471629975363612,
        54.717879965901375
      ],
      [
        20.471679931506515,
        54.71783998422325
      ],
      [
        20.47172997146845,
        54.71780997700989
      ],
      [
        20.471789985895157,
        54.71777996979654
      ],
      [
        20.471829967573285,
        54.71773998811841
      ],
      [
        20.471879923716187,
        54.71769992262125
      ],
      [
        20.471939938142896,
        54.71766999922693
      ],
      [
        20.47198997810483,
        54.71762993372977
      ],
      [
        20.472049992531538,
        54.71758995205164
      ],
      [
        20.47211998142302,
        54.71754997037351
      ],
      [
        20.47217999584973,
        54.71750998869538
      ],
      [
        20.472239926457405,
        54.71746992319822
      ],
      [
        20.472299940884113,
        54.717429941520095
      ],
      [
        20.47235995531082,
        54.71738995984197
      ],
      [
        20.47241996973753,
        54.71734997816384
      ],
      [
        20.472469925880432,
        54.71730999648571
      ],
      [
        20.47252994030714,
        54.717259956523776
      ],
      [
        20.47258995473385,
        54.71721997484565
      ],
      [
        20.472649969160557,
        54.71717999316752
      ],
      [
        20.47269992530346,
        54.71713992767036
      ],
      [
        20.472759939730167,
        54.71709994599223
      ],
      [
        20.472819954156876,
        54.7170599643141
      ],
      [
        20.472889943048358,
        54.717019982635975
      ],
      [
        20.472949957475066,
        54.716979917138815
      ],
      [
        20.473009971901774,
        54.71693993546069
      ],
      [
        20.473079960793257,
        54.71689995378256
      ],
      [
        20.473139975219965,
        54.71685997210443
      ],
      [
        20.473199989646673,
        54.7168199904263
      ],
      [
        20.4732399713248,
        54.71677992492914
      ],
      [
        20.473269978538156,
        54.71672996878624
      ],
      [
        20.473269978538156,
        54.716679928824306
      ],
      [
        20.473269978538156,
        54.71661999821663
      ],
      [
        20.473269978538156,
        54.716569958254695
      ],
      [
        20.473269978538156,
        54.71651991829276
      ],
      [
        20.47327995300293,
        54.71646996214986
      ],
      [
        20.473289927467704,
        54.716419922187924
      ],
      [
        20.47329998575151,
        54.71636996604502
      ],
      [
        20.47329998575151,
        54.716329984366894
      ],
      [
        20.473289927467704,
        54.71627994440496
      ],
      [
        20.47329998575151,
        54.71622998826206
      ],
      [
        20.473319934681058,
        54.71616997383535
      ],
      [
        20.473329992964864,
        54.716119933873415
      ],
      [
        20.473329992964864,
        54.71605991944671
      ],
      [
        20.473329992964864,
        54.71599998883903
      ],
      [
        20.473329992964864,
        54.715949948877096
      ],
      [
        20.473329992964864,
        54.715899992734194
      ],
      [
        20.473329992964864,
        54.715859927237034
      ],
      [
        20.473329992964864,
        54.71582992002368
      ],
      [
        20.473319934681058,
        54.71580997109413
      ],
      [
        20.473319934681058,
        54.71580997109413
      ],
      [
        20.473319934681058,
        54.71580997109413
      ],
      [
        20.473319934681058,
        54.71580997109413
      ],
      [
        20.4732399713248,
        54.71578993834555
      ],
      [
        20.473209964111447,
        54.71577996388078
      ],
      [
        20.473179956898093,
        54.71574995666742
      ],
      [
        20.47314994968474,
        54.71572992391884
      ],
      [
        20.473119942471385,
        54.715709974989295
      ],
      [
        20.47308993525803,
        54.71569991670549
      ],
      [
        20.473059928044677,
        54.715689942240715
      ],
      [
        20.47303997911513,
        54.71567996777594
      ],
      [
        20.47303997911513,
        54.71567996777594
      ],
      [
        20.47303997911513,
        54.71567996777594
      ],
      [
        20.47303997911513,
        54.71567996777594
      ],
      [
        20.47303997911513,
        54.71567996777594
      ],
      [
        20.47303997911513,
        54.71567996777594
      ],
      [
        20.47303997911513,
        54.71567996777594
      ],
      [
        20.47303997911513,
        54.71567996777594
      ],
      [
        20.473049953579903,
        54.71567996777594
      ],
      [
        20.473059928044677,
        54.715689942240715
      ],
      [
        20.473079960793257,
        54.71569991670549
      ],
      [
        20.47310996800661,
        54.715709974989295
      ],
      [
        20.473139975219965,
        54.715709974989295
      ],
      [
        20.47316998243332,
        54.71571994945407
      ],
      [
        20.473209964111447,
        54.71572992391884
      ],
      [
        20.473229996860027,
        54.71573998220265
      ],
      [
        20.473249945789576,
        54.71574995666742
      ],
      [
        20.473269978538156,
        54.71574995666742
      ],
      [
        20.47327995300293,
        54.7157599311322
      ],
      [
        20.47329998575151,
        54.7157599311322
      ],
      [
        20.473319934681058,
        54.7157599311322
      ],
      [
        20.473349941894412,
        54.7157599311322
      ],
      [
        20.473369974642992,
        54.7157599311322
      ],
      [
        20.47340995632112,
        54.7157599311322
      ],
      [
        20.4734299890697,
        54.71574995666742
      ],
      [
        20.473439963534474,
        54.71572992391884
      ],
      [
        20.47344993799925,
        54.715709974989295
      ],
      [
        20.473459996283054,
        54.71569991670549
      ],
      [
        20.473479945212603,
        54.71567996777594
      ],
      [
        20.473509952425957,
        54.71566999331117
      ],
      [
        20.47353995963931,
        54.71566999331117
      ],
      [
        20.47357994131744,
        54.71566999331117
      ],
      [
        20.473629981279373,
        54.71566999331117
      ],
      [
        20.473679937422276,
        54.71566999331117
      ],
      [
        20.47372997738421,
        54.71567996777594
      ],
      [
        20.473789991810918,
        54.71567996777594
      ],
      [
        20.473849922418594,
        54.71567996777594
      ],
      [
        20.473909936845303,
        54.715689942240715
      ],
      [
        20.47396995127201,
        54.715689942240715
      ],
      [
        20.4740499984473,
        54.715689942240715
      ],
      [
        20.474109929054976,
        54.71569991670549
      ],
      [
        20.474179917946458,
        54.71569991670549
      ],
      [
        20.474249990656972,
        54.71569991670549
      ],
      [
        20.474319979548454,
        54.71569991670549
      ],
      [
        20.47439994290471,
        54.71569991670549
      ],
      [
        20.474469931796193,
        54.71569991670549
      ],
      [
        20.47454997897148,
        54.71569991670549
      ],
      [
        20.474629942327738,
        54.71569991670549
      ],
      [
        20.47469993121922,
        54.71569991670549
      ],
      [
        20.474769920110703,
        54.715689942240715
      ],
      [
        20.474839992821217,
        54.71567996777594
      ],
      [
        20.474919956177473,
        54.71567996777594
      ],
      [
        20.47499991953373,
        54.71566999331117
      ],
      [
        20.475079966709018,
        54.71566999331117
      ],
      [
        20.47516998834908,
        54.71565993502736
      ],
      [
        20.47525992617011,
        54.71565993502736
      ],
      [
        20.4753399733454,
        54.71564996056259
      ],
      [
        20.475419936701655,
        54.71563998609781
      ],
      [
        20.475499983876944,
        54.71562992781401
      ],
      [
        20.4755799472332,
        54.71561995334923
      ],
      [
        20.47565999440849,
        54.71560997888446
      ],
      [
        20.47574993222952,
        54.71559992060065
      ],
      [
        20.47583995386958,
        54.71558994613588
      ],
      [
        20.475919917225838,
        54.715579971671104
      ],
      [
        20.47598998993635,
        54.71556999720633
      ],
      [
        20.47604992054403,
        54.71556999720633
      ],
      [
        20.476109934970737,
        54.71556999720633
      ],
      [
        20.47617992386222,
        54.715559938922524
      ],
      [
        20.476229963824153,
        54.715559938922524
      ],
      [
        20.47628997825086,
        54.71554996445775
      ],
      [
        20.476339934393764,
        54.71554996445775
      ],
      [
        20.47639994882047,
        54.715539989992976
      ],
      [
        20.47645996324718,
        54.715539989992976
      ],
      [
        20.476529952138662,
        54.71554996445775
      ],
      [
        20.476599941030145,
        54.71554996445775
      ],
      [
        20.476659955456853,
        54.71554996445775
      ],
      [
        20.47671996988356,
        54.71554996445775
      ],
      [
        20.476769926026464,
        54.71554996445775
      ],
      [
        20.476819965988398,
        54.71554996445775
      ],
      [
        20.476859947666526,
        54.71554996445775
      ],
      [
        20.47688995487988,
        54.71554996445775
      ],
      [
        20.47688995487988,
        54.71554996445775
      ],
      [
        20.47688995487988,
        54.71554996445775
      ],
      [
        20.47688995487988,
        54.71554996445775
      ],
      [
        20.476979976519942,
        54.715539989992976
      ],
      [
        20.47699992544949,
        54.715539989992976
      ],
      [
        20.477009983733296,
        54.715539989992976
      ],
      [
        20.477029932662845,
        54.715539989992976
      ],
      [
        20.477049965411425,
        54.715539989992976
      ],
      [
        20.477069998160005,
        54.715539989992976
      ],
      [
        20.477089947089553,
        54.715539989992976
      ],
      [
        20.477119954302907,
        54.715539989992976
      ],
      [
        20.477139987051487,
        54.715539989992976
      ],
      [
        20.47714996151626,
        54.715539989992976
      ],
      [
        20.47718994319439,
        54.715539989992976
      ],
      [
        20.477219950407743,
        54.715539989992976
      ],
      [
        20.477249957621098,
        54.71552993170917
      ],
      [
        20.477269990369678,
        54.71552993170917
      ],
      [
        20.47729999758303,
        54.71552993170917
      ],
      [
        20.47733997926116,
        54.71552993170917
      ],
      [
        20.477379960939288,
        54.71552993170917
      ],
      [
        20.477419942617416,
        54.715519957244396
      ],
      [
        20.477459924295545,
        54.715519957244396
      ],
      [
        20.4774899315089,
        54.715519957244396
      ],
      [
        20.477519938722253,
        54.715519957244396
      ],
      [
        20.477549945935607,
        54.715519957244396
      ],
      [
        20.47757995314896,
        54.715519957244396
      ],
      [
        20.47761993482709,
        54.715519957244396
      ],
      [
        20.477649942040443,
        54.715519957244396
      ],
      [
        20.477679949253798,
        54.715519957244396
      ],
      [
        20.47770995646715,
        54.715519957244396
      ],
      [
        20.477739963680506,
        54.715519957244396
      ],
      [
        20.47776997089386,
        54.715519957244396
      ],
      [
        20.477809952571988,
        54.715519957244396
      ],
      [
        20.477839959785342,
        54.71552993170917
      ],
      [
        20.477869966998696,
        54.715539989992976
      ],
      [
        20.47789997421205,
        54.715539989992976
      ],
      [
        20.477929981425405,
        54.715539989992976
      ],
      [
        20.47795998863876,
        54.715539989992976
      ],
      [
        20.477989995852113,
        54.71554996445775
      ],
      [
        20.478019919246435,
        54.71554996445775
      ],
      [
        20.478059984743595,
        54.71554996445775
      ],
      [
        20.47808999195695,
        54.71554996445775
      ],
      [
        20.478119999170303,
        54.71554996445775
      ],
      [
        20.478149922564626,
        54.71554996445775
      ],
      [
        20.47817992977798,
        54.71554996445775
      ],
      [
        20.478209936991334,
        54.715559938922524
      ],
      [
        20.478249918669462,
        54.715559938922524
      ],
      [
        20.478279925882816,
        54.715559938922524
      ],
      [
        20.478319991379976,
        54.715559938922524
      ],
      [
        20.47834999859333,
        54.715559938922524
      ],
      [
        20.47838998027146,
        54.715559938922524
      ],
      [
        20.478419987484813,
        54.715559938922524
      ],
      [
        20.47845996916294,
        54.71556999720633
      ],
      [
        20.47849995084107,
        54.71556999720633
      ],
      [
        20.478539932519197,
        54.71556999720633
      ],
      [
        20.478579998016357,
        54.71556999720633
      ],
      [
        20.47864998690784,
        54.71556999720633
      ],
      [
        20.478719975799322,
        54.71556999720633
      ],
      [
        20.478769931942225,
        54.71556999720633
      ],
      [
        20.478809997439384,
        54.715559938922524
      ],
      [
        20.478849979117513,
        54.71554996445775
      ],
      [
        20.47888996079564,
        54.71554996445775
      ],
      [
        20.47892994247377,
        54.71554996445775
      ],
      [
        20.478969924151897,
        54.715539989992976
      ],
      [
        20.479009989649057,
        54.715539989992976
      ],
      [
        20.479049971327186,
        54.715539989992976
      ],
      [
        20.479089953005314,
        54.71552993170917
      ],
      [
        20.479129934683442,
        54.715519957244396
      ],
      [
        20.479179974645376,
        54.715519957244396
      ],
      [
        20.47922993078828,
        54.71550998277962
      ],
      [
        20.479279970750213,
        54.715499924495816
      ],
      [
        20.479329926893115,
        54.71548995003104
      ],
      [
        20.47937996685505,
        54.71546991728246
      ],
      [
        20.479419948533177,
        54.71546991728246
      ],
      [
        20.47946998849511,
        54.71545994281769
      ],
      [
        20.47950997017324,
        54.715449968352914
      ],
      [
        20.479559926316142,
        54.71543999388814
      ],
      [
        20.479609966278076,
        54.715429935604334
      ],
      [
        20.479649947956204,
        54.71541996113956
      ],
      [
        20.479689929634333,
        54.71541996113956
      ],
      [
        20.479729995131493,
        54.715409986674786
      ],
      [
        20.479779951274395,
        54.71539992839098
      ],
      [
        20.479819932952523,
        54.715389953926206
      ],
      [
        20.479859998449683,
        54.71537997946143
      ],
      [
        20.47989998012781,
        54.71537997946143
      ],
      [
        20.47993996180594,
        54.715369921177626
      ],
      [
        20.479989917948842,
        54.71535994671285
      ],
      [
        20.480039957910776,
        54.71535994671285
      ],
      [
        20.480099972337484,
        54.7153399977833
      ],
      [
        20.480149928480387,
        54.7153299394995
      ],
      [
        20.480209942907095,
        54.71531996503472
      ],
      [
        20.48025998286903,
        54.71530999056995
      ],
      [
        20.48030993901193,
        54.71529993228614
      ],
      [
        20.480359978973866,
        54.71529993228614
      ],
      [
        20.480409935116768,
        54.71528995782137
      ],
      [
        20.480459975078702,
        54.715279983356595
      ],
      [
        20.480509931221604,
        54.715259950608015
      ],
      [
        20.48055997118354,
        54.715259950608015
      ],
      [
        20.48060992732644,
        54.71524997614324
      ],
      [
        20.48066994175315,
        54.71524997614324
      ],
      [
        20.480729956179857,
        54.71522994339466
      ],
      [
        20.480789970606565,
        54.71522994339466
      ],
      [
        20.480859959498048,
        54.71521996892989
      ],
      [
        20.480919973924756,
        54.71520999446511
      ],
      [
        20.48096993006766,
        54.71519993618131
      ],
      [
        20.481029944494367,
        54.71518996171653
      ],
      [
        20.48109993338585,
        54.71517998725176
      ],
      [
        20.481159947812557,
        54.71516992896795
      ],
      [
        20.481219962239265,
        54.71515995450318
      ],
      [
        20.481269918382168,
        54.715149980038404
      ],
      [
        20.481309983879328,
        54.7151399217546
      ],
      [
        20.48135994002223,
        54.715149980038404
      ],
      [
        20.48139992170036,
        54.715149980038404
      ],
      [
        20.48143998719752,
        54.715149980038404
      ],
      [
        20.48148994334042,
        54.715149980038404
      ],
      [
        20.481539983302355,
        54.7151399217546
      ],
      [
        20.481589939445257,
        54.7151399217546
      ],
      [
        20.481649953871965,
        54.7151399217546
      ],
      [
        20.481709968298674,
        54.7151399217546
      ],
      [
        20.481769982725382,
        54.715129947289824
      ],
      [
        20.481839971616864,
        54.71511997282505
      ],
      [
        20.481899986043572,
        54.71511997282505
      ],
      [
        20.481969974935055,
        54.71511997282505
      ],
      [
        20.482029989361763,
        54.715129947289824
      ],
      [
        20.48208991996944,
        54.7151399217546
      ],
      [
        20.482159992679954,
        54.7151399217546
      ],
      [
        20.48221992328763,
        54.7151399217546
      ],
      [
        20.482289995998144,
        54.7151399217546
      ],
      [
        20.48234992660582,
        54.7151399217546
      ],
      [
        20.48242997378111,
        54.7151399217546
      ],
      [
        20.48249996267259,
        54.7151399217546
      ],
      [
        20.482569951564074,
        54.7151399217546
      ],
      [
        20.482629965990782,
        54.715149980038404
      ],
      [
        20.482699954882264,
        54.715149980038404
      ],
      [
        20.482759969308972,
        54.715149980038404
      ],
      [
        20.48281998373568,
        54.71515995450318
      ],
      [
        20.48287999816239,
        54.71515995450318
      ],
      [
        20.482939928770065,
        54.71515995450318
      ],
      [
        20.482999943196774,
        54.71516992896795
      ],
      [
        20.483049983158708,
        54.71516992896795
      ],
      [
        20.48309993930161,
        54.71516992896795
      ],
      [
        20.483159953728318,
        54.71516992896795
      ],
      [
        20.483219968155026,
        54.71516992896795
      ],
      [
        20.483279982581735,
        54.71515995450318
      ],
      [
        20.483329938724637,
        54.71515995450318
      ],
      [
        20.48337997868657,
        54.71515995450318
      ],
      [
        20.483429934829473,
        54.71515995450318
      ],
      [
        20.483479974791408,
        54.715149980038404
      ],
      [
        20.483539989218116,
        54.715149980038404
      ],
      [
        20.483599919825792,
        54.7151399217546
      ],
      [
        20.483649959787726,
        54.7151399217546
      ],
      [
        20.48369999974966,
        54.7151399217546
      ],
      [
        20.483759930357337,
        54.715129947289824
      ],
      [
        20.483819944784045,
        54.71511997282505
      ],
      [
        20.483879959210753,
        54.71511997282505
      ],
      [
        20.483949948102236,
        54.71511997282505
      ],
      [
        20.484009962528944,
        54.71511997282505
      ],
      [
        20.484069976955652,
        54.71511997282505
      ],
      [
        20.48412999138236,
        54.71511997282505
      ],
      [
        20.484179947525263,
        54.71511997282505
      ],
      [
        20.48423996195197,
        54.71511997282505
      ],
      [
        20.484289918094873,
        54.71511997282505
      ],
      [
        20.484339958056808,
        54.71511997282505
      ],
      [
        20.484379939734936,
        54.71511997282505
      ],
      [
        20.48440994694829,
        54.71511997282505
      ],
      [
        20.484439954161644,
        54.71511997282505
      ],
      [
        20.484439954161644,
        54.71511997282505
      ],
      [
        20.484439954161644,
        54.71511997282505
      ],
      [
        20.484439954161644,
        54.71511997282505
      ],
      [
        20.484439954161644,
        54.71511997282505
      ],
      [
        20.484439954161644,
        54.71511997282505
      ],
      [
        20.484439954161644,
        54.71511997282505
      ],
      [
        20.484489994123578,
        54.71511997282505
      ],
      [
        20.484489994123578,
        54.715109998360276
      ],
      [
        20.484489994123578,
        54.71509994007647
      ],
      [
        20.484509943053126,
        54.71505995839834
      ],
      [
        20.4845199175179,
        54.71504998393357
      ],
      [
        20.48453995026648,
        54.71503992564976
      ],
      [
        20.48455998301506,
        54.71502995118499
      ],
      [
        20.484569957479835,
        54.71502995118499
      ],
      [
        20.484809931367636,
        54.71498996950686
      ],
      [
        20.48483993858099,
        54.71498996950686
      ],
      [
        20.48485997132957,
        54.71498996950686
      ],
      [
        20.484879920259118,
        54.714979995042086
      ],
      [
        20.484899953007698,
        54.71496993675828
      ],
      [
        20.484929960221052,
        54.714959962293506
      ],
      [
        20.484949992969632,
        54.71494998782873
      ],
      [
        20.48496994189918,
        54.71494998782873
      ],
      [
        20.48498997464776,
        54.714939929544926
      ],
      [
        20.485019981861115,
        54.71492995508015
      ],
      [
        20.485039930790663,
        54.71492995508015
      ],
      [
        20.485079996287823,
        54.71491998061538
      ],
      [
        20.485109919682145,
        54.71491998061538
      ],
      [
        20.485149985179305,
        54.71491998061538
      ],
      [
        20.485189966857433,
        54.71491998061538
      ],
      [
        20.485219974070787,
        54.71492995508015
      ],
      [
        20.485259955748916,
        54.71492995508015
      ],
      [
        20.485299937427044,
        54.71492995508015
      ],
      [
        20.485329944640398,
        54.71492995508015
      ],
      [
        20.485349977388978,
        54.71491998061538
      ],
      [
        20.485369926318526,
        54.71492995508015
      ],
      [
        20.485369926318526,
        54.714939929544926
      ],
      [
        20.485349977388978,
        54.714959962293506
      ],
      [
        20.485319970175624,
        54.714959962293506
      ],
      [
        20.485299937427044,
        54.71496993675828
      ],
      [
        20.48524998128414,
        54.71496993675828
      ],
      [
        20.485209999606013,
        54.71496993675828
      ],
      [
        20.48515995964408,
        54.71496993675828
      ],
      [
        20.48509994521737,
        54.71496993675828
      ],
      [
        20.485039930790663,
        54.714979995042086
      ],
      [
        20.484979916363955,
        54.714999943971634
      ],
      [
        20.484919985756278,
        54.715019976720214
      ],
      [
        20.484869945794344,
        54.71503992564976
      ],
      [
        20.484809931367636,
        54.71504998393357
      ],
      [
        20.484739942476153,
        54.715069932863116
      ],
      [
        20.484679928049445,
        54.715089965611696
      ],
      [
        20.484609939157963,
        54.71509994007647
      ],
      [
        20.48453995026648,
        54.71509994007647
      ],
      [
        20.484459986910224,
        54.715089965611696
      ],
      [
        20.484379939734936,
        54.715069932863116
      ],
      [
        20.48429997637868,
        54.71505995839834
      ],
      [
        20.484229987487197,
        54.71504998393357
      ],
      [
        20.48414994031191,
        54.71503992564976
      ],
      [
        20.484079951420426,
        54.71502995118499
      ],
      [
        20.484009962528944,
        54.715019976720214
      ],
      [
        20.48393997363746,
        54.715019976720214
      ],
      [
        20.483879959210753,
        54.715019976720214
      ],
      [
        20.483799995854497,
        54.71500991843641
      ],
      [
        20.483729923143983,
        54.714999943971634
      ],
      [
        20.4836599342525,
        54.71498996950686
      ],
      [
        20.483589945361018,
        54.714979995042086
      ],
      [
        20.483519956469536,
        54.71496993675828
      ],
      [
        20.483459942042828,
        54.714959962293506
      ],
      [
        20.483389953151345,
        54.71494998782873
      ],
      [
        20.483329938724637,
        54.71494998782873
      ],
      [
        20.48326992429793,
        54.714939929544926
      ],
      [
        20.483209993690252,
        54.714939929544926
      ],
      [
        20.483149979263544,
        54.71492995508015
      ],
      [
        20.48309993930161,
        54.71492995508015
      ],
      [
        20.4830399248749,
        54.71492995508015
      ],
      [
        20.482989968732,
        54.714939929544926
      ],
      [
        20.482939928770065,
        54.714939929544926
      ],
      [
        20.482899947091937,
        54.714939929544926
      ],
      [
        20.482849990949035,
        54.714939929544926
      ],
      [
        20.4827999509871,
        54.71492995508015
      ],
      [
        20.4827499948442,
        54.71492995508015
      ],
      [
        20.482699954882264,
        54.71492995508015
      ],
      [
        20.48264999873936,
        54.71492995508015
      ],
      [
        20.482589984312654,
        54.71492995508015
      ],
      [
        20.48253994435072,
        54.71492995508015
      ],
      [
        20.482489988207817,
        54.71491998061538
      ],
      [
        20.48242997378111,
        54.71491998061538
      ],
      [
        20.482379933819175,
        54.71491998061538
      ],
      [
        20.482329977676272,
        54.71492995508015
      ],
      [
        20.482269963249564,
        54.71492995508015
      ],
      [
        20.48221992328763,
        54.71491998061538
      ],
      [
        20.482169967144728,
        54.71491998061538
      ],
      [
        20.482119927182794,
        54.71491998061538
      ],
      [
        20.48206997103989,
        54.71491998061538
      ],
      [
        20.482019931077957,
        54.71491998061538
      ],
      [
        20.481969974935055,
        54.71490992233157
      ],
      [
        20.48191993497312,
        54.71490992233157
      ],
      [
        20.48186997883022,
        54.71490992233157
      ],
      [
        20.481819938868284,
        54.71490992233157
      ],
      [
        20.481769982725382,
        54.71491998061538
      ],
      [
        20.481719942763448,
        54.71491998061538
      ],
      [
        20.48165992833674,
        54.71492995508015
      ],
      [
        20.481599997729063,
        54.71492995508015
      ],
      [
        20.48154995776713,
        54.714939929544926
      ],
      [
        20.48148994334042,
        54.71494998782873
      ],
      [
        20.481429928913713,
        54.714959962293506
      ],
      [
        20.481369998306036,
        54.714959962293506
      ],
      [
        20.481309983879328,
        54.71496993675828
      ],
      [
        20.48122993670404,
        54.71496993675828
      ],
      [
        20.481149973347783,
        54.71498996950686
      ],
      [
        20.4810799844563,
        54.71500991843641
      ],
      [
        20.48100999556482,
        54.715019976720214
      ],
      [
        20.480939922854304,
        54.71502995118499
      ],
      [
        20.480869933962822,
        54.71503992564976
      ],
      [
        20.480789970606565,
        54.71504998393357
      ],
      [
        20.480719981715083,
        54.71504998393357
      ],
      [
        20.4806499928236,
        54.715069932863116
      ],
      [
        20.480579920113087,
        54.71507999114692
      ],
      [
        20.480509931221604,
        54.715089965611696
      ],
      [
        20.480449916794896,
        54.715109998360276
      ],
      [
        20.480379927903414,
        54.71511997282505
      ],
      [
        20.480319997295737,
        54.715129947289824
      ],
      [
        20.48025998286903,
        54.715129947289824
      ],
      [
        20.480209942907095,
        54.715149980038404
      ],
      [
        20.480159986764193,
        54.71516992896795
      ],
      [
        20.480099972337484,
        54.71516992896795
      ],
      [
        20.480039957910776,
        54.71517998725176
      ],
      [
        20.479979943484068,
        54.71519993618131
      ],
      [
        20.479909954592586,
        54.71519993618131
      ],
      [
        20.479849940165877,
        54.71521996892989
      ],
      [
        20.47978992573917,
        54.71522994339466
      ],
      [
        20.479729995131493,
        54.71522994339466
      ],
      [
        20.479669980704784,
        54.71524997614324
      ],
      [
        20.479599991813302,
        54.71524997614324
      ],
      [
        20.479549951851368,
        54.715259950608015
      ],
      [
        20.479499995708466,
        54.715259950608015
      ],
      [
        20.479459930211306,
        54.715259950608015
      ],
      [
        20.479419948533177,
        54.71526992507279
      ],
      [
        20.47937996685505,
        54.715279983356595
      ],
      [
        20.47933998517692,
        54.71528995782137
      ],
      [
        20.47929991967976,
        54.71529993228614
      ],
      [
        20.47926999628544,
        54.71529993228614
      ],
      [
        20.47926999628544,
        54.71529993228614
      ],
      [
        20.47926999628544,
        54.71529993228614
      ],
      [
        20.47926999628544,
        54.71529993228614
      ],
      [
        20.479219956323504,
        54.71529993228614
      ],
      [
        20.479219956323504,
        54.71529993228614
      ],
      [
        20.479219956323504,
        54.71529993228614
      ],
      [
        20.47922993078828,
        54.71530999056995
      ],
      [
        20.47922993078828,
        54.71530999056995
      ],
      [
        20.479309977963567,
        54.71530999056995
      ],
      [
        20.47933998517692,
        54.71529993228614
      ],
      [
        20.479369992390275,
        54.71529993228614
      ],
      [
        20.47939999960363,
        54.71529993228614
      ],
      [
        20.47942992299795,
        54.71528995782137
      ],
      [
        20.479459930211306,
        54.71528995782137
      ],
      [
        20.479499995708466,
        54.715279983356595
      ],
      [
        20.479539977386594,
        54.715279983356595
      ],
      [
        20.479579959064722,
        54.715279983356595
      ],
      [
        20.479609966278076,
        54.71526992507279
      ],
      [
        20.47963997349143,
        54.715259950608015
      ],
      [
        20.479669980704784,
        54.715259950608015
      ],
      [
        20.479709962382913,
        54.71524997614324
      ],
      [
        20.479739969596267,
        54.71524997614324
      ],
      [
        20.479779951274395,
        54.715239917859435
      ],
      [
        20.47980995848775,
        54.715239917859435
      ],
      [
        20.479849940165877,
        54.71522994339466
      ],
      [
        20.47987994737923,
        54.71522994339466
      ],
      [
        20.47991992905736,
        54.71521996892989
      ],
      [
        20.479969969019294,
        54.71519993618131
      ],
      [
        20.480009950697422,
        54.71519993618131
      ],
      [
        20.480059990659356,
        54.71517998725176
      ],
      [
        20.48010994680226,
        54.71516992896795
      ],
      [
        20.480159986764193,
        54.71515995450318
      ],
      [
        20.480209942907095,
        54.715149980038404
      ],
      [
        20.48025998286903,
        54.7151399217546
      ],
      [
        20.48030993901193,
        54.715129947289824
      ],
      [
        20.480359978973866,
        54.71511997282505
      ],
      [
        20.480419993400574,
        54.715109998360276
      ],
      [
        20.480469949543476,
        54.71509994007647
      ],
      [
        20.480509931221604,
        54.715089965611696
      ],
      [
        20.480549996718764,
        54.715089965611696
      ],
      [
        20.480569945648313,
        54.71507999114692
      ],
      [
        20.480599952861667,
        54.715069932863116
      ],
      [
        20.480619985610247,
        54.71505995839834
      ],
      [
        20.480619985610247,
        54.71503992564976
      ],
      [
        20.480619985610247,
        54.715019976720214
      ],
      [
        20.480619985610247,
        54.714999943971634
      ],
      [
        20.480619985610247,
        54.71496993675828
      ],
      [
        20.480619985610247,
        54.714939929544926
      ],
      [
        20.480619985610247,
        54.71491998061538
      ],
      [
        20.48060992732644,
        54.71488997340202
      ],
      [
        20.48060992732644,
        54.71486994065344
      ],
      [
        20.480619985610247,
        54.714849991723895
      ],
      [
        20.480619985610247,
        54.714849991723895
      ],
      [
        20.480619985610247,
        54.714849991723895
      ],
      [
        20.480619985610247,
        54.714849991723895
      ],
      [
        20.480619985610247,
        54.714849991723895
      ],
      [
        20.4806499928236,
        54.714849991723895
      ],
      [
        20.4806499928236,
        54.714849991723895
      ],
      [
        20.4806499928236,
        54.71490992233157
      ],
      [
        20.480639934539795,
        54.71491998061538
      ],
      [
        20.480639934539795,
        54.714939929544926
      ],
      [
        20.4806499928236,
        54.714939929544926
      ],
      [
        20.4806499928236,
        54.714959962293506
      ],
      [
        20.480639934539795,
        54.71496993675828
      ],
      [
        20.480639934539795,
        54.71498996950686
      ],
      [
        20.48062996007502,
        54.714999943971634
      ],
      [
        20.480619985610247,
        54.71500991843641
      ],
      [
        20.480639934539795,
        54.715019976720214
      ],
      [
        20.480659967288375,
        54.71502995118499
      ],
      [
        20.480679916217923,
        54.71503992564976
      ],
      [
        20.480699948966503,
        54.71503992564976
      ],
      [
        20.480729956179857,
        54.71503992564976
      ],
      [
        20.480749988928437,
        54.71503992564976
      ],
      [
        20.48077999614179,
        54.71503992564976
      ],
      [
        20.480809919536114,
        54.71503992564976
      ],
      [
        20.480839926749468,
        54.71502995118499
      ],
      [
        20.480859959498048,
        54.71502995118499
      ],
      [
        20.480879992246628,
        54.715019976720214
      ],
      [
        20.480899941176176,
        54.71500991843641
      ],
      [
        20.480909999459982,
        54.714999943971634
      ],
      [
        20.480919973924756,
        54.71498996950686
      ],
      [
        20.480919973924756,
        54.71496993675828
      ],
      [
        20.48092994838953,
        54.71494998782873
      ],
      [
        20.48094998113811,
        54.71492995508015
      ],
      [
        20.480959955602884,
        54.71488997340202
      ],
      [
        20.48096993006766,
        54.71486994065344
      ],
      [
        20.48096993006766,
        54.71483993344009
      ],
      [
        20.480979988351464,
        54.714809926226735
      ],
      [
        20.48098996281624,
        54.71477991901338
      ],
      [
        20.48100999556482,
        54.71475997008383
      ],
      [
        20.481029944494367,
        54.71472996287048
      ],
      [
        20.48103991895914,
        54.714699955657125
      ],
      [
        20.48105995170772,
        54.71466994844377
      ],
      [
        20.481069926172495,
        54.71462996676564
      ],
      [
        20.4810799844563,
        54.71459995955229
      ],
      [
        20.4810799844563,
        54.714569952338934
      ],
      [
        20.481089958921075,
        54.71453994512558
      ],
      [
        20.48109993338585,
        54.714509937912226
      ],
      [
        20.481109991669655,
        54.71447993069887
      ],
      [
        20.48111996613443,
        54.71444992348552
      ],
      [
        20.481129940599203,
        54.71442997455597
      ],
      [
        20.48113999888301,
        54.71438999287784
      ],
      [
        20.48113999888301,
        54.71435998566449
      ],
      [
        20.481159947812557,
        54.71432997845113
      ],
      [
        20.481179980561137,
        54.71429997123778
      ],
      [
        20.481179980561137,
        54.71425998955965
      ],
      [
        20.48116992227733,
        54.71421992406249
      ],
      [
        20.481179980561137,
        54.714189916849136
      ],
      [
        20.48118995502591,
        54.71416996791959
      ],
      [
        20.48118995502591,
        54.714139960706234
      ],
      [
        20.481199929490685,
        54.714099979028106
      ],
      [
        20.48120998777449,
        54.71405999734998
      ],
      [
        20.48122993670404,
        54.71401993185282
      ],
      [
        20.48124996945262,
        54.71398992463946
      ],
      [
        20.481259943917394,
        54.713949942961335
      ],
      [
        20.481279976665974,
        54.71390996128321
      ],
      [
        20.481299925595522,
        54.71387995406985
      ],
      [
        20.481319958344102,
        54.713839972391725
      ],
      [
        20.481329932808876,
        54.71378993242979
      ],
      [
        20.481329932808876,
        54.71374995075166
      ],
      [
        20.481339991092682,
        54.71369999460876
      ],
      [
        20.481349965557456,
        54.713649954646826
      ],
      [
        20.48135994002223,
        54.7136099729687
      ],
      [
        20.48135994002223,
        54.71355993300676
      ],
      [
        20.481369998306036,
        54.71350997686386
      ],
      [
        20.48137997277081,
        54.71347996965051
      ],
      [
        20.481389947235584,
        54.71343998797238
      ],
      [
        20.481389947235584,
        54.7134199552238
      ],
      [
        20.48139992170036,
        54.71339992247522
      ],
      [
        20.48139992170036,
        54.71337997354567
      ],
      [
        20.48139992170036,
        54.713369999080896
      ],
      [
        20.48139992170036,
        54.71335994079709
      ],
      [
        20.481389947235584,
        54.713349966332316
      ],
      [
        20.481389947235584,
        54.713329933583736
      ],
      [
        20.481509976089,
        54.71312994137406
      ],
      [
        20.481499917805195,
        54.71311996690929
      ],
      [
        20.48148994334042,
        54.71309993416071
      ],
      [
        20.481499917805195,
        54.713089959695935
      ],
      [
        20.481499917805195,
        54.713069926947355
      ],
      [
        20.481509976089,
        54.71305995248258
      ],
      [
        20.481509976089,
        54.713039919734
      ],
      [
        20.481519950553775,
        54.71301997080445
      ],
      [
        20.481519950553775,
        54.71299993805587
      ],
      [
        20.481519950553775,
        54.712979989126325
      ],
      [
        20.481519950553775,
        54.71296993084252
      ],
      [
        20.48152992501855,
        54.71294998191297
      ],
      [
        20.48152992501855,
        54.712939923629165
      ],
      [
        20.481539983302355,
        54.712919974699616
      ],
      [
        20.481539983302355,
        54.71290991641581
      ],
      [
        20.48154995776713,
        54.71288996748626
      ],
      [
        20.48154995776713,
        54.71287999302149
      ],
      [
        20.481559932231903,
        54.71285996027291
      ],
      [
        20.48156999051571,
        54.71283992752433
      ],
      [
        20.48156999051571,
        54.71281997859478
      ],
      [
        20.481579964980483,
        54.7127999458462
      ],
      [
        20.481589939445257,
        54.712789971381426
      ],
      [
        20.481599997729063,
        54.712769938632846
      ],
      [
        20.481599997729063,
        54.7127499897033
      ],
      [
        20.481599997729063,
        54.71271998248994
      ],
      [
        20.481609972193837,
        54.71270992420614
      ],
      [
        20.48161994665861,
        54.71269994974136
      ],
      [
        20.48163997940719,
        54.71267991699278
      ],
      [
        20.48165992833674,
        54.71266994252801
      ],
      [
        20.48167996108532,
        54.712659968063235
      ],
      [
        20.4816999938339,
        54.712639935314655
      ],
      [
        20.481719942763448,
        54.71261998638511
      ],
      [
        20.481719942763448,
        54.7126099281013
      ],
      [
        20.481729917228222,
        54.71259995363653
      ],
      [
        20.481729917228222,
        54.71259995363653
      ],
      [
        20.481839971616864,
        54.7125599719584
      ],
      [
        20.48184994608164,
        54.7125599719584
      ],
      [
        20.48186997883022,
        54.71256994642317
      ],
      [
        20.481889927759767,
        54.71257992088795
      ],
      [
        20.481909960508347,
        54.71257992088795
      ],
      [
        20.481929993256927,
        54.71258997917175
      ],
      [
        20.48195991665125,
        54.71258997917175
      ],
      [
        20.481989923864603,
        54.71258997917175
      ],
      [
        20.482019931077957,
        54.71259995363653
      ],
      [
        20.482059996575117,
        54.71259995363653
      ],
      [
        20.48208991996944,
        54.7126099281013
      ],
      [
        20.4821299854666,
        54.71261998638511
      ],
      [
        20.482189999893308,
        54.712639935314655
      ],
      [
        20.48223995603621,
        54.71264999359846
      ],
      [
        20.482289995998144,
        54.71264999359846
      ],
      [
        20.482339952141047,
        54.712659968063235
      ],
      [
        20.48238999210298,
        54.71266994252801
      ],
      [
        20.482439948245883,
        54.71266994252801
      ],
      [
        20.482489988207817,
        54.71268997527659
      ],
      [
        20.48253994435072,
        54.71269994974136
      ],
      [
        20.482579926028848,
        54.71270992420614
      ],
      [
        20.482629965990782,
        54.71271998248994
      ],
      [
        20.48266994766891,
        54.71272995695472
      ],
      [
        20.482719987630844,
        54.71273993141949
      ],
      [
        20.482769943773746,
        54.71273993141949
      ],
      [
        20.48281998373568,
        54.7127499897033
      ],
      [
        20.482869939878583,
        54.71275996416807
      ],
      [
        20.482919979840517,
        54.712769938632846
      ],
      [
        20.48296993598342,
        54.71277999691665
      ],
      [
        20.483019975945354,
        54.712789971381426
      ],
      [
        20.48307999037206,
        54.712809920310974
      ],
      [
        20.483129946514964,
        54.71281997859478
      ],
      [
        20.483179986476898,
        54.712829953059554
      ],
      [
        20.483239917084575,
        54.71283992752433
      ],
      [
        20.483299931511283,
        54.712849985808134
      ],
      [
        20.48335994593799,
        54.71285996027291
      ],
      [
        20.4834199603647,
        54.71286993473768
      ],
      [
        20.4834699165076,
        54.71286993473768
      ],
      [
        20.48352993093431,
        54.71287999302149
      ],
      [
        20.483579970896244,
        54.71287999302149
      ],
      [
        20.483629927039146,
        54.71287999302149
      ],
      [
        20.48367996700108,
        54.71288996748626
      ],
      [
        20.48371994867921,
        54.71289994195104
      ],
      [
        20.483779963105917,
        54.71290991641581
      ],
      [
        20.483819944784045,
        54.71290991641581
      ],
      [
        20.48386998474598,
        54.71290991641581
      ],
      [
        20.483929999172688,
        54.71290991641581
      ],
      [
        20.48397995531559,
        54.71290991641581
      ],
      [
        20.484029995277524,
        54.71289994195104
      ],
      [
        20.484069976955652,
        54.71288996748626
      ],
      [
        20.484099984169006,
        54.71288996748626
      ],
      [
        20.484139965847135,
        54.71288996748626
      ],
      [
        20.48416997306049,
        54.71288996748626
      ],
      [
        20.484199980273843,
        54.71288996748626
      ],
      [
        20.484229987487197,
        54.71288996748626
      ],
      [
        20.48425999470055,
        54.71288996748626
      ],
      [
        20.484289918094873,
        54.71288996748626
      ],
      [
        20.484319925308228,
        54.71288996748626
      ],
      [
        20.48434993252158,
        54.71288996748626
      ],
      [
        20.484379939734936,
        54.71288996748626
      ],
      [
        20.48440994694829,
        54.71288996748626
      ],
      [
        20.484439954161644,
        54.71288996748626
      ],
      [
        20.484479935839772,
        54.71287999302149
      ],
      [
        20.484509943053126,
        54.71288996748626
      ],
      [
        20.484549924731255,
        54.71288996748626
      ],
      [
        20.48457993194461,
        54.71289994195104
      ],
      [
        20.484609939157963,
        54.71289994195104
      ],
      [
        20.484639946371317,
        54.71289994195104
      ],
      [
        20.48466995358467,
        54.71290991641581
      ],
      [
        20.484699960798025,
        54.71290991641581
      ],
      [
        20.48472996801138,
        54.712919974699616
      ],
      [
        20.484759975224733,
        54.712919974699616
      ],
      [
        20.484789982438087,
        54.712919974699616
      ],
      [
        20.484809931367636,
        54.71292994916439
      ],
      [
        20.48483993858099,
        54.71292994916439
      ],
      [
        20.48485997132957,
        54.71292994916439
      ],
      [
        20.484869945794344,
        54.71292994916439
      ],
      [
        20.484869945794344,
        54.71292994916439
      ],
      [
        20.48509994521737,
        54.712849985808134
      ],
      [
        20.485129952430725,
        54.71283992752433
      ],
      [
        20.485149985179305,
        54.71283992752433
      ],
      [
        20.485169934108853,
        54.712829953059554
      ],
      [
        20.485199941322207,
        54.712829953059554
      ],
      [
        20.485219974070787,
        54.71283992752433
      ],
      [
        20.48522994853556,
        54.712849985808134
      ],
      [
        20.48524998128414,
        54.71285996027291
      ],
      [
        20.48526993021369,
        54.71285996027291
      ],
      [
        20.48528996296227,
        54.71286993473768
      ],
      [
        20.485319970175624,
        54.71286993473768
      ],
      [
        20.485339919105172,
        54.71286993473768
      ],
      [
        20.485349977388978,
        54.71286993473768
      ],
      [
        20.485349977388978,
        54.71286993473768
      ],
      [
        20.485349977388978,
        54.71286993473768
      ],
      [
        20.485349977388978,
        54.71286993473768
      ],
      [
        20.48541996628046,
        54.71289994195104
      ],
      [
        20.485449973493814,
        54.71289994195104
      ],
      [
        20.48547998070717,
        54.71290991641581
      ],
      [
        20.485519962385297,
        54.71290991641581
      ],
      [
        20.485559944063425,
        54.71290991641581
      ],
      [
        20.485599925741553,
        54.712919974699616
      ],
      [
        20.485649965703487,
        54.71292994916439
      ],
      [
        20.485689947381616,
        54.712939923629165
      ],
      [
        20.485749961808324,
        54.712939923629165
      ],
      [
        20.485799917951226,
        54.71294998191297
      ],
      [
        20.48584995791316,
        54.71294998191297
      ],
      [
        20.485919946804643,
        54.712959956377745
      ],
      [
        20.485969986766577,
        54.71296993084252
      ],
      [
        20.486029917374253,
        54.712979989126325
      ],
      [
        20.486079957336187,
        54.71299993805587
      ],
      [
        20.48612999729812,
        54.71300999633968
      ],
      [
        20.48616997897625,
        54.71302994526923
      ],
      [
        20.486209960654378,
        54.713039919734
      ],
      [
        20.486229993402958,
        54.71305995248258
      ],
      [
        20.48625991679728,
        54.71307998523116
      ],
      [
        20.48629998229444,
        54.713089959695935
      ],
      [
        20.486329989507794,
        54.71309993416071
      ],
      [
        20.48635999672115,
        54.71311996690929
      ],
      [
        20.48638992011547,
        54.71311996690929
      ],
      [
        20.48640995286405,
        54.71312994137406
      ],
      [
        20.48642998561263,
        54.71313999965787
      ],
      [
        20.486439960077405,
        54.71314997412264
      ],
      [
        20.48644993454218,
        54.71315994858742
      ],
      [
        20.486459992825985,
        54.71316992305219
      ],
      [
        20.48646996729076,
        54.713179981336
      ],
      [
        20.486489916220307,
        54.71318995580077
      ],
      [
        20.48651992343366,
        54.71318995580077
      ],
      [
        20.486549930647016,
        54.713199930265546
      ],
      [
        20.48657993786037,
        54.713199930265546
      ],
      [
        20.486609945073724,
        54.71320998854935
      ],
      [
        20.486639952287078,
        54.713219963014126
      ],
      [
        20.486659985035658,
        54.713239995762706
      ],
      [
        20.486689992249012,
        54.71324997022748
      ],
      [
        20.48670994117856,
        54.713259944692254
      ],
      [
        20.48672997392714,
        54.713279977440834
      ],
      [
        20.48674992285669,
        54.71328995190561
      ],
      [
        20.48674992285669,
        54.71328995190561
      ],
      [
        20.48674992285669,
        54.71328995190561
      ],
      [
        20.48674992285669,
        54.71328995190561
      ],
      [
        20.486809937283397,
        54.713349966332316
      ],
      [
        20.486829970031977,
        54.71335994079709
      ],
      [
        20.48685997724533,
        54.713369999080896
      ],
      [
        20.48687992617488,
        54.713389948010445
      ],
      [
        20.486889984458685,
        54.713409980759025
      ],
      [
        20.48689995892346,
        54.71342992968857
      ],
      [
        20.48689995892346,
        54.71344996243715
      ],
      [
        20.48689995892346,
        54.71346999518573
      ],
      [
        20.48689995892346,
        54.71347996965051
      ],
      [
        20.48689995892346,
        54.713499918580055
      ],
      [
        20.48689995892346,
        54.71350997686386
      ],
      [
        20.48691999167204,
        54.713519951328635
      ],
      [
        20.486939940601587,
        54.71350997686386
      ],
      [
        20.486949998885393,
        54.71350997686386
      ],
      [
        20.48696994781494,
        54.713499918580055
      ],
      [
        20.486979922279716,
        54.71348994411528
      ],
      [
        20.48698998056352,
        54.71346999518573
      ],
      [
        20.48700992949307,
        54.71345993690193
      ],
      [
        20.487039936706424,
        54.71344996243715
      ],
      [
        20.487069943919778,
        54.71342992968857
      ],
      [
        20.487109925597906,
        54.7134199552238
      ],
      [
        20.48713993281126,
        54.71339992247522
      ],
      [
        20.48717999830842,
        54.713389948010445
      ],
      [
        20.48721997998655,
        54.713369999080896
      ],
      [
        20.487259961664677,
        54.71335994079709
      ],
      [
        20.487299943342805,
        54.713349966332316
      ],
      [
        20.487339925020933,
        54.713329933583736
      ],
      [
        20.487379990518093,
        54.71331995911896
      ],
      [
        20.48741997219622,
        54.71329992637038
      ],
      [
        20.48745995387435,
        54.71328995190561
      ],
      [
        20.487499935552478,
        54.71326991915703
      ],
      [
        20.487539917230606,
        54.713259944692254
      ],
      [
        20.487579982727766,
        54.713239995762706
      ],
      [
        20.487619964405894,
        54.7132299374789
      ],
      [
        20.487659946084023,
        54.713219963014126
      ],
      [
        20.48769992776215,
        54.713199930265546
      ],
      [
        20.487729934975505,
        54.71318995580077
      ],
      [
        20.48775994218886,
        54.713179981336
      ],
      [
        20.487789949402213,
        54.71316992305219
      ],
      [
        20.487819956615567,
        54.71315994858742
      ],
      [
        20.487839989364147,
        54.71314997412264
      ],
      [
        20.487859938293695,
        54.71314997412264
      ],
      [
        20.487879971042275,
        54.71314997412264
      ],
      [
        20.487899919971824,
        54.71314997412264
      ],
      [
        20.487919952720404,
        54.71314997412264
      ],
      [
        20.487949959933758,
        54.71313999965787
      ],
      [
        20.487969992682338,
        54.71312994137406
      ],
      [
        20.488009974360466,
        54.71311996690929
      ],
      [
        20.48803998157382,
        54.713109992444515
      ],
      [
        20.48807996325195,
        54.71309993416071
      ],
      [
        20.488109970465302,
        54.713089959695935
      ],
      [
        20.48814995214343,
        54.71307998523116
      ],
      [
        20.488179959356785,
        54.71305995248258
      ],
      [
        20.488219941034913,
        54.71304997801781
      ],
      [
        20.488249948248267,
        54.713039919734
      ],
      [
        20.488289929926395,
        54.71302994526923
      ],
      [
        20.488329995423555,
        54.71300999633968
      ],
      [
        20.488359918817878,
        54.71299993805587
      ],
      [
        20.488399984315038,
        54.7129899635911
      ],
      [
        20.488429991528392,
        54.712979989126325
      ],
      [
        20.488459998741746,
        54.712959956377745
      ],
      [
        20.48848992213607,
        54.71294998191297
      ],
      [
        20.488519929349422,
        54.71292994916439
      ],
      [
        20.488559994846582,
        54.712919974699616
      ],
      [
        20.48859997652471,
        54.71289994195104
      ],
      [
        20.488629983738065,
        54.71287999302149
      ],
      [
        20.488669965416193,
        54.71285996027291
      ],
      [
        20.48870994709432,
        54.71283992752433
      ],
      [
        20.48874992877245,
        54.712829953059554
      ],
      [
        20.488779935985804,
        54.712809920310974
      ],
      [
        20.488819917663932,
        54.7127999458462
      ],
      [
        20.488859983161092,
        54.712789971381426
      ],
      [
        20.488909939303994,
        54.712769938632846
      ],
      [
        20.48895997926593,
        54.7127499897033
      ],
      [
        20.48900993540883,
        54.71272995695472
      ],
      [
        20.489059975370765,
        54.71270992420614
      ],
      [
        20.489109931513667,
        54.71268997527659
      ],
      [
        20.4891599714756,
        54.71267991699278
      ],
      [
        20.48921998590231,
        54.71266994252801
      ],
      [
        20.489279916509986,
        54.712659968063235
      ],
      [
        20.48932995647192,
        54.71264999359846
      ],
      [
        20.489399945363402,
        54.712639935314655
      ],
      [
        20.489449985325336,
        54.71261998638511
      ],
      [
        20.489509999752045,
        54.71261998638511
      ],
      [
        20.489559955894947,
        54.7126099281013
      ],
      [
        20.48960999585688,
        54.71259995363653
      ],
      [
        20.489639919251204,
        54.71257992088795
      ],
      [
        20.489659951999784,
        54.71257992088795
      ],
      [
        20.489679984748363,
        54.71256994642317
      ],
      [
        20.489679984748363,
        54.71256994642317
      ],
      [
        20.489679984748363,
        54.71256994642317
      ],
      [
        20.489679984748363,
        54.71256994642317
      ],
      [
        20.4897799808532,
        54.7125599719584
      ],
      [
        20.489809988066554,
        54.712549997493625
      ],
      [
        20.489839995279908,
        54.71253993920982
      ],
      [
        20.489879976958036,
        54.71253993920982
      ],
      [
        20.489919958636165,
        54.712529964745045
      ],
      [
        20.4899699985981,
        54.71251999028027
      ],
      [
        20.490009980276227,
        54.712509931996465
      ],
      [
        20.49005993641913,
        54.71249995753169
      ],
      [
        20.490099918097258,
        54.71248998306692
      ],
      [
        20.490139983594418,
        54.71247992478311
      ],
      [
        20.49016999080777,
        54.71246995031834
      ],
      [
        20.490199998021126,
        54.71245997585356
      ],
      [
        20.490229921415448,
        54.71244991756976
      ],
      [
        20.490259928628802,
        54.71244991756976
      ],
      [
        20.490289935842156,
        54.71243994310498
      ],
      [
        20.490289935842156,
        54.71243994310498
      ],
      [
        20.490289935842156,
        54.71243994310498
      ],
      [
        20.490499986335635,
        54.71240993589163
      ],
      [
        20.49052999354899,
        54.712399961426854
      ],
      [
        20.49055991694331,
        54.71238998696208
      ],
      [
        20.490589924156666,
        54.712379928678274
      ],
      [
        20.490629989653826,
        54.712379928678274
      ],
      [
        20.49065999686718,
        54.7123699542135
      ],
      [
        20.490689920261502,
        54.712359979748726
      ],
      [
        20.490709953010082,
        54.712339947000146
      ],
      [
        20.490739960223436,
        54.71232997253537
      ],
      [
        20.490779941901565,
        54.7123199980706
      ],
      [
        20.490819923579693,
        54.71229996532202
      ],
      [
        20.490859989076853,
        54.71229996532202
      ],
      [
        20.490889996290207,
        54.71229996532202
      ],
      [
        20.490929977968335,
        54.71228999085724
      ],
      [
        20.490969959646463,
        54.71228999085724
      ],
      [
        20.49100994132459,
        54.71228999085724
      ],
      [
        20.491039948537946,
        54.71227993257344
      ],
      [
        20.4910699557513,
        54.71227993257344
      ],
      [
        20.491099962964654,
        54.71227993257344
      ],
      [
        20.491139944642782,
        54.712269958108664
      ],
      [
        20.491159977391362,
        54.71225998364389
      ],
      [
        20.49119995906949,
        54.712249925360084
      ],
      [
        20.49121999181807,
        54.712249925360084
      ],
      [
        20.49121999181807,
        54.712249925360084
      ],
      [
        20.49121999181807,
        54.712249925360084
      ],
      [
        20.49121999181807,
        54.712249925360084
      ],
      [
        20.4912599734962,
        54.712249925360084
      ],
      [
        20.49123994074762,
        54.71225998364389
      ],
      [
        20.49121999181807,
        54.712269958108664
      ],
      [
        20.49117992632091,
        54.712269958108664
      ],
      [
        20.491149919107556,
        54.712269958108664
      ],
      [
        20.491119995713234,
        54.712269958108664
      ],
      [
        20.491079930216074,
        54.712269958108664
      ],
      [
        20.491059981286526,
        54.712269958108664
      ],
      [
        20.49102997407317,
        54.712269958108664
      ],
      [
        20.490999966859818,
        54.712269958108664
      ],
      [
        20.490969959646463,
        54.71227993257344
      ],
      [
        20.49093995243311,
        54.71228999085724
      ],
      [
        20.490909945219755,
        54.7123199980706
      ],
      [
        20.4908799380064,
        54.712339947000146
      ],
      [
        20.490839956328273,
        54.7123699542135
      ],
      [
        20.490819923579693,
        54.71240993589163
      ],
      [
        20.490799974650145,
        54.71244991756976
      ],
      [
        20.49078991636634,
        54.71248998306692
      ],
      [
        20.490799974650145,
        54.712529964745045
      ],
      [
        20.49080994911492,
        54.7125599719584
      ],
      [
        20.490839956328273,
        54.71258997917175
      ],
      [
        20.490869963541627,
        54.7126099281013
      ],
      [
        20.490889996290207,
        54.712639935314655
      ],
      [
        20.490909945219755,
        54.71267991699278
      ],
      [
        20.490929977968335,
        54.71270992420614
      ],
      [
        20.49093995243311,
        54.71273993141949
      ],
      [
        20.490949926897883,
        54.712769938632846
      ],
      [
        20.49095998518169,
        54.7127999458462
      ],
      [
        20.490969959646463,
        54.71281997859478
      ],
      [
        20.490979934111238,
        54.71283992752433
      ],
      [
        20.490979934111238,
        54.71283992752433
      ],
      [
        20.490979934111238,
        54.71283992752433
      ],
      [
        20.490979934111238,
        54.71283992752433
      ],
      [
        20.49100994132459,
        54.71288996748626
      ],
      [
        20.49100994132459,
        54.71289994195104
      ],
      [
        20.49100994132459,
        54.71289994195104
      ],
      [
        20.49100994132459,
        54.712919974699616
      ],
      [
        20.491019999608397,
        54.71292994916439
      ],
      [
        20.49102997407317,
        54.71294998191297
      ],
      [
        20.49102997407317,
        54.712959956377745
      ],
      [
        20.491039948537946,
        54.71296993084252
      ],
      [
        20.491039948537946,
        54.7129899635911
      ],
      [
        20.491039948537946,
        54.7129899635911
      ],
      [
        20.49104992300272,
        54.71300999633968
      ],
      [
        20.49104992300272,
        54.71301997080445
      ],
      [
        20.4910699557513,
        54.713069926947355
      ],
      [
        20.49108998849988,
        54.71307998523116
      ],
      [
        20.49108998849988,
        54.713089959695935
      ],
      [
        20.491159977391362,
        54.713179981336
      ],
      [
        20.49117992632091,
        54.71318995580077
      ],
      [
        20.49119995906949,
        54.713199930265546
      ],
      [
        20.491209933534265,
        54.713199930265546
      ],
      [
        20.491209933534265,
        54.713199930265546
      ],
      [
        20.491209933534265,
        54.713199930265546
      ],
      [
        20.491289980709553,
        54.71328995190561
      ],
      [
        20.491289980709553,
        54.71330998465419
      ],
      [
        20.491299955174327,
        54.71331995911896
      ],
      [
        20.491319987922907,
        54.71333999186754
      ],
      [
        20.491339936852455,
        54.71335994079709
      ],
      [
        20.49134999513626,
        54.71337997354567
      ],
      [
        20.49134999513626,
        54.71339992247522
      ],
      [
        20.491339936852455,
        54.713409980759025
      ],
      [
        20.49132996238768,
        54.7134199552238
      ],
      [
        20.491319987922907,
        54.71342992968857
      ],
      [
        20.4913099296391,
        54.71343998797238
      ],
      [
        20.491299955174327,
        54.71344996243715
      ],
      [
        20.491289980709553,
        54.71344996243715
      ],
      [
        20.49123994074762,
        54.71350997686386
      ],
      [
        20.491229966282845,
        54.713519951328635
      ],
      [
        20.49121999181807,
        54.71352992579341
      ],
      [
        20.491209933534265,
        54.71352992579341
      ],
      [
        20.49119995906949,
        54.713539984077215
      ],
      [
        20.491119995713234,
        54.713629921898246
      ],
      [
        20.491109937429428,
        54.71363998018205
      ],
      [
        20.49108998849988,
        54.713649954646826
      ],
      [
        20.4910699557513,
        54.7136599291116
      ],
      [
        20.491039948537946,
        54.7136599291116
      ],
      [
        20.49100994132459,
        54.7136599291116
      ],
      [
        20.490979934111238,
        54.7136599291116
      ],
      [
        20.490949926897883,
        54.7136599291116
      ],
      [
        20.490929977968335,
        54.713669987395406
      ],
      [
        20.49089997075498,
        54.713669987395406
      ],
      [
        20.490869963541627,
        54.713669987395406
      ],
      [
        20.490839956328273,
        54.713669987395406
      ],
      [
        20.490819923579693,
        54.71367996186018
      ],
      [
        20.49078991636634,
        54.71367996186018
      ],
      [
        20.49076996743679,
        54.713689936324954
      ],
      [
        20.49074993468821,
        54.71369999460876
      ],
      [
        20.490729985758662,
        54.71369999460876
      ],
      [
        20.490719927474856,
        54.713689936324954
      ],
      [
        20.490689920261502,
        54.713689936324954
      ],
      [
        20.49065999686718,
        54.713689936324954
      ],
      [
        20.490649938583374,
        54.71367996186018
      ],
      [
        20.490629989653826,
        54.713669987395406
      ],
      [
        20.49061993137002,
        54.713669987395406
      ],
      [
        20.49059998244047,
        54.7136599291116
      ],
      [
        20.490569975227118,
        54.7136599291116
      ],
      [
        20.490549942478538,
        54.7136599291116
      ],
      [
        20.49052999354899,
        54.7136599291116
      ],
      [
        20.49050996080041,
        54.7136599291116
      ],
      [
        20.490499986335635,
        54.713669987395406
      ],
      [
        20.4904499463737,
        54.7136599291116
      ],
      [
        20.490419939160347,
        54.7136599291116
      ],
      [
        20.490409964695573,
        54.7136599291116
      ],
      [
        20.490289935842156,
        54.71355993300676
      ],
      [
        20.490279961377382,
        54.71354995854199
      ],
      [
        20.490269986912608,
        54.713539984077215
      ],
      [
        20.490269986912608,
        54.71352992579341
      ],
      [
        20.490269986912608,
        54.71352992579341
      ],
      [
        20.490269986912608,
        54.71352992579341
      ],
      [
        20.490269986912608,
        54.71352992579341
      ],
      [
        20.4902099724859,
        54.71347996965051
      ],
      [
        20.49018993973732,
        54.71346999518573
      ],
      [
        20.490159932523966,
        54.71345993690193
      ],
      [
        20.490139983594418,
        54.71344996243715
      ],
      [
        20.49012992531061,
        54.71344996243715
      ],
      [
        20.490119950845838,
        54.71342992968857
      ],
      [
        20.490119950845838,
        54.7134199552238
      ],
      [
        20.490109976381063,
        54.713409980759025
      ],
      [
        20.490099918097258,
        54.71339992247522
      ],
      [
        20.490099918097258,
        54.713389948010445
      ],
      [
        20.490099918097258,
        54.71337997354567
      ],
      [
        20.490099918097258,
        54.71337997354567
      ],
      [
        20.49014995805919,
        54.71335994079709
      ],
      [
        20.49014995805919,
        54.713369999080896
      ],
      [
        20.49016999080777,
        54.713389948010445
      ],
      [
        20.49016999080777,
        54.71339992247522
      ],
      [
        20.490199998021126,
        54.713409980759025
      ],
      [
        20.490219946950674,
        54.7134199552238
      ],
      [
        20.490239979699254,
        54.71342992968857
      ],
      [
        20.490249954164028,
        54.71345993690193
      ],
      [
        20.490269986912608,
        54.71348994411528
      ],
      [
        20.490289935842156,
        54.71350997686386
      ],
      [
        20.490299994125962,
        54.713539984077215
      ],
      [
        20.490299994125962,
        54.71356999129057
      ],
      [
        20.490309968590736,
        54.7136099729687
      ],
      [
        20.490329917520285,
        54.71361994743347
      ],
      [
        20.490369983017445,
        54.71361994743347
      ],
      [
        20.4903999902308,
        54.7136099729687
      ],
      [
        20.490429997444153,
        54.7136099729687
      ],
      [
        20.49046997912228,
        54.7136099729687
      ],
      [
        20.490499986335635,
        54.71361994743347
      ],
      [
        20.490519935265183,
        54.71363998018205
      ],
      [
        20.49052999354899,
        54.713649954646826
      ],
      [
        20.490539968013763,
        54.713669987395406
      ],
      [
        20.490539968013763,
        54.71367996186018
      ],
      [
        20.49052999354899,
        54.71369999460876
      ],
      [
        20.490519935265183,
        54.71369999460876
      ],
      [
        20.49048992805183,
        54.713709969073534
      ],
      [
        20.490459920838475,
        54.713709969073534
      ],
      [
        20.490429997444153,
        54.71371994353831
      ],
      [
        20.4903999902308,
        54.71372991800308
      ],
      [
        20.490369983017445,
        54.71373997628689
      ],
      [
        20.49033997580409,
        54.71374995075166
      ],
      [
        20.490309968590736,
        54.713759925216436
      ],
      [
        20.490269986912608,
        54.713759925216436
      ],
      [
        20.490239979699254,
        54.713759925216436
      ],
      [
        20.490199998021126,
        54.71376998350024
      ],
      [
        20.49016999080777,
        54.71376998350024
      ],
      [
        20.49014995805919,
        54.71376998350024
      ],
      [
        20.490119950845838,
        54.713779957965016
      ],
      [
        20.490099918097258,
        54.713779957965016
      ],
      [
        20.49007996916771,
        54.713799990713596
      ],
      [
        20.490049961954355,
        54.713799990713596
      ],
      [
        20.490029929205775,
        54.71380996517837
      ],
      [
        20.490009980276227,
        54.713819939643145
      ],
      [
        20.48999992199242,
        54.713819939643145
      ],
      [
        20.489979973062873,
        54.713819939643145
      ],
      [
        20.489959940314293,
        54.713819939643145
      ],
      [
        20.489939991384745,
        54.71380996517837
      ],
      [
        20.48992993310094,
        54.713799990713596
      ],
      [
        20.48990998417139,
        54.713779957965016
      ],
      [
        20.48988995142281,
        54.71376998350024
      ],
      [
        20.48986991867423,
        54.71374995075166
      ],
      [
        20.489839995279908,
        54.71373997628689
      ],
      [
        20.489809988066554,
        54.71372991800308
      ],
      [
        20.4897799808532,
        54.71371994353831
      ],
      [
        20.489749973639846,
        54.71369999460876
      ],
      [
        20.489729940891266,
        54.713689936324954
      ],
      [
        20.48969993367791,
        54.713669987395406
      ],
      [
        20.489669926464558,
        54.713649954646826
      ],
      [
        20.489639919251204,
        54.713629921898246
      ],
      [
        20.48960999585688,
        54.7136099729687
      ],
      [
        20.489579988643527,
        54.71358994022012
      ],
      [
        20.489539923146367,
        54.71356999129057
      ],
      [
        20.489509999752045,
        54.71354995854199
      ],
      [
        20.48947999253869,
        54.71352992579341
      ],
      [
        20.489449985325336,
        54.71350997686386
      ],
      [
        20.489419978111982,
        54.71347996965051
      ],
      [
        20.489379996433854,
        54.71345993690193
      ],
      [
        20.4893499892205,
        54.71342992968857
      ],
      [
        20.489319982007146,
        54.713409980759025
      ],
      [
        20.489279916509986,
        54.713389948010445
      ],
      [
        20.489259967580438,
        54.71335994079709
      ],
      [
        20.489229960367084,
        54.71333999186754
      ],
      [
        20.489209927618504,
        54.71331995911896
      ],
      [
        20.48917992040515,
        54.71328995190561
      ],
      [
        20.489149997010827,
        54.71326991915703
      ],
      [
        20.489119989797473,
        54.713239995762706
      ],
      [
        20.48908998258412,
        54.713219963014126
      ],
      [
        20.489059975370765,
        54.71318995580077
      ],
      [
        20.48902996815741,
        54.71315994858742
      ],
      [
        20.488999960944057,
        54.71313999965787
      ],
      [
        20.488969953730702,
        54.713109992444515
      ],
      [
        20.488949920982122,
        54.71307998523116
      ],
      [
        20.4889199975878,
        54.71305995248258
      ],
      [
        20.488909939303994,
        54.71302994526923
      ],
      [
        20.488909939303994,
        54.71300999633968
      ],
      [
        20.48893994651735,
        54.712979989126325
      ],
      [
        20.488989986479282,
        54.712959956377745
      ],
      [
        20.489039942622185,
        54.71294998191297
      ],
      [
        20.489099957048893,
        54.71292994916439
      ],
      [
        20.489169945940375,
        54.71290991641581
      ],
      [
        20.489239934831858,
        54.71288996748626
      ],
      [
        20.489299949258566,
        54.71286993473768
      ],
      [
        20.48936993815005,
        54.712849985808134
      ],
      [
        20.489429952576756,
        54.71283992752433
      ],
      [
        20.489509999752045,
        54.71281997859478
      ],
      [
        20.489579988643527,
        54.712809920310974
      ],
      [
        20.48964997753501,
        54.7127999458462
      ],
      [
        20.48971996642649,
        54.71277999691665
      ],
      [
        20.489799929782748,
        54.712769938632846
      ],
      [
        20.489879976958036,
        54.7127499897033
      ],
      [
        20.48994996584952,
        54.71273993141949
      ],
      [
        20.490029929205775,
        54.71271998248994
      ],
      [
        20.490099918097258,
        54.71269994974136
      ],
      [
        20.49016999080777,
        54.71267991699278
      ],
      [
        20.490249954164028,
        54.712659968063235
      ],
      [
        20.49031994305551,
        54.71264999359846
      ],
      [
        20.4903999902308,
        54.712639935314655
      ],
      [
        20.49046997912228,
        54.71261998638511
      ],
      [
        20.490539968013763,
        54.7126099281013
      ],
      [
        20.49061993137002,
        54.71258997917175
      ],
      [
        20.490669971331954,
        54.71257992088795
      ],
      [
        20.490719927474856,
        54.71256994642317
      ],
      [
        20.49074993468821,
        54.7125599719584
      ],
      [
        20.490779941901565,
        54.7125599719584
      ],
      [
        20.49078991636634,
        54.712549997493625
      ],
      [
        20.49078991636634,
        54.712549997493625
      ],
      [
        20.49078991636634,
        54.712549997493625
      ],
      [
        20.49078991636634,
        54.712549997493625
      ],
      [
        20.490819923579693,
        54.712509931996465
      ],
      [
        20.490799974650145,
        54.71247992478311
      ],
      [
        20.49078991636634,
        54.71245997585356
      ],
      [
        20.490779941901565,
        54.71242996864021
      ],
      [
        20.490759992972016,
        54.712399961426854
      ],
      [
        20.49076996743679,
        54.712379928678274
      ],
      [
        20.49078991636634,
        54.71234992146492
      ],
      [
        20.490819923579693,
        54.7123199980706
      ],
      [
        20.490859989076853,
        54.71229996532202
      ],
      [
        20.490909945219755,
        54.71228999085724
      ],
      [
        20.49095998518169,
        54.71227993257344
      ],
      [
        20.491019999608397,
        54.71227993257344
      ],
      [
        20.491079930216074,
        54.712269958108664
      ],
      [
        20.491149919107556,
        54.712269958108664
      ],
      [
        20.49121999181807,
        54.712249925360084
      ],
      [
        20.491299955174327,
        54.71223995089531
      ],
      [
        20.491379918530583,
        54.712229976430535
      ],
      [
        20.49145996570587,
        54.71221991814673
      ],
      [
        20.491529954597354,
        54.712209943681955
      ],
      [
        20.491579994559288,
        54.71219996921718
      ],
      [
        20.491619976237416,
        54.71218999475241
      ],
      [
        20.491659957915545,
        54.71218999475241
      ],
      [
        20.491699939593673,
        54.71216996200383
      ],
      [
        20.4917399212718,
        54.71215998753905
      ],
      [
        20.491789961233735,
        54.71213995479047
      ],
      [
        20.491859950125217,
        54.7121299803257
      ],
      [
        20.4919299390167,
        54.71211992204189
      ],
      [
        20.492009986191988,
        54.712099973112345
      ],
      [
        20.492089949548244,
        54.71208999864757
      ],
      [
        20.492169996723533,
        54.712079940363765
      ],
      [
        20.49224996007979,
        54.71205999143422
      ],
      [
        20.492329923436046,
        54.71203995868564
      ],
      [
        20.49239999614656,
        54.71200995147228
      ],
      [
        20.492469985038042,
        54.7119899187237
      ],
      [
        20.4925499483943,
        54.71195999532938
      ],
      [
        20.49261993728578,
        54.7119399625808
      ],
      [
        20.492689926177263,
        54.711909955367446
      ],
      [
        20.492759998887777,
        54.71187994815409
      ],
      [
        20.49282998777926,
        54.71184994094074
      ],
      [
        20.492899976670742,
        54.711819933727384
      ],
      [
        20.49295999109745,
        54.711799984797835
      ],
      [
        20.493009947240353,
        54.71176997758448
      ],
      [
        20.49306996166706,
        54.71172999590635
      ],
      [
        20.49312997609377,
        54.711699988693
      ],
      [
        20.49319996498525,
        54.711669981479645
      ],
      [
        20.493269953876734,
        54.71162999980152
      ],
      [
        20.493329968303442,
        54.71158993430436
      ],
      [
        20.493399957194924,
        54.711559927091
      ],
      [
        20.49347992055118,
        54.711519945412874
      ],
      [
        20.493549993261695,
        54.711479963734746
      ],
      [
        20.49360992386937,
        54.71144995652139
      ],
      [
        20.49366993829608,
        54.71139991655946
      ],
      [
        20.493709919974208,
        54.71135993488133
      ],
      [
        20.493739927187562,
        54.7113199532032
      ],
      [
        20.493749985471368,
        54.71128994598985
      ],
      [
        20.493739927187562,
        54.71125993877649
      ],
      [
        20.493719978258014,
        54.71124996431172
      ],
      [
        20.493719978258014,
        54.71124996431172
      ],
      [
        20.493719978258014,
        54.71124996431172
      ],
      [
        20.493719978258014,
        54.71124996431172
      ],
      [
        20.49368997104466,
        54.711199924349785
      ],
      [
        20.493679996579885,
        54.71118994988501
      ],
      [
        20.493659963831306,
        54.71116991713643
      ],
      [
        20.493639931082726,
        54.71113999374211
      ],
      [
        20.49360992386937,
        54.71111996099353
      ],
      [
        20.493569942191243,
        54.711089953780174
      ],
      [
        20.49353993497789,
        54.71105994656682
      ],
      [
        20.49349995329976,
        54.71101996488869
      ],
      [
        20.493469946086407,
        54.710979983210564
      ],
      [
        20.49342996440828,
        54.71094997599721
      ],
      [
        20.49338998273015,
        54.71090999431908
      ],
      [
        20.49334991723299,
        54.71086992882192
      ],
      [
        20.493309935554862,
        54.71082994714379
      ],
      [
        20.493279928341508,
        54.710789965465665
      ],
      [
        20.493249921128154,
        54.71073992550373
      ],
      [
        20.49321999773383,
        54.71068996936083
      ],
      [
        20.49317993223667,
        54.7106499876827
      ],
      [
        20.49312997609377,
        54.710599947720766
      ],
      [
        20.49306996166706,
        54.71055996604264
      ],
      [
        20.493009947240353,
        54.71051998436451
      ],
      [
        20.49295999109745,
        54.710469944402575
      ],
      [
        20.492909951135516,
        54.71042996272445
      ],
      [
        20.492859994992614,
        54.71037992276251
      ],
      [
        20.492799980565906,
        54.710339941084385
      ],
      [
        20.492759998887777,
        54.71028998494148
      ],
      [
        20.492709958925843,
        54.71024991944432
      ],
      [
        20.49265991896391,
        54.710209937766194
      ],
      [
        20.49261993728578,
        54.710169956088066
      ],
      [
        20.49256998114288,
        54.71012997440994
      ],
      [
        20.492539973929524,
        54.710099967196584
      ],
      [
        20.49250996671617,
        54.710059985518456
      ],
      [
        20.492469985038042,
        54.710019920021296
      ],
      [
        20.492429919540882,
        54.70997993834317
      ],
      [
        20.492389937862754,
        54.70994993112981
      ],
      [
        20.49233998171985,
        54.709929982200265
      ],
      [
        20.492289941757917,
        54.709909949451685
      ],
      [
        20.49224996007979,
        54.709889916703105
      ],
      [
        20.49220997840166,
        54.70985999330878
      ],
      [
        20.492159938439727,
        54.7098399605602
      ],
      [
        20.4921199567616,
        54.70980995334685
      ],
      [
        20.492069916799664,
        54.709779946133494
      ],
      [
        20.492019960656762,
        54.70974993892014
      ],
      [
        20.491969920694828,
        54.709719931706786
      ],
      [
        20.491919964551926,
        54.70968992449343
      ],
      [
        20.49186992458999,
        54.70965991728008
      ],
      [
        20.49181996844709,
        54.709629993885756
      ],
      [
        20.49175995402038,
        54.709589928388596
      ],
      [
        20.491699939593673,
        54.70955992117524
      ],
      [
        20.49164998345077,
        54.70951993949711
      ],
      [
        20.491589969024062,
        54.70948993228376
      ],
      [
        20.491529954597354,
        54.70944995060563
      ],
      [
        20.49147999845445,
        54.70941994339228
      ],
      [
        20.491419984027743,
        54.70938993617892
      ],
      [
        20.491359969601035,
        54.70935992896557
      ],
      [
        20.491299955174327,
        54.70931994728744
      ],
      [
        20.49123994074762,
        54.70927996560931
      ],
      [
        20.491189984604716,
        54.70924995839596
      ],
      [
        20.491129970178008,
        54.70920997671783
      ],
      [
        20.4910699557513,
        54.709179969504476
      ],
      [
        20.491019999608397,
        54.70914996229112
      ],
      [
        20.490969959646463,
        54.70910998061299
      ],
      [
        20.49091991968453,
        54.70907997339964
      ],
      [
        20.490869963541627,
        54.709049966186285
      ],
      [
        20.4908299818635,
        54.70901995897293
      ],
      [
        20.490779941901565,
        54.70898995175958
      ],
      [
        20.490729985758662,
        54.70895994454622
      ],
      [
        20.490689920261502,
        54.70892993733287
      ],
      [
        20.490629989653826,
        54.708899930119514
      ],
      [
        20.49057994969189,
        54.70886992290616
      ],
      [
        20.49052999354899,
        54.70882994122803
      ],
      [
        20.49048992805183,
        54.70879993401468
      ],
      [
        20.490459920838475,
        54.708769926801324
      ],
      [
        20.490429997444153,
        54.708729945123196
      ],
      [
        20.4903999902308,
        54.70870999619365
      ],
      [
        20.490369983017445,
        54.70867998898029
      ],
      [
        20.49033997580409,
        54.70865995623171
      ],
      [
        20.49031994305551,
        54.70862994901836
      ],
      [
        20.490279961377382,
        54.70860991626978
      ],
      [
        20.490249954164028,
        54.70858996734023
      ],
      [
        20.490229921415448,
        54.70856993459165
      ],
      [
        20.490199998021126,
        54.7085499856621
      ],
      [
        20.49016999080777,
        54.70852995291352
      ],
      [
        20.49012992531061,
        54.70850992016494
      ],
      [
        20.490109976381063,
        54.70849994570017
      ],
      [
        20.49007996916771,
        54.708489971235394
      ],
      [
        20.490049961954355,
        54.70847999677062
      ],
      [
        20.490029929205775,
        54.708469938486814
      ],
      [
        20.48999992199242,
        54.70845996402204
      ],
      [
        20.489979973062873,
        54.70843993127346
      ],
      [
        20.489959940314293,
        54.70841998234391
      ],
      [
        20.489959940314293,
        54.70841998234391
      ],
      [
        20.489959940314293,
        54.70841998234391
      ],
      [
        20.489959940314293,
        54.70841998234391
      ],
      [
        20.489859944209456,
        54.708359967917204
      ],
      [
        20.489839995279908,
        54.70834999345243
      ],
      [
        20.489809988066554,
        54.70832996070385
      ],
      [
        20.4897799808532,
        54.708299953490496
      ],
      [
        20.48975994810462,
        54.70826994627714
      ],
      [
        20.489749973639846,
        54.70823993906379
      ],
      [
        20.48973999917507,
        54.70820993185043
      ],
      [
        20.489729940891266,
        54.708169950172305
      ],
      [
        20.48971996642649,
        54.70813994295895
      ],
      [
        20.489709991961718,
        54.70809996128082
      ],
      [
        20.48969993367791,
        54.708059979602695
      ],
      [
        20.489679984748363,
        54.708019997924566
      ],
      [
        20.489669926464558,
        54.70796995796263
      ],
      [
        20.48964997753501,
        54.707929976284504
      ],
      [
        20.489639919251204,
        54.70787993632257
      ],
      [
        20.489619970321655,
        54.70783995464444
      ],
      [
        20.48960999585688,
        54.70779997296631
      ],
      [
        20.489599937573075,
        54.70776996575296
      ],
      [
        20.4895899631083,
        54.707739958539605
      ],
      [
        20.489579988643527,
        54.70769997686148
      ],
      [
        20.489579988643527,
        54.70766996964812
      ],
      [
        20.48956993035972,
        54.70764993689954
      ],
      [
        20.489559955894947,
        54.70761992968619
      ],
      [
        20.489549981430173,
        54.707589922472835
      ],
      [
        20.489549981430173,
        54.70755999907851
      ],
      [
        20.489539923146367,
        54.70751993358135
      ],
      [
        20.489539923146367,
        54.707489926368
      ],
      [
        20.489529948681593,
        54.707459919154644
      ],
      [
        20.489529948681593,
        54.707419937476516
      ],
      [
        20.489539923146367,
        54.70737995579839
      ],
      [
        20.489549981430173,
        54.70734994858503
      ],
      [
        20.489559955894947,
        54.707309966906905
      ],
      [
        20.48956993035972,
        54.70726998522878
      ],
      [
        20.48956993035972,
        54.70722991973162
      ],
      [
        20.48956993035972,
        54.707199996337295
      ],
      [
        20.48956993035972,
        54.707199996337295
      ],
      [
        20.48956993035972,
        54.70716998912394
      ],
      [
        20.489579988643527,
        54.70712992362678
      ],
      [
        20.489579988643527,
        54.707099916413426
      ],
      [
        20.489579988643527,
        54.707069993019104
      ],
      [
        20.489579988643527,
        54.70703998580575
      ],
      [
        20.489579988643527,
        54.707009978592396
      ],
      [
        20.489579988643527,
        54.706989945843816
      ],
      [
        20.489579988643527,
        54.70696999691427
      ],
      [
        20.489579988643527,
        54.70695993863046
      ],
      [
        20.489579988643527,
        54.70693998970091
      ],
      [
        20.4895899631083,
        54.70692993141711
      ],
      [
        20.4895899631083,
        54.70690998248756
      ],
      [
        20.489579988643527,
        54.70688994973898
      ],
      [
        20.489579988643527,
        54.706859942525625
      ],
      [
        20.4895899631083,
        54.70683999359608
      ],
      [
        20.4895899631083,
        54.70679992809892
      ],
      [
        20.489579988643527,
        54.70676992088556
      ],
      [
        20.489559955894947,
        54.706749971956015
      ],
      [
        20.489539923146367,
        54.70671996474266
      ],
      [
        20.489509999752045,
        54.70669993199408
      ],
      [
        20.48947999253869,
        54.70667998306453
      ],
      [
        20.48945995979011,
        54.70664997585118
      ],
      [
        20.48943992704153,
        54.70663991756737
      ],
      [
        20.48943992704153,
        54.70663991756737
      ],
      [
        20.48943992704153,
        54.70663991756737
      ],
      [
        20.48943992704153,
        54.70663991756737
      ],
      [
        20.48943992704153,
        54.70663991756737
      ],
      [
        20.4893499892205,
        54.70656992867589
      ],
      [
        20.489339930936694,
        54.706559954211116
      ],
      [
        20.489319982007146,
        54.706539921462536
      ],
      [
        20.489299949258566,
        54.70651997253299
      ],
      [
        20.489269942045212,
        54.70650999806821
      ],
      [
        20.489249993115664,
        54.70648996531963
      ],
      [
        20.48921998590231,
        54.70647999085486
      ],
      [
        20.48919995315373,
        54.70646993257105
      ],
      [
        20.48917992040515,
        54.70646993257105
      ],
      [
        20.4891599714756,
        54.70645995810628
      ],
      [
        20.489149997010827,
        54.70645995810628
      ],
      [
        20.489149997010827,
        54.70645995810628
      ],
      [
        20.489149997010827,
        54.70645995810628
      ],
      [
        20.489149997010827,
        54.70645995810628
      ],
      [
        20.48913993872702,
        54.7064399253577
      ],
      [
        20.48913993872702,
        54.7064399253577
      ],
      [
        20.489129964262247,
        54.7064399253577
      ],
      [
        20.488809943199158,
        54.706319980323315
      ],
      [
        20.48878999426961,
        54.70630992203951
      ],
      [
        20.488759987056255,
        54.70630992203951
      ],
      [
        20.4887299798429,
        54.706299947574735
      ],
      [
        20.488699972629547,
        54.706299947574735
      ],
      [
        20.488649932667613,
        54.706279998645186
      ],
      [
        20.488589918240905,
        54.706279998645186
      ],
      [
        20.48852998763323,
        54.70626994036138
      ],
      [
        20.488459998741746,
        54.70626994036138
      ],
      [
        20.488409958779812,
        54.706279998645186
      ],
      [
        20.488359918817878,
        54.70628997310996
      ],
      [
        20.488329995423555,
        54.706299947574735
      ],
      [
        20.488309962674975,
        54.706299947574735
      ],
      [
        20.48831993713975,
        54.706279998645186
      ],
      [
        20.488329995423555,
        54.70626994036138
      ],
      [
        20.488349944353104,
        54.70624999143183
      ],
      [
        20.488359918817878,
        54.70623993314803
      ],
      [
        20.488359918817878,
        54.70621998421848
      ],
      [
        20.488359918817878,
        54.7061999514699
      ],
      [
        20.48833996988833,
        54.70617991872132
      ],
      [
        20.488309962674975,
        54.706169944256544
      ],
      [
        20.48827995546162,
        54.70615996979177
      ],
      [
        20.488249948248267,
        54.706149995326996
      ],
      [
        20.48822999931872,
        54.70613993704319
      ],
      [
        20.48822999931872,
        54.70613993704319
      ],
      [
        20.48822999931872,
        54.70613993704319
      ],
      [
        20.48822999931872,
        54.70608998090029
      ],
      [
        20.48825992271304,
        54.70607992261648
      ],
      [
        20.4882999882102,
        54.70606994815171
      ],
      [
        20.488349944353104,
        54.70607992261648
      ],
      [
        20.488399984315038,
        54.70607992261648
      ],
      [
        20.488459998741746,
        54.70609995536506
      ],
      [
        20.488519929349422,
        54.706109929829836
      ],
      [
        20.48857994377613,
        54.70611998811364
      ],
      [
        20.488629983738065,
        54.70613993704319
      ],
      [
        20.488689998164773,
        54.706149995326996
      ],
      [
        20.488759987056255,
        54.70615996979177
      ],
      [
        20.488819917663932,
        54.706169944256544
      ],
      [
        20.488889990374446,
        54.706169944256544
      ],
      [
        20.48895997926593,
        54.70615996979177
      ],
      [
        20.489019993692636,
        54.706149995326996
      ],
      [
        20.48904991708696,
        54.70613993704319
      ],
      [
        20.489079924300313,
        54.706129962578416
      ],
      [
        20.489079924300313,
        54.706129962578416
      ],
      [
        20.489079924300313,
        54.706129962578416
      ],
      [
        20.489079924300313,
        54.706129962578416
      ],
      [
        20.489079924300313,
        54.706129962578416
      ],
      [
        20.489079924300313,
        54.706129962578416
      ],
      [
        20.489079924300313,
        54.706129962578416
      ],
      [
        20.488969953730702,
        54.706019992008805
      ],
      [
        20.488979928195477,
        54.706009933725
      ],
      [
        20.488989986479282,
        54.705999959260225
      ],
      [
        20.488999960944057,
        54.70598998479545
      ],
      [
        20.48900993540883,
        54.70598998479545
      ],
      [
        20.489019993692636,
        54.705979926511645
      ],
      [
        20.48902996815741,
        54.7059599775821
      ],
      [
        20.489039942622185,
        54.70594991929829
      ],
      [
        20.48904991708696,
        54.70593994483352
      ],
      [
        20.489059975370765,
        54.70592997036874
      ],
      [
        20.48906994983554,
        54.70590993762016
      ],
      [
        20.489079924300313,
        54.70589996315539
      ],
      [
        20.48908998258412,
        54.705889988690615
      ],
      [
        20.489099957048893,
        54.70587993040681
      ],
      [
        20.489109931513667,
        54.705869955942035
      ],
      [
        20.489119989797473,
        54.70585998147726
      ],
      [
        20.489119989797473,
        54.70585998147726
      ],
      [
        20.489129964262247,
        54.705849923193455
      ],
      [
        20.489169945940375,
        54.70577993430197
      ],
      [
        20.489169945940375,
        54.7057699598372
      ],
      [
        20.489169945940375,
        54.70574992708862
      ],
      [
        20.489169945940375,
        54.70574992708862
      ],
      [
        20.48928997479379,
        54.705569967627525
      ],
      [
        20.48928997479379,
        54.705569967627525
      ],
      [
        20.48928997479379,
        54.705569967627525
      ],
      [
        20.48928997479379,
        54.705569967627525
      ],
      [
        20.48928997479379,
        54.705569967627525
      ],
      [
        20.489359963685274,
        54.70550995320082
      ],
      [
        20.48936993815005,
        54.70549997873604
      ],
      [
        20.489379996433854,
        54.70548992045224
      ],
      [
        20.48938997089863,
        54.705459997057915
      ],
      [
        20.489409919828176,
        54.70544993877411
      ],
      [
        20.489419978111982,
        54.70542998984456
      ],
      [
        20.489429952576756,
        54.70540995709598
      ],
      [
        20.489449985325336,
        54.7053899243474
      ],
      [
        20.489449985325336,
        54.70536997541785
      ],
      [
        20.48945995979011,
        54.70534994266927
      ],
      [
        20.48945995979011,
        54.705329993739724
      ],
      [
        20.48945995979011,
        54.70529998652637
      ],
      [
        20.48947999253869,
        54.705289928242564
      ],
      [
        20.48949994146824,
        54.705269979313016
      ],
      [
        20.48951997421682,
        54.70523997209966
      ],
      [
        20.489539923146367,
        54.70521993935108
      ],
      [
        20.489559955894947,
        54.70518993213773
      ],
      [
        20.489559955894947,
        54.70516998320818
      ],
      [
        20.48956993035972,
        54.7051499504596
      ],
      [
        20.48956993035972,
        54.70512991771102
      ],
      [
        20.489579988643527,
        54.70510996878147
      ],
      [
        20.489579988643527,
        54.7050999943167
      ],
      [
        20.489579988643527,
        54.7050999943167
      ],
      [
        20.48962994478643,
        54.70502992160618
      ],
      [
        20.48962994478643,
        54.70499999821186
      ],
      [
        20.48962994478643,
        54.704989939928055
      ],
      [
        20.489619970321655,
        54.70497996546328
      ],
      [
        20.489619970321655,
        54.7049599327147
      ],
      [
        20.489619970321655,
        54.70494995824993
      ],
      [
        20.489619970321655,
        54.70493998378515
      ],
      [
        20.489619970321655,
        54.70492992550135
      ],
      [
        20.489619970321655,
        54.70491995103657
      ],
      [
        20.489619970321655,
        54.7049099765718
      ],
      [
        20.489619970321655,
        54.70489991828799
      ],
      [
        20.489599937573075,
        54.70488994382322
      ],
      [
        20.489599937573075,
        54.704879969358444
      ],
      [
        20.489599937573075,
        54.704879969358444
      ],
      [
        20.489599937573075,
        54.704879969358444
      ],
      [
        20.489599937573075,
        54.704839987680316
      ],
      [
        20.489619970321655,
        54.704819954931736
      ],
      [
        20.489639919251204,
        54.70480998046696
      ],
      [
        20.489659951999784,
        54.704799922183156
      ],
      [
        20.489679984748363,
        54.70478994771838
      ],
      [
        20.489709991961718,
        54.70477997325361
      ],
      [
        20.48973999917507,
        54.70477997325361
      ],
      [
        20.489769922569394,
        54.70478994771838
      ],
      [
        20.489789955317974,
        54.704799922183156
      ],
      [
        20.489809988066554,
        54.704799922183156
      ],
      [
        20.489849969744682,
        54.70480998046696
      ],
      [
        20.48988995142281,
        54.704819954931736
      ],
      [
        20.489939991384745,
        54.704819954931736
      ],
      [
        20.489979973062873,
        54.70482992939651
      ],
      [
        20.490019954741,
        54.704839987680316
      ],
      [
        20.49005993641913,
        54.70484996214509
      ],
      [
        20.490099918097258,
        54.704859936609864
      ],
      [
        20.490139983594418,
        54.70486999489367
      ],
      [
        20.49016999080777,
        54.704879969358444
      ],
      [
        20.4902099724859,
        54.70488994382322
      ],
      [
        20.490259928628802,
        54.704879969358444
      ],
      [
        20.49031994305551,
        54.70486999489367
      ],
      [
        20.49035992473364,
        54.70484996214509
      ],
      [
        20.490409964695573,
        54.70482992939651
      ],
      [
        20.490439971908927,
        54.704799922183156
      ],
      [
        20.49046997912228,
        54.70477997325361
      ],
      [
        20.49048992805183,
        54.70475994050503
      ],
      [
        20.490499986335635,
        54.704749966040254
      ],
      [
        20.490499986335635,
        54.704749966040254
      ],
      [
        20.490609956905246,
        54.70475994050503
      ],
      [
        20.490649938583374,
        54.704769998788834
      ],
      [
        20.490679945796728,
        54.70478994771838
      ],
      [
        20.490699978545308,
        54.70480998046696
      ],
      [
        20.490719927474856,
        54.704839987680316
      ],
      [
        20.490739960223436,
        54.70484996214509
      ],
      [
        20.49076996743679,
        54.704859936609864
      ],
      [
        20.49080994911492,
        54.704859936609864
      ],
      [
        20.490849930793047,
        54.70486999489367
      ],
      [
        20.49089997075498,
        54.704879969358444
      ],
      [
        20.490949926897883,
        54.70488994382322
      ],
      [
        20.490989992395043,
        54.70489991828799
      ],
      [
        20.49104992300272,
        54.70489991828799
      ],
      [
        20.491119995713234,
        54.7049099765718
      ],
      [
        20.491189984604716,
        54.70491995103657
      ],
      [
        20.4912599734962,
        54.70493998378515
      ],
      [
        20.491319987922907,
        54.70494995824993
      ],
      [
        20.491379918530583,
        54.7049599327147
      ],
      [
        20.491429958492517,
        54.70497996546328
      ],
      [
        20.49147999845445,
        54.70497996546328
      ],
      [
        20.491539929062128,
        54.70497996546328
      ],
      [
        20.491599943488836,
        54.70497996546328
      ],
      [
        20.491659957915545,
        54.704989939928055
      ],
      [
        20.491719972342253,
        54.70499999821186
      ],
      [
        20.491719972342253,
        54.70499999821186
      ],
      [
        20.491719972342253,
        54.70499999821186
      ],
      [
        20.491719972342253,
        54.70499999821186
      ],
      [
        20.491849975660443,
        54.70501994714141
      ],
      [
        20.49186992458999,
        54.70501994714141
      ],
      [
        20.491899931803346,
        54.70502992160618
      ],
      [
        20.491939997300506,
        54.70502992160618
      ],
      [
        20.491979978978634,
        54.70502992160618
      ],
      [
        20.492019960656762,
        54.705009972676635
      ],
      [
        20.492039993405342,
        54.705009972676635
      ],
      [
        20.49205994233489,
        54.70499999821186
      ],
      [
        20.49207997508347,
        54.70499999821186
      ],
      [
        20.49209992401302,
        54.70499999821186
      ],
      [
        20.492109982296824,
        54.704989939928055
      ],
      [
        20.4921199567616,
        54.70496999099851
      ],
      [
        20.4921199567616,
        54.7049599327147
      ],
      [
        20.4921199567616,
        54.70493998378515
      ],
      [
        20.492149963974953,
        54.70491995103657
      ],
      [
        20.492169996723533,
        54.70491995103657
      ],
      [
        20.49218994565308,
        54.70491995103657
      ],
      [
        20.492199920117855,
        54.70491995103657
      ],
      [
        20.492199920117855,
        54.70492992550135
      ],
      [
        20.49220997840166,
        54.70492992550135
      ],
      [
        20.49220997840166,
        54.70492992550135
      ],
      [
        20.49220997840166,
        54.70492992550135
      ],
      [
        20.492259934544563,
        54.7049599327147
      ],
      [
        20.492279967293143,
        54.70496999099851
      ],
      [
        20.492309974506497,
        54.70496999099851
      ],
      [
        20.492349956184626,
        54.70497996546328
      ],
      [
        20.492389937862754,
        54.70497996546328
      ],
      [
        20.492439977824688,
        54.70497996546328
      ],
      [
        20.49248993396759,
        54.70497996546328
      ],
      [
        20.4925499483943,
        54.704989939928055
      ],
      [
        20.492599988356233,
        54.70499999821186
      ],
      [
        20.492649944499135,
        54.70499999821186
      ],
      [
        20.492709958925843,
        54.70499999821186
      ],
      [
        20.492759998887777,
        54.70499999821186
      ],
      [
        20.49280995503068,
        54.705009972676635
      ],
      [
        20.492869969457388,
        54.705009972676635
      ],
      [
        20.49291992560029,
        54.70501994714141
      ],
      [
        20.492979940027,
        54.70501994714141
      ],
      [
        20.49304992891848,
        54.70501994714141
      ],
      [
        20.49310994334519,
        54.70501994714141
      ],
      [
        20.493169957771897,
        54.70501994714141
      ],
      [
        20.49323994666338,
        54.70502992160618
      ],
      [
        20.493299961090088,
        54.70503997988999
      ],
      [
        20.49336994998157,
        54.70504995435476
      ],
      [
        20.49342996440828,
        54.70505992881954
      ],
      [
        20.493489978834987,
        54.70506998710334
      ],
      [
        20.493549993261695,
        54.70506998710334
      ],
      [
        20.49360992386937,
        54.70507996156812
      ],
      [
        20.493679996579885,
        54.70508993603289
      ],
      [
        20.493739927187562,
        54.70508993603289
      ],
      [
        20.49379994161427,
        54.7050999943167
      ],
      [
        20.493849981576204,
        54.705119943246245
      ],
      [
        20.493889963254333,
        54.7051499504596
      ],
      [
        20.49392994493246,
        54.70516998320818
      ],
      [
        20.49398995935917,
        54.70518993213773
      ],
      [
        20.494049973785877,
        54.705199990421534
      ],
      [
        20.49411996267736,
        54.70520996488631
      ],
      [
        20.494199926033616,
        54.70521993935108
      ],
      [
        20.49428994767368,
        54.70521993935108
      ],
      [
        20.49437996931374,
        54.70520996488631
      ],
      [
        20.494459932669997,
        54.70520996488631
      ],
      [
        20.494539979845285,
        54.70520996488631
      ],
      [
        20.494629917666316,
        54.705199990421534
      ],
      [
        20.494709964841604,
        54.705199990421534
      ],
      [
        20.494799986481667,
        54.70520996488631
      ],
      [
        20.494879949837923,
        54.70520996488631
      ],
      [
        20.49495999701321,
        54.705199990421534
      ],
      [
        20.495039960369468,
        54.705199990421534
      ],
      [
        20.495119923725724,
        54.70520996488631
      ],
      [
        20.495199970901012,
        54.70520996488631
      ],
      [
        20.495269959792495,
        54.70520996488631
      ],
      [
        20.49534992314875,
        54.70520996488631
      ],
      [
        20.495419995859265,
        54.70520996488631
      ],
      [
        20.495489984750748,
        54.70520996488631
      ],
      [
        20.49555997364223,
        54.70520996488631
      ],
      [
        20.495629962533712,
        54.70520996488631
      ],
      [
        20.49570992588997,
        54.70520996488631
      ],
      [
        20.495779998600483,
        54.70520996488631
      ],
      [
        20.49585996195674,
        54.70520996488631
      ],
      [
        20.495939925312996,
        54.70520996488631
      ],
      [
        20.496019972488284,
        54.70520996488631
      ],
      [
        20.496109994128346,
        54.70520996488631
      ],
      [
        20.496189957484603,
        54.705199990421534
      ],
      [
        20.496279979124665,
        54.70518993213773
      ],
      [
        20.496279979124665,
        54.70518993213773
      ],
      [
        20.49635994248092,
        54.705179957672954
      ],
      [
        20.49643998965621,
        54.70516998320818
      ],
      [
        20.49652992747724,
        54.70516998320818
      ],
      [
        20.496619949117303,
        54.70516998320818
      ],
      [
        20.49669999629259,
        54.705159924924374
      ],
      [
        20.496779959648848,
        54.7051499504596
      ],
      [
        20.49686998128891,
        54.705139975994825
      ],
      [
        20.49695991910994,
        54.705139975994825
      ],
      [
        20.49703996628523,
        54.70512991771102
      ],
      [
        20.49712998792529,
        54.70512991771102
      ],
      [
        20.49721992574632,
        54.70512991771102
      ],
      [
        20.49729997292161,
        54.70512991771102
      ],
      [
        20.497389994561672,
        54.70512991771102
      ],
      [
        20.497479932382703,
        54.70512991771102
      ],
      [
        20.497569954022765,
        54.70512991771102
      ],
      [
        20.497659975662827,
        54.70510996878147
      ],
      [
        20.497739939019084,
        54.70510996878147
      ],
      [
        20.497829960659146,
        54.7050999943167
      ],
      [
        20.497909924015403,
        54.70508993603289
      ],
      [
        20.497999945655465,
        54.70507996156812
      ],
      [
        20.498079992830753,
        54.70506998710334
      ],
      [
        20.49815995618701,
        54.70505992881954
      ],
      [
        20.498239919543266,
        54.70505992881954
      ],
      [
        20.49830999225378,
        54.70504995435476
      ],
      [
        20.498389955610037,
        54.70503997988999
      ],
      [
        20.49845994450152,
        54.705009972676635
      ],
      [
        20.498529933393,
        54.70499999821186
      ],
      [
        20.498629929497838,
        54.704989939928055
      ],
      [
        20.4987199511379,
        54.70497996546328
      ],
      [
        20.498819947242737,
        54.70496999099851
      ],
      [
        20.498919943347573,
        54.7049599327147
      ],
      [
        20.499029997736216,
        54.70494995824993
      ],
      [
        20.499129993841052,
        54.70492992550135
      ],
      [
        20.49922998994589,
        54.70491995103657
      ],
      [
        20.4993399605155,
        54.7049099765718
      ],
      [
        20.49944993108511,
        54.70489991828799
      ],
      [
        20.499549927189946,
        54.70489991828799
      ],
      [
        20.49965998157859,
        54.70488994382322
      ],
      [
        20.499759977683425,
        54.704879969358444
      ],
      [
        20.49985997378826,
        54.704859936609864
      ],
      [
        20.499959969893098,
        54.704839987680316
      ],
      [
        20.500059965997934,
        54.704839987680316
      ],
      [
        20.500169936567545,
        54.70482992939651
      ],
      [
        20.50026993267238,
        54.704819954931736
      ],
      [
        20.500369928777218,
        54.70480998046696
      ],
      [
        20.500469924882054,
        54.70478994771838
      ],
      [
        20.500559946522117,
        54.70477997325361
      ],
      [
        20.500659942626953,
        54.704769998788834
      ],
      [
        20.500749964267015,
        54.70475994050503
      ],
      [
        20.500849960371852,
        54.704749966040254
      ],
      [
        20.500939982011914,
        54.70473999157548
      ],
      [
        20.501029919832945,
        54.704729933291674
      ],
      [
        20.501109967008233,
        54.7047199588269
      ],
      [
        20.50118993036449,
        54.704709984362125
      ],
      [
        20.501269977539778,
        54.704709984362125
      ],
      [
        20.501349940896034,
        54.70469992607832
      ],
      [
        20.501439962536097,
        54.704689951613545
      ],
      [
        20.50150995142758,
        54.704669918864965
      ],
      [
        20.501589998602867,
        54.70463999547064
      ],
      [
        20.501679936423898,
        54.70462993718684
      ],
      [
        20.50176995806396,
        54.70461996272206
      ],
      [
        20.501859979704022,
        54.70460998825729
      ],
      [
        20.50195997580886,
        54.70460998825729
      ],
      [
        20.50204999744892,
        54.70459992997348
      ],
      [
        20.502139935269952,
        54.70458995550871
      ],
      [
        20.50221998244524,
        54.704579981043935
      ],
      [
        20.50230992026627,
        54.704559948295355
      ],
      [
        20.502399941906333,
        54.704559948295355
      ],
      [
        20.502489963546395,
        54.70454997383058
      ],
      [
        20.502569926902652,
        54.704529941082
      ],
      [
        20.502659948542714,
        54.70451996661723
      ],
      [
        20.502739995718002,
        54.70450999215245
      ],
      [
        20.502829933539033,
        54.70449993386865
      ],
      [
        20.50290998071432,
        54.7044799849391
      ],
      [
        20.50299991853535,
        54.70446992665529
      ],
      [
        20.503089940175414,
        54.70445995219052
      ],
      [
        20.503169987350702,
        54.704449977725744
      ],
      [
        20.503259925171733,
        54.704429944977164
      ],
      [
        20.503329997882247,
        54.70441997051239
      ],
      [
        20.503409961238503,
        54.704409996047616
      ],
      [
        20.50348992459476,
        54.70439993776381
      ],
      [
        20.503569971770048,
        54.70439993776381
      ],
      [
        20.50363996066153,
        54.704389963299036
      ],
      [
        20.503719924017787,
        54.70437998883426
      ],
      [
        20.503799971193075,
        54.704369930550456
      ],
      [
        20.503869960084558,
        54.70435995608568
      ],
      [
        20.503949923440814,
        54.70434998162091
      ],
      [
        20.504019996151328,
        54.70434998162091
      ],
      [
        20.50410993397236,
        54.70434998162091
      ],
      [
        20.50417992286384,
        54.70434998162091
      ],
      [
        20.50425997003913,
        54.70434998162091
      ],
      [
        20.504339933395386,
        54.7043399233371
      ],
      [
        20.504419980570674,
        54.7043399233371
      ],
      [
        20.504509918391705,
        54.7043399233371
      ],
      [
        20.504589965566993,
        54.70432994887233
      ],
      [
        20.50466992892325,
        54.704319974407554
      ],
      [
        20.504749976098537,
        54.70430999994278
      ],
      [
        20.504829939454794,
        54.70430999994278
      ],
      [
        20.504909986630082,
        54.704319974407554
      ],
      [
        20.50498994998634,
        54.70430999994278
      ],
      [
        20.505069997161627,
        54.704279992729425
      ],
      [
        20.505149960517883,
        54.70426993444562
      ],
      [
        20.505219949409366,
        54.704259959980845
      ],
      [
        20.505289938300848,
        54.704259959980845
      ],
      [
        20.505339978262782,
        54.704259959980845
      ],
      [
        20.505389934405684,
        54.704259959980845
      ],
      [
        20.505429999902844,
        54.70426993444562
      ],
      [
        20.505469981580973,
        54.70426993444562
      ],
      [
        20.5055099632591,
        54.704279992729425
      ],
      [
        20.505539970472455,
        54.704299941658974
      ],
      [
        20.50556997768581,
        54.70430999994278
      ],
      [
        20.505579952150583,
        54.70432994887233
      ],
      [
        20.505599984899163,
        54.70434998162091
      ],
      [
        20.505609959363937,
        54.704369930550456
      ],
      [
        20.50561993382871,
        54.704389963299036
      ],
      [
        20.505629992112517,
        54.70441997051239
      ],
      [
        20.50563996657729,
        54.704429944977164
      ],
      [
        20.505649941042066,
        54.70445995219052
      ],
      [
        20.50565999932587,
        54.7044799849391
      ],
      [
        20.505669973790646,
        54.70449993386865
      ],
      [
        20.50567994825542,
        54.704529941082
      ],
      [
        20.505689922720194,
        54.70454997383058
      ],
      [
        20.505709955468774,
        54.704579981043935
      ],
      [
        20.505709955468774,
        54.70459992997348
      ],
      [
        20.505719929933548,
        54.70461996272206
      ],
      [
        20.505729988217354,
        54.70463999547064
      ],
      [
        20.505739962682128,
        54.704669918864965
      ],
      [
        20.505749937146902,
        54.704689951613545
      ],
      [
        20.505749937146902,
        54.7047199588269
      ],
      [
        20.505759995430708,
        54.70473999157548
      ],
      [
        20.505769969895482,
        54.704769998788834
      ],
      [
        20.50578991882503,
        54.704799922183156
      ],
      [
        20.50580995157361,
        54.704819954931736
      ],
      [
        20.50582998432219,
        54.70484996214509
      ],
      [
        20.50584993325174,
        54.70486999489367
      ],
      [
        20.505859991535544,
        54.70489991828799
      ],
      [
        20.505879940465093,
        54.70492992550135
      ],
      [
        20.5058899987489,
        54.70494995824993
      ],
      [
        20.505909947678447,
        54.70496999099851
      ],
      [
        20.505909947678447,
        54.70496999099851
      ],
      [
        20.505909947678447,
        54.70496999099851
      ],
      [
        20.505909947678447,
        54.70496999099851
      ],
      [
        20.5059399548918,
        54.70503997988999
      ],
      [
        20.505949929356575,
        54.70504995435476
      ],
      [
        20.50595998764038,
        54.70505992881954
      ],
      [
        20.505969962105155,
        54.70507996156812
      ],
      [
        20.50597993656993,
        54.70508993603289
      ],
      [
        20.505989994853735,
        54.70510996878147
      ],
      [
        20.505989994853735,
        54.70510996878147
      ],
      [
        20.505989994853735,
        54.70510996878147
      ],
      [
        20.505989994853735,
        54.70510996878147
      ],
      [
        20.505989994853735,
        54.70510996878147
      ],
      [
        20.505989994853735,
        54.70510996878147
      ],
      [
        20.505989994853735,
        54.70510996878147
      ],
      [
        20.50604992546141,
        54.70523997209966
      ],
      [
        20.506059983745217,
        54.705249946564436
      ],
      [
        20.506059983745217,
        54.705249946564436
      ],
      [
        20.506059983745217,
        54.705249946564436
      ],
      [
        20.506059983745217,
        54.705249946564436
      ],
      [
        20.506099965423346,
        54.705309960991144
      ],
      [
        20.50610993988812,
        54.705329993739724
      ],
      [
        20.506119998171926,
        54.70534994266927
      ],
      [
        20.5061299726367,
        54.70536997541785
      ],
      [
        20.506139947101474,
        54.7053899243474
      ],
      [
        20.506149921566248,
        54.705419931560755
      ],
      [
        20.506159979850054,
        54.705439964309335
      ],
      [
        20.506179928779602,
        54.70546997152269
      ],
      [
        20.506189987063408,
        54.70549997873604
      ],
      [
        20.506199961528182,
        54.70551992766559
      ],
      [
        20.506209935992956,
        54.70553996041417
      ],
      [
        20.506229968741536,
        54.70555999316275
      ],
      [
        20.506229968741536,
        54.7055799420923
      ],
      [
        20.506229968741536,
        54.7055799420923
      ],
      [
        20.506229968741536,
        54.7055799420923
      ],
      [
        20.506229968741536,
        54.7055799420923
      ],
      [
        20.506249917671084,
        54.70562998205423
      ],
      [
        20.506249917671084,
        54.70563995651901
      ],
      [
        20.50627992488444,
        54.70568999648094
      ],
      [
        20.50627992488444,
        54.705699970945716
      ],
      [
        20.506289983168244,
        54.705719919875264
      ],
      [
        20.50629995763302,
        54.705739952623844
      ],
      [
        20.506309932097793,
        54.70574992708862
      ],
      [
        20.5063199903816,
        54.7057699598372
      ],
      [
        20.506329964846373,
        54.70577993430197
      ],
      [
        20.506339939311147,
        54.70578999258578
      ],
      [
        20.506339939311147,
        54.70578999258578
      ],
      [
        20.506339939311147,
        54.70578999258578
      ],
      [
        20.506349997594953,
        54.705849923193455
      ],
      [
        20.5063699465245,
        54.705869955942035
      ],
      [
        20.506379920989275,
        54.70587993040681
      ],
      [
        20.50638997927308,
        54.70590993762016
      ],
      [
        20.506399953737855,
        54.70592997036874
      ],
      [
        20.506419986486435,
        54.70594991929829
      ],
      [
        20.50642996095121,
        54.705979926511645
      ],
      [
        20.50644999369979,
        54.706009933725
      ],
      [
        20.506459968164563,
        54.70602996647358
      ],
      [
        20.506469942629337,
        54.70605997368693
      ],
      [
        20.506469942629337,
        54.70608998090029
      ],
      [
        20.50647991709411,
        54.70611998811364
      ],
      [
        20.50649994984269,
        54.706149995326996
      ],
      [
        20.506509924307466,
        54.70617991872132
      ],
      [
        20.506529957056046,
        54.7061999514699
      ],
      [
        20.506549989804626,
        54.70622995868325
      ],
      [
        20.5065599642694,
        54.706259965896606
      ],
      [
        20.50657999701798,
        54.70628997310996
      ],
      [
        20.506589971482754,
        54.706319980323315
      ],
      [
        20.506609920412302,
        54.70634998753667
      ],
      [
        20.506619978696108,
        54.70637999475002
      ],
      [
        20.506629953160882,
        54.706409918144345
      ],
      [
        20.506649985909462,
        54.7064399253577
      ],
      [
        20.50666993483901,
        54.70646993257105
      ],
      [
        20.506679993122816,
        54.70649993978441
      ],
      [
        20.506699942052364,
        54.70652994699776
      ],
      [
        20.506719974800944,
        54.706559954211116
      ],
      [
        20.50672994926572,
        54.70658996142447
      ],
      [
        20.5067499820143,
        54.706619968637824
      ],
      [
        20.506759956479073,
        54.70665995031595
      ],
      [
        20.506779989227653,
        54.706689957529306
      ],
      [
        20.5067999381572,
        54.70671996474266
      ],
      [
        20.50681997090578,
        54.706749971956015
      ],
      [
        20.50683991983533,
        54.70677997916937
      ],
      [
        20.506849978119135,
        54.7068199608475
      ],
      [
        20.50685995258391,
        54.70684996806085
      ],
      [
        20.50687998533249,
        54.706879975274205
      ],
      [
        20.506889959797263,
        54.70689992420375
      ],
      [
        20.506909992545843,
        54.70692993141711
      ],
      [
        20.506919967010617,
        54.70695993863046
      ],
      [
        20.50692994147539,
        54.70697997137904
      ],
      [
        20.506939999759197,
        54.707009978592396
      ],
      [
        20.506959948688745,
        54.70703998580575
      ],
      [
        20.506979981437325,
        54.7070599347353
      ],
      [
        20.506979981437325,
        54.7070599347353
      ],
      [
        20.506979981437325,
        54.7070599347353
      ],
      [
        20.506979981437325,
        54.7070599347353
      ],
      [
        20.506979981437325,
        54.7070599347353
      ],
      [
        20.506979981437325,
        54.7070599347353
      ],
      [
        20.506979981437325,
        54.7070599347353
      ],
      [
        20.506979981437325,
        54.7070599347353
      ],
      [
        20.506979981437325,
        54.7070599347353
      ],
      [
        20.506979981437325,
        54.7070599347353
      ],
      [
        20.506939999759197,
        54.707049960270524
      ],
      [
        20.506919967010617,
        54.707049960270524
      ],
      [
        20.506699942052364,
        54.70697997137904
      ],
      [
        20.506679993122816,
        54.70697997137904
      ],
      [
        20.50666993483901,
        54.70697997137904
      ],
      [
        20.506659960374236,
        54.70697997137904
      ],
      [
        20.506639927625656,
        54.70697997137904
      ],
      [
        20.506619978696108,
        54.70697997137904
      ],
      [
        20.506619978696108,
        54.70697997137904
      ],
      [
        20.506619978696108,
        54.70697997137904
      ],
      [
        20.506619978696108,
        54.70697997137904
      ],
      [
        20.506619978696108,
        54.70697997137904
      ],
      [
        20.506619978696108,
        54.70697997137904
      ],
      [
        20.5067999381572,
        54.707009978592396
      ],
      [
        20.50681997090578,
        54.707009978592396
      ],
      [
        20.506829945370555,
        54.707009978592396
      ],
      [
        20.506849978119135,
        54.707009978592396
      ],
      [
        20.506869927048683,
        54.707009978592396
      ],
      [
        20.506889959797263,
        54.707009978592396
      ],
      [
        20.506909992545843,
        54.70699992030859
      ],
      [
        20.50692994147539,
        54.70699992030859
      ],
      [
        20.506939999759197,
        54.70699992030859
      ],
      [
        20.506959948688745,
        54.70699992030859
      ],
      [
        20.50696992315352,
        54.70699992030859
      ],
      [
        20.506979981437325,
        54.70699992030859
      ],
      [
        20.5069899559021,
        54.70699992030859
      ],
      [
        20.506999930366874,
        54.70699992030859
      ],
      [
        20.50700998865068,
        54.70699992030859
      ],
      [
        20.507029937580228,
        54.70699992030859
      ],
      [
        20.507049970328808,
        54.70699992030859
      ],
      [
        20.507059944793582,
        54.707009978592396
      ],
      [
        20.50709992647171,
        54.707009978592396
      ],
      [
        20.507129933685064,
        54.707009978592396
      ],
      [
        20.50715994089842,
        54.707009978592396
      ],
      [
        20.507199922576547,
        54.707009978592396
      ],
      [
        20.5072299297899,
        54.70699992030859
      ],
      [
        20.507259937003255,
        54.706989945843816
      ],
      [
        20.507299918681383,
        54.70695993863046
      ],
      [
        20.507349958643317,
        54.70694996416569
      ],
      [
        20.507389940321445,
        54.70693998970091
      ],
      [
        20.50743998028338,
        54.70692993141711
      ],
      [
        20.507479961961508,
        54.70690998248756
      ],
      [
        20.507509969174862,
        54.70689992420375
      ],
      [
        20.507539976388216,
        54.706879975274205
      ],
      [
        20.507559925317764,
        54.706859942525625
      ],
      [
        20.507559925317764,
        54.70684996806085
      ],
      [
        20.50754995085299,
        54.70682993531227
      ],
      [
        20.507539976388216,
        54.7068199608475
      ],
      [
        20.507509969174862,
        54.70679992809892
      ],
      [
        20.507489936426282,
        54.70679992809892
      ],
      [
        20.507459929212928,
        54.70679992809892
      ],
      [
        20.50743998028338,
        54.70679992809892
      ],
      [
        20.507429921999574,
        54.70679992809892
      ],
      [
        20.5074199475348,
        54.70678995363414
      ],
      [
        20.5074199475348,
        54.70678995363414
      ],
      [
        20.507449954748154,
        54.70679992809892
      ],
      [
        20.507459929212928,
        54.70679992809892
      ],
      [
        20.507879946380854,
        54.70679992809892
      ],
      [
        20.507909953594208,
        54.70678995363414
      ],
      [
        20.507939960807562,
        54.70678995363414
      ],
      [
        20.507959993556142,
        54.70677997916937
      ],
      [
        20.50799997523427,
        54.70677997916937
      ],
      [
        20.508029982447624,
        54.70677997916937
      ],
      [
        20.50805998966098,
        54.70677997916937
      ],
      [
        20.508099971339107,
        54.70677997916937
      ],
      [
        20.50812997855246,
        54.70676992088556
      ],
      [
        20.508159985765815,
        54.70676992088556
      ],
      [
        20.508199967443943,
        54.70675994642079
      ],
      [
        20.508229974657297,
        54.70675994642079
      ],
      [
        20.508269956335425,
        54.706749971956015
      ],
      [
        20.508309938013554,
        54.706749971956015
      ],
      [
        20.508339945226908,
        54.706749971956015
      ],
      [
        20.508379926905036,
        54.70673999749124
      ],
      [
        20.508419992402196,
        54.70673999749124
      ],
      [
        20.508459974080324,
        54.70671996474266
      ],
      [
        20.508499955758452,
        54.70671996474266
      ],
      [
        20.50853993743658,
        54.706709990277886
      ],
      [
        20.508589977398515,
        54.706709990277886
      ],
      [
        20.508629959076643,
        54.706709990277886
      ],
      [
        20.508659966289997,
        54.70669993199408
      ],
      [
        20.508699947968125,
        54.70669993199408
      ],
      [
        20.50872995518148,
        54.706689957529306
      ],
      [
        20.508769936859608,
        54.706689957529306
      ],
      [
        20.508799944072962,
        54.70667998306453
      ],
      [
        20.50883992575109,
        54.706669924780726
      ],
      [
        20.50887999124825,
        54.706669924780726
      ],
      [
        20.50891997292638,
        54.706669924780726
      ],
      [
        20.508959954604506,
        54.706669924780726
      ],
      [
        20.508999936282635,
        54.70664997585118
      ],
      [
        20.509039917960763,
        54.70664997585118
      ],
      [
        20.509079983457923,
        54.70663991756737
      ],
      [
        20.509129939600825,
        54.7066299431026
      ],
      [
        20.509169921278954,
        54.706619968637824
      ],
      [
        20.509219961240888,
        54.70660999417305
      ],
      [
        20.50926991738379,
        54.70660999417305
      ],
      [
        20.509319957345724,
        54.70658996142447
      ],
      [
        20.509369997307658,
        54.706579986959696
      ],
      [
        20.50941995345056,
        54.70656992867589
      ],
      [
        20.50945993512869,
        54.70656992867589
      ],
      [
        20.509509975090623,
        54.706559954211116
      ],
      [
        20.509559931233525,
        54.706539921462536
      ],
      [
        20.509599996730685,
        54.70652994699776
      ],
      [
        20.509639978408813,
        54.70651997253299
      ],
      [
        20.50967996008694,
        54.70650999806821
      ],
      [
        20.50971994176507,
        54.70648996531963
      ],
      [
        20.509759923443198,
        54.70647999085486
      ],
      [
        20.509789930656552,
        54.70645995810628
      ],
      [
        20.509819937869906,
        54.706449983641505
      ],
      [
        20.509839970618486,
        54.7064399253577
      ],
      [
        20.509839970618486,
        54.7064399253577
      ],
      [
        20.509839970618486,
        54.7064399253577
      ],
      [
        20.50992999225855,
        54.706409918144345
      ],
      [
        20.509959999471903,
        54.706409918144345
      ],
      [
        20.50997994840145,
        54.706409918144345
      ],
      [
        20.510009955614805,
        54.706409918144345
      ],
      [
        20.510049937292933,
        54.706409918144345
      ],
      [
        20.510079944506288,
        54.70639994367957
      ],
      [
        20.51010995171964,
        54.7063899692148
      ],
      [
        20.510139958932996,
        54.7063899692148
      ],
      [
        20.510179940611124,
        54.7063899692148
      ],
      [
        20.510219922289252,
        54.7063899692148
      ],
      [
        20.510249929502606,
        54.7063899692148
      ],
      [
        20.510289994999766,
        54.7063899692148
      ],
      [
        20.51031991839409,
        54.7063899692148
      ],
      [
        20.510349925607443,
        54.70637999475002
      ],
      [
        20.510379932820797,
        54.70636993646622
      ],
      [
        20.510399965569377,
        54.70635996200144
      ],
      [
        20.510399965569377,
        54.70633992925286
      ],
      [
        20.510389991104603,
        54.706319980323315
      ],
      [
        20.510369958356023,
        54.706299947574735
      ],
      [
        20.51035998389125,
        54.706299947574735
      ],
      [
        20.51033995114267,
        54.70628997310996
      ],
      [
        20.510329976677895,
        54.706279998645186
      ],
      [
        20.51033995114267,
        54.70626994036138
      ],
      [
        20.510369958356023,
        54.706259965896606
      ],
      [
        20.510399965569377,
        54.706259965896606
      ],
      [
        20.510419998317957,
        54.70624999143183
      ],
      [
        20.51044992171228,
        54.70624999143183
      ],
      [
        20.51048998720944,
        54.70624999143183
      ],
      [
        20.510529968887568,
        54.70624999143183
      ],
      [
        20.510569950565696,
        54.70624999143183
      ],
      [
        20.510609932243824,
        54.70623993314803
      ],
      [
        20.510659972205758,
        54.70623993314803
      ],
      [
        20.510689979419112,
        54.70622995868325
      ],
      [
        20.51070992834866,
        54.70622995868325
      ],
      [
        20.51070992834866,
        54.70622995868325
      ],
      [
        20.51070992834866,
        54.70622995868325
      ],
      [
        20.51070992834866,
        54.70622995868325
      ],
      [
        20.510809924453497,
        54.70620992593467
      ],
      [
        20.51083993166685,
        54.70620992593467
      ],
      [
        20.51087999716401,
        54.7061999514699
      ],
      [
        20.510909920558333,
        54.7061999514699
      ],
      [
        20.510949986055493,
        54.706189977005124
      ],
      [
        20.510979993268847,
        54.706189977005124
      ],
      [
        20.51100991666317,
        54.70617991872132
      ],
      [
        20.511039923876524,
        54.70617991872132
      ],
      [
        20.511079989373684,
        54.70617991872132
      ],
      [
        20.511099938303232,
        54.706189977005124
      ],
      [
        20.511119971051812,
        54.7061999514699
      ],
      [
        20.511129945516586,
        54.70621998421848
      ],
      [
        20.51113991998136,
        54.70623993314803
      ],
      [
        20.511149978265166,
        54.70624999143183
      ],
      [
        20.51115995272994,
        54.70626994036138
      ],
      [
        20.511169927194715,
        54.706279998645186
      ],
      [
        20.511189959943295,
        54.706299947574735
      ],
      [
        20.511209992691875,
        54.70630992203951
      ],
      [
        20.511209992691875,
        54.70632995478809
      ],
      [
        20.51121996715665,
        54.70633992925286
      ],
      [
        20.511229941621423,
        54.70634998753667
      ],
      [
        20.511229941621423,
        54.70634998753667
      ],
      [
        20.511229941621423,
        54.70634998753667
      ],
      [
        20.511229941621423,
        54.70634998753667
      ],
      [
        20.511229941621423,
        54.70634998753667
      ],
      [
        20.511249974370003,
        54.70636993646622
      ],
      [
        20.51126992329955,
        54.7064399253577
      ],
      [
        20.511259948834777,
        54.706449983641505
      ],
      [
        20.511249974370003,
        54.70646993257105
      ],
      [
        20.511249974370003,
        54.70647999085486
      ],
      [
        20.511249974370003,
        54.70648996531963
      ],
      [
        20.511259948834777,
        54.70650999806821
      ],
      [
        20.51126992329955,
        54.70651997253299
      ],
      [
        20.51126992329955,
        54.70652994699776
      ],
      [
        20.51126992329955,
        54.70652994699776
      ],
      [
        20.51126992329955,
        54.70652994699776
      ],
      [
        20.51126992329955,
        54.70652994699776
      ],
      [
        20.511209992691875,
        54.706579986959696
      ],
      [
        20.511209992691875,
        54.706559954211116
      ],
      [
        20.511209992691875,
        54.70654997974634
      ],
      [
        20.511209992691875,
        54.706539921462536
      ],
      [
        20.511209992691875,
        54.70652994699776
      ],
      [
        20.51119993440807,
        54.70650999806821
      ],
      [
        20.51119993440807,
        54.70648996531963
      ],
      [
        20.511209992691875,
        54.70647999085486
      ],
      [
        20.511209992691875,
        54.70645995810628
      ],
      [
        20.51121996715665,
        54.7064399253577
      ],
      [
        20.511229941621423,
        54.706429950892925
      ],
      [
        20.511229941621423,
        54.706409918144345
      ],
      [
        20.511249974370003,
        54.70639994367957
      ],
      [
        20.511249974370003,
        54.70637999475002
      ],
      [
        20.511249974370003,
        54.70636993646622
      ],
      [
        20.511259948834777,
        54.70634998753667
      ],
      [
        20.511249974370003,
        54.70632995478809
      ],
      [
        20.51123999990523,
        54.70630992203951
      ],
      [
        20.51123999990523,
        54.70628997310996
      ],
      [
        20.51123999990523,
        54.706279998645186
      ],
      [
        20.51123999990523,
        54.706259965896606
      ],
      [
        20.51123999990523,
        54.70623993314803
      ],
      [
        20.511249974370003,
        54.70621998421848
      ],
      [
        20.511279981583357,
        54.70620992593467
      ],
      [
        20.51130998879671,
        54.7061999514699
      ],
      [
        20.511339996010065,
        54.706189977005124
      ],
      [
        20.511369919404387,
        54.706189977005124
      ],
      [
        20.511409984901547,
        54.70617991872132
      ],
      [
        20.511449966579676,
        54.706169944256544
      ],
      [
        20.511499922722578,
        54.70615996979177
      ],
      [
        20.511539988219738,
        54.706149995326996
      ],
      [
        20.51158994436264,
        54.706149995326996
      ],
      [
        20.51162992604077,
        54.70613993704319
      ],
      [
        20.511659933254123,
        54.70613993704319
      ],
      [
        20.511699998751283,
        54.70613993704319
      ],
      [
        20.511729922145605,
        54.706129962578416
      ],
      [
        20.511729922145605,
        54.706129962578416
      ],
      [
        20.511729922145605,
        54.706129962578416
      ],
      [
        20.51182991825044,
        54.70609995536506
      ],
      [
        20.51184995099902,
        54.70608998090029
      ],
      [
        20.5118699837476,
        54.70608998090029
      ],
      [
        20.51188993267715,
        54.70607992261648
      ],
      [
        20.511899990960956,
        54.70607992261648
      ],
      [
        20.51190996542573,
        54.70608998090029
      ],
      [
        20.511919939890504,
        54.70608998090029
      ],
      [
        20.511919939890504,
        54.70608998090029
      ],
      [
        20.51192999817431,
        54.70609995536506
      ],
      [
        20.51201993599534,
        54.70605997368693
      ],
      [
        20.51203996874392,
        54.70604999922216
      ],
      [
        20.51205991767347,
        54.70603994093835
      ],
      [
        20.51207995042205,
        54.70603994093835
      ],
      [
        20.51209998317063,
        54.70603994093835
      ],
      [
        20.512129990383983,
        54.70602996647358
      ],
      [
        20.512129990383983,
        54.70602996647358
      ],
      [
        20.512129990383983,
        54.70602996647358
      ],
      [
        20.512219928205013,
        54.705999959260225
      ],
      [
        20.512239960953593,
        54.70598998479545
      ],
      [
        20.512249935418367,
        54.70598998479545
      ],
      [
        20.512249935418367,
        54.70598998479545
      ],
      [
        20.512249935418367,
        54.70598998479545
      ],
      [
        20.512249935418367,
        54.70598998479545
      ],
      [
        20.512379938736558,
        54.7059599775821
      ],
      [
        20.512409945949912,
        54.7059599775821
      ],
      [
        20.512439953163266,
        54.7059599775821
      ],
      [
        20.512479934841394,
        54.7059599775821
      ],
      [
        20.512519916519523,
        54.70594991929829
      ],
      [
        20.512549923732877,
        54.70594991929829
      ],
      [
        20.51257993094623,
        54.70594991929829
      ],
      [
        20.512609938159585,
        54.70594991929829
      ],
      [
        20.512609938159585,
        54.70594991929829
      ],
      [
        20.512609938159585,
        54.70594991929829
      ],
      [
        20.512689985334873,
        54.70592997036874
      ],
      [
        20.512719992548227,
        54.70592997036874
      ],
      [
        20.512739941477776,
        54.70592997036874
      ],
      [
        20.51274999976158,
        54.70592997036874
      ],
      [
        20.51276994869113,
        54.70592997036874
      ],
      [
        20.512849995866418,
        54.70592997036874
      ],
      [
        20.512849995866418,
        54.70592997036874
      ],
      [
        20.512849995866418,
        54.70592997036874
      ],
      [
        20.512999948114157,
        54.70594991929829
      ],
      [
        20.51300992257893,
        54.70594991929829
      ],
      [
        20.513059962540865,
        54.706009933725
      ],
      [
        20.513079995289445,
        54.706009933725
      ],
      [
        20.513099944218993,
        54.706019992008805
      ],
      [
        20.513119976967573,
        54.706019992008805
      ],
      [
        20.51313992589712,
        54.706019992008805
      ],
      [
        20.513149984180927,
        54.70602996647358
      ],
      [
        20.513169933110476,
        54.70602996647358
      ],
      [
        20.51319994032383,
        54.70602996647358
      ],
      [
        20.51321997307241,
        54.70603994093835
      ],
      [
        20.513259954750538,
        54.70603994093835
      ],
      [
        20.513289961963892,
        54.70604999922216
      ],
      [
        20.51332994364202,
        54.70605997368693
      ],
      [
        20.513359950855374,
        54.70604999922216
      ],
      [
        20.513379983603954,
        54.70603994093835
      ],
      [
        20.51338995806873,
        54.70602996647358
      ],
      [
        20.51340999081731,
        54.706009933725
      ],
      [
        20.513429939746857,
        54.706009933725
      ],
      [
        20.513429939746857,
        54.706009933725
      ],
      [
        20.513429939746857,
        54.706009933725
      ],
      [
        20.51345994696021,
        54.70604999922216
      ],
      [
        20.51345994696021,
        54.70607992261648
      ],
      [
        20.51345994696021,
        54.70608998090029
      ],
      [
        20.513469921424985,
        54.70611998811364
      ],
      [
        20.513469921424985,
        54.706129962578416
      ],
      [
        20.51345994696021,
        54.706189977005124
      ],
      [
        20.51345994696021,
        54.7061999514699
      ],
      [
        20.513449972495437,
        54.70621998421848
      ],
      [
        20.513439998030663,
        54.70622995868325
      ],
      [
        20.513439998030663,
        54.70624999143183
      ],
      [
        20.513439998030663,
        54.706259965896606
      ],
      [
        20.513449972495437,
        54.706279998645186
      ],
      [
        20.513449972495437,
        54.70628997310996
      ],
      [
        20.513449972495437,
        54.70630992203951
      ],
      [
        20.513439998030663,
        54.706319980323315
      ],
      [
        20.513429939746857,
        54.70632995478809
      ],
      [
        20.513429939746857,
        54.70634998753667
      ],
      [
        20.513419965282083,
        54.70635996200144
      ],
      [
        20.513419965282083,
        54.70636993646622
      ],
      [
        20.513419965282083,
        54.70637999475002
      ],
      [
        20.513429939746857,
        54.706449983641505
      ],
      [
        20.513429939746857,
        54.70645995810628
      ],
      [
        20.513429939746857,
        54.70647999085486
      ],
      [
        20.513429939746857,
        54.70649993978441
      ],
      [
        20.513419965282083,
        54.70651997253299
      ],
      [
        20.51340999081731,
        54.70652994699776
      ],
      [
        20.513399932533503,
        54.70654997974634
      ],
      [
        20.51338995806873,
        54.70656992867589
      ],
      [
        20.513379983603954,
        54.70658996142447
      ],
      [
        20.513379983603954,
        54.706619968637824
      ],
      [
        20.51336992532015,
        54.70663991756737
      ],
      [
        20.51336992532015,
        54.70665995031595
      ],
      [
        20.51336992532015,
        54.706689957529306
      ],
      [
        20.51336992532015,
        54.706709990277886
      ],
      [
        20.51336992532015,
        54.70673999749124
      ],
      [
        20.513359950855374,
        54.70675994642079
      ],
      [
        20.5133499763906,
        54.70677997916937
      ],
      [
        20.513339918106794,
        54.70679992809892
      ],
      [
        20.513309994712472,
        54.70680998638272
      ],
      [
        20.513279987499118,
        54.7068199608475
      ],
      [
        20.513249980285764,
        54.7068199608475
      ],
      [
        20.51321997307241,
        54.7068199608475
      ],
      [
        20.513189965859056,
        54.7068199608475
      ],
      [
        20.5131599586457,
        54.70682993531227
      ],
      [
        20.513129951432347,
        54.70682993531227
      ],
      [
        20.513099944218993,
        54.70682993531227
      ],
      [
        20.51306993700564,
        54.70683999359608
      ],
      [
        20.51304998807609,
        54.70683999359608
      ],
      [
        20.513019980862737,
        54.70684996806085
      ],
      [
        20.512989973649383,
        54.70684996806085
      ],
      [
        20.512949991971254,
        54.70684996806085
      ],
      [
        20.5129199847579,
        54.706859942525625
      ],
      [
        20.51287991926074,
        54.706859942525625
      ],
      [
        20.512849995866418,
        54.706859942525625
      ],
      [
        20.512809930369258,
        54.7068699169904
      ],
      [
        20.51276994869113,
        54.7068699169904
      ],
      [
        20.512739941477776,
        54.706879975274205
      ],
      [
        20.512689985334873,
        54.706879975274205
      ],
      [
        20.512649919837713,
        54.70688994973898
      ],
      [
        20.51259996369481,
        54.70689992420375
      ],
      [
        20.512549923732877,
        54.70689992420375
      ],
      [
        20.51250994205475,
        54.70690998248756
      ],
      [
        20.51244992762804,
        54.70690998248756
      ],
      [
        20.512399971485138,
        54.70691995695233
      ],
      [
        20.512349931523204,
        54.70692993141711
      ],
      [
        20.5122999753803,
        54.70692993141711
      ],
      [
        20.512249935418367,
        54.70693998970091
      ],
      [
        20.51220995374024,
        54.70693998970091
      ],
      [
        20.512159997597337,
        54.70694996416569
      ],
      [
        20.512109957635403,
        54.70695993863046
      ],
      [
        20.512069975957274,
        54.70695993863046
      ],
      [
        20.512029994279146,
        54.70697997137904
      ],
      [
        20.511979954317212,
        54.70697997137904
      ],
      [
        20.511939972639084,
        54.706989945843816
      ],
      [
        20.511899990960956,
        54.70699992030859
      ],
      [
        20.511859925463796,
        54.707009978592396
      ],
      [
        20.511809969320893,
        54.70701995305717
      ],
      [
        20.51175992935896,
        54.707029927521944
      ],
      [
        20.51171994768083,
        54.70703998580575
      ],
      [
        20.511679966002703,
        54.707049960270524
      ],
      [
        20.511639984324574,
        54.7070599347353
      ],
      [
        20.511599918827415,
        54.707069993019104
      ],
      [
        20.511549962684512,
        54.707069993019104
      ],
      [
        20.511509981006384,
        54.70707996748388
      ],
      [
        20.51145994104445,
        54.70708994194865
      ],
      [
        20.511409984901547,
        54.707099916413426
      ],
      [
        20.511379977688193,
        54.70710997469723
      ],
      [
        20.51134997047484,
        54.707119949162006
      ],
      [
        20.51134997047484,
        54.707119949162006
      ],
      [
        20.51134997047484,
        54.707119949162006
      ],
      [
        20.511279981583357,
        54.70714995637536
      ],
      [
        20.511259948834777,
        54.707159930840135
      ],
      [
        20.51123999990523,
        54.70716998912394
      ],
      [
        20.51121996715665,
        54.707179963588715
      ],
      [
        20.511189959943295,
        54.70718993805349
      ],
      [
        20.51115995272994,
        54.707199996337295
      ],
      [
        20.511129945516586,
        54.70721994526684
      ],
      [
        20.511089963838458,
        54.70723997801542
      ],
      [
        20.511039923876524,
        54.70725992694497
      ],
      [
        20.510999942198396,
        54.70727995969355
      ],
      [
        20.510949986055493,
        54.70729999244213
      ],
      [
        20.510909920558333,
        54.70731994137168
      ],
      [
        20.510869938880205,
        54.70733997412026
      ],
      [
        20.510819982737303,
        54.70734994858503
      ],
      [
        20.510779917240143,
        54.70736998133361
      ],
      [
        20.510739935562015,
        54.70738993026316
      ],
      [
        20.510689979419112,
        54.70740996301174
      ],
      [
        20.510639939457178,
        54.707419937476516
      ],
      [
        20.51059995777905,
        54.707439970225096
      ],
      [
        20.510549917817116,
        54.707459919154644
      ],
      [
        20.510509936138988,
        54.707479951903224
      ],
      [
        20.510459979996085,
        54.707499984651804
      ],
      [
        20.510419998317957,
        54.70751993358135
      ],
      [
        20.510369958356023,
        54.70753996632993
      ],
      [
        20.510329976677895,
        54.70755999907851
      ],
      [
        20.51027993671596,
        54.70757994800806
      ],
      [
        20.510229980573058,
        54.70759998075664
      ],
      [
        20.510179940611124,
        54.70761992968619
      ],
      [
        20.51012998446822,
        54.70763996243477
      ],
      [
        20.51008991897106,
        54.70765999518335
      ],
      [
        20.51003996282816,
        54.7076799441129
      ],
      [
        20.50999998115003,
        54.70768991857767
      ],
      [
        20.509949941188097,
        54.70769997686148
      ],
      [
        20.50990995950997,
        54.707719925791025
      ],
      [
        20.50986997783184,
        54.70772998407483
      ],
      [
        20.509839970618486,
        54.70774993300438
      ],
      [
        20.509799988940358,
        54.70776996575296
      ],
      [
        20.509759923443198,
        54.70777994021773
      ],
      [
        20.50971994176507,
        54.70778999850154
      ],
      [
        20.50967996008694,
        54.70780994743109
      ],
      [
        20.509639978408813,
        54.70782998017967
      ],
      [
        20.50958993844688,
        54.707849929109216
      ],
      [
        20.50952992402017,
        54.70785998739302
      ],
      [
        20.50947996787727,
        54.70787993632257
      ],
      [
        20.50941995345056,
        54.707889994606376
      ],
      [
        20.509359939023852,
        54.707909943535924
      ],
      [
        20.509299924597144,
        54.707929976284504
      ],
      [
        20.50924996845424,
        54.70793995074928
      ],
      [
        20.509199928492308,
        54.70795998349786
      ],
      [
        20.509149972349405,
        54.70796995796263
      ],
      [
        20.509089957922697,
        54.707979932427406
      ],
      [
        20.509039917960763,
        54.70798999071121
      ],
      [
        20.50898996181786,
        54.70800993964076
      ],
      [
        20.508929947391152,
        54.708019997924566
      ],
      [
        20.50887999124825,
        54.708019997924566
      ],
      [
        20.50883992575109,
        54.70802997238934
      ],
      [
        20.508809918537736,
        54.708039946854115
      ],
      [
        20.508809918537736,
        54.708039946854115
      ],
      [
        20.508809918537736,
        54.708039946854115
      ],
      [
        20.508809918537736,
        54.708039946854115
      ],
      [
        20.508809918537736,
        54.708039946854115
      ],
      [
        20.508809918537736,
        54.708039946854115
      ],
      [
        20.50866994075477,
        54.708039946854115
      ],
      [
        20.508649991825223,
        54.708039946854115
      ],
      [
        20.508629959076643,
        54.70804992131889
      ],
      [
        20.50859995186329,
        54.70804992131889
      ],
      [
        20.508569944649935,
        54.70804992131889
      ],
      [
        20.50853993743658,
        54.70804992131889
      ],
      [
        20.508509930223227,
        54.708059979602695
      ],
      [
        20.508479923009872,
        54.70806995406747
      ],
      [
        20.50844999961555,
        54.70806995406747
      ],
      [
        20.508419992402196,
        54.70806995406747
      ],
      [
        20.508389985188842,
        54.70806995406747
      ],
      [
        20.508349919691682,
        54.70807992853224
      ],
      [
        20.50831999629736,
        54.70807992853224
      ],
      [
        20.5082799308002,
        54.70808998681605
      ],
      [
        20.50823994912207,
        54.70808998681605
      ],
      [
        20.508199967443943,
        54.70808998681605
      ],
      [
        20.50816996023059,
        54.70809996128082
      ],
      [
        20.508139953017235,
        54.70809996128082
      ],
      [
        20.508099971339107,
        54.70809996128082
      ],
      [
        20.508069964125752,
        54.70809996128082
      ],
      [
        20.5080399569124,
        54.70808998681605
      ],
      [
        20.50801992416382,
        54.70808998681605
      ],
      [
        20.50799997523427,
        54.70807992853224
      ],
      [
        20.507989916950464,
        54.70807992853224
      ],
      [
        20.50797994248569,
        54.70808998681605
      ],
      [
        20.50797994248569,
        54.70808998681605
      ],
      [
        20.507989916950464,
        54.7081099357456
      ],
      [
        20.50799997523427,
        54.7081199940294
      ],
      [
        20.50799997523427,
        54.70813994295895
      ],
      [
        20.508009949699044,
        54.708149917423725
      ],
      [
        20.508009949699044,
        54.70815997570753
      ],
      [
        20.507989916950464,
        54.708169950172305
      ],
      [
        20.50797994248569,
        54.70817992463708
      ],
      [
        20.507959993556142,
        54.70817992463708
      ],
      [
        20.507929986342788,
        54.708189982920885
      ],
      [
        20.507909953594208,
        54.70819995738566
      ],
      [
        20.507889920845628,
        54.70819995738566
      ],
      [
        20.50786997191608,
        54.70820993185043
      ],
      [
        20.507839964702725,
        54.70820993185043
      ],
      [
        20.507819931954145,
        54.70821999013424
      ],
      [
        20.50778992474079,
        54.70821999013424
      ],
      [
        20.507759917527437,
        54.70822996459901
      ],
      [
        20.507729994133115,
        54.70822996459901
      ],
      [
        20.50769998691976,
        54.70823993906379
      ],
      [
        20.50769998691976,
        54.70823993906379
      ],
      [
        20.507669979706407,
        54.70823993906379
      ],
      [
        20.50762999802828,
        54.70824999734759
      ],
      [
        20.50758993253112,
        54.70824999734759
      ],
      [
        20.50754995085299,
        54.70823993906379
      ],
      [
        20.507519943639636,
        54.70823993906379
      ],
      [
        20.507479961961508,
        54.70822996459901
      ],
      [
        20.50743998028338,
        54.70822996459901
      ],
      [
        20.50739999860525,
        54.70821999013424
      ],
      [
        20.50735993310809,
        54.70821999013424
      ],
      [
        20.50730997696519,
        54.70820993185043
      ],
      [
        20.507279969751835,
        54.70819995738566
      ],
      [
        20.50724996253848,
        54.70817992463708
      ],
      [
        20.507219955325127,
        54.708169950172305
      ],
      [
        20.507189948111773,
        54.70815997570753
      ],
      [
        20.50715994089842,
        54.70813994295895
      ],
      [
        20.507129933685064,
        54.7081199940294
      ],
      [
        20.507089952006936,
        54.7081099357456
      ],
      [
        20.507059944793582,
        54.70808998681605
      ],
      [
        20.507019963115454,
        54.70806995406747
      ],
      [
        20.506999930366874,
        54.708059979602695
      ],
      [
        20.5069899559021,
        54.70804992131889
      ],
      [
        20.506979981437325,
        54.708039946854115
      ],
      [
        20.506979981437325,
        54.708039946854115
      ],
      [
        20.50696992315352,
        54.707999965175986
      ],
      [
        20.506959948688745,
        54.70798999071121
      ],
      [
        20.50694997422397,
        54.70796995796263
      ],
      [
        20.50694997422397,
        54.70793995074928
      ],
      [
        20.506939999759197,
        54.707929976284504
      ],
      [
        20.506919967010617,
        54.707909943535924
      ],
      [
        20.506909992545843,
        54.707889994606376
      ],
      [
        20.506899934262037,
        54.707869961857796
      ],
      [
        20.506899934262037,
        54.707869961857796
      ],
      [
        20.506899934262037,
        54.707869961857796
      ],
      [
        20.50687998533249,
        54.707849929109216
      ],
      [
        20.50685995258391,
        54.70781992189586
      ],
      [
        20.50683991983533,
        54.70779997296631
      ],
      [
        20.506829945370555,
        54.70777994021773
      ],
      [
        20.50681997090578,
        54.707759991288185
      ],
      [
        20.5067999381572,
        54.70774993300438
      ],
      [
        20.506789963692427,
        54.70772998407483
      ],
      [
        20.506779989227653,
        54.70770995132625
      ],
      [
        20.506769930943847,
        54.70769997686148
      ],
      [
        20.506759956479073,
        54.70768991857767
      ],
      [
        20.50666993483901,
        54.707589922472835
      ],
      [
        20.506659960374236,
        54.70757994800806
      ],
      [
        20.506609920412302,
        54.707489926368
      ],
      [
        20.506609920412302,
        54.707479951903224
      ],
      [
        20.506609920412302,
        54.707459919154644
      ],
      [
        20.50647991709411,
        54.707329999655485
      ],
      [
        20.50644999369979,
        54.707309966906905
      ],
      [
        20.506439935415983,
        54.70727995969355
      ],
      [
        20.506439935415983,
        54.7072499524802
      ],
      [
        20.506439935415983,
        54.70721994526684
      ],
      [
        20.506439935415983,
        54.707199996337295
      ],
      [
        20.50642996095121,
        54.707179963588715
      ],
      [
        20.506419986486435,
        54.70714995637536
      ],
      [
        20.506399953737855,
        54.707119949162006
      ],
      [
        20.506399953737855,
        54.707099916413426
      ],
      [
        20.50638997927308,
        54.707069993019104
      ],
      [
        20.5063699465245,
        54.7070599347353
      ],
      [
        20.506359972059727,
        54.707029927521944
      ],
      [
        20.506349997594953,
        54.707009978592396
      ],
      [
        20.506349997594953,
        54.706989945843816
      ],
      [
        20.506339939311147,
        54.70696999691427
      ],
      [
        20.5063199903816,
        54.70694996416569
      ],
      [
        20.506309932097793,
        54.70692993141711
      ],
      [
        20.50629995763302,
        54.70689992420375
      ],
      [
        20.506289983168244,
        54.706879975274205
      ],
      [
        20.50627992488444,
        54.70684996806085
      ],
      [
        20.506269950419664,
        54.7068199608475
      ],
      [
        20.50625997595489,
        54.70677997916937
      ],
      [
        20.50625997595489,
        54.706749971956015
      ],
      [
        20.506249917671084,
        54.70671996474266
      ],
      [
        20.506229968741536,
        54.70669993199408
      ],
      [
        20.506219994276762,
        54.70665995031595
      ],
      [
        20.506219994276762,
        54.7066299431026
      ],
      [
        20.506219994276762,
        54.70658996142447
      ],
      [
        20.506209935992956,
        54.706559954211116
      ],
      [
        20.506199961528182,
        54.70652994699776
      ],
      [
        20.506189987063408,
        54.70648996531963
      ],
      [
        20.506179928779602,
        54.70645995810628
      ],
      [
        20.506159979850054,
        54.70641997642815
      ],
      [
        20.506139947101474,
        54.7063899692148
      ],
      [
        20.5061299726367,
        54.70635996200144
      ],
      [
        20.506119998171926,
        54.70632995478809
      ],
      [
        20.506099965423346,
        54.70628997310996
      ],
      [
        20.506079932674766,
        54.70624999143183
      ],
      [
        20.50606995820999,
        54.70621998421848
      ],
      [
        20.506059983745217,
        54.70617991872132
      ],
      [
        20.506039950996637,
        54.70613993704319
      ],
      [
        20.506029976531863,
        54.706109929829836
      ],
      [
        20.506029976531863,
        54.70606994815171
      ],
      [
        20.506059983745217,
        54.70603994093835
      ],
      [
        20.506099965423346,
        54.706019992008805
      ],
      [
        20.506159979850054,
        54.706009933725
      ],
      [
        20.506199961528182,
        54.705999959260225
      ],
      [
        20.50623994320631,
        54.70598998479545
      ],
      [
        20.506289983168244,
        54.705979926511645
      ],
      [
        20.506349997594953,
        54.70596995204687
      ],
      [
        20.506399953737855,
        54.70594991929829
      ],
      [
        20.506459968164563,
        54.70593994483352
      ],
      [
        20.50651998259127,
        54.70592997036874
      ],
      [
        20.50657999701798,
        54.70592997036874
      ],
      [
        20.506629953160882,
        54.70591999590397
      ],
      [
        20.50668996758759,
        54.70592997036874
      ],
      [
        20.50672994926572,
        54.70591999590397
      ],
      [
        20.506769930943847,
        54.70590993762016
      ],
      [
        20.50681997090578,
        54.70589996315539
      ],
      [
        20.50687998533249,
        54.705889988690615
      ],
      [
        20.506939999759197,
        54.70587993040681
      ],
      [
        20.506999930366874,
        54.705869955942035
      ],
      [
        20.507059944793582,
        54.70585998147726
      ],
      [
        20.507109984755516,
        54.705849923193455
      ],
      [
        20.507169999182224,
        54.70583994872868
      ],
      [
        20.5072299297899,
        54.70582997426391
      ],
      [
        20.50728994421661,
        54.70582997426391
      ],
      [
        20.507339984178543,
        54.70581999979913
      ],
      [
        20.50739999860525,
        54.70581999979913
      ],
      [
        20.507459929212928,
        54.70581999979913
      ],
      [
        20.507509969174862,
        54.70580994151533
      ],
      [
        20.50756998360157,
        54.70579996705055
      ],
      [
        20.5076099652797,
        54.70579996705055
      ],
      [
        20.5076599214226,
        54.70578999258578
      ],
      [
        20.50769998691976,
        54.70578999258578
      ],
      [
        20.507749943062663,
        54.70578999258578
      ],
      [
        20.50778992474079,
        54.70577993430197
      ],
      [
        20.50782999023795,
        54.7057699598372
      ],
      [
        20.507859997451305,
        54.7057699598372
      ],
      [
        20.507899979129434,
        54.705759985372424
      ],
      [
        20.507929986342788,
        54.705759985372424
      ],
      [
        20.507929986342788,
        54.705759985372424
      ],
      [
        20.507929986342788,
        54.705759985372424
      ],
      [
        20.507929986342788,
        54.705759985372424
      ],
      [
        20.507929986342788,
        54.705759985372424
      ],
      [
        20.507929986342788,
        54.705759985372424
      ],
      [
        20.508079938590527,
        54.70572997815907
      ],
      [
        20.508089996874332,
        54.705719919875264
      ],
      [
        20.508389985188842,
        54.705719919875264
      ],
      [
        20.508419992402196,
        54.705719919875264
      ],
      [
        20.50844999961555,
        54.70570994541049
      ],
      [
        20.5084699485451,
        54.70570994541049
      ],
      [
        20.508499955758452,
        54.70570994541049
      ],
      [
        20.508529962971807,
        54.70570994541049
      ],
      [
        20.508549995720387,
        54.70570994541049
      ],
      [
        20.50857991911471,
        54.705699970945716
      ],
      [
        20.50859995186329,
        54.705699970945716
      ],
      [
        20.508629959076643,
        54.705699970945716
      ],
      [
        20.508659966289997,
        54.705699970945716
      ],
      [
        20.50868997350335,
        54.705699970945716
      ],
      [
        20.50872995518148,
        54.70568999648094
      ],
      [
        20.508759962394834,
        54.70568999648094
      ],
      [
        20.508799944072962,
        54.70568999648094
      ],
      [
        20.508829951286316,
        54.70568999648094
      ],
      [
        20.50885995849967,
        54.70568999648094
      ],
      [
        20.508889965713024,
        54.70568999648094
      ],
      [
        20.50891997292638,
        54.705679938197136
      ],
      [
        20.508949980139732,
        54.705679938197136
      ],
      [
        20.508979987353086,
        54.70566996373236
      ],
      [
        20.50900999456644,
        54.70566996373236
      ],
      [
        20.50902994349599,
        54.70566996373236
      ],
      [
        20.509059950709343,
        54.70565998926759
      ],
      [
        20.509089957922697,
        54.70565998926759
      ],
      [
        20.509129939600825,
        54.70565998926759
      ],
      [
        20.50915994681418,
        54.70565998926759
      ],
      [
        20.509199928492308,
        54.70564993098378
      ],
      [
        20.50922993570566,
        54.70563995651901
      ],
      [
        20.50926991738379,
        54.70563995651901
      ],
      [
        20.509319957345724,
        54.70563995651901
      ],
      [
        20.509369997307658,
        54.70562998205423
      ],
      [
        20.50941995345056,
        54.70562998205423
      ],
      [
        20.509469993412495,
        54.70561992377043
      ],
      [
        20.509519949555397,
        54.70561992377043
      ],
      [
        20.509559931233525,
        54.70561992377043
      ],
      [
        20.509599996730685,
        54.70561992377043
      ],
      [
        20.509639978408813,
        54.705609949305654
      ],
      [
        20.50967996008694,
        54.705609949305654
      ],
      [
        20.50971994176507,
        54.705609949305654
      ],
      [
        20.509759923443198,
        54.705609949305654
      ],
      [
        20.509809963405132,
        54.705609949305654
      ],
      [
        20.50984994508326,
        54.705609949305654
      ],
      [
        20.509899985045195,
        54.70559997484088
      ],
      [
        20.509949941188097,
        54.70559997484088
      ],
      [
        20.50999998115003,
        54.705589916557074
      ],
      [
        20.510049937292933,
        54.705589916557074
      ],
      [
        20.510099977254868,
        54.7055799420923
      ],
      [
        20.51014993339777,
        54.7055799420923
      ],
      [
        20.510199973359704,
        54.7055799420923
      ],
      [
        20.510249929502606,
        54.705569967627525
      ],
      [
        20.510289994999766,
        54.705569967627525
      ],
      [
        20.51033995114267,
        54.70555999316275
      ],
      [
        20.510379932820797,
        54.70555999316275
      ],
      [
        20.51042997278273,
        54.70555999316275
      ],
      [
        20.51046995446086,
        54.705549934878945
      ],
      [
        20.510509936138988,
        54.705549934878945
      ],
      [
        20.51053994335234,
        54.70553996041417
      ],
      [
        20.51057992503047,
        54.70553996041417
      ],
      [
        20.510609932243824,
        54.70553996041417
      ],
      [
        20.510639939457178,
        54.7055299859494
      ],
      [
        20.510669946670532,
        54.7055299859494
      ],
      [
        20.51070992834866,
        54.7055299859494
      ],
      [
        20.510739935562015,
        54.7055299859494
      ],
      [
        20.510779917240143,
        54.7055299859494
      ],
      [
        20.510799949988723,
        54.7055299859494
      ],
      [
        20.51083993166685,
        54.70551992766559
      ],
      [
        20.510869938880205,
        54.70551992766559
      ],
      [
        20.51091997884214,
        54.70550995320082
      ],
      [
        20.510959960520267,
        54.70549997873604
      ],
      [
        20.510999942198396,
        54.70548992045224
      ],
      [
        20.511039923876524,
        54.70547994598746
      ],
      [
        20.511039923876524,
        54.70547994598746
      ],
      [
        20.511039923876524,
        54.70547994598746
      ],
      [
        20.511189959943295,
        54.705459997057915
      ],
      [
        20.51119993440807,
        54.705459997057915
      ],
      [
        20.511209992691875,
        54.705459997057915
      ],
      [
        20.511559937149286,
        54.705439964309335
      ],
      [
        20.51158994436264,
        54.70542998984456
      ],
      [
        20.511619951575994,
        54.70542998984456
      ],
      [
        20.511659933254123,
        54.70542998984456
      ],
      [
        20.511689940467477,
        54.705419931560755
      ],
      [
        20.51171994768083,
        54.705419931560755
      ],
      [
        20.51175992935896,
        54.705419931560755
      ],
      [
        20.51179999485612,
        54.705419931560755
      ],
      [
        20.511839976534247,
        54.70540995709598
      ],
      [
        20.5118699837476,
        54.70540995709598
      ],
      [
        20.51190996542573,
        54.70539998263121
      ],
      [
        20.511949947103858,
        54.70539998263121
      ],
      [
        20.511989928781986,
        54.70539998263121
      ],
      [
        20.512029994279146,
        54.70539998263121
      ],
      [
        20.51205991767347,
        54.70539998263121
      ],
      [
        20.512089924886823,
        54.70539998263121
      ],
      [
        20.512119932100177,
        54.70539998263121
      ],
      [
        20.512159997597337,
        54.7053899243474
      ],
      [
        20.51218992099166,
        54.7053899243474
      ],
      [
        20.512219928205013,
        54.7053899243474
      ],
      [
        20.512239960953593,
        54.70537994988263
      ],
      [
        20.512269968166947,
        54.70537994988263
      ],
      [
        20.5122999753803,
        54.70537994988263
      ],
      [
        20.51231992430985,
        54.70537994988263
      ],
      [
        20.51233995705843,
        54.70537994988263
      ],
      [
        20.51235998980701,
        54.70537994988263
      ],
      [
        20.512379938736558,
        54.70537994988263
      ],
      [
        20.512399971485138,
        54.70537994988263
      ],
      [
        20.512409945949912,
        54.70537994988263
      ],
      [
        20.51259996369481,
        54.70535991713405
      ],
      [
        20.51261999644339,
        54.70536997541785
      ],
      [
        20.512629970908165,
        54.70537994988263
      ],
      [
        20.51263994537294,
        54.7053899243474
      ],
      [
        20.512649919837713,
        54.70539998263121
      ],
      [
        20.51265997812152,
        54.705419931560755
      ],
      [
        20.512679927051067,
        54.70542998984456
      ],
      [
        20.512699959799647,
        54.705439964309335
      ],
      [
        20.512729967013,
        54.705459997057915
      ],
      [
        20.512739941477776,
        54.70546997152269
      ],
      [
        20.512759974226356,
        54.70548992045224
      ],
      [
        20.512779923155904,
        54.70549997873604
      ],
      [
        20.512809930369258,
        54.70550995320082
      ],
      [
        20.512819988653064,
        54.7055299859494
      ],
      [
        20.512839937582612,
        54.7055299859494
      ],
      [
        20.512849995866418,
        54.70553996041417
      ],
      [
        20.512859970331192,
        54.70553996041417
      ],
      [
        20.512909926474094,
        54.705589916557074
      ],
      [
        20.5129199847579,
        54.705589916557074
      ],
      [
        20.512929959222674,
        54.70559997484088
      ],
      [
        20.51293993368745,
        54.705609949305654
      ],
      [
        20.512949991971254,
        54.705609949305654
      ],
      [
        20.513269929215312,
        54.7057699598372
      ],
      [
        20.513269929215312,
        54.70579996705055
      ],
      [
        20.513269929215312,
        54.70581999979913
      ],
      [
        20.513269929215312,
        54.70582997426391
      ],
      [
        20.513269929215312,
        54.70583994872868
      ],
      [
        20.513269929215312,
        54.70585998147726
      ],
      [
        20.513259954750538,
        54.705869955942035
      ],
      [
        20.513259954750538,
        54.705889988690615
      ],
      [
        20.513259954750538,
        54.70590993762016
      ],
      [
        20.513259954750538,
        54.70592997036874
      ],
      [
        20.513249980285764,
        54.70594991929829
      ],
      [
        20.513249980285764,
        54.70594991929829
      ],
      [
        20.513259954750538,
        54.7059599775821
      ],
      [
        20.513259954750538,
        54.7059599775821
      ],
      [
        20.513269929215312,
        54.705999959260225
      ],
      [
        20.513279987499118,
        54.706009933725
      ],
      [
        20.513299936428666,
        54.706019992008805
      ],
      [
        20.51332994364202,
        54.706019992008805
      ],
      [
        20.513359950855374,
        54.70602996647358
      ],
      [
        20.51338995806873,
        54.70602996647358
      ],
      [
        20.51338995806873,
        54.70602996647358
      ],
      [
        20.51338995806873,
        54.70602996647358
      ],
      [
        20.51336992532015,
        54.70602996647358
      ],
      [
        20.513359950855374,
        54.70602996647358
      ],
      [
        20.513339918106794,
        54.706019992008805
      ],
      [
        20.51332994364202,
        54.706009933725
      ],
      [
        20.51332994364202,
        54.705999959260225
      ],
      [
        20.513319969177246,
        54.705979926511645
      ],
      [
        20.513319969177246,
        54.7059599775821
      ],
      [
        20.513309994712472,
        54.70594991929829
      ],
      [
        20.513309994712472,
        54.70592997036874
      ],
      [
        20.513309994712472,
        54.70590993762016
      ],
      [
        20.513299936428666,
        54.705889988690615
      ],
      [
        20.513299936428666,
        54.705869955942035
      ],
      [
        20.513309994712472,
        54.70585998147726
      ],
      [
        20.51332994364202,
        54.705849923193455
      ],
      [
        20.5133499763906,
        54.70583994872868
      ],
      [
        20.51336992532015,
        54.70582997426391
      ],
      [
        20.51338995806873,
        54.70581999979913
      ],
      [
        20.513429939746857,
        54.70581999979913
      ],
      [
        20.513469921424985,
        54.70580994151533
      ],
      [
        20.513509986922145,
        54.70579996705055
      ],
      [
        20.513559943065047,
        54.70579996705055
      ],
      [
        20.513619957491755,
        54.70579996705055
      ],
      [
        20.513679971918464,
        54.70578999258578
      ],
      [
        20.513729928061366,
        54.70577993430197
      ],
      [
        20.51379991695285,
        54.70577993430197
      ],
      [
        20.513859931379557,
        54.70578999258578
      ],
      [
        20.513919945806265,
        54.70578999258578
      ],
      [
        20.513979960232973,
        54.70578999258578
      ],
      [
        20.514029916375875,
        54.70577993430197
      ],
      [
        20.514069981873035,
        54.70577993430197
      ],
      [
        20.514069981873035,
        54.70577993430197
      ],
      [
        20.514069981873035,
        54.70577993430197
      ],
      [
        20.514069981873035,
        54.70577993430197
      ],
      [
        20.514069981873035,
        54.70577993430197
      ],
      [
        20.514069981873035,
        54.70577993430197
      ],
      [
        20.51407995633781,
        54.70592997036874
      ],
      [
        20.51405992358923,
        54.70596995204687
      ],
      [
        20.51405992358923,
        54.706009933725
      ],
      [
        20.514049949124455,
        54.70604999922216
      ],
      [
        20.514049949124455,
        54.70609995536506
      ],
      [
        20.51403997465968,
        54.706149995326996
      ],
      [
        20.51403997465968,
        54.70620992593467
      ],
      [
        20.51403997465968,
        54.70626994036138
      ],
      [
        20.514029916375875,
        54.70632995478809
      ],
      [
        20.514029916375875,
        54.70639994367957
      ],
      [
        20.514029916375875,
        54.70645995810628
      ],
      [
        20.514029916375875,
        54.70652994699776
      ],
      [
        20.514029916375875,
        54.70658996142447
      ],
      [
        20.5140199419111,
        54.70663991756737
      ],
      [
        20.51403997465968,
        54.70669993199408
      ],
      [
        20.514069981873035,
        54.70673999749124
      ],
      [
        20.514119938015938,
        54.70675994642079
      ],
      [
        20.514169977977872,
        54.70677997916937
      ],
      [
        20.514179952442646,
        54.70680998638272
      ],
      [
        20.514179952442646,
        54.70680998638272
      ],
      [
        20.514179952442646,
        54.70680998638272
      ],
      [
        20.514179952442646,
        54.70680998638272
      ],
      [
        20.514179952442646,
        54.70680998638272
      ],
      [
        20.514259999617934,
        54.7068199608475
      ],
      [
        20.51426997408271,
        54.70682993531227
      ],
      [
        20.51424994133413,
        54.70683999359608
      ],
      [
        20.514219934120774,
        54.70683999359608
      ],
      [
        20.514179952442646,
        54.70682993531227
      ],
      [
        20.514139970764518,
        54.70680998638272
      ],
      [
        20.514089930802584,
        54.70678995363414
      ],
      [
        20.51403997465968,
        54.706749971956015
      ],
      [
        20.514009967446327,
        54.70669993199408
      ],
      [
        20.513989934697747,
        54.70664997585118
      ],
      [
        20.513999992981553,
        54.70658996142447
      ],
      [
        20.514009967446327,
        54.70652994699776
      ],
      [
        20.5140199419111,
        54.70645995810628
      ],
      [
        20.5140199419111,
        54.7063899692148
      ],
      [
        20.514029916375875,
        54.70630992203951
      ],
      [
        20.514029916375875,
        54.70623993314803
      ],
      [
        20.51403997465968,
        54.70615996979177
      ],
      [
        20.514049949124455,
        54.70607992261648
      ],
      [
        20.51405992358923,
        54.706009933725
      ],
      [
        20.514069981873035,
        54.70594991929829
      ],
      [
        20.51407995633781,
        54.70590993762016
      ],
      [
        20.51407995633781,
        54.705869955942035
      ],
      [
        20.514069981873035,
        54.705849923193455
      ],
      [
        20.514069981873035,
        54.705849923193455
      ],
      [
        20.514069981873035,
        54.705849923193455
      ],
      [
        20.514069981873035,
        54.705849923193455
      ],
      [
        20.514069981873035,
        54.705849923193455
      ],
      [
        20.514069981873035,
        54.705869955942035
      ],
      [
        20.514069981873035,
        54.705889988690615
      ],
      [
        20.51407995633781,
        54.70592997036874
      ],
      [
        20.51407995633781,
        54.70596995204687
      ],
      [
        20.51407995633781,
        54.706009933725
      ],
      [
        20.514069981873035,
        54.70605997368693
      ],
      [
        20.514049949124455,
        54.706109929829836
      ],
      [
        20.51403997465968,
        54.70615996979177
      ],
      [
        20.514029916375875,
        54.70621998421848
      ],
      [
        20.514029916375875,
        54.706279998645186
      ],
      [
        20.514029916375875,
        54.70634998753667
      ],
      [
        20.514029916375875,
        54.706409918144345
      ],
      [
        20.514029916375875,
        54.70647999085486
      ],
      [
        20.514029916375875,
        54.706539921462536
      ],
      [
        20.514029916375875,
        54.70660999417305
      ],
      [
        20.51403997465968,
        54.70665995031595
      ],
      [
        20.514049949124455,
        54.706709990277886
      ],
      [
        20.514069981873035,
        54.70673999749124
      ],
      [
        20.51407995633781,
        54.70675994642079
      ],
      [
        20.51405992358923,
        54.70676992088556
      ],
      [
        20.51405992358923,
        54.70676992088556
      ],
      [
        20.51405992358923,
        54.70676992088556
      ],
      [
        20.51405992358923,
        54.70676992088556
      ],
      [
        20.51409998908639,
        54.706749971956015
      ],
      [
        20.514119938015938,
        54.706749971956015
      ],
      [
        20.514139970764518,
        54.706749971956015
      ],
      [
        20.514159919694066,
        54.706749971956015
      ],
      [
        20.514179952442646,
        54.706749971956015
      ],
      [
        20.51418992690742,
        54.70675994642079
      ],
      [
        20.514219934120774,
        54.70677997916937
      ],
      [
        20.514239966869354,
        54.70677997916937
      ],
      [
        20.514259999617934,
        54.70678995363414
      ],
      [
        20.51426997408271,
        54.70679992809892
      ],
      [
        20.514279948547482,
        54.70680998638272
      ],
      [
        20.514289923012257,
        54.7068199608475
      ],
      [
        20.514289923012257,
        54.70682993531227
      ],
      [
        20.514139970764518,
        54.7068199608475
      ],
      [
        20.514089930802584,
        54.70679992809892
      ],
      [
        20.514049949124455,
        54.70675994642079
      ],
      [
        20.5140199419111,
        54.70671996474266
      ],
      [
        20.513999992981553,
        54.706669924780726
      ],
      [
        20.513999992981553,
        54.70660999417305
      ],
      [
        20.514009967446327,
        54.706539921462536
      ],
      [
        20.514009967446327,
        54.70647999085486
      ],
      [
        20.5140199419111,
        54.706409918144345
      ],
      [
        20.5140199419111,
        54.70633992925286
      ],
      [
        20.51403997465968,
        54.706259965896606
      ],
      [
        20.514049949124455,
        54.706189977005124
      ],
      [
        20.514049949124455,
        54.706109929829836
      ],
      [
        20.514049949124455,
        54.70603994093835
      ],
      [
        20.51405992358923,
        54.70596995204687
      ],
      [
        20.514069981873035,
        54.70590993762016
      ],
      [
        20.514069981873035,
        54.705869955942035
      ],
      [
        20.514069981873035,
        54.705869955942035
      ],
      [
        20.514069981873035,
        54.705869955942035
      ],
      [
        20.514069981873035,
        54.705869955942035
      ],
      [
        20.513999992981553,
        54.7057699598372
      ],
      [
        20.513959927484393,
        54.7057699598372
      ],
      [
        20.51390997134149,
        54.7057699598372
      ],
      [
        20.513849956914783,
        54.7057699598372
      ],
      [
        20.513789942488074,
        54.7057699598372
      ],
      [
        20.513729928061366,
        54.7057699598372
      ],
      [
        20.513659939169884,
        54.7057699598372
      ],
      [
        20.5135899502784,
        54.7057699598372
      ],
      [
        20.51351996138692,
        54.7057699598372
      ],
      [
        20.513449972495437,
        54.70578999258578
      ],
      [
        20.51338995806873,
        54.70579996705055
      ],
      [
        20.513319969177246,
        54.70580994151533
      ],
      [
        20.513279987499118,
        54.70582997426391
      ],
      [
        20.513249980285764,
        54.705849923193455
      ],
      [
        20.513239922001958,
        54.70587993040681
      ],
      [
        20.513229947537184,
        54.70590993762016
      ],
      [
        20.513229947537184,
        54.70593994483352
      ],
      [
        20.513249980285764,
        54.70596995204687
      ],
      [
        20.513289961963892,
        54.70598998479545
      ],
      [
        20.513339918106794,
        54.705999959260225
      ],
      [
        20.51336992532015,
        54.70598998479545
      ],
      [
        20.51336992532015,
        54.70598998479545
      ],
      [
        20.51336992532015,
        54.70598998479545
      ],
      [
        20.51336992532015,
        54.70598998479545
      ],
      [
        20.51345994696021,
        54.70598998479545
      ],
      [
        20.513449972495437,
        54.70598998479545
      ],
      [
        20.513449972495437,
        54.705999959260225
      ],
      [
        20.513429939746857,
        54.706009933725
      ],
      [
        20.51340999081731,
        54.706019992008805
      ],
      [
        20.51338995806873,
        54.70602996647358
      ],
      [
        20.513379983603954,
        54.70602996647358
      ],
      [
        20.51336992532015,
        54.70602996647358
      ],
      [
        20.513359950855374,
        54.70602996647358
      ],
      [
        20.5133499763906,
        54.70602996647358
      ],
      [
        20.513339918106794,
        54.70602996647358
      ],
      [
        20.513339918106794,
        54.706019992008805
      ],
      [
        20.51332994364202,
        54.706009933725
      ],
      [
        20.513319969177246,
        54.70598998479545
      ],
      [
        20.513319969177246,
        54.70596995204687
      ],
      [
        20.513309994712472,
        54.70594991929829
      ],
      [
        20.513309994712472,
        54.70592997036874
      ],
      [
        20.513309994712472,
        54.70589996315539
      ],
      [
        20.513309994712472,
        54.70587993040681
      ],
      [
        20.513319969177246,
        54.70585998147726
      ],
      [
        20.513339918106794,
        54.70582997426391
      ],
      [
        20.513379983603954,
        54.70581999979913
      ],
      [
        20.513419965282083,
        54.70579996705055
      ],
      [
        20.51345994696021,
        54.70579996705055
      ],
      [
        20.513509986922145,
        54.70578999258578
      ],
      [
        20.513549968600273,
        54.70578999258578
      ],
      [
        20.5135899502784,
        54.70577993430197
      ],
      [
        20.51362993195653,
        54.70577993430197
      ],
      [
        20.513659939169884,
        54.70577993430197
      ],
      [
        20.513699920848012,
        54.70578999258578
      ],
      [
        20.513739986345172,
        54.70577993430197
      ],
      [
        20.5137799680233,
        54.7057699598372
      ],
      [
        20.51381994970143,
        54.7057699598372
      ],
      [
        20.513879964128137,
        54.705759985372424
      ],
      [
        20.51392992027104,
        54.705759985372424
      ],
      [
        20.5139699857682,
        54.70574992708862
      ],
      [
        20.513999992981553,
        54.70574992708862
      ],
      [
        20.514009967446327,
        54.705739952623844
      ],
      [
        20.514029916375875,
        54.705739952623844
      ],
      [
        20.514029916375875,
        54.705739952623844
      ],
      [
        20.514029916375875,
        54.705739952623844
      ],
      [
        20.514029916375875,
        54.705739952623844
      ],
      [
        20.514119938015938,
        54.70572997815907
      ],
      [
        20.514149945229292,
        54.705719919875264
      ],
      [
        20.51418992690742,
        54.705719919875264
      ],
      [
        20.51422999240458,
        54.705719919875264
      ],
      [
        20.514279948547482,
        54.70572997815907
      ],
      [
        20.51431993022561,
        54.70572997815907
      ],
      [
        20.514369970187545,
        54.70572997815907
      ],
      [
        20.514389919117093,
        54.70570994541049
      ],
      [
        20.514409951865673,
        54.70568999648094
      ],
      [
        20.514419926330447,
        54.70565998926759
      ],
      [
        20.514429984614253,
        54.70563995651901
      ],
      [
        20.514419926330447,
        54.70561992377043
      ],
      [
        20.514409951865673,
        54.705589916557074
      ],
      [
        20.5143999774009,
        54.70555999316275
      ],
      [
        20.5143999774009,
        54.70553996041417
      ],
      [
        20.5143999774009,
        54.70550995320082
      ],
      [
        20.514409951865673,
        54.70547994598746
      ],
      [
        20.514419926330447,
        54.705459997057915
      ],
      [
        20.514419926330447,
        54.70542998984456
      ],
      [
        20.514409951865673,
        54.70540995709598
      ],
      [
        20.5143999774009,
        54.7053899243474
      ],
      [
        20.514369970187545,
        54.70537994988263
      ],
      [
        20.514329988509417,
        54.70536997541785
      ],
      [
        20.514289923012257,
        54.70535991713405
      ],
      [
        20.514259999617934,
        54.70534994266927
      ],
      [
        20.51422999240458,
        54.7053399682045
      ],
      [
        20.514209959656,
        54.705329993739724
      ],
      [
        20.514209959656,
        54.705309960991144
      ],
      [
        20.514209959656,
        54.705309960991144
      ],
      [
        20.514209959656,
        54.705309960991144
      ],
      [
        20.51422999240458,
        54.70523997209966
      ],
      [
        20.51424994133413,
        54.70521993935108
      ],
      [
        20.51426997408271,
        54.705199990421534
      ],
      [
        20.514289923012257,
        54.70518993213773
      ],
      [
        20.514289923012257,
        54.70518993213773
      ],
      [
        20.514289923012257,
        54.70518993213773
      ],
      [
        20.514289923012257,
        54.70518993213773
      ],
      [
        20.514289923012257,
        54.70518993213773
      ],
      [
        20.514369970187545,
        54.705119943246245
      ],
      [
        20.514389919117093,
        54.7050999943167
      ],
      [
        20.514409951865673,
        54.70507996156812
      ],
      [
        20.514429984614253,
        54.70505992881954
      ],
      [
        20.5144499335438,
        54.70504995435476
      ],
      [
        20.51446996629238,
        54.70502992160618
      ],
      [
        20.514479940757155,
        54.70502992160618
      ],
      [
        20.51448999904096,
        54.705009972676635
      ],
      [
        20.514499973505735,
        54.70499999821186
      ],
      [
        20.51450994797051,
        54.704989939928055
      ],
      [
        20.51452998071909,
        54.70496999099851
      ],
      [
        20.514549929648638,
        54.7049599327147
      ],
      [
        20.514569962397218,
        54.70493998378515
      ],
      [
        20.514589995145798,
        54.70491995103657
      ],
      [
        20.514609944075346,
        54.70488994382322
      ],
      [
        20.5146399512887,
        54.70486999489367
      ],
      [
        20.51465998403728,
        54.70484996214509
      ],
      [
        20.514689991250634,
        54.704839987680316
      ],
      [
        20.514709940180182,
        54.704819954931736
      ],
      [
        20.514739947393537,
        54.704799922183156
      ],
      [
        20.51476995460689,
        54.70477997325361
      ],
      [
        20.51478998735547,
        54.70475994050503
      ],
      [
        20.514819994568825,
        54.704749966040254
      ],
      [
        20.514849917963147,
        54.7047199588269
      ],
      [
        20.514869950711727,
        54.70469992607832
      ],
      [
        20.514889983460307,
        54.70467997714877
      ],
      [
        20.51491999067366,
        54.70465994440019
      ],
      [
        20.514949997887015,
        54.70463999547064
      ],
      [
        20.514969946816564,
        54.70462993718684
      ],
      [
        20.514979921281338,
        54.70460998825729
      ],
      [
        20.514989979565144,
        54.70459992997348
      ],
      [
        20.514999954029918,
        54.70458995550871
      ],
      [
        20.514999954029918,
        54.704579981043935
      ],
      [
        20.514999954029918,
        54.70456992276013
      ],
      [
        20.514999954029918,
        54.704559948295355
      ],
      [
        20.515159964561462,
        54.704429944977164
      ],
      [
        20.515179997310042,
        54.70441997051239
      ],
      [
        20.51519994623959,
        54.70439993776381
      ],
      [
        20.51521997898817,
        54.704369930550456
      ],
      [
        20.51523992791772,
        54.7043399233371
      ],
      [
        20.515249986201525,
        54.70430999994278
      ],
      [
        20.515269935131073,
        54.704279992729425
      ],
      [
        20.51527999341488,
        54.70424998551607
      ],
      [
        20.51527999341488,
        54.70421997830272
      ],
      [
        20.515299942344427,
        54.70418997108936
      ],
      [
        20.515319975093007,
        54.70415996387601
      ],
      [
        20.51532994955778,
        54.704129956662655
      ],
      [
        20.51532994955778,
        54.70408997498453
      ],
      [
        20.515339924022555,
        54.70405996777117
      ],
      [
        20.515339924022555,
        54.704019986093044
      ],
      [
        20.51534998230636,
        54.703979920595884
      ],
      [
        20.515339924022555,
        54.70394999720156
      ],
      [
        20.51532994955778,
        54.70391998998821
      ],
      [
        20.515319975093007,
        54.703889982774854
      ],
      [
        20.5153099168092,
        54.703869950026274
      ],
      [
        20.5153099168092,
        54.703869950026274
      ],
      [
        20.5153099168092,
        54.703869950026274
      ],
      [
        20.51534998230636,
        54.70377992838621
      ],
      [
        20.515339924022555,
        54.70375997945666
      ],
      [
        20.515339924022555,
        54.70373994670808
      ],
      [
        20.515339924022555,
        54.70370993949473
      ],
      [
        20.51534998230636,
        54.70368999056518
      ],
      [
        20.51534998230636,
        54.70365998335183
      ],
      [
        20.515359956771135,
        54.70362997613847
      ],
      [
        20.515359956771135,
        54.70359996892512
      ],
      [
        20.515359956771135,
        54.703569961711764
      ],
      [
        20.515359956771135,
        54.703529980033636
      ],
      [
        20.515359956771135,
        54.70349997282028
      ],
      [
        20.515359956771135,
        54.703459991142154
      ],
      [
        20.51534998230636,
        54.703419925644994
      ],
      [
        20.51534998230636,
        54.70338991843164
      ],
      [
        20.515359956771135,
        54.70334993675351
      ],
      [
        20.51536993123591,
        54.70330995507538
      ],
      [
        20.51536993123591,
        54.70327994786203
      ],
      [
        20.51536993123591,
        54.7032399661839
      ],
      [
        20.51534998230636,
        54.70319998450577
      ],
      [
        20.515319975093007,
        54.70315991900861
      ],
      [
        20.515299942344427,
        54.70312999561429
      ],
      [
        20.515289967879653,
        54.70308993011713
      ],
      [
        20.51527999341488,
        54.703049948439
      ],
      [
        20.515269935131073,
        54.70301994122565
      ],
      [
        20.5152599606663,
        54.702989934012294
      ],
      [
        20.515249986201525,
        54.702969985082746
      ],
      [
        20.515249986201525,
        54.702949952334166
      ],
      [
        20.515249986201525,
        54.70293997786939
      ],
      [
        20.51523992791772,
        54.70291994512081
      ],
      [
        20.515249986201525,
        54.70290997065604
      ],
      [
        20.5152599606663,
        54.70288993790746
      ],
      [
        20.515269935131073,
        54.70286998897791
      ],
      [
        20.51527999341488,
        54.702839981764555
      ],
      [
        20.515289967879653,
        54.7028099745512
      ],
      [
        20.5153099168092,
        54.70277996733785
      ],
      [
        20.51532994955778,
        54.70274996012449
      ],
      [
        20.515339924022555,
        54.70271995291114
      ],
      [
        20.515339924022555,
        54.702689945697784
      ],
      [
        20.515339924022555,
        54.702649964019656
      ],
      [
        20.51532994955778,
        54.7026199568063
      ],
      [
        20.515319975093007,
        54.702579975128174
      ],
      [
        20.515319975093007,
        54.70254996791482
      ],
      [
        20.51532994955778,
        54.70250998623669
      ],
      [
        20.515339924022555,
        54.70247997902334
      ],
      [
        20.51534998230636,
        54.70243999734521
      ],
      [
        20.515359956771135,
        54.702409990131855
      ],
      [
        20.515339924022555,
        54.702369924634695
      ],
      [
        20.515299942344427,
        54.70233991742134
      ],
      [
        20.515249986201525,
        54.70232994295657
      ],
      [
        20.515209920704365,
        54.70230999402702
      ],
      [
        20.515169939026237,
        54.702279986813664
      ],
      [
        20.515119982883334,
        54.702259954065084
      ],
      [
        20.515079917386174,
        54.70222994685173
      ],
      [
        20.515049993991852,
        54.7021899651736
      ],
      [
        20.515029961243272,
        54.702149983495474
      ],
      [
        20.515009928494692,
        54.70211997628212
      ],
      [
        20.514999954029918,
        54.70207999460399
      ],
      [
        20.514979921281338,
        54.70203992910683
      ],
      [
        20.51495997235179,
        54.70200992189348
      ],
      [
        20.514949997887015,
        54.70196994021535
      ],
      [
        20.51493993960321,
        54.70191998407245
      ],
      [
        20.514929965138435,
        54.70188997685909
      ],
      [
        20.514909932389855,
        54.70185996964574
      ],
      [
        20.51489995792508,
        54.701809929683805
      ],
      [
        20.514909932389855,
        54.70177992247045
      ],
      [
        20.51489995792508,
        54.70172996632755
      ],
      [
        20.514889983460307,
        54.701699959114194
      ],
      [
        20.514869950711727,
        54.701659977436066
      ],
      [
        20.514869950711727,
        54.70161999575794
      ],
      [
        20.514859976246953,
        54.701569955796
      ],
      [
        20.514859976246953,
        54.701529974117875
      ],
      [
        20.514859976246953,
        54.70148999243975
      ],
      [
        20.514869950711727,
        54.70143995247781
      ],
      [
        20.514859976246953,
        54.701399970799685
      ],
      [
        20.514849917963147,
        54.701359989121556
      ],
      [
        20.514849917963147,
        54.701319923624396
      ],
      [
        20.514839943498373,
        54.70127994194627
      ],
      [
        20.514839943498373,
        54.70123996026814
      ],
      [
        20.514839943498373,
        54.70119997859001
      ],
      [
        20.514839943498373,
        54.70114993862808
      ],
      [
        20.514839943498373,
        54.701099982485175
      ],
      [
        20.514859976246953,
        54.701059916988015
      ],
      [
        20.514889983460307,
        54.70101993530989
      ],
      [
        20.51491999067366,
        54.700969979166985
      ],
      [
        20.514949997887015,
        54.700929997488856
      ],
      [
        20.514979921281338,
        54.70087995752692
      ],
      [
        20.515019986778498,
        54.700839975848794
      ],
      [
        20.515059968456626,
        54.700799994170666
      ],
      [
        20.51510992459953,
        54.700759928673506
      ],
      [
        20.515159964561462,
        54.70071994699538
      ],
      [
        20.51521997898817,
        54.70067996531725
      ],
      [
        20.51527999341488,
        54.700649958103895
      ],
      [
        20.51534998230636,
        54.70061995089054
      ],
      [
        20.51540999673307,
        54.70057996921241
      ],
      [
        20.51547998562455,
        54.700539987534285
      ],
      [
        20.51553991623223,
        54.70050998032093
      ],
      [
        20.515599930658937,
        54.7004699986428
      ],
      [
        20.51566991955042,
        54.70043999142945
      ],
      [
        20.515729933977127,
        54.70039992593229
      ],
      [
        20.51579992286861,
        54.700369918718934
      ],
      [
        20.515859937295318,
        54.700329937040806
      ],
      [
        20.515919951722026,
        54.70029992982745
      ],
      [
        20.515979966148734,
        54.7002699226141
      ],
      [
        20.516049955040216,
        54.700239999219775
      ],
      [
        20.5161199439317,
        54.700219966471195
      ],
      [
        20.51618993282318,
        54.700199933722615
      ],
      [
        20.516259921714664,
        54.70016992650926
      ],
      [
        20.516329994425178,
        54.70014997757971
      ],
      [
        20.51639998331666,
        54.70012994483113
      ],
      [
        20.516479946672916,
        54.700109995901585
      ],
      [
        20.5165499355644,
        54.700089963153005
      ],
      [
        20.51661992445588,
        54.70005995593965
      ],
      [
        20.51667993888259,
        54.70003992319107
      ],
      [
        20.516759986057878,
        54.70001997426152
      ],
      [
        20.516839949414134,
        54.69999994151294
      ],
      [
        20.516909938305616,
        54.69998996704817
      ],
      [
        20.516989985480905,
        54.69996993429959
      ],
      [
        20.517039941623807,
        54.699939927086234
      ],
      [
        20.517079923301935,
        54.69992995262146
      ],
      [
        20.517079923301935,
        54.69992995262146
      ],
      [
        20.517079923301935,
        54.69992995262146
      ],
      [
        20.517079923301935,
        54.69992995262146
      ],
      [
        20.517189977690578,
        54.699919978156686
      ],
      [
        20.51721998490393,
        54.69990991987288
      ],
      [
        20.517249992117286,
        54.69990991987288
      ],
      [
        20.517289973795414,
        54.699899945408106
      ],
      [
        20.517319981008768,
        54.69988997094333
      ],
      [
        20.517359962686896,
        54.69987999647856
      ],
      [
        20.517399944365025,
        54.69985996372998
      ],
      [
        20.51742995157838,
        54.6998499892652
      ],
      [
        20.517469933256507,
        54.6998399309814
      ],
      [
        20.517489966005087,
        54.69982995651662
      ],
      [
        20.51749994046986,
        54.69982995651662
      ],
      [
        20.51749994046986,
        54.69982995651662
      ],
      [
        20.51749994046986,
        54.69982995651662
      ],
      [
        20.51749994046986,
        54.69982995651662
      ],
      [
        20.51757998764515,
        54.699769942089915
      ],
      [
        20.517599936574697,
        54.69975996762514
      ],
      [
        20.517639918252826,
        54.69974999316037
      ],
      [
        20.517679983749986,
        54.69974999316037
      ],
      [
        20.517739998176694,
        54.69974999316037
      ],
      [
        20.517809987068176,
        54.69974999316037
      ],
      [
        20.51787997595966,
        54.69973993487656
      ],
      [
        20.51794996485114,
        54.69971998594701
      ],
      [
        20.518019953742623,
        54.69970992766321
      ],
      [
        20.51809991709888,
        54.69969995319843
      ],
      [
        20.518189938738942,
        54.69967992044985
      ],
      [
        20.518259927630424,
        54.69964999705553
      ],
      [
        20.518339974805713,
        54.69962996430695
      ],
      [
        20.51841993816197,
        54.69960993155837
      ],
      [
        20.518499985337257,
        54.69957992434502
      ],
      [
        20.518579948693514,
        54.69955997541547
      ],
      [
        20.518649937584996,
        54.69953994266689
      ],
      [
        20.51871992647648,
        54.699509935453534
      ],
      [
        20.518789999186993,
        54.699489986523986
      ],
      [
        20.51886996254325,
        54.69945997931063
      ],
      [
        20.51893995143473,
        54.69943994656205
      ],
      [
        20.51901999861002,
        54.6994199976325
      ],
      [
        20.519099961966276,
        54.69939996488392
      ],
      [
        20.519179925322533,
        54.69937993213534
      ],
      [
        20.519269946962595,
        54.699359983205795
      ],
      [
        20.519349994137883,
        54.69932997599244
      ],
      [
        20.51942995749414,
        54.69930994324386
      ],
      [
        20.519509920850396,
        54.69928999431431
      ],
      [
        20.51959994249046,
        54.69926996156573
      ],
      [
        20.519679989665747,
        54.69923995435238
      ],
      [
        20.519759953022003,
        54.6992199216038
      ],
      [
        20.51983991637826,
        54.69918999820948
      ],
      [
        20.519919963553548,
        54.6991699654609
      ],
      [
        20.519999926909804,
        54.69914993271232
      ],
      [
        20.52006999962032,
        54.69912998378277
      ],
      [
        20.5201399885118,
        54.69910995103419
      ],
      [
        20.520209977403283,
        54.699099976569414
      ],
      [
        20.52026999182999,
        54.699079943820834
      ],
      [
        20.520339980721474,
        54.699059994891286
      ],
      [
        20.520399995148182,
        54.69902998767793
      ],
      [
        20.520469984039664,
        54.699019929394126
      ],
      [
        20.520529998466372,
        54.69898992218077
      ],
      [
        20.520599987357855,
        54.698979947716
      ],
      [
        20.52065991796553,
        54.69895999878645
      ],
      [
        20.520729990676045,
        54.69893996603787
      ],
      [
        20.520789921283722,
        54.698929991573095
      ],
      [
        20.52084993571043,
        54.698909958824515
      ],
      [
        20.52090995013714,
        54.69889998435974
      ],
      [
        20.520969964563847,
        54.698889926075935
      ],
      [
        20.521029978990555,
        54.69886997714639
      ],
      [
        20.521089993417263,
        54.69885991886258
      ],
      [
        20.52114992402494,
        54.69884994439781
      ],
      [
        20.521199963986874,
        54.69882999546826
      ],
      [
        20.521259978413582,
        54.69881993718445
      ],
      [
        20.521309934556484,
        54.69880996271968
      ],
      [
        20.521369948983192,
        54.698799988254905
      ],
      [
        20.521419988945127,
        54.6987899299711
      ],
      [
        20.521459970623255,
        54.698779955506325
      ],
      [
        20.52148997783661,
        54.69876998104155
      ],
      [
        20.52148997783661,
        54.69876998104155
      ],
      [
        20.52148997783661,
        54.69876998104155
      ],
      [
        20.521529959514737,
        54.698759922757745
      ],
      [
        20.52153993397951,
        54.698759922757745
      ],
      [
        20.52155996672809,
        54.69874994829297
      ],
      [
        20.52155996672809,
        54.69874994829297
      ],
      [
        20.52155996672809,
        54.69874994829297
      ],
      [
        20.52155996672809,
        54.69874994829297
      ],
      [
        20.521659962832928,
        54.6987399738282
      ],
      [
        20.521689970046282,
        54.69872999936342
      ],
      [
        20.521719977259636,
        54.69871994107962
      ],
      [
        20.52174998447299,
        54.69871994107962
      ],
      [
        20.52178996615112,
        54.69870996661484
      ],
      [
        20.521829947829247,
        54.69870996661484
      ],
      [
        20.5218599550426,
        54.69869999215007
      ],
      [
        20.52189993672073,
        54.69868993386626
      ],
      [
        20.521929943934083,
        54.69867995940149
      ],
      [
        20.52196992561221,
        54.698669984936714
      ],
      [
        20.52200999110937,
        54.698669984936714
      ],
      [
        20.522059947252274,
        54.69865992665291
      ],
      [
        20.522099928930402,
        54.698649952188134
      ],
      [
        20.52213999442756,
        54.69863997772336
      ],
      [
        20.52217997610569,
        54.698629919439554
      ],
      [
        20.52221995778382,
        54.69861994497478
      ],
      [
        20.522259939461946,
        54.69861994497478
      ],
      [
        20.5222899466753,
        54.69859999604523
      ],
      [
        20.522319953888655,
        54.698589937761426
      ],
      [
        20.522319953888655,
        54.698589937761426
      ],
      [
        20.522319953888655,
        54.698589937761426
      ],
      [
        20.522319953888655,
        54.698589937761426
      ],
      [
        20.52243998274207,
        54.69855993054807
      ],
      [
        20.52245993167162,
        54.6985499560833
      ],
      [
        20.5224799644202,
        54.6985499560833
      ],
      [
        20.522509971633554,
        54.698539981618524
      ],
      [
        20.522519946098328,
        54.698539981618524
      ],
      [
        20.522539978846908,
        54.69852992333472
      ],
      [
        20.522539978846908,
        54.69852992333472
      ],
      [
        20.522539978846908,
        54.69852992333472
      ],
      [
        20.522539978846908,
        54.69852992333472
      ],
      [
        20.522669982165098,
        54.698499999940395
      ],
      [
        20.522689931094646,
        54.69848994165659
      ],
      [
        20.522709963843226,
        54.698479967191815
      ],
      [
        20.522729996591806,
        54.698479967191815
      ],
      [
        20.522749945521355,
        54.69846999272704
      ],
      [
        20.522749945521355,
        54.69846999272704
      ],
      [
        20.522749945521355,
        54.69846999272704
      ],
      [
        20.522809959948063,
        54.69844995997846
      ],
      [
        20.522839967161417,
        54.69843998551369
      ],
      [
        20.52286997437477,
        54.69842992722988
      ],
      [
        20.5229099560529,
        54.69841995276511
      ],
      [
        20.522959996014833,
        54.69840997830033
      ],
      [
        20.523009952157736,
        54.69838994555175
      ],
      [
        20.52305999211967,
        54.698369996622205
      ],
      [
        20.523119922727346,
        54.698349963873625
      ],
      [
        20.52318999543786,
        54.69833998940885
      ],
      [
        20.523259984329343,
        54.6983099821955
      ],
      [
        20.5233399476856,
        54.69828994944692
      ],
      [
        20.523419994860888,
        54.69826991669834
      ],
      [
        20.52348998375237,
        54.698239993304014
      ],
      [
        20.523559972643852,
        54.698219960555434
      ],
      [
        20.52363993600011,
        54.69818995334208
      ],
      [
        20.52370992489159,
        54.6981699205935
      ],
      [
        20.523779997602105,
        54.69814997166395
      ],
      [
        20.523849986493587,
        54.69812993891537
      ],
      [
        20.523909917101264,
        54.698109989985824
      ],
      [
        20.523979989811778,
        54.698089957237244
      ],
      [
        20.524039920419455,
        54.698069924488664
      ],
      [
        20.52410999312997,
        54.698049975559115
      ],
      [
        20.524169923737645,
        54.698029942810535
      ],
      [
        20.524229938164353,
        54.69800999388099
      ],
      [
        20.52428995259106,
        54.69798996113241
      ],
      [
        20.52434996701777,
        54.69796992838383
      ],
      [
        20.524409981444478,
        54.69795995391905
      ],
      [
        20.524469995871186,
        54.6979299467057
      ],
      [
        20.524529926478863,
        54.697919972240925
      ],
      [
        20.52458994090557,
        54.697899939492345
      ],
      [
        20.524639980867505,
        54.6978799905628
      ],
      [
        20.524679962545633,
        54.69785995781422
      ],
      [
        20.524709969758987,
        54.69784998334944
      ],
      [
        20.524709969758987,
        54.69784998334944
      ],
      [
        20.524709969758987,
        54.69784998334944
      ],
      [
        20.524709969758987,
        54.69784998334944
      ],
      [
        20.524709969758987,
        54.69784998334944
      ],
      [
        20.524829998612404,
        54.69781997613609
      ],
      [
        20.524849947541952,
        54.69780991785228
      ],
      [
        20.52488992922008,
        54.69779994338751
      ],
      [
        20.524919936433434,
        54.69779994338751
      ],
      [
        20.52496997639537,
        54.697789968922734
      ],
      [
        20.52501993253827,
        54.697769936174154
      ],
      [
        20.525069972500205,
        54.697749987244606
      ],
      [
        20.525119928643107,
        54.6977399289608
      ],
      [
        20.52516996860504,
        54.69771998003125
      ],
      [
        20.525219924747944,
        54.69769994728267
      ],
      [
        20.525279939174652,
        54.6976899728179
      ],
      [
        20.525329979136586,
        54.69766994006932
      ],
      [
        20.52537993527949,
        54.69764999113977
      ],
      [
        20.525439949706197,
        54.69762995839119
      ],
      [
        20.52548998966813,
        54.697619983926415
      ],
      [
        20.525549920275807,
        54.697599951177835
      ],
      [
        20.525609934702516,
        54.69758997671306
      ],
      [
        20.525669949129224,
        54.69756994396448
      ],
      [
        20.525729963555932,
        54.69754999503493
      ],
      [
        20.525799952447414,
        54.69752996228635
      ],
      [
        20.525859966874123,
        54.69750992953777
      ],
      [
        20.52591998130083,
        54.697499955073
      ],
      [
        20.525989970192313,
        54.69747992232442
      ],
      [
        20.52604998461902,
        54.69745997339487
      ],
      [
        20.526119973510504,
        54.69743994064629
      ],
      [
        20.526179987937212,
        54.69741999171674
      ],
      [
        20.526249976828694,
        54.69739995896816
      ],
      [
        20.526319965720177,
        54.69738998450339
      ],
      [
        20.526379980146885,
        54.697359977290034
      ],
      [
        20.526449969038367,
        54.697339944541454
      ],
      [
        20.52651995792985,
        54.697319995611906
      ],
      [
        20.526589946821332,
        54.697299962863326
      ],
      [
        20.52666999399662,
        54.697279930114746
      ],
      [
        20.526739982888103,
        54.6972599811852
      ],
      [
        20.526809971779585,
        54.69723994843662
      ],
      [
        20.526879960671067,
        54.69721999950707
      ],
      [
        20.52694994956255,
        54.69719996675849
      ],
      [
        20.527019938454032,
        54.69717993400991
      ],
      [
        20.52709998562932,
        54.69715998508036
      ],
      [
        20.527169974520802,
        54.69713995233178
      ],
      [
        20.527239963412285,
        54.6971199195832
      ],
      [
        20.527309952303767,
        54.69709997065365
      ],
      [
        20.527389999479055,
        54.69707993790507
      ],
      [
        20.527459988370538,
        54.697059988975525
      ],
      [
        20.52752997726202,
        54.69704993069172
      ],
      [
        20.527599966153502,
        54.697019923478365
      ],
      [
        20.527669955044985,
        54.69699997454882
      ],
      [
        20.527739943936467,
        54.69697994180024
      ],
      [
        20.52780993282795,
        54.69695999287069
      ],
      [
        20.527879921719432,
        54.69693996012211
      ],
      [
        20.527949994429946,
        54.69691992737353
      ],
      [
        20.52801998332143,
        54.69689997844398
      ],
      [
        20.528099946677685,
        54.6968799456954
      ],
      [
        20.528169935569167,
        54.69685999676585
      ],
      [
        20.528249982744455,
        54.696849938482046
      ],
      [
        20.528309997171164,
        54.6968299895525
      ],
      [
        20.528359953314066,
        54.69681993126869
      ],
      [
        20.528399934992194,
        54.69680995680392
      ],
      [
        20.528399934992194,
        54.69680995680392
      ],
      [
        20.528399934992194,
        54.69680995680392
      ],
      [
        20.528399934992194,
        54.69680995680392
      ],
      [
        20.528399934992194,
        54.69680995680392
      ],
      [
        20.52855994552374,
        54.69676997512579
      ],
      [
        20.528609985485673,
        54.696759916841984
      ],
      [
        20.528659941628575,
        54.69674994237721
      ],
      [
        20.528729930520058,
        54.696739967912436
      ],
      [
        20.52879991941154,
        54.69672999344766
      ],
      [
        20.528869992122054,
        54.696719935163856
      ],
      [
        20.52894995547831,
        54.69670996069908
      ],
      [
        20.529039977118373,
        54.6966899279505
      ],
      [
        20.529129998758435,
        54.69667995348573
      ],
      [
        20.52922999486327,
        54.69665992073715
      ],
      [
        20.529329990968108,
        54.69664994627237
      ],
      [
        20.529429987072945,
        54.6966399718076
      ],
      [
        20.529539957642555,
        54.696629997342825
      ],
      [
        20.529649928212166,
        54.69661993905902
      ],
      [
        20.529749924317002,
        54.69659999012947
      ],
      [
        20.529859978705645,
        54.696589931845665
      ],
      [
        20.529969949275255,
        54.69657995738089
      ],
      [
        20.53006994538009,
        54.69655992463231
      ],
      [
        20.530179999768734,
        54.69654995016754
      ],
      [
        20.530289970338345,
        54.69652991741896
      ],
      [
        20.530399940907955,
        54.69651994295418
      ],
      [
        20.53051996976137,
        54.696499994024634
      ],
      [
        20.530629940330982,
        54.69648993574083
      ],
      [
        20.530739994719625,
        54.696479961276054
      ],
      [
        20.530849965289235,
        54.69646998681128
      ],
      [
        20.530959935858846,
        54.6964499540627
      ],
      [
        20.531069990247488,
        54.69642992131412
      ],
      [
        20.5311799608171,
        54.696419946849346
      ],
      [
        20.531299989670515,
        54.69640997238457
      ],
      [
        20.531409960240126,
        54.6963999979198
      ],
      [
        20.531519930809736,
        54.69638993963599
      ],
      [
        20.531639959663153,
        54.69637996517122
      ],
      [
        20.531749930232763,
        54.696369990706444
      ],
      [
        20.531859984621406,
        54.69635993242264
      ],
      [
        20.531969955191016,
        54.696349957957864
      ],
      [
        20.532079925760627,
        54.69633998349309
      ],
      [
        20.532199954614043,
        54.696329925209284
      ],
      [
        20.532309925183654,
        54.69631995074451
      ],
      [
        20.53242995403707,
        54.696309976279736
      ],
      [
        20.53253992460668,
        54.69629991799593
      ],
      [
        20.532659953460097,
        54.696289943531156
      ],
      [
        20.532779982313514,
        54.69627996906638
      ],
      [
        20.532889952883124,
        54.69626999460161
      ],
      [
        20.53300998173654,
        54.6962599363178
      ],
      [
        20.53311995230615,
        54.69624996185303
      ],
      [
        20.533229922875762,
        54.69622992910445
      ],
      [
        20.53334995172918,
        54.69622992910445
      ],
      [
        20.533469980582595,
        54.6962099801749
      ],
      [
        20.533579951152205,
        54.6962099801749
      ],
      [
        20.533689921721816,
        54.69619992189109
      ],
      [
        20.533809950575233,
        54.696179972961545
      ],
      [
        20.533919921144843,
        54.69616999849677
      ],
      [
        20.53403994999826,
        54.696159940212965
      ],
      [
        20.53414992056787,
        54.69614996574819
      ],
      [
        20.534269949421287,
        54.69613999128342
      ],
      [
        20.534389978274703,
        54.69613999128342
      ],
      [
        20.534499948844314,
        54.69612993299961
      ],
      [
        20.53461997769773,
        54.69611995853484
      ],
      [
        20.534739922732115,
        54.69610998407006
      ],
      [
        20.534849977120757,
        54.69609992578626
      ],
      [
        20.534969922155142,
        54.69608995132148
      ],
      [
        20.53508995100856,
        54.69608995132148
      ],
      [
        20.53519992157817,
        54.69607997685671
      ],
      [
        20.535319950431585,
        54.6960699185729
      ],
      [
        20.535429921001196,
        54.6960699185729
      ],
      [
        20.535549949854612,
        54.69605994410813
      ],
      [
        20.535659920424223,
        54.696049969643354
      ],
      [
        20.53577994927764,
        54.69603999517858
      ],
      [
        20.53588991984725,
        54.696029936894774
      ],
      [
        20.535999974235892,
        54.69601996243
      ],
      [
        20.536119919270277,
        54.69601996243
      ],
      [
        20.53622997365892,
        54.696009987965226
      ],
      [
        20.53633994422853,
        54.69599992968142
      ],
      [
        20.536459973081946,
        54.69597998075187
      ],
      [
        20.536569943651557,
        54.695969922468066
      ],
      [
        20.536689972504973,
        54.69595994800329
      ],
      [
        20.536799943074584,
        54.69594997353852
      ],
      [
        20.536909997463226,
        54.695939999073744
      ],
      [
        20.53702994249761,
        54.69592994078994
      ],
      [
        20.537139996886253,
        54.695919966325164
      ],
      [
        20.537249967455864,
        54.69590999186039
      ],
      [
        20.537359938025475,
        54.69590999186039
      ],
      [
        20.537469992414117,
        54.69588995911181
      ],
      [
        20.5375899374485,
        54.69588995911181
      ],
      [
        20.537689933553338,
        54.69586992636323
      ],
      [
        20.53779998794198,
        54.695859951898456
      ],
      [
        20.53790995851159,
        54.695839919149876
      ],
      [
        20.5380199290812,
        54.6958299446851
      ],
      [
        20.538129983469844,
        54.69581997022033
      ],
      [
        20.538239954039454,
        54.69579993747175
      ],
      [
        20.53833995014429,
        54.69578996300697
      ],
      [
        20.5384499207139,
        54.69576993025839
      ],
      [
        20.538559975102544,
        54.69575995579362
      ],
      [
        20.538669945672154,
        54.69573992304504
      ],
      [
        20.538779916241765,
        54.695729948580265
      ],
      [
        20.538889970630407,
        54.69570999965072
      ],
      [
        20.538999941200018,
        54.69569994136691
      ],
      [
        20.539099937304854,
        54.69566993415356
      ],
      [
        20.539209991693497,
        54.69564998522401
      ],
      [
        20.53932993672788,
        54.6956399269402
      ],
      [
        20.539439991116524,
        54.695619978010654
      ],
      [
        20.539549961686134,
        54.695599945262074
      ],
      [
        20.539659932255745,
        54.695579996332526
      ],
      [
        20.539769986644387,
        54.69556993804872
      ],
      [
        20.539879957213998,
        54.69554998911917
      ],
      [
        20.53998992778361,
        54.69552995637059
      ],
      [
        20.54009998217225,
        54.69551998190582
      ],
      [
        20.54020995274186,
        54.69549994915724
      ],
      [
        20.540319923311472,
        54.69547991640866
      ],
      [
        20.54041991941631,
        54.695449993014336
      ],
      [
        20.54052997380495,
        54.695429960265756
      ],
      [
        20.54063994437456,
        54.695409927517176
      ],
      [
        20.540739940479398,
        54.69538997858763
      ],
      [
        20.54084999486804,
        54.69535997137427
      ],
      [
        20.540969939902425,
        54.69533993862569
      ],
      [
        20.54106993600726,
        54.695319989696145
      ],
      [
        20.541179990395904,
        54.695299956947565
      ],
      [
        20.541289960965514,
        54.695279924198985
      ],
      [
        20.541399931535125,
        54.69525997526944
      ],
      [
        20.54149992763996,
        54.69523994252086
      ],
      [
        20.541599923744798,
        54.6952099353075
      ],
      [
        20.54170997813344,
        54.695189986377954
      ],
      [
        20.541799999773502,
        54.695169953629375
      ],
      [
        20.54189999587834,
        54.69513994641602
      ],
      [
        20.541999991983175,
        54.69511999748647
      ],
      [
        20.54209998808801,
        54.69508999027312
      ],
      [
        20.542199984192848,
        54.69506995752454
      ],
      [
        20.542299980297685,
        54.695039950311184
      ],
      [
        20.54239997640252,
        54.69500994309783
      ],
      [
        20.542489998042583,
        54.694979935884476
      ],
      [
        20.542579935863614,
        54.69494992867112
      ],
      [
        20.542659983038902,
        54.69491992145777
      ],
      [
        20.542749920859933,
        54.69487993977964
      ],
      [
        20.54282996803522,
        54.69483995810151
      ],
      [
        20.542919989675283,
        54.69480995088816
      ],
      [
        20.543009927496314,
        54.6947799436748
      ],
      [
        20.543099949136376,
        54.694739961996675
      ],
      [
        20.543179996311665,
        54.694699980318546
      ],
      [
        20.543269934132695,
        54.69466997310519
      ],
      [
        20.543349981307983,
        54.694629991427064
      ],
      [
        20.543439919129014,
        54.694589925929904
      ],
      [
        20.543519966304302,
        54.694549944251776
      ],
      [
        20.543589955195785,
        54.69450996257365
      ],
      [
        20.54366991855204,
        54.69446998089552
      ],
      [
        20.543739991262555,
        54.694419940933585
      ],
      [
        20.543809980154037,
        54.69437995925546
      ],
      [
        20.54387996904552,
        54.69433997757733
      ],
      [
        20.543949957937002,
        54.694289937615395
      ],
      [
        20.544019946828485,
        54.694249955937266
      ],
      [
        20.544089935719967,
        54.694199999794364
      ],
      [
        20.544149950146675,
        54.69414995983243
      ],
      [
        20.544189931824803,
        54.694099919870496
      ],
      [
        20.544219939038157,
        54.69404996372759
      ],
      [
        20.544239971786737,
        54.69399992376566
      ],
      [
        20.544279953464866,
        54.69394996762276
      ],
      [
        20.544339967891574,
        54.69390998594463
      ],
      [
        20.544399982318282,
        54.693859945982695
      ],
      [
        20.54445999674499,
        54.69380998983979
      ],
      [
        20.544519927352667,
        54.69376992434263
      ],
      [
        20.54458991624415,
        54.693729942664504
      ],
      [
        20.544669963419437,
        54.69369993545115
      ],
      [
        20.5447599850595,
        54.6936799865216
      ],
      [
        20.54484992288053,
        54.69364997930825
      ],
      [
        20.544939944520593,
        54.69363992102444
      ],
      [
        20.54503994062543,
        54.69363992102444
      ],
      [
        20.54512996226549,
        54.69364997930825
      ],
      [
        20.545219983905554,
        54.69365995377302
      ],
      [
        20.545289972797036,
        54.6936799865216
      ],
      [
        20.545349987223744,
        54.693689960986376
      ],
      [
        20.5453799944371,
        54.69369993545115
      ],
      [
        20.5453799944371,
        54.69369993545115
      ],
      [
        20.5453799944371,
        54.69369993545115
      ],
      [
        20.5453799944371,
        54.69369993545115
      ],
      [
        20.545419976115227,
        54.69371996819973
      ],
      [
        20.54542995058,
        54.693729942664504
      ],
      [
        20.545439925044775,
        54.693729942664504
      ],
      [
        20.54544998332858,
        54.69373991712928
      ],
      [
        20.54544998332858,
        54.69373991712928
      ],
      [
        20.54544998332858,
        54.69373991712928
      ],
      [
        20.54548996500671,
        54.69380998983979
      ],
      [
        20.54548996500671,
        54.69380998983979
      ],
      [
        20.545499939471483,
        54.693819964304566
      ],
      [
        20.545519972220063,
        54.69382993876934
      ],
      [
        20.54553992114961,
        54.69384997151792
      ],
      [
        20.54555995389819,
        54.693859945982695
      ],
      [
        20.545589961111546,
        54.693879978731275
      ],
      [
        20.545609993860126,
        54.69389992766082
      ],
      [
        20.545629942789674,
        54.6939199604094
      ],
      [
        20.545649975538254,
        54.69392993487418
      ],
      [
        20.545669924467802,
        54.69394996762276
      ],
      [
        20.545689957216382,
        54.693969916552305
      ],
      [
        20.545709989964962,
        54.693989949300885
      ],
      [
        20.54572993889451,
        54.69399992376566
      ],
      [
        20.54574997164309,
        54.694009982049465
      ],
      [
        20.545759946107864,
        54.69402993097901
      ],
      [
        20.545779978856444,
        54.69403998926282
      ],
      [
        20.54578995332122,
        54.69404996372759
      ],
      [
        20.5458099860698,
        54.69405993819237
      ],
      [
        20.545819960534573,
        54.69406999647617
      ],
      [
        20.545829934999347,
        54.69406999647617
      ],
      [
        20.545849967747927,
        54.69408994540572
      ],
      [
        20.5458599422127,
        54.694099919870496
      ],
      [
        20.54587997496128,
        54.6941099781543
      ],
      [
        20.545889949426055,
        54.694119952619076
      ],
      [
        20.545909982174635,
        54.694139985367656
      ],
      [
        20.545929931104183,
        54.69414995983243
      ],
      [
        20.545949963852763,
        54.69416999258101
      ],
      [
        20.545979971066117,
        54.69418994151056
      ],
      [
        20.545999919995666,
        54.69420997425914
      ],
      [
        20.54602992720902,
        54.694229923188686
      ],
      [
        20.546059934422374,
        54.694249955937266
      ],
      [
        20.546089941635728,
        54.694269988685846
      ],
      [
        20.546109974384308,
        54.6942999958992
      ],
      [
        20.546129923313856,
        54.694309970363975
      ],
      [
        20.546149956062436,
        54.69432991929352
      ],
      [
        20.54617996327579,
        54.6943499520421
      ],
      [
        20.54619999602437,
        54.69436998479068
      ],
      [
        20.546229919418693,
        54.69438993372023
      ],
      [
        20.546249952167273,
        54.69440996646881
      ],
      [
        20.546279959380627,
        54.69442999921739
      ],
      [
        20.546299992129207,
        54.69444994814694
      ],
      [
        20.54632999934256,
        54.69447995536029
      ],
      [
        20.54636998102069,
        54.69450996257365
      ],
      [
        20.546409962698817,
        54.694539969787
      ],
      [
        20.546449944376945,
        54.694569977000356
      ],
      [
        20.5464799515903,
        54.694589925929904
      ],
      [
        20.546519933268428,
        54.69461993314326
      ],
      [
        20.546549940481782,
        54.69463996589184
      ],
      [
        20.54658992215991,
        54.69466997310519
      ],
      [
        20.546619929373264,
        54.69468992203474
      ],
      [
        20.54664993658662,
        54.69470995478332
      ],
      [
        20.546679943799973,
        54.6947299875319
      ],
      [
        20.546699976548553,
        54.69474993646145
      ],
      [
        20.5467199254781,
        54.6947799436748
      ],
      [
        20.54673995822668,
        54.69479997642338
      ],
      [
        20.54675999097526,
        54.69480995088816
      ],
      [
        20.546769965440035,
        54.69482998363674
      ],
      [
        20.54677993990481,
        54.694849932566285
      ],
      [
        20.54679997265339,
        54.694869965314865
      ],
      [
        20.546819921582937,
        54.694889998063445
      ],
      [
        20.546839954331517,
        54.69490994699299
      ],
      [
        20.546859987080097,
        54.69491992145777
      ],
      [
        20.546879936009645,
        54.69493995420635
      ],
      [
        20.546909943223,
        54.69495998695493
      ],
      [
        20.546939950436354,
        54.694979935884476
      ],
      [
        20.546959983184934,
        54.694999968633056
      ],
      [
        20.546989990398288,
        54.695019917562604
      ],
      [
        20.547009939327836,
        54.695039950311184
      ],
      [
        20.54703994654119,
        54.695059983059764
      ],
      [
        20.547049921005964,
        54.69507993198931
      ],
      [
        20.547069953754544,
        54.69511999748647
      ],
      [
        20.547069953754544,
        54.69513994641602
      ],
      [
        20.54705997928977,
        54.695169953629375
      ],
      [
        20.547049921005964,
        54.69519996084273
      ],
      [
        20.54703994654119,
        54.69522996805608
      ],
      [
        20.547009939327836,
        54.69524991698563
      ],
      [
        20.546989990398288,
        54.695279924198985
      ],
      [
        20.546959983184934,
        54.69528998248279
      ],
      [
        20.54692997597158,
        54.695319989696145
      ],
      [
        20.546899968758225,
        54.69533993862569
      ],
      [
        20.546859987080097,
        54.6953499969095
      ],
      [
        20.546819921582937,
        54.69535997137427
      ],
      [
        20.54677993990481,
        54.69536994583905
      ],
      [
        20.546729983761907,
        54.69536994583905
      ],
      [
        20.546689918264747,
        54.69535997137427
      ],
      [
        20.54664993658662,
        54.6953499969095
      ],
      [
        20.54660995490849,
        54.69533993862569
      ],
      [
        20.546579947695136,
        54.69533993862569
      ],
      [
        20.546549940481782,
        54.69533993862569
      ],
      [
        20.546509958803654,
        54.6953499969095
      ],
      [
        20.5464799515903,
        54.6953499969095
      ],
      [
        20.546449944376945,
        54.6953499969095
      ],
      [
        20.546429995447397,
        54.69535997137427
      ],
      [
        20.546409962698817,
        54.69535997137427
      ],
      [
        20.546379955485463,
        54.69536994583905
      ],
      [
        20.546359922736883,
        54.69536994583905
      ],
      [
        20.546339973807335,
        54.69537992030382
      ],
      [
        20.546319941058755,
        54.69538997858763
      ],
      [
        20.546299992129207,
        54.6953999530524
      ],
      [
        20.546279959380627,
        54.695409927517176
      ],
      [
        20.546259926632047,
        54.69541998580098
      ],
      [
        20.5462399777025,
        54.69543993473053
      ],
      [
        20.546209970489144,
        54.695449993014336
      ],
      [
        20.54617996327579,
        54.69545996747911
      ],
      [
        20.546149956062436,
        54.695469941943884
      ],
      [
        20.546109974384308,
        54.695489974692464
      ],
      [
        20.546079967170954,
        54.69549994915724
      ],
      [
        20.5460499599576,
        54.69551998190582
      ],
      [
        20.54600997827947,
        54.695539930835366
      ],
      [
        20.545969996601343,
        54.695559963583946
      ],
      [
        20.545929931104183,
        54.695579996332526
      ],
      [
        20.54589992389083,
        54.695599945262074
      ],
      [
        20.545869916677475,
        54.69562995247543
      ],
      [
        20.545849967747927,
        54.69566993415356
      ],
      [
        20.545839993283153,
        54.69570999965072
      ],
      [
        20.545839993283153,
        54.695749981328845
      ],
      [
        20.545869916677475,
        54.69578996300697
      ],
      [
        20.545909982174635,
        54.69581997022033
      ],
      [
        20.545949963852763,
        54.695859951898456
      ],
      [
        20.545999919995666,
        54.695899933576584
      ],
      [
        20.546039985492826,
        54.69592994078994
      ],
      [
        20.546079967170954,
        54.695969922468066
      ],
      [
        20.546119948849082,
        54.69599992968142
      ],
      [
        20.54615993052721,
        54.696029936894774
      ],
      [
        20.54619999602437,
        54.6960699185729
      ],
      [
        20.546229919418693,
        54.69609992578626
      ],
      [
        20.54621994495392,
        54.69613999128342
      ],
      [
        20.54617996327579,
        54.69616999849677
      ],
      [
        20.546139981597662,
        54.69619992189109
      ],
      [
        20.546079967170954,
        54.69621995463967
      ],
      [
        20.546019952744246,
        54.69624996185303
      ],
      [
        20.545949963852763,
        54.69627996906638
      ],
      [
        20.54587997496128,
        54.696309976279736
      ],
      [
        20.545799927785993,
        54.69633998349309
      ],
      [
        20.54572993889451,
        54.696369990706444
      ],
      [
        20.545659950003028,
        54.6963999979198
      ],
      [
        20.545589961111546,
        54.69642992131412
      ],
      [
        20.54550999775529,
        54.696459928527474
      ],
      [
        20.545439925044775,
        54.69648993574083
      ],
      [
        20.545369936153293,
        54.69651994295418
      ],
      [
        20.54529994726181,
        54.69654995016754
      ],
      [
        20.545229958370328,
        54.69657995738089
      ],
      [
        20.545159969478846,
        54.696609964594245
      ],
      [
        20.545089980587363,
        54.6966399718076
      ],
      [
        20.54501999169588,
        54.69666997902095
      ],
      [
        20.544949918985367,
        54.69669998623431
      ],
      [
        20.54488998837769,
        54.69672999344766
      ],
      [
        20.544809941202402,
        54.696759916841984
      ],
      [
        20.54473995231092,
        54.696779949590564
      ],
      [
        20.544669963419437,
        54.69680995680392
      ],
      [
        20.544599974527955,
        54.696849938482046
      ],
      [
        20.544529985636473,
        54.6968799456954
      ],
      [
        20.54445999674499,
        54.696909952908754
      ],
      [
        20.544379949569702,
        54.69693996012211
      ],
      [
        20.544299986213446,
        54.69696996733546
      ],
      [
        20.544229997321963,
        54.69699997454882
      ],
      [
        20.544149950146675,
        54.69702998176217
      ],
      [
        20.544079961255193,
        54.697059988975525
      ],
      [
        20.54400997236371,
        54.69709997065365
      ],
      [
        20.543929925188422,
        54.69712997786701
      ],
      [
        20.54385993629694,
        54.69715998508036
      ],
      [
        20.543779972940683,
        54.697189992293715
      ],
      [
        20.5437099840492,
        54.69721999950707
      ],
      [
        20.54363999515772,
        54.69724992290139
      ],
      [
        20.543569922447205,
        54.697279930114746
      ],
      [
        20.543489959090948,
        54.6973099373281
      ],
      [
        20.54342994466424,
        54.697339944541454
      ],
      [
        20.543359955772758,
        54.69736995175481
      ],
      [
        20.543289966881275,
        54.69739995896816
      ],
      [
        20.543219977989793,
        54.69742996618152
      ],
      [
        20.543159963563085,
        54.697469947859645
      ],
      [
        20.543089974671602,
        54.697499955073
      ],
      [
        20.54301998578012,
        54.69752996228635
      ],
      [
        20.542949996888638,
        54.69754999503493
      ],
      [
        20.54286994971335,
        54.697579918429255
      ],
      [
        20.542789986357093,
        54.697599951177835
      ],
      [
        20.54271999746561,
        54.697619983926415
      ],
      [
        20.542639950290322,
        54.69764999113977
      ],
      [
        20.542559986934066,
        54.697679998353124
      ],
      [
        20.542479939758778,
        54.69769994728267
      ],
      [
        20.54239997640252,
        54.697729954496026
      ],
      [
        20.542319929227233,
        54.69775996170938
      ],
      [
        20.542239965870976,
        54.69777999445796
      ],
      [
        20.54215991869569,
        54.69779994338751
      ],
      [
        20.54207995533943,
        54.69782995060086
      ],
      [
        20.54198993369937,
        54.69785995781422
      ],
      [
        20.541909970343113,
        54.6978799905628
      ],
      [
        20.541829923167825,
        54.69790999777615
      ],
      [
        20.54174995981157,
        54.6979299467057
      ],
      [
        20.54166999645531,
        54.69795995391905
      ],
      [
        20.541589949280024,
        54.69797998666763
      ],
      [
        20.541509985923767,
        54.69800999388099
      ],
      [
        20.54142993874848,
        54.698029942810535
      ],
      [
        20.541349975392222,
        54.69805995002389
      ],
      [
        20.541269928216934,
        54.69807998277247
      ],
      [
        20.541189964860678,
        54.698109989985824
      ],
      [
        20.54110991768539,
        54.69812993891537
      ],
      [
        20.541029954329133,
        54.698159946128726
      ],
      [
        20.540949990972877,
        54.69818995334208
      ],
      [
        20.540859969332814,
        54.698219960555434
      ],
      [
        20.540769947692752,
        54.698239993304014
      ],
      [
        20.540689984336495,
        54.69826991669834
      ],
      [
        20.540599962696433,
        54.69829992391169
      ],
      [
        20.540519999340177,
        54.698329931125045
      ],
      [
        20.54043995216489,
        54.698349963873625
      ],
      [
        20.540359988808632,
        54.69837997108698
      ],
      [
        20.54026996716857,
        54.69839992001653
      ],
      [
        20.54018991999328,
        54.69842992722988
      ],
      [
        20.54009998217225,
        54.698459934443235
      ],
      [
        20.540019934996963,
        54.698479967191815
      ],
      [
        20.539929997175932,
        54.69850997440517
      ],
      [
        20.539849950000644,
        54.698539981618524
      ],
      [
        20.53975992836058,
        54.69855993054807
      ],
      [
        20.539679965004325,
        54.698589937761426
      ],
      [
        20.539589943364263,
        54.69861994497478
      ],
      [
        20.5394999217242,
        54.69863997772336
      ],
      [
        20.53940998390317,
        54.698669984936714
      ],
      [
        20.53932993672788,
        54.69869999215007
      ],
      [
        20.53923999890685,
        54.69872999936342
      ],
      [
        20.53914997726679,
        54.69874994829297
      ],
      [
        20.539059955626726,
        54.698779955506325
      ],
      [
        20.538969933986664,
        54.69880996271968
      ],
      [
        20.538879996165633,
        54.69883996993303
      ],
      [
        20.53878997452557,
        54.69886997714639
      ],
      [
        20.53869995288551,
        54.69889998435974
      ],
      [
        20.538609931245446,
        54.698929991573095
      ],
      [
        20.538519993424416,
        54.69895999878645
      ],
      [
        20.538429971784353,
        54.69898992218077
      ],
      [
        20.53833995014429,
        54.699019929394126
      ],
      [
        20.53824992850423,
        54.69904993660748
      ],
      [
        20.538159990683198,
        54.699079943820834
      ],
      [
        20.538069969043136,
        54.69910995103419
      ],
      [
        20.5379699729383,
        54.69913995824754
      ],
      [
        20.537879951298237,
        54.6991699654609
      ],
      [
        20.537789929658175,
        54.69919997267425
      ],
      [
        20.537689933553338,
        54.699229979887605
      ],
      [
        20.537599995732307,
        54.69924992881715
      ],
      [
        20.53749999962747,
        54.69927993603051
      ],
      [
        20.53740997798741,
        54.69930994324386
      ],
      [
        20.537319956347346,
        54.699339950457215
      ],
      [
        20.537229934707284,
        54.69936995767057
      ],
      [
        20.537139996886253,
        54.69939996488392
      ],
      [
        20.53704997524619,
        54.6994199976325
      ],
      [
        20.536969928070903,
        54.699449921026826
      ],
      [
        20.536879990249872,
        54.69947992824018
      ],
      [
        20.536799943074584,
        54.699509935453534
      ],
      [
        20.53670992143452,
        54.699529968202114
      ],
      [
        20.53661998361349,
        54.69955997541547
      ],
      [
        20.536539936438203,
        54.69958998262882
      ],
      [
        20.536449998617172,
        54.699619989842176
      ],
      [
        20.53635997697711,
        54.699639938771725
      ],
      [
        20.53627992980182,
        54.69966994598508
      ],
      [
        20.53618999198079,
        54.69969995319843
      ],
      [
        20.53609997034073,
        54.69971998594701
      ],
      [
        20.536009948700666,
        54.69974999316037
      ],
      [
        20.53592998534441,
        54.69977991655469
      ],
      [
        20.535839963704348,
        54.69979994930327
      ],
      [
        20.53575991652906,
        54.69982995651662
      ],
      [
        20.53566997870803,
        54.69985996372998
      ],
      [
        20.53558993153274,
        54.69987999647856
      ],
      [
        20.535509968176484,
        54.69990991987288
      ],
      [
        20.53541994653642,
        54.699939927086234
      ],
      [
        20.535339983180165,
        54.699959959834814
      ],
      [
        20.535249961540103,
        54.69998996704817
      ],
      [
        20.53515993990004,
        54.70001997426152
      ],
      [
        20.535079976543784,
        54.700049981474876
      ],
      [
        20.534989954903722,
        54.700069930404425
      ],
      [
        20.53489993326366,
        54.70009993761778
      ],
      [
        20.53480999544263,
        54.70012994483113
      ],
      [
        20.534719973802567,
        54.70015995204449
      ],
      [
        20.53463992662728,
        54.70018995925784
      ],
      [
        20.534549988806248,
        54.700219966471195
      ],
      [
        20.534459967166185,
        54.700239999219775
      ],
      [
        20.534369945526123,
        54.7002699226141
      ],
      [
        20.53427992388606,
        54.70029992982745
      ],
      [
        20.53418998606503,
        54.700329937040806
      ],
      [
        20.534099964424968,
        54.70035994425416
      ],
      [
        20.53399996832013,
        54.700389951467514
      ],
      [
        20.53390994668007,
        54.70041995868087
      ],
      [
        20.533809950575233,
        54.70044996589422
      ],
      [
        20.53371992893517,
        54.700479973107576
      ],
      [
        20.53362999111414,
        54.70050998032093
      ],
      [
        20.533539969474077,
        54.700539987534285
      ],
      [
        20.533449947834015,
        54.70056999474764
      ],
      [
        20.533359926193953,
        54.70059991814196
      ],
      [
        20.533279962837696,
        54.70061995089054
      ],
      [
        20.53319999948144,
        54.700649958103895
      ],
      [
        20.53311995230615,
        54.700669990852475
      ],
      [
        20.533039988949895,
        54.70069999806583
      ],
      [
        20.53296991623938,
        54.70071994699538
      ],
      [
        20.532889952883124,
        54.70074995420873
      ],
      [
        20.532809989526868,
        54.70076998695731
      ],
      [
        20.53272994235158,
        54.700799994170666
      ],
      [
        20.532649978995323,
        54.700819943100214
      ],
      [
        20.532569931820035,
        54.700839975848794
      ],
      [
        20.53248996846378,
        54.70085992477834
      ],
      [
        20.532419979572296,
        54.700889931991696
      ],
      [
        20.532339932397008,
        54.70091993920505
      ],
      [
        20.532269943505526,
        54.70093997195363
      ],
      [
        20.53218998014927,
        54.700969979166985
      ],
      [
        20.53210993297398,
        54.70098992809653
      ],
      [
        20.532029969617724,
        54.70101993530989
      ],
      [
        20.531949922442436,
        54.70103996805847
      ],
      [
        20.531879933550954,
        54.70106997527182
      ],
      [
        20.531799970194697,
        54.70108992420137
      ],
      [
        20.531729981303215,
        54.70111993141472
      ],
      [
        20.531649934127927,
        54.7011399641633
      ],
      [
        20.53156997077167,
        54.70115999691188
      ],
      [
        20.531499981880188,
        54.70117994584143
      ],
      [
        20.5314199347049,
        54.70119997859001
      ],
      [
        20.531349945813417,
        54.701229985803366
      ],
      [
        20.53126998245716,
        54.701249934732914
      ],
      [
        20.53119999356568,
        54.70127994194627
      ],
      [
        20.53111994639039,
        54.70129997469485
      ],
      [
        20.531049957498908,
        54.701319923624396
      ],
      [
        20.53096999414265,
        54.701339956372976
      ],
      [
        20.530899921432137,
        54.70136996358633
      ],
      [
        20.530829932540655,
        54.70138999633491
      ],
      [
        20.530759943649173,
        54.70141991972923
      ],
      [
        20.530679980292916,
        54.70143995247781
      ],
      [
        20.530609991401434,
        54.70146995969117
      ],
      [
        20.530529944226146,
        54.70148999243975
      ],
      [
        20.53044998086989,
        54.701509941369295
      ],
      [
        20.530379991978407,
        54.70153994858265
      ],
      [
        20.53029994480312,
        54.70155998133123
      ],
      [
        20.530219981446862,
        54.70158998854458
      ],
      [
        20.53014999255538,
        54.70160993747413
      ],
      [
        20.53006994538009,
        54.70162997022271
      ],
      [
        20.529989982023835,
        54.70164991915226
      ],
      [
        20.529919993132353,
        54.701679926365614
      ],
      [
        20.529839945957065,
        54.701699959114194
      ],
      [
        20.529769957065582,
        54.701719991862774
      ],
      [
        20.529689993709326,
        54.70174999907613
      ],
      [
        20.529609946534038,
        54.701769948005676
      ],
      [
        20.52952998317778,
        54.70179995521903
      ],
      [
        20.529449936002493,
        54.70181998796761
      ],
      [
        20.529369972646236,
        54.701849995180964
      ],
      [
        20.529299983754754,
        54.70186994411051
      ],
      [
        20.52920996211469,
        54.70188997685909
      ],
      [
        20.52913997322321,
        54.70191998407245
      ],
      [
        20.52905992604792,
        54.7019499912858
      ],
      [
        20.528979962691665,
        54.70196994021535
      ],
      [
        20.528899999335408,
        54.7019999474287
      ],
      [
        20.52881995216012,
        54.70203992910683
      ],
      [
        20.528739988803864,
        54.70205996185541
      ],
      [
        20.528659941628575,
        54.70207999460399
      ],
      [
        20.52857997827232,
        54.702109917998314
      ],
      [
        20.52849993109703,
        54.702129950746894
      ],
      [
        20.528419967740774,
        54.70215995796025
      ],
      [
        20.528339920565486,
        54.7021899651736
      ],
      [
        20.52825995720923,
        54.702219972386956
      ],
      [
        20.528179993852973,
        54.702239921316504
      ],
      [
        20.52808997221291,
        54.70226992852986
      ],
      [
        20.528009925037622,
        54.70228996127844
      ],
      [
        20.52793993614614,
        54.70231996849179
      ],
      [
        20.52784999832511,
        54.70234997570515
      ],
      [
        20.52776995114982,
        54.702369924634695
      ],
      [
        20.527689987793565,
        54.70239993184805
      ],
      [
        20.527609940618277,
        54.70241996459663
      ],
      [
        20.52752997726202,
        54.70244997180998
      ],
      [
        20.527449930086732,
        54.70246992073953
      ],
      [
        20.52737994119525,
        54.702499927952886
      ],
      [
        20.527299977838993,
        54.702519960701466
      ],
      [
        20.527219930663705,
        54.70254996791482
      ],
      [
        20.52713996730745,
        54.70256991684437
      ],
      [
        20.52705992013216,
        54.70259992405772
      ],
      [
        20.526979956775904,
        54.7026199568063
      ],
      [
        20.526899993419647,
        54.702649964019656
      ],
      [
        20.52681994624436,
        54.702669996768236
      ],
      [
        20.526729924604297,
        54.70269992016256
      ],
      [
        20.52664996124804,
        54.70272992737591
      ],
      [
        20.526569997891784,
        54.70274996012449
      ],
      [
        20.526489950716496,
        54.70277996733785
      ],
      [
        20.52640998736024,
        54.7028099745512
      ],
      [
        20.52632994018495,
        54.70282992348075
      ],
      [
        20.526249976828694,
        54.70284995622933
      ],
      [
        20.526169929653406,
        54.70287996344268
      ],
      [
        20.52608996629715,
        54.70290997065604
      ],
      [
        20.526019977405667,
        54.702929919585586
      ],
      [
        20.525949988514185,
        54.702949952334166
      ],
      [
        20.525869941338897,
        54.70297995954752
      ],
      [
        20.52578997798264,
        54.7029999922961
      ],
      [
        20.525719989091158,
        54.703029999509454
      ],
      [
        20.52563994191587,
        54.703049948439
      ],
      [
        20.525569953024387,
        54.70306998118758
      ],
      [
        20.525499964132905,
        54.70308993011713
      ],
      [
        20.525439949706197,
        54.70310996286571
      ],
      [
        20.525369960814714,
        54.70312999561429
      ],
      [
        20.525309946388006,
        54.70314994454384
      ],
      [
        20.525239957496524,
        54.70316997729242
      ],
      [
        20.525179943069816,
        54.70318992622197
      ],
      [
        20.525119928643107,
        54.70320995897055
      ],
      [
        20.525049939751625,
        54.70322999171913
      ],
      [
        20.524979950860143,
        54.703249940648675
      ],
      [
        20.52490996196866,
        54.703269973397255
      ],
      [
        20.524839973077178,
        54.70327994786203
      ],
      [
        20.52475992590189,
        54.7032899223268
      ],
      [
        20.524689937010407,
        54.70329998061061
      ],
      [
        20.524619948118925,
        54.70331992954016
      ],
      [
        20.524549959227443,
        54.70332998782396
      ],
      [
        20.52447997033596,
        54.70333996228874
      ],
      [
        20.524409981444478,
        54.70335999503732
      ],
      [
        20.524339992552996,
        54.70336996950209
      ],
      [
        20.524279978126287,
        54.70338991843164
      ],
      [
        20.524209989234805,
        54.703399976715446
      ],
      [
        20.52413991652429,
        54.70340995118022
      ],
      [
        20.524079985916615,
        54.703419925644994
      ],
      [
        20.524019971489906,
        54.703439958393574
      ],
      [
        20.523959957063198,
        54.70344993285835
      ],
      [
        20.52389994263649,
        54.703459991142154
      ],
      [
        20.52383992820978,
        54.70346996560693
      ],
      [
        20.523779997602105,
        54.7034799400717
      ],
      [
        20.52372995764017,
        54.7034799400717
      ],
      [
        20.523679917678237,
        54.70348999835551
      ],
      [
        20.523629961535335,
        54.70349997282028
      ],
      [
        20.5235799215734,
        54.70349997282028
      ],
      [
        20.523529965430498,
        54.703509947285056
      ],
      [
        20.523499958217144,
        54.703509947285056
      ],
      [
        20.523459976539016,
        54.70351992174983
      ],
      [
        20.523419994860888,
        54.703529980033636
      ],
      [
        20.523389987647533,
        54.70353995449841
      ],
      [
        20.523349922150373,
        54.703549928963184
      ],
      [
        20.52331999875605,
        54.703569961711764
      ],
      [
        20.52327993325889,
        54.70357993617654
      ],
      [
        20.523239951580763,
        54.703589994460344
      ],
      [
        20.52318999543786,
        54.70359996892512
      ],
      [
        20.5231499299407,
        54.70360994338989
      ],
      [
        20.523119922727346,
        54.70362997613847
      ],
      [
        20.523079941049218,
        54.70363995060325
      ],
      [
        20.52303995937109,
        54.70364992506802
      ],
      [
        20.523009952157736,
        54.70365998335183
      ],
      [
        20.522969970479608,
        54.7036699578166
      ],
      [
        20.52292998880148,
        54.703679932281375
      ],
      [
        20.522899981588125,
        54.70368999056518
      ],
      [
        20.522859999909997,
        54.70370993949473
      ],
      [
        20.522829992696643,
        54.703719997778535
      ],
      [
        20.522789927199483,
        54.70372997224331
      ],
      [
        20.52275991998613,
        54.70373994670808
      ],
      [
        20.522729996591806,
        54.70375997945666
      ],
      [
        20.522689931094646,
        54.70376995392144
      ],
      [
        20.522659923881292,
        54.70377992838621
      ],
      [
        20.522619942203164,
        54.70378998667002
      ],
      [
        20.522619942203164,
        54.70378998667002
      ],
      [
        20.522579960525036,
        54.70379996113479
      ],
      [
        20.52254995331168,
        54.70381999388337
      ],
      [
        20.522509971633554,
        54.70383994281292
      ],
      [
        20.522469989955425,
        54.703849917277694
      ],
      [
        20.52241994999349,
        54.7038599755615
      ],
      [
        20.52236999385059,
        54.70387992449105
      ],
      [
        20.522319953888655,
        54.70389995723963
      ],
      [
        20.522269997745752,
        54.70391998998821
      ],
      [
        20.52221995778382,
        54.70392996445298
      ],
      [
        20.522169917821884,
        54.70394999720156
      ],
      [
        20.522119961678982,
        54.70396994613111
      ],
      [
        20.522069921717048,
        54.703979920595884
      ],
      [
        20.522019965574145,
        54.703999953344464
      ],
      [
        20.521959951147437,
        54.70400992780924
      ],
      [
        20.521909995004535,
        54.704019986093044
      ],
      [
        20.5218599550426,
        54.70402996055782
      ],
      [
        20.521799940615892,
        54.7040499933064
      ],
      [
        20.52174998447299,
        54.70405996777117
      ],
      [
        20.521699944511056,
        54.70407991670072
      ],
      [
        20.521639930084348,
        54.70408997498453
      ],
      [
        20.521589973941445,
        54.704109923914075
      ],
      [
        20.521529959514737,
        54.70411998219788
      ],
      [
        20.52146994508803,
        54.70413993112743
      ],
      [
        20.52140993066132,
        54.704149989411235
      ],
      [
        20.521349916234612,
        54.70416993834078
      ],
      [
        20.521289985626936,
        54.70417999662459
      ],
      [
        20.521229971200228,
        54.70418997108936
      ],
      [
        20.52116995677352,
        54.70420992001891
      ],
      [
        20.52110994234681,
        54.70421997830272
      ],
      [
        20.52103995345533,
        54.704239927232265
      ],
      [
        20.520969964563847,
        54.70424998551607
      ],
      [
        20.520899975672364,
        54.704259959980845
      ],
      [
        20.520839961245656,
        54.704279992729425
      ],
      [
        20.520769972354174,
        54.704299941658974
      ],
      [
        20.52071993239224,
        54.70430999994278
      ],
      [
        20.52065991796553,
        54.70432994887233
      ],
      [
        20.520599987357855,
        54.7043399233371
      ],
      [
        20.52054994739592,
        54.70434998162091
      ],
      [
        20.520489932969213,
        54.704369930550456
      ],
      [
        20.520429918542504,
        54.704369930550456
      ],
      [
        20.520359929651022,
        54.704389963299036
      ],
      [
        20.520299999043345,
        54.70439993776381
      ],
      [
        20.520219951868057,
        54.70439993776381
      ],
      [
        20.52015993744135,
        54.70441997051239
      ],
      [
        20.520089948549867,
        54.704429944977164
      ],
      [
        20.520019959658384,
        54.704449977725744
      ],
      [
        20.519959945231676,
        54.70446992665529
      ],
      [
        20.519889956340194,
        54.7044799849391
      ],
      [
        20.51981996744871,
        54.70448995940387
      ],
      [
        20.51974997855723,
        54.70450999215245
      ],
      [
        20.51968996413052,
        54.70451996661723
      ],
      [
        20.51961997523904,
        54.70453999936581
      ],
      [
        20.519549986347556,
        54.70454997383058
      ],
      [
        20.519489971920848,
        54.70456992276013
      ],
      [
        20.51942995749414,
        54.70458995550871
      ],
      [
        20.51936994306743,
        54.70460998825729
      ],
      [
        20.51929995417595,
        54.70461996272206
      ],
      [
        20.51923993974924,
        54.70463999547064
      ],
      [
        20.519159976392984,
        54.70464996993542
      ],
      [
        20.519089987501502,
        54.70465994440019
      ],
      [
        20.51901999861002,
        54.70467997714877
      ],
      [
        20.518949925899506,
        54.704689951613545
      ],
      [
        20.51886996254325,
        54.704709984362125
      ],
      [
        20.518789999186993,
        54.7047199588269
      ],
      [
        20.518709952011704,
        54.70473999157548
      ],
      [
        20.518639963120222,
        54.70475994050503
      ],
      [
        20.518559999763966,
        54.70477997325361
      ],
      [
        20.51848992705345,
        54.704799922183156
      ],
      [
        20.518409963697195,
        54.704819954931736
      ],
      [
        20.518329916521907,
        54.704839987680316
      ],
      [
        20.51824995316565,
        54.70484996214509
      ],
      [
        20.518169989809394,
        54.70486999489367
      ],
      [
        20.518089942634106,
        54.704879969358444
      ],
      [
        20.51800997927785,
        54.70489991828799
      ],
      [
        20.51792993210256,
        54.7049099765718
      ],
      [
        20.517849968746305,
        54.70492992550135
      ],
      [
        20.517769921571016,
        54.70493998378515
      ],
      [
        20.51768995821476,
        54.70494995824993
      ],
      [
        20.517619969323277,
        54.70496999099851
      ],
      [
        20.51753992214799,
        54.704989939928055
      ],
      [
        20.517469933256507,
        54.70499999821186
      ],
      [
        20.51738996990025,
        54.705009972676635
      ],
      [
        20.517319981008768,
        54.70502992160618
      ],
      [
        20.517249992117286,
        54.70504995435476
      ],
      [
        20.51717991940677,
        54.70505992881954
      ],
      [
        20.517099956050515,
        54.70507996156812
      ],
      [
        20.517029967159033,
        54.70508993603289
      ],
      [
        20.51695997826755,
        54.70510996878147
      ],
      [
        20.516889989376068,
        54.705119943246245
      ],
      [
        20.51680994220078,
        54.705139975994825
      ],
      [
        20.516739953309298,
        54.7051499504596
      ],
      [
        20.51665998995304,
        54.70516998320818
      ],
      [
        20.516589917242527,
        54.70518993213773
      ],
      [
        20.516519928351045,
        54.70520996488631
      ],
      [
        20.516439964994788,
        54.70521993935108
      ],
      [
        20.5163599178195,
        54.70522999763489
      ],
      [
        20.516279954463243,
        54.70523997209966
      ],
      [
        20.51618993282318,
        54.70523997209966
      ],
      [
        20.516109969466925,
        54.70523997209966
      ],
      [
        20.516029922291636,
        54.70523997209966
      ],
      [
        20.51594995893538,
        54.70522999763489
      ],
      [
        20.515869995579123,
        54.70521993935108
      ],
      [
        20.51579992286861,
        54.70520996488631
      ],
      [
        20.515719959512353,
        54.70518993213773
      ],
      [
        20.515639996156096,
        54.70516998320818
      ],
      [
        20.515569923445582,
        54.70516998320818
      ],
      [
        20.515489960089326,
        54.70518993213773
      ],
      [
        20.515429945662618,
        54.70520996488631
      ],
      [
        20.515359956771135,
        54.70521993935108
      ],
      [
        20.515299942344427,
        54.70523997209966
      ],
      [
        20.51523992791772,
        54.70525992102921
      ],
      [
        20.51519994623959,
        54.705289928242564
      ],
      [
        20.515159964561462,
        54.70531993545592
      ],
      [
        20.515119982883334,
        54.70535991713405
      ],
      [
        20.515079917386174,
        54.70539998263121
      ],
      [
        20.515039935708046,
        54.705439964309335
      ],
      [
        20.514999954029918,
        54.70547994598746
      ],
      [
        20.51495997235179,
        54.70551992766559
      ],
      [
        20.514929965138435,
        54.70555999316275
      ],
      [
        20.51489995792508,
        54.70559997484088
      ],
      [
        20.5148799251765,
        54.70562998205423
      ],
      [
        20.514859976246953,
        54.70564993098378
      ],
      [
        20.514849917963147,
        54.70566996373236
      ],
      [
        20.514839943498373,
        54.705679938197136
      ],
      [
        20.514839943498373,
        54.705679938197136
      ],
      [
        20.514839943498373,
        54.705679938197136
      ],
      [
        20.514779929071665,
        54.70574992708862
      ],
      [
        20.51476995460689,
        54.7057699598372
      ],
      [
        20.514759980142117,
        54.70579996705055
      ],
      [
        20.51474992185831,
        54.70582997426391
      ],
      [
        20.514729972928762,
        54.705869955942035
      ],
      [
        20.514709940180182,
        54.70590993762016
      ],
      [
        20.51469996571541,
        54.70594991929829
      ],
      [
        20.51467993296683,
        54.70598998479545
      ],
      [
        20.51465998403728,
        54.70602996647358
      ],
      [
        20.5146399512887,
        54.70607992261648
      ],
      [
        20.51461991854012,
        54.70611998811364
      ],
      [
        20.514609944075346,
        54.70615996979177
      ],
      [
        20.514599969610572,
        54.7061999514699
      ],
      [
        20.514569962397218,
        54.70623993314803
      ],
      [
        20.514549929648638,
        54.706279998645186
      ],
      [
        20.514539955183864,
        54.706319980323315
      ],
      [
        20.51452998071909,
        54.70635996200144
      ],
      [
        20.514519922435284,
        54.706409918144345
      ],
      [
        20.514519922435284,
        54.706449983641505
      ],
      [
        20.514519922435284,
        54.70647999085486
      ],
      [
        20.51452998071909,
        54.70652994699776
      ],
      [
        20.51452998071909,
        54.70656992867589
      ],
      [
        20.51452998071909,
        54.70660999417305
      ],
      [
        20.51452998071909,
        54.70664997585118
      ],
      [
        20.514539955183864,
        54.706689957529306
      ],
      [
        20.514539955183864,
        54.70671996474266
      ],
      [
        20.514549929648638,
        54.70673999749124
      ],
      [
        20.514549929648638,
        54.70675994642079
      ],
      [
        20.514549929648638,
        54.70677997916937
      ],
      [
        20.514539955183864,
        54.70679992809892
      ],
      [
        20.514539955183864,
        54.7068199608475
      ],
      [
        20.514539955183864,
        54.70684996806085
      ],
      [
        20.514539955183864,
        54.706879975274205
      ],
      [
        20.514539955183864,
        54.70690998248756
      ],
      [
        20.514549929648638,
        54.70693998970091
      ],
      [
        20.514549929648638,
        54.70697997137904
      ],
      [
        20.514559987932444,
        54.70701995305717
      ],
      [
        20.514569962397218,
        54.707049960270524
      ],
      [
        20.514579936861992,
        54.70707996748388
      ],
      [
        20.514579936861992,
        54.707119949162006
      ],
      [
        20.514589995145798,
        54.707159930840135
      ],
      [
        20.514599969610572,
        54.70720997080207
      ],
      [
        20.514609944075346,
        54.70725992694497
      ],
      [
        20.51461991854012,
        54.707309966906905
      ],
      [
        20.514629976823926,
        54.70735992304981
      ],
      [
        20.5146399512887,
        54.70740996301174
      ],
      [
        20.5146399512887,
        54.707459919154644
      ],
      [
        20.51465998403728,
        54.70751993358135
      ],
      [
        20.514669958502054,
        54.707569973543286
      ],
      [
        20.51469996571541,
        54.70761992968619
      ],
      [
        20.514739947393537,
        54.7076799441129
      ],
      [
        20.514779929071665,
        54.70772998407483
      ],
      [
        20.5148299690336,
        54.70777994021773
      ],
      [
        20.514869950711727,
        54.70783995464444
      ],
      [
        20.514909932389855,
        54.707889994606376
      ],
      [
        20.514929965138435,
        54.70794992521405
      ],
      [
        20.514949997887015,
        54.70800993964076
      ],
      [
        20.51495997235179,
        54.70804992131889
      ],
      [
        20.514979921281338,
        54.70809996128082
      ],
      [
        20.514999954029918,
        54.708149917423725
      ],
      [
        20.515039935708046,
        54.708189982920885
      ],
      [
        20.515079917386174,
        54.70822996459901
      ],
      [
        20.515119982883334,
        54.70825997181237
      ],
      [
        20.515169939026237,
        54.70828997902572
      ],
      [
        20.51521997898817,
        54.708319986239076
      ],
      [
        20.515269935131073,
        54.70834999345243
      ],
      [
        20.515319975093007,
        54.70837991684675
      ],
      [
        20.51538996398449,
        54.70839994959533
      ],
      [
        20.515459952875972,
        54.708409924060106
      ],
      [
        20.515529941767454,
        54.70841998234391
      ],
      [
        20.515609988942742,
        54.70841998234391
      ],
      [
        20.515689952299,
        54.708429956808686
      ],
      [
        20.515769999474287,
        54.708429956808686
      ],
      [
        20.515849962830544,
        54.70843993127346
      ],
      [
        20.5159299261868,
        54.70843993127346
      ],
      [
        20.516009973362088,
        54.70845996402204
      ],
      [
        20.516089936718345,
        54.70845996402204
      ],
      [
        20.516179958358407,
        54.70845996402204
      ],
      [
        20.51626997999847,
        54.70845996402204
      ],
      [
        20.5163599178195,
        54.70845996402204
      ],
      [
        20.516449939459562,
        54.708469938486814
      ],
      [
        20.516539961099625,
        54.708469938486814
      ],
      [
        20.516629982739687,
        54.70847999677062
      ],
      [
        20.516719920560718,
        54.70847999677062
      ],
      [
        20.51680994220078,
        54.708489971235394
      ],
      [
        20.516899963840842,
        54.708489971235394
      ],
      [
        20.516989985480905,
        54.70849994570017
      ],
      [
        20.517079923301935,
        54.70850992016494
      ],
      [
        20.517159970477223,
        54.70850992016494
      ],
      [
        20.51723993383348,
        54.70851997844875
      ],
      [
        20.517329955473542,
        54.70851997844875
      ],
      [
        20.5174099188298,
        54.70852995291352
      ],
      [
        20.517489966005087,
        54.7085399273783
      ],
      [
        20.517569929361343,
        54.7085399273783
      ],
      [
        20.51764997653663,
        54.7085399273783
      ],
      [
        20.517739998176694,
        54.7085499856621
      ],
      [
        20.517809987068176,
        54.7085499856621
      ],
      [
        20.517889950424433,
        54.70855996012688
      ],
      [
        20.51796999759972,
        54.70856993459165
      ],
      [
        20.518049960955977,
        54.70856993459165
      ],
      [
        20.51813998259604,
        54.70857999287546
      ],
      [
        20.518219945952296,
        54.70857999287546
      ],
      [
        20.518299993127584,
        54.70858996734023
      ],
      [
        20.51837995648384,
        54.70858996734023
      ],
      [
        20.518469978123903,
        54.708599941805005
      ],
      [
        20.51854994148016,
        54.708599941805005
      ],
      [
        20.518639963120222,
        54.70860991626978
      ],
      [
        20.51871992647648,
        54.708619974553585
      ],
      [
        20.51880994811654,
        54.70862994901836
      ],
      [
        20.518899969756603,
        54.70862994901836
      ],
      [
        20.518969958648086,
        54.70863992348313
      ],
      [
        20.519049922004342,
        54.70864998176694
      ],
      [
        20.51912996917963,
        54.70864998176694
      ],
      [
        20.519209932535887,
        54.70865995623171
      ],
      [
        20.519289979711175,
        54.70866993069649
      ],
      [
        20.51936994306743,
        54.70866993069649
      ],
      [
        20.51944999024272,
        54.70867998898029
      ],
      [
        20.51953992806375,
        54.70868996344507
      ],
      [
        20.51961997523904,
        54.70869993790984
      ],
      [
        20.5197099968791,
        54.70869993790984
      ],
      [
        20.519789960235357,
        54.70868996344507
      ],
      [
        20.519869923591614,
        54.70869993790984
      ],
      [
        20.519949970766902,
        54.70869993790984
      ],
      [
        20.520039992406964,
        54.70870999619365
      ],
      [
        20.520109981298447,
        54.70871997065842
      ],
      [
        20.52017997018993,
        54.708729945123196
      ],
      [
        20.520259933546185,
        54.708729945123196
      ],
      [
        20.520329922437668,
        54.70873991958797
      ],
      [
        20.520399995148182,
        54.708749977871776
      ],
      [
        20.52047995850444,
        54.708749977871776
      ],
      [
        20.52054994739592,
        54.70875995233655
      ],
      [
        20.52062999457121,
        54.70875995233655
      ],
      [
        20.520709957927465,
        54.708769926801324
      ],
      [
        20.520799979567528,
        54.70877998508513
      ],
      [
        20.520879942923784,
        54.708789959549904
      ],
      [
        20.520969964563847,
        54.708789959549904
      ],
      [
        20.521049927920103,
        54.70879993401468
      ],
      [
        20.52112997509539,
        54.708809992298484
      ],
      [
        20.521199963986874,
        54.708809992298484
      ],
      [
        20.52127992734313,
        54.70881996676326
      ],
      [
        20.52133994176984,
        54.70881996676326
      ],
      [
        20.52140993066132,
        54.70882994122803
      ],
      [
        20.52146994508803,
        54.70882994122803
      ],
      [
        20.521529959514737,
        54.70882994122803
      ],
      [
        20.52159994840622,
        54.70882994122803
      ],
      [
        20.521659962832928,
        54.70883999951184
      ],
      [
        20.521719977259636,
        54.70883999951184
      ],
      [
        20.52176993340254,
        54.70884997397661
      ],
      [
        20.521819973364472,
        54.708859948441386
      ],
      [
        20.5218599550426,
        54.708859948441386
      ],
      [
        20.52189993672073,
        54.70884997397661
      ],
      [
        20.521939918398857,
        54.70883999951184
      ],
      [
        20.52196992561221,
        54.70882994122803
      ],
      [
        20.521999932825565,
        54.70881996676326
      ],
      [
        20.522019965574145,
        54.708809992298484
      ],
      [
        20.5220499727875,
        54.70881996676326
      ],
      [
        20.522079980000854,
        54.70882994122803
      ],
      [
        20.522099928930402,
        54.70883999951184
      ],
      [
        20.522129936143756,
        54.70884997397661
      ],
      [
        20.522149968892336,
        54.708859948441386
      ],
      [
        20.52215994335711,
        54.70886992290616
      ],
      [
        20.52215994335711,
        54.70886992290616
      ],
      [
        20.52215994335711,
        54.70886992290616
      ],
      [
        20.52215994335711,
        54.70886992290616
      ],
      [
        20.5222399905324,
        54.708879981189966
      ],
      [
        20.522269997745752,
        54.708879981189966
      ],
      [
        20.522319953888655,
        54.708879981189966
      ],
      [
        20.522359935566783,
        54.70888995565474
      ],
      [
        20.522389942780137,
        54.70888995565474
      ],
      [
        20.522429924458265,
        54.708899930119514
      ],
      [
        20.522469989955425,
        54.70890998840332
      ],
      [
        20.522509971633554,
        54.70890998840332
      ],
      [
        20.52254995331168,
        54.70890998840332
      ],
      [
        20.522579960525036,
        54.70890998840332
      ],
      [
        20.522619942203164,
        54.70890998840332
      ],
      [
        20.522659923881292,
        54.708919962868094
      ],
      [
        20.522699989378452,
        54.708919962868094
      ],
      [
        20.522749945521355,
        54.70890998840332
      ],
      [
        20.522789927199483,
        54.708899930119514
      ],
      [
        20.522829992696643,
        54.70888995565474
      ],
      [
        20.52288992330432,
        54.70888995565474
      ],
      [
        20.522939963266253,
        54.708879981189966
      ],
      [
        20.52299997769296,
        54.70886992290616
      ],
      [
        20.52305999211967,
        54.708859948441386
      ],
      [
        20.523119922727346,
        54.70884997397661
      ],
      [
        20.52318999543786,
        54.70882994122803
      ],
      [
        20.523259984329343,
        54.708809992298484
      ],
      [
        20.523329973220825,
        54.708789959549904
      ],
      [
        20.523389987647533,
        54.70875995233655
      ],
      [
        20.52342996932566,
        54.70871997065842
      ],
      [
        20.523479925468564,
        54.70867998898029
      ],
      [
        20.523519990965724,
        54.70863992348313
      ],
      [
        20.523559972643852,
        54.708599941805005
      ],
      [
        20.523609928786755,
        54.70856993459165
      ],
      [
        20.523669943213463,
        54.7085399273783
      ],
      [
        20.52372995764017,
        54.70851997844875
      ],
      [
        20.523799946531653,
        54.70849994570017
      ],
      [
        20.52385996095836,
        54.708489971235394
      ],
      [
        20.523959957063198,
        54.708489971235394
      ],
      [
        20.52402994595468,
        54.70849994570017
      ],
      [
        20.524099934846163,
        54.70850992016494
      ],
      [
        20.52415994927287,
        54.70851997844875
      ],
      [
        20.524199930951,
        54.70851997844875
      ],
      [
        20.52421996369958,
        54.708489971235394
      ],
      [
        20.524209989234805,
        54.70845996402204
      ],
      [
        20.524189956486225,
        54.708429956808686
      ],
      [
        20.524169923737645,
        54.70839994959533
      ],
      [
        20.524169923737645,
        54.70836994238198
      ],
      [
        20.524149974808097,
        54.708339935168624
      ],
      [
        20.52413991652429,
        54.708299953490496
      ],
      [
        20.52413991652429,
        54.70825997181237
      ],
      [
        20.524149974808097,
        54.70821999013424
      ],
      [
        20.52415994927287,
        54.708169950172305
      ],
      [
        20.524169923737645,
        54.7081199940294
      ],
      [
        20.524169923737645,
        54.70807992853224
      ],
      [
        20.524149974808097,
        54.708039946854115
      ],
      [
        20.52413991652429,
        54.707999965175986
      ],
      [
        20.52413991652429,
        54.70795998349786
      ],
      [
        20.524129942059517,
        54.707909943535924
      ],
      [
        20.524119967594743,
        54.707869961857796
      ],
      [
        20.52410999312997,
        54.70782998017967
      ],
      [
        20.524099934846163,
        54.70779997296631
      ],
      [
        20.52410999312997,
        54.70776996575296
      ],
      [
        20.52410999312997,
        54.70776996575296
      ],
      [
        20.52410999312997,
        54.70776996575296
      ],
      [
        20.52410999312997,
        54.70776996575296
      ],
      [
        20.52410999312997,
        54.70776996575296
      ],
      [
        20.52410999312997,
        54.70776996575296
      ],
      [
        20.52410999312997,
        54.70776996575296
      ],
      [
        20.52410999312997,
        54.70776996575296
      ],
      [
        20.52423999644816,
        54.70772998407483
      ],
      [
        20.524229938164353,
        54.70770995132625
      ],
      [
        20.524209989234805,
        54.70768991857767
      ],
      [
        20.524169923737645,
        54.7076799441129
      ],
      [
        20.524129942059517,
        54.7076799441129
      ],
      [
        20.524079985916615,
        54.7076799441129
      ],
      [
        20.524019971489906,
        54.7076799441129
      ],
      [
        20.523979989811778,
        54.7076799441129
      ],
      [
        20.523949982598424,
        54.7076799441129
      ],
      [
        20.523949982598424,
        54.7076799441129
      ],
      [
        20.523949982598424,
        54.7076799441129
      ],
      [
        20.523949982598424,
        54.7076799441129
      ],
      [
        20.523959957063198,
        54.70765999518335
      ],
      [
        20.523969931527972,
        54.70765999518335
      ],
      [
        20.523989964276552,
        54.70766996964812
      ],
      [
        20.524009997025132,
        54.70766996964812
      ],
      [
        20.524039920419455,
        54.7076799441129
      ],
      [
        20.52406992763281,
        54.7076799441129
      ],
      [
        20.524119967594743,
        54.7076799441129
      ],
      [
        20.524169923737645,
        54.7076799441129
      ],
      [
        20.52421996369958,
        54.70766996964812
      ],
      [
        20.524279978126287,
        54.70766996964812
      ],
      [
        20.52432993426919,
        54.70765999518335
      ],
      [
        20.524389948695898,
        54.70765999518335
      ],
      [
        20.524439988657832,
        54.70766996964812
      ],
      [
        20.52449991926551,
        54.70766996964812
      ],
      [
        20.524549959227443,
        54.70765999518335
      ],
      [
        20.524599999189377,
        54.70764993689954
      ],
      [
        20.524659929797053,
        54.70763996243477
      ],
      [
        20.524709969758987,
        54.70763996243477
      ],
      [
        20.524769984185696,
        54.70763996243477
      ],
      [
        20.524829998612404,
        54.707629987969995
      ],
      [
        20.52488992922008,
        54.70761992968619
      ],
      [
        20.52494994364679,
        54.70761992968619
      ],
      [
        20.525009958073497,
        54.70761992968619
      ],
      [
        20.52507994696498,
        54.707609955221415
      ],
      [
        20.52514993585646,
        54.707609955221415
      ],
      [
        20.52520995028317,
        54.70759998075664
      ],
      [
        20.525279939174652,
        54.70759998075664
      ],
      [
        20.525349928066134,
        54.70759998075664
      ],
      [
        20.525419916957617,
        54.707589922472835
      ],
      [
        20.52548998966813,
        54.707589922472835
      ],
      [
        20.525569953024387,
        54.707589922472835
      ],
      [
        20.52563994191587,
        54.70757994800806
      ],
      [
        20.525719989091158,
        54.707569973543286
      ],
      [
        20.52578997798264,
        54.707569973543286
      ],
      [
        20.525859966874123,
        54.707569973543286
      ],
      [
        20.52593993023038,
        54.70755999907851
      ],
      [
        20.526019977405667,
        54.70755999907851
      ],
      [
        20.52608996629715,
        54.707549940794706
      ],
      [
        20.526169929653406,
        54.70753996632993
      ],
      [
        20.526249976828694,
        54.70753996632993
      ],
      [
        20.52632994018495,
        54.70752999186516
      ],
      [
        20.52640998736024,
        54.70752999186516
      ],
      [
        20.526489950716496,
        54.70751993358135
      ],
      [
        20.526569997891784,
        54.70751993358135
      ],
      [
        20.526659935712814,
        54.70750995911658
      ],
      [
        20.526739982888103,
        54.707499984651804
      ],
      [
        20.52681994624436,
        54.707499984651804
      ],
      [
        20.526899993419647,
        54.707489926368
      ],
      [
        20.526979956775904,
        54.707489926368
      ],
      [
        20.52705992013216,
        54.707479951903224
      ],
      [
        20.52713996730745,
        54.70746997743845
      ],
      [
        20.527219930663705,
        54.707459919154644
      ],
      [
        20.527309952303767,
        54.707459919154644
      ],
      [
        20.527389999479055,
        54.70744994468987
      ],
      [
        20.527469962835312,
        54.707439970225096
      ],
      [
        20.52754992619157,
        54.70742999576032
      ],
      [
        20.527629973366857,
        54.70742999576032
      ],
      [
        20.52771999500692,
        54.70742999576032
      ],
      [
        20.527799958363175,
        54.707419937476516
      ],
      [
        20.527879921719432,
        54.70740996301174
      ],
      [
        20.52795996889472,
        54.70739998854697
      ],
      [
        20.528039932250977,
        54.70739998854697
      ],
      [
        20.52812995389104,
        54.70738993026316
      ],
      [
        20.528209917247295,
        54.70738993026316
      ],
      [
        20.528289964422584,
        54.70737995579839
      ],
      [
        20.528379986062646,
        54.70737995579839
      ],
      [
        20.528459949418902,
        54.70736998133361
      ],
      [
        20.528549971058965,
        54.70735992304981
      ],
      [
        20.52862993441522,
        54.70735992304981
      ],
      [
        20.52870998159051,
        54.70734994858503
      ],
      [
        20.52879991941154,
        54.70733997412026
      ],
      [
        20.528889941051602,
        54.707329999655485
      ],
      [
        20.528979962691665,
        54.707329999655485
      ],
      [
        20.52905992604792,
        54.70731994137168
      ],
      [
        20.529149947687984,
        54.707309966906905
      ],
      [
        20.529239969328046,
        54.707309966906905
      ],
      [
        20.529329990968108,
        54.70729999244213
      ],
      [
        20.52941992878914,
        54.70729999244213
      ],
      [
        20.5295099504292,
        54.707289934158325
      ],
      [
        20.52958999760449,
        54.70727995969355
      ],
      [
        20.52967993542552,
        54.70727995969355
      ],
      [
        20.529769957065582,
        54.70726998522878
      ],
      [
        20.529859978705645,
        54.70725992694497
      ],
      [
        20.5299399420619,
        54.7072499524802
      ],
      [
        20.530029963701963,
        54.7072499524802
      ],
      [
        20.53010992705822,
        54.70723997801542
      ],
      [
        20.530199948698282,
        54.70722991973162
      ],
      [
        20.530289970338345,
        54.70722991973162
      ],
      [
        20.530379991978407,
        54.70721994526684
      ],
      [
        20.530459955334663,
        54.70720997080207
      ],
      [
        20.53053991869092,
        54.707199996337295
      ],
      [
        20.530629940330982,
        54.70718993805349
      ],
      [
        20.53070998750627,
        54.70718993805349
      ],
      [
        20.530789950862527,
        54.707179963588715
      ],
      [
        20.53087997250259,
        54.707159930840135
      ],
      [
        20.530959935858846,
        54.70714995637536
      ],
      [
        20.531039983034134,
        54.707139981910586
      ],
      [
        20.531129920855165,
        54.707119949162006
      ],
      [
        20.531209968030453,
        54.707119949162006
      ],
      [
        20.531299989670515,
        54.70710997469723
      ],
      [
        20.53137995302677,
        54.70710997469723
      ],
      [
        20.531459916383028,
        54.70710997469723
      ],
      [
        20.531539963558316,
        54.70710997469723
      ],
      [
        20.53162998519838,
        54.70710997469723
      ],
      [
        20.531709948554635,
        54.70710997469723
      ],
      [
        20.531799970194697,
        54.70710997469723
      ],
      [
        20.531879933550954,
        54.707099916413426
      ],
      [
        20.531959980726242,
        54.70708994194865
      ],
      [
        20.532049918547273,
        54.70708994194865
      ],
      [
        20.532139940187335,
        54.70707996748388
      ],
      [
        20.532219987362623,
        54.707069993019104
      ],
      [
        20.532309925183654,
        54.7070599347353
      ],
      [
        20.532389972358942,
        54.707049960270524
      ],
      [
        20.532479993999004,
        54.70703998580575
      ],
      [
        20.532569931820035,
        54.707029927521944
      ],
      [
        20.532659953460097,
        54.70701995305717
      ],
      [
        20.53274997510016,
        54.707009978592396
      ],
      [
        20.532839996740222,
        54.70699992030859
      ],
      [
        20.53291996009648,
        54.706989945843816
      ],
      [
        20.533019956201315,
        54.70697997137904
      ],
      [
        20.533109977841377,
        54.70695993863046
      ],
      [
        20.533189941197634,
        54.70694996416569
      ],
      [
        20.533279962837696,
        54.70693998970091
      ],
      [
        20.53336998447776,
        54.70692993141711
      ],
      [
        20.533449947834015,
        54.70691995695233
      ],
      [
        20.533539969474077,
        54.70690998248756
      ],
      [
        20.53362999111414,
        54.70689992420375
      ],
      [
        20.53371992893517,
        54.706879975274205
      ],
      [
        20.533809950575233,
        54.7068699169904
      ],
      [
        20.533899972215295,
        54.706859942525625
      ],
      [
        20.53397993557155,
        54.70684996806085
      ],
      [
        20.534069957211614,
        54.70682993531227
      ],
      [
        20.534159978851676,
        54.7068199608475
      ],
      [
        20.534239942207932,
        54.7068199608475
      ],
      [
        20.534329963847995,
        54.70680998638272
      ],
      [
        20.534419985488057,
        54.70679992809892
      ],
      [
        20.534509923309088,
        54.70677997916937
      ],
      [
        20.534589970484376,
        54.70676992088556
      ],
      [
        20.53467999212444,
        54.70675994642079
      ],
      [
        20.53476992994547,
        54.706749971956015
      ],
      [
        20.534849977120757,
        54.70673999749124
      ],
      [
        20.53493999876082,
        54.706729939207435
      ],
      [
        20.53502993658185,
        54.70671996474266
      ],
      [
        20.535119958221912,
        54.706709990277886
      ],
      [
        20.535209979861975,
        54.70669993199408
      ],
      [
        20.53528994321823,
        54.70669993199408
      ],
      [
        20.535379964858294,
        54.70669993199408
      ],
      [
        20.535469986498356,
        54.706689957529306
      ],
      [
        20.535549949854612,
        54.706689957529306
      ],
      [
        20.535639971494675,
        54.706669924780726
      ],
      [
        20.53571993485093,
        54.706669924780726
      ],
      [
        20.535789923742414,
        54.70664997585118
      ],
      [
        20.535859996452928,
        54.70664997585118
      ],
      [
        20.53590995259583,
        54.70665995031595
      ],
      [
        20.535939959809184,
        54.706689957529306
      ],
      [
        20.535959992557764,
        54.70671996474266
      ],
      [
        20.535969967022538,
        54.706749971956015
      ],
      [
        20.535989999771118,
        54.70677997916937
      ],
      [
        20.535999974235892,
        54.70680998638272
      ],
      [
        20.53601992316544,
        54.70682993531227
      ],
      [
        20.536029981449246,
        54.706859942525625
      ],
      [
        20.53603995591402,
        54.70688994973898
      ],
      [
        20.536049930378795,
        54.70690998248756
      ],
      [
        20.5360599886626,
        54.70693998970091
      ],
      [
        20.53607993759215,
        54.70696999691427
      ],
      [
        20.536089995875955,
        54.706989945843816
      ],
      [
        20.53609997034073,
        54.707009978592396
      ],
      [
        20.53609997034073,
        54.707029927521944
      ],
      [
        20.536109944805503,
        54.70703998580575
      ],
      [
        20.536109944805503,
        54.7070599347353
      ],
      [
        20.536109944805503,
        54.707069993019104
      ],
      [
        20.536109944805503,
        54.70707996748388
      ],
      [
        20.53609997034073,
        54.707099916413426
      ],
      [
        20.536069963127375,
        54.707099916413426
      ],
      [
        20.53603995591402,
        54.707099916413426
      ],
      [
        20.53601992316544,
        54.70710997469723
      ],
      [
        20.535989999771118,
        54.70710997469723
      ],
      [
        20.535949934273958,
        54.707119949162006
      ],
      [
        20.535919927060604,
        54.707119949162006
      ],
      [
        20.535879945382476,
        54.707119949162006
      ],
      [
        20.535839963704348,
        54.70712992362678
      ],
      [
        20.535809956490993,
        54.70712992362678
      ],
      [
        20.53577994927764,
        54.707139981910586
      ],
      [
        20.535749942064285,
        54.707139981910586
      ],
      [
        20.535729993134737,
        54.707139981910586
      ],
      [
        20.535709960386157,
        54.70714995637536
      ],
      [
        20.535689927637577,
        54.70714995637536
      ],
      [
        20.535689927637577,
        54.70714995637536
      ],
      [
        20.535489935427904,
        54.707159930840135
      ],
      [
        20.53545992821455,
        54.70716998912394
      ],
      [
        20.53541994653642,
        54.70716998912394
      ],
      [
        20.53536999039352,
        54.707179963588715
      ],
      [
        20.53532992489636,
        54.70718993805349
      ],
      [
        20.53528994321823,
        54.70718993805349
      ],
      [
        20.535249961540103,
        54.707199996337295
      ],
      [
        20.53521995432675,
        54.70720997080207
      ],
      [
        20.53517997264862,
        54.70721994526684
      ],
      [
        20.535129932686687,
        54.70722991973162
      ],
      [
        20.535099925473332,
        54.70722991973162
      ],
      [
        20.53506991825998,
        54.70723997801542
      ],
      [
        20.535039994865656,
        54.70725992694497
      ],
      [
        20.535009987652302,
        54.70726998522878
      ],
      [
        20.534979980438948,
        54.70727995969355
      ],
      [
        20.534979980438948,
        54.70727995969355
      ],
      [
        20.53493999876082,
        54.707289934158325
      ],
      [
        20.53489993326366,
        54.70729999244213
      ],
      [
        20.53485995158553,
        54.70729999244213
      ],
      [
        20.534829944372177,
        54.70729999244213
      ],
      [
        20.53478996269405,
        54.707309966906905
      ],
      [
        20.534759955480695,
        54.707309966906905
      ],
      [
        20.534709999337792,
        54.707309966906905
      ],
      [
        20.534669933840632,
        54.707309966906905
      ],
      [
        20.534629952162504,
        54.70731994137168
      ],
      [
        20.53459994494915,
        54.707329999655485
      ],
      [
        20.534559963271022,
        54.707329999655485
      ],
      [
        20.534519981592894,
        54.707329999655485
      ],
      [
        20.534479999914765,
        54.70733997412026
      ],
      [
        20.534439934417605,
        54.70734994858503
      ],
      [
        20.534389978274703,
        54.70734994858503
      ],
      [
        20.534349996596575,
        54.70735992304981
      ],
      [
        20.53429995663464,
        54.70736998133361
      ],
      [
        20.534249916672707,
        54.70737995579839
      ],
      [
        20.53420993499458,
        54.70738993026316
      ],
      [
        20.53416995331645,
        54.70738993026316
      ],
      [
        20.534129971638322,
        54.70739998854697
      ],
      [
        20.534089989960194,
        54.70740996301174
      ],
      [
        20.534049924463034,
        54.707419937476516
      ],
      [
        20.534009942784905,
        54.70742999576032
      ],
      [
        20.53397993557155,
        54.70744994468987
      ],
      [
        20.533949928358197,
        54.707479951903224
      ],
      [
        20.53392997942865,
        54.707499984651804
      ],
      [
        20.53392997942865,
        54.70751993358135
      ],
      [
        20.533949928358197,
        54.70755999907851
      ],
      [
        20.533969961106777,
        54.70757994800806
      ],
      [
        20.53399996832013,
        54.707609955221415
      ],
      [
        20.534029975533485,
        54.70764993689954
      ],
      [
        20.53405998274684,
        54.7076799441129
      ],
      [
        20.534079931676388,
        54.70770995132625
      ],
      [
        20.534109938889742,
        54.707739958539605
      ],
      [
        20.534119997173548,
        54.707759991288185
      ],
      [
        20.534139946103096,
        54.70779997296631
      ],
      [
        20.534159978851676,
        54.70782998017967
      ],
      [
        20.53418998606503,
        54.70785998739302
      ],
      [
        20.534219993278384,
        54.707889994606376
      ],
      [
        20.534239942207932,
        54.707929976284504
      ],
      [
        20.534259974956512,
        54.70795998349786
      ],
      [
        20.53427992388606,
        54.707999965175986
      ],
      [
        20.534309931099415,
        54.708039946854115
      ],
      [
        20.53433993831277,
        54.70806995406747
      ],
      [
        20.53435997106135,
        54.7081099357456
      ],
      [
        20.534379919990897,
        54.708149917423725
      ],
      [
        20.53440992720425,
        54.708189982920885
      ],
      [
        20.534439934417605,
        54.70821999013424
      ],
      [
        20.53446994163096,
        54.70824999734759
      ],
      [
        20.534479999914765,
        54.708279920741916
      ],
      [
        20.534499948844314,
        54.70830992795527
      ],
      [
        20.534529956057668,
        54.70832996070385
      ],
      [
        20.534549988806248,
        54.708339935168624
      ],
      [
        20.534579996019602,
        54.708339935168624
      ],
      [
        20.534579996019602,
        54.708339935168624
      ],
      [
        20.534579996019602,
        54.708339935168624
      ],
      [
        20.534579996019602,
        54.708339935168624
      ],
      [
        20.534579996019602,
        54.708339935168624
      ],
      [
        20.534579996019602,
        54.708339935168624
      ],
      [
        20.534579996019602,
        54.708339935168624
      ],
      [
        20.53467999212444,
        54.708339935168624
      ],
      [
        20.534689966589212,
        54.708339935168624
      ],
      [
        20.534699941053987,
        54.708339935168624
      ],
      [
        20.535139990970492,
        54.70823993906379
      ],
      [
        20.53515993990004,
        54.70823993906379
      ],
      [
        20.53517997264862,
        54.70822996459901
      ],
      [
        20.535209979861975,
        54.70821999013424
      ],
      [
        20.535229928791523,
        54.70821999013424
      ],
      [
        20.535259936004877,
        54.70821999013424
      ],
      [
        20.53528994321823,
        54.70820993185043
      ],
      [
        20.53530997596681,
        54.70819995738566
      ],
      [
        20.535339983180165,
        54.70819995738566
      ],
      [
        20.53536999039352,
        54.708189982920885
      ],
      [
        20.535399997606874,
        54.708189982920885
      ],
      [
        20.535439979285,
        54.70817992463708
      ],
      [
        20.535469986498356,
        54.70817992463708
      ],
      [
        20.53549999371171,
        54.708169950172305
      ],
      [
        20.535539975389838,
        54.708169950172305
      ],
      [
        20.535569982603192,
        54.70815997570753
      ],
      [
        20.53560996428132,
        54.70815997570753
      ],
      [
        20.53564994595945,
        54.708149917423725
      ],
      [
        20.535679953172803,
        54.70813994295895
      ],
      [
        20.535709960386157,
        54.70812996849418
      ],
      [
        20.53573996759951,
        54.7081199940294
      ],
      [
        20.535769974812865,
        54.7081199940294
      ],
      [
        20.53579998202622,
        54.7081099357456
      ],
      [
        20.535829989239573,
        54.70809996128082
      ],
      [
        20.5358699709177,
        54.70809996128082
      ],
      [
        20.53590995259583,
        54.70809996128082
      ],
      [
        20.535949934273958,
        54.70808998681605
      ],
      [
        20.535979941487312,
        54.70808998681605
      ],
      [
        20.535999974235892,
        54.70806995406747
      ],
      [
        20.536029981449246,
        54.70806995406747
      ],
      [
        20.5360599886626,
        54.70806995406747
      ],
      [
        20.53607993759215,
        54.708059979602695
      ],
      [
        20.53609997034073,
        54.70804992131889
      ],
      [
        20.536119919270277,
        54.70804992131889
      ],
      [
        20.536119919270277,
        54.70804992131889
      ],
      [
        20.536109944805503,
        54.70804992131889
      ],
      [
        20.536109944805503,
        54.70804992131889
      ],
      [
        20.536109944805503,
        54.70804992131889
      ],
      [
        20.536069963127375,
        54.70807992853224
      ],
      [
        20.536069963127375,
        54.70808998681605
      ],
      [
        20.536069963127375,
        54.70808998681605
      ],
      [
        20.5360599886626,
        54.70809996128082
      ],
      [
        20.5360599886626,
        54.7081199940294
      ],
      [
        20.53603995591402,
        54.70821999013424
      ],
      [
        20.536049930378795,
        54.70823993906379
      ],
      [
        20.536069963127375,
        54.70825997181237
      ],
      [
        20.53607993759215,
        54.708279920741916
      ],
      [
        20.53609997034073,
        54.708299953490496
      ],
      [
        20.536109944805503,
        54.70830992795527
      ],
      [
        20.536129977554083,
        54.70832996070385
      ],
      [
        20.536139952018857,
        54.708339935168624
      ],
      [
        20.536159984767437,
        54.70834999345243
      ],
      [
        20.536179933696985,
        54.708359967917204
      ],
      [
        20.53618999198079,
        54.70836994238198
      ],
      [
        20.536199966445565,
        54.70837991684675
      ],
      [
        20.536219999194145,
        54.70838997513056
      ],
      [
        20.53622997365892,
        54.708409924060106
      ],
      [
        20.536239948123693,
        54.708429956808686
      ],
      [
        20.53622997365892,
        54.708449989557266
      ],
      [
        20.536239948123693,
        54.708469938486814
      ],
      [
        20.536239948123693,
        54.70849994570017
      ],
      [
        20.536249922588468,
        54.70851997844875
      ],
      [
        20.536249922588468,
        54.70852995291352
      ],
      [
        20.536259980872273,
        54.7085499856621
      ],
      [
        20.536269955337048,
        54.70855996012688
      ],
      [
        20.536289988085628,
        54.70856993459165
      ],
      [
        20.5362999625504,
        54.70857999287546
      ],
      [
        20.536309937015176,
        54.70858996734023
      ],
      [
        20.536309937015176,
        54.708599941805005
      ],
      [
        20.5362999625504,
        54.70860991626978
      ],
      [
        20.5362999625504,
        54.708619974553585
      ],
      [
        20.536309937015176,
        54.70863992348313
      ],
      [
        20.536309937015176,
        54.70864998176694
      ],
      [
        20.536309937015176,
        54.70866993069649
      ],
      [
        20.536309937015176,
        54.70867998898029
      ],
      [
        20.536309937015176,
        54.70869993790984
      ],
      [
        20.536309937015176,
        54.70870999619365
      ],
      [
        20.5362999625504,
        54.708729945123196
      ],
      [
        20.5362999625504,
        54.708749977871776
      ],
      [
        20.536289988085628,
        54.70875995233655
      ],
      [
        20.53627992980182,
        54.70877998508513
      ],
      [
        20.53627992980182,
        54.70879993401468
      ],
      [
        20.536269955337048,
        54.70881996676326
      ],
      [
        20.536249922588468,
        54.70882994122803
      ],
      [
        20.536239948123693,
        54.70883999951184
      ],
      [
        20.536219999194145,
        54.70884997397661
      ],
      [
        20.53618999198079,
        54.70886992290616
      ],
      [
        20.536159984767437,
        54.708879981189966
      ],
      [
        20.536129977554083,
        54.70888995565474
      ],
      [
        20.53609997034073,
        54.70890998840332
      ],
      [
        20.536069963127375,
        54.70892993733287
      ],
      [
        20.53603995591402,
        54.708939995616674
      ],
      [
        20.53601992316544,
        54.70895994454622
      ],
      [
        20.535999974235892,
        54.70898995175958
      ],
      [
        20.535999974235892,
        54.70900998450816
      ],
      [
        20.535999974235892,
        54.709029933437705
      ],
      [
        20.536009948700666,
        54.709049966186285
      ],
      [
        20.53601992316544,
        54.70907997339964
      ],
      [
        20.536029981449246,
        54.70910998061299
      ],
      [
        20.53603995591402,
        54.70912992954254
      ],
      [
        20.536049930378795,
        54.709159936755896
      ],
      [
        20.5360599886626,
        54.709179969504476
      ],
      [
        20.53607993759215,
        54.709199918434024
      ],
      [
        20.53607993759215,
        54.70922992564738
      ],
      [
        20.536089995875955,
        54.709239983931184
      ],
      [
        20.53609997034073,
        54.70925993286073
      ],
      [
        20.536109944805503,
        54.70927996560931
      ],
      [
        20.536119919270277,
        54.709289940074086
      ],
      [
        20.536129977554083,
        54.709309972822666
      ],
      [
        20.536139952018857,
        54.709329921752214
      ],
      [
        20.536159984767437,
        54.709349954500794
      ],
      [
        20.53616995923221,
        54.709369987249374
      ],
      [
        20.53618999198079,
        54.70938993617892
      ],
      [
        20.536199966445565,
        54.7094099689275
      ],
      [
        20.536219999194145,
        54.70942991785705
      ],
      [
        20.53622997365892,
        54.70944995060563
      ],
      [
        20.536239948123693,
        54.70946998335421
      ],
      [
        20.536259980872273,
        54.709479957818985
      ],
      [
        20.536269955337048,
        54.70948993228376
      ],
      [
        20.536269955337048,
        54.709499990567565
      ],
      [
        20.536269955337048,
        54.70951993949711
      ],
      [
        20.53627992980182,
        54.70952999778092
      ],
      [
        20.5362999625504,
        54.70953997224569
      ],
      [
        20.53631999529898,
        54.70955992117524
      ],
      [
        20.53631999529898,
        54.70956997945905
      ],
      [
        20.536329969763756,
        54.709589928388596
      ],
      [
        20.53633994422853,
        54.7095999866724
      ],
      [
        20.536349918693304,
        54.70961993560195
      ],
      [
        20.536369951441884,
        54.709629993885756
      ],
      [
        20.536399958655238,
        54.709629993885756
      ],
      [
        20.536419991403818,
        54.709629993885756
      ],
      [
        20.536429965868592,
        54.709629993885756
      ],
      [
        20.536429965868592,
        54.709629993885756
      ],
      [
        20.536429965868592,
        54.709629993885756
      ],
      [
        20.53670992143452,
        54.709649942815304
      ],
      [
        20.5367299541831,
        54.709649942815304
      ],
      [
        20.536759961396456,
        54.709649942815304
      ],
      [
        20.536779994145036,
        54.709649942815304
      ],
      [
        20.536799943074584,
        54.709649942815304
      ],
      [
        20.536819975823164,
        54.709649942815304
      ],
      [
        20.536839924752712,
        54.709649942815304
      ],
      [
        20.536859957501292,
        54.70963996835053
      ],
      [
        20.536879990249872,
        54.70963996835053
      ],
      [
        20.53689993917942,
        54.70963996835053
      ],
      [
        20.536919971928,
        54.70963996835053
      ],
      [
        20.53693992085755,
        54.70963996835053
      ],
      [
        20.536969928070903,
        54.70963996835053
      ],
      [
        20.536999935284257,
        54.70963996835053
      ],
      [
        20.53702994249761,
        54.70963996835053
      ],
      [
        20.537059949710965,
        54.70963996835053
      ],
      [
        20.537099931389093,
        54.709629993885756
      ],
      [
        20.537139996886253,
        54.709629993885756
      ],
      [
        20.537169920280576,
        54.709629993885756
      ],
      [
        20.53719992749393,
        54.70961993560195
      ],
      [
        20.537229934707284,
        54.70961993560195
      ],
      [
        20.537259941920638,
        54.709609961137176
      ],
      [
        20.537289949133992,
        54.7095999866724
      ],
      [
        20.537309981882572,
        54.7095999866724
      ],
      [
        20.537339989095926,
        54.7095999866724
      ],
      [
        20.5373499635607,
        54.7095999866724
      ],
      [
        20.53736999630928,
        54.7095999866724
      ],
      [
        20.53736999630928,
        54.7095999866724
      ],
      [
        20.53751994855702,
        54.70961993560195
      ],
      [
        20.5375399813056,
        54.70961993560195
      ],
      [
        20.537569988518953,
        54.70961993560195
      ],
      [
        20.537599995732307,
        54.709609961137176
      ],
      [
        20.537639977410436,
        54.709609961137176
      ],
      [
        20.537659926339984,
        54.7095999866724
      ],
      [
        20.53766998462379,
        54.70957995392382
      ],
      [
        20.53766998462379,
        54.70956997945905
      ],
      [
        20.53766998462379,
        54.70954994671047
      ],
      [
        20.53766998462379,
        54.70953997224569
      ],
      [
        20.537679959088564,
        54.70952999778092
      ],
      [
        20.537719940766692,
        54.70951993949711
      ],
      [
        20.537739973515272,
        54.70952999778092
      ],
      [
        20.53775992244482,
        54.70954994671047
      ],
      [
        20.5377799551934,
        54.70955992117524
      ],
      [
        20.537809962406754,
        54.70957995392382
      ],
      [
        20.537849944084883,
        54.7095999866724
      ],
      [
        20.537899984046817,
        54.709609961137176
      ],
      [
        20.53792999126017,
        54.709629993885756
      ],
      [
        20.537959998473525,
        54.709649942815304
      ],
      [
        20.537989921867847,
        54.70965991728008
      ],
      [
        20.538029987365007,
        54.70965991728008
      ],
      [
        20.538069969043136,
        54.70965991728008
      ],
      [
        20.538109950721264,
        54.70965991728008
      ],
      [
        20.538159990683198,
        54.70965991728008
      ],
      [
        20.5382099468261,
        54.70965991728008
      ],
      [
        20.538259986788034,
        54.70965991728008
      ],
      [
        20.538309942930937,
        54.70965991728008
      ],
      [
        20.53835998289287,
        54.70965991728008
      ],
      [
        20.538429971784353,
        54.70965991728008
      ],
      [
        20.538499960675836,
        54.70965991728008
      ],
      [
        20.538569949567318,
        54.70965991728008
      ],
      [
        20.5386399384588,
        54.70965991728008
      ],
      [
        20.53871998563409,
        54.709649942815304
      ],
      [
        20.53880992345512,
        54.709629993885756
      ],
      [
        20.538889970630407,
        54.70961993560195
      ],
      [
        20.53897999227047,
        54.70961993560195
      ],
      [
        20.539079988375306,
        54.709609961137176
      ],
      [
        20.539169926196337,
        54.709609961137176
      ],
      [
        20.5392599478364,
        54.7095999866724
      ],
      [
        20.539359943941236,
        54.7095999866724
      ],
      [
        20.539449965581298,
        54.709609961137176
      ],
      [
        20.53953998722136,
        54.709609961137176
      ],
      [
        20.53962992504239,
        54.709609961137176
      ],
      [
        20.539729921147227,
        54.709609961137176
      ],
      [
        20.53983997553587,
        54.709609961137176
      ],
      [
        20.539929997175932,
        54.709609961137176
      ],
      [
        20.54002999328077,
        54.709609961137176
      ],
      [
        20.540129989385605,
        54.709609961137176
      ],
      [
        20.540219927206635,
        54.709609961137176
      ],
      [
        20.540309948846698,
        54.709609961137176
      ],
      [
        20.54039997048676,
        54.70961993560195
      ],
      [
        20.540479933843017,
        54.70961993560195
      ],
      [
        20.54056995548308,
        54.70961993560195
      ],
      [
        20.54065997712314,
        54.70961993560195
      ],
      [
        20.540759973227978,
        54.70961993560195
      ],
      [
        20.54084999486804,
        54.70961993560195
      ],
      [
        20.540949990972877,
        54.70961993560195
      ],
      [
        20.541049987077713,
        54.709629993885756
      ],
      [
        20.54114998318255,
        54.709629993885756
      ],
      [
        20.54123992100358,
        54.709629993885756
      ],
      [
        20.541329942643642,
        54.70963996835053
      ],
      [
        20.54140998981893,
        54.70963996835053
      ],
      [
        20.541489953175187,
        54.70963996835053
      ],
      [
        20.54155994206667,
        54.709649942815304
      ],
      [
        20.541639989241958,
        54.709649942815304
      ],
      [
        20.54170997813344,
        54.70965991728008
      ],
      [
        20.541789941489697,
        54.70965991728008
      ],
      [
        20.541849955916405,
        54.709669975563884
      ],
      [
        20.54192991927266,
        54.70967995002866
      ],
      [
        20.541999991983175,
        54.70967995002866
      ],
      [
        20.542069980874658,
        54.70967995002866
      ],
      [
        20.54213996976614,
        54.709669975563884
      ],
      [
        20.542209958657622,
        54.709649942815304
      ],
      [
        20.542279947549105,
        54.70963996835053
      ],
      [
        20.542349936440587,
        54.70961993560195
      ],
      [
        20.542409950867295,
        54.70961993560195
      ],
      [
        20.542469965294003,
        54.709609961137176
      ],
      [
        20.54252997972071,
        54.70961993560195
      ],
      [
        20.54258999414742,
        54.70961993560195
      ],
      [
        20.542629975825548,
        54.70961993560195
      ],
      [
        20.542669957503676,
        54.70961993560195
      ],
      [
        20.54269996471703,
        54.70961993560195
      ],
      [
        20.542729971930385,
        54.70961993560195
      ],
      [
        20.54275997914374,
        54.709629993885756
      ],
      [
        20.542769953608513,
        54.70963996835053
      ],
      [
        20.542789986357093,
        54.70965991728008
      ],
      [
        20.54280993528664,
        54.709669975563884
      ],
      [
        20.542859975248575,
        54.709669975563884
      ],
      [
        20.542909931391478,
        54.709669975563884
      ],
      [
        20.542949996888638,
        54.709669975563884
      ],
      [
        20.542989978566766,
        54.70965991728008
      ],
      [
        20.54301998578012,
        54.70965991728008
      ],
      [
        20.54301998578012,
        54.70965991728008
      ],
      [
        20.54301998578012,
        54.70965991728008
      ],
      [
        20.54301998578012,
        54.70965991728008
      ],
      [
        20.54312995634973,
        54.70965991728008
      ],
      [
        20.543159963563085,
        54.70965991728008
      ],
      [
        20.54318997077644,
        54.70965991728008
      ],
      [
        20.543219977989793,
        54.70965991728008
      ],
      [
        20.543269934132695,
        54.70965991728008
      ],
      [
        20.54331997409463,
        54.70965991728008
      ],
      [
        20.543359955772758,
        54.70965991728008
      ],
      [
        20.543399937450886,
        54.70965991728008
      ],
      [
        20.543459951877594,
        54.70965991728008
      ],
      [
        20.543519966304302,
        54.70965991728008
      ],
      [
        20.54357998073101,
        54.70965991728008
      ],
      [
        20.543649969622493,
        54.70965991728008
      ],
      [
        20.543719958513975,
        54.70965991728008
      ],
      [
        20.543789947405457,
        54.70965991728008
      ],
      [
        20.543869994580746,
        54.70965991728008
      ],
      [
        20.543949957937002,
        54.70965991728008
      ],
      [
        20.54402992129326,
        54.70965991728008
      ],
      [
        20.544109968468547,
        54.709649942815304
      ],
      [
        20.54419999010861,
        54.709649942815304
      ],
      [
        20.54428992792964,
        54.709649942815304
      ],
      [
        20.544369975104928,
        54.709649942815304
      ],
      [
        20.544449938461185,
        54.709649942815304
      ],
      [
        20.544529985636473,
        54.709649942815304
      ],
      [
        20.54460994899273,
        54.709649942815304
      ],
      [
        20.544689996168017,
        54.709629993885756
      ],
      [
        20.544749926775694,
        54.70961993560195
      ],
      [
        20.544819999486208,
        54.709609961137176
      ],
      [
        20.54488998837769,
        54.7095999866724
      ],
      [
        20.544969951733947,
        54.7095999866724
      ],
      [
        20.54505997337401,
        54.7095999866724
      ],
      [
        20.545139936730266,
        54.7095999866724
      ],
      [
        20.545239932835102,
        54.709609961137176
      ],
      [
        20.545329954475164,
        54.709609961137176
      ],
      [
        20.545419976115227,
        54.709609961137176
      ],
      [
        20.545519972220063,
        54.709609961137176
      ],
      [
        20.545609993860126,
        54.709609961137176
      ],
      [
        20.545709989964962,
        54.709609961137176
      ],
      [
        20.5458099860698,
        54.7095999866724
      ],
      [
        20.54591995663941,
        54.7095999866724
      ],
      [
        20.546019952744246,
        54.7095999866724
      ],
      [
        20.546109974384308,
        54.7095999866724
      ],
      [
        20.546209970489144,
        54.7095999866724
      ],
      [
        20.54630996659398,
        54.7095999866724
      ],
      [
        20.546409962698817,
        54.7095999866724
      ],
      [
        20.546509958803654,
        54.7095999866724
      ],
      [
        20.54660995490849,
        54.709589928388596
      ],
      [
        20.546709951013327,
        54.709589928388596
      ],
      [
        20.54679997265339,
        54.709589928388596
      ],
      [
        20.546899968758225,
        54.709589928388596
      ],
      [
        20.546989990398288,
        54.709589928388596
      ],
      [
        20.547089986503124,
        54.709589928388596
      ],
      [
        20.54718998260796,
        54.709589928388596
      ],
      [
        20.54727992042899,
        54.70957995392382
      ],
      [
        20.547379916533828,
        54.70957995392382
      ],
      [
        20.547479996457696,
        54.70957995392382
      ],
      [
        20.547579992562532,
        54.70957995392382
      ],
      [
        20.54767998866737,
        54.70956997945905
      ],
      [
        20.547779984772205,
        54.70956997945905
      ],
      [
        20.547879980877042,
        54.70956997945905
      ],
      [
        20.547969918698072,
        54.70955992117524
      ],
      [
        20.54806999862194,
        54.70955992117524
      ],
      [
        20.54815993644297,
        54.70954994671047
      ],
      [
        20.548259932547808,
        54.70954994671047
      ],
      [
        20.548359928652644,
        54.70954994671047
      ],
      [
        20.548449950292706,
        54.70954994671047
      ],
      [
        20.548549946397543,
        54.70954994671047
      ],
      [
        20.54864994250238,
        54.70954994671047
      ],
      [
        20.548749938607216,
        54.70953997224569
      ],
      [
        20.548849934712052,
        54.70953997224569
      ],
      [
        20.54894993081689,
        54.70952999778092
      ],
      [
        20.549049926921725,
        54.70952999778092
      ],
      [
        20.549139948561788,
        54.70951993949711
      ],
      [
        20.549239944666624,
        54.70950996503234
      ],
      [
        20.549329966306686,
        54.709499990567565
      ],
      [
        20.549429962411523,
        54.709499990567565
      ],
      [
        20.54952995851636,
        54.70948993228376
      ],
      [
        20.549629954621196,
        54.70948993228376
      ],
      [
        20.549729950726032,
        54.70948993228376
      ],
      [
        20.549839921295643,
        54.70948993228376
      ],
      [
        20.54993991740048,
        54.709479957818985
      ],
      [
        20.550039997324347,
        54.70946998335421
      ],
      [
        20.550139993429184,
        54.709459925070405
      ],
      [
        20.55023998953402,
        54.709459925070405
      ],
      [
        20.550339985638857,
        54.70944995060563
      ],
      [
        20.550439981743693,
        54.70944995060563
      ],
      [
        20.55053997784853,
        54.70943997614086
      ],
      [
        20.550639973953366,
        54.70942991785705
      ],
      [
        20.550739970058203,
        54.70941994339228
      ],
      [
        20.55083996616304,
        54.70941994339228
      ],
      [
        20.5509299878031,
        54.7094099689275
      ],
      [
        20.551029983907938,
        54.70939999446273
      ],
      [
        20.55111992172897,
        54.70938993617892
      ],
      [
        20.551219917833805,
        54.70937996171415
      ],
      [
        20.551309939473867,
        54.709369987249374
      ],
      [
        20.551409935578704,
        54.709369987249374
      ],
      [
        20.55150993168354,
        54.70935992896557
      ],
      [
        20.551609927788377,
        54.70935992896557
      ],
      [
        20.551709923893213,
        54.709349954500794
      ],
      [
        20.551799945533276,
        54.709349954500794
      ],
      [
        20.551909999921918,
        54.70933998003602
      ],
      [
        20.552009996026754,
        54.70933998003602
      ],
      [
        20.55210999213159,
        54.709329921752214
      ],
      [
        20.552209988236427,
        54.709329921752214
      ],
      [
        20.552299926057458,
        54.70931994728744
      ],
      [
        20.552399922162294,
        54.709309972822666
      ],
      [
        20.55249991826713,
        54.70929999835789
      ],
      [
        20.552589939907193,
        54.709289940074086
      ],
      [
        20.55268993601203,
        54.70927996560931
      ],
      [
        20.552779957652092,
        54.70927996560931
      ],
      [
        20.552869979292154,
        54.70926999114454
      ],
      [
        20.55294994264841,
        54.70925993286073
      ],
      [
        20.553039964288473,
        54.70924995839596
      ],
      [
        20.55311992764473,
        54.70925993286073
      ],
      [
        20.553199974820018,
        54.70925993286073
      ],
      [
        20.553259989246726,
        54.70926999114454
      ],
      [
        20.553319919854403,
        54.70925993286073
      ],
      [
        20.553369959816337,
        54.70924995839596
      ],
      [
        20.55341999977827,
        54.709239983931184
      ],
      [
        20.5534599814564,
        54.70924995839596
      ],
      [
        20.553479930385947,
        54.70925993286073
      ],
      [
        20.553489988669753,
        54.70927996560931
      ],
      [
        20.553489988669753,
        54.70927996560931
      ],
      [
        20.553489988669753,
        54.70927996560931
      ],
      [
        20.553489988669753,
        54.70927996560931
      ],
      [
        20.553489988669753,
        54.70927996560931
      ],
      [
        20.553489988669753,
        54.70927996560931
      ],
      [
        20.553499963134527,
        54.709369987249374
      ],
      [
        20.553499963134527,
        54.70938993617892
      ],
      [
        20.5535099375993,
        54.7094099689275
      ],
      [
        20.553519995883107,
        54.70942991785705
      ],
      [
        20.553519995883107,
        54.70944995060563
      ],
      [
        20.553519995883107,
        54.709459925070405
      ],
      [
        20.5535099375993,
        54.70946998335421
      ],
      [
        20.5535099375993,
        54.70948993228376
      ],
      [
        20.553519995883107,
        54.709499990567565
      ],
      [
        20.553519995883107,
        54.709499990567565
      ],
      [
        20.553519995883107,
        54.709499990567565
      ],
      [
        20.553519995883107,
        54.709499990567565
      ],
      [
        20.553539944812655,
        54.70956997945905
      ],
      [
        20.55354991927743,
        54.709589928388596
      ],
      [
        20.553559977561235,
        54.70961993560195
      ],
      [
        20.55356995202601,
        54.70963996835053
      ],
      [
        20.553599959239364,
        54.709649942815304
      ],
      [
        20.553649999201298,
        54.70965991728008
      ],
      [
        20.5536999553442,
        54.709649942815304
      ],
      [
        20.553749995306134,
        54.709649942815304
      ],
      [
        20.553799951449037,
        54.709649942815304
      ],
      [
        20.553859965875745,
        54.709649942815304
      ],
      [
        20.553929954767227,
        54.70963996835053
      ],
      [
        20.553989969193935,
        54.709629993885756
      ],
      [
        20.554059958085418,
        54.709629993885756
      ],
      [
        20.5541299469769,
        54.70961993560195
      ],
      [
        20.554199935868382,
        54.70961993560195
      ],
      [
        20.55427998304367,
        54.709609961137176
      ],
      [
        20.554359946399927,
        54.7095999866724
      ],
      [
        20.55444996803999,
        54.7095999866724
      ],
      [
        20.554529931396246,
        54.7095999866724
      ],
      [
        20.554609978571534,
        54.709589928388596
      ],
      [
        20.55468994192779,
        54.709589928388596
      ],
      [
        20.55476998910308,
        54.709589928388596
      ],
      [
        20.554849952459335,
        54.70957995392382
      ],
      [
        20.554929999634624,
        54.70956997945905
      ],
      [
        20.555019937455654,
        54.70955992117524
      ],
      [
        20.555099984630942,
        54.70955992117524
      ],
      [
        20.5551799479872,
        54.70955992117524
      ],
      [
        20.555259995162487,
        54.70954994671047
      ],
      [
        20.555339958518744,
        54.70953997224569
      ],
      [
        20.555409947410226,
        54.70953997224569
      ],
      [
        20.555469961836934,
        54.70953997224569
      ],
      [
        20.555539950728416,
        54.70952999778092
      ],
      [
        20.555599965155125,
        54.70952999778092
      ],
      [
        20.555659979581833,
        54.70952999778092
      ],
      [
        20.555709935724735,
        54.70952999778092
      ],
      [
        20.55575997568667,
        54.70953997224569
      ],
      [
        20.555799957364798,
        54.70955992117524
      ],
      [
        20.55584999732673,
        54.70957995392382
      ],
      [
        20.555899953469634,
        54.7095999866724
      ],
      [
        20.555939935147762,
        54.709629993885756
      ],
      [
        20.555969942361116,
        54.709669975563884
      ],
      [
        20.55599994957447,
        54.70970995724201
      ],
      [
        20.5560399312526,
        54.709759997203946
      ],
      [
        20.55605996400118,
        54.709799978882074
      ],
      [
        20.55607999674976,
        54.70985999330878
      ],
      [
        20.556089971214533,
        54.709909949451685
      ],
      [
        20.556099945679307,
        54.70995998941362
      ],
      [
        20.556119978427887,
        54.710019920021296
      ],
      [
        20.55614998564124,
        54.71006995998323
      ],
      [
        20.55616993457079,
        54.71012997440994
      ],
      [
        20.556179992854595,
        54.710189988836646
      ],
      [
        20.55618996731937,
        54.71024991944432
      ],
      [
        20.556199941784143,
        54.71030993387103
      ],
      [
        20.556209916248918,
        54.71036994829774
      ],
      [
        20.556229948997498,
        54.71041998825967
      ],
      [
        20.556219974532723,
        54.71047991886735
      ],
      [
        20.556209916248918,
        54.710549991577864
      ],
      [
        20.556219974532723,
        54.71060992218554
      ],
      [
        20.55623992346227,
        54.71066993661225
      ],
      [
        20.556249981746078,
        54.71073992550373
      ],
      [
        20.55625995621085,
        54.71079993993044
      ],
      [
        20.556269930675626,
        54.71085995435715
      ],
      [
        20.55627998895943,
        54.710919968783855
      ],
      [
        20.556289963424206,
        54.71098995767534
      ],
      [
        20.556309996172786,
        54.711049972102046
      ],
      [
        20.55631997063756,
        54.711109986528754
      ],
      [
        20.556329945102334,
        54.71116991713643
      ],
      [
        20.556329945102334,
        54.71122993156314
      ],
      [
        20.556339919567108,
        54.71128994598985
      ],
      [
        20.556349977850914,
        54.711349960416555
      ],
      [
        20.556359952315688,
        54.711409974843264
      ],
      [
        20.556369926780462,
        54.71146998926997
      ],
      [
        20.556379985064268,
        54.71152991987765
      ],
      [
        20.556379985064268,
        54.71158993430436
      ],
      [
        20.556389959529042,
        54.711649948731065
      ],
      [
        20.556389959529042,
        54.71170996315777
      ],
      [
        20.556399933993816,
        54.71176997758448
      ],
      [
        20.556409992277622,
        54.711819933727384
      ],
      [
        20.556409992277622,
        54.71187994815409
      ],
      [
        20.556419966742396,
        54.711929988116026
      ],
      [
        20.556419966742396,
        54.7119899187237
      ],
      [
        20.55642994120717,
        54.71204993315041
      ],
      [
        20.55642994120717,
        54.71210994757712
      ],
      [
        20.556439999490976,
        54.71216996200383
      ],
      [
        20.556439999490976,
        54.71221991814673
      ],
      [
        20.556439999490976,
        54.71227993257344
      ],
      [
        20.556439999490976,
        54.71232997253537
      ],
      [
        20.556439999490976,
        54.712379928678274
      ],
      [
        20.55644997395575,
        54.71242996864021
      ],
      [
        20.55644997395575,
        54.71247992478311
      ],
      [
        20.55644997395575,
        54.712529964745045
      ],
      [
        20.55644997395575,
        54.71256994642317
      ],
      [
        20.55644997395575,
        54.7126099281013
      ],
      [
        20.556459948420525,
        54.712659968063235
      ],
      [
        20.556459948420525,
        54.71268997527659
      ],
      [
        20.55644997395575,
        54.71272995695472
      ],
      [
        20.55644997395575,
        54.712769938632846
      ],
      [
        20.55644997395575,
        54.712809920310974
      ],
      [
        20.556439999490976,
        54.712849985808134
      ],
      [
        20.556439999490976,
        54.71288996748626
      ],
      [
        20.556439999490976,
        54.71292994916439
      ],
      [
        20.55642994120717,
        54.712959956377745
      ],
      [
        20.55642994120717,
        54.71299993805587
      ],
      [
        20.556419966742396,
        54.713039919734
      ],
      [
        20.556409992277622,
        54.71307998523116
      ],
      [
        20.556399933993816,
        54.713109992444515
      ],
      [
        20.556389959529042,
        54.71314997412264
      ],
      [
        20.556379985064268,
        54.71318995580077
      ],
      [
        20.556379985064268,
        54.713219963014126
      ],
      [
        20.556369926780462,
        54.713259944692254
      ],
      [
        20.556359952315688,
        54.71329992637038
      ],
      [
        20.556359952315688,
        54.71333999186754
      ],
      [
        20.556349977850914,
        54.71337997354567
      ],
      [
        20.556339919567108,
        54.71342992968857
      ],
      [
        20.556329945102334,
        54.71346999518573
      ],
      [
        20.556329945102334,
        54.71350997686386
      ],
      [
        20.55631997063756,
        54.71354995854199
      ],
      [
        20.556329945102334,
        54.71359999850392
      ],
      [
        20.556329945102334,
        54.71363998018205
      ],
      [
        20.556329945102334,
        54.71367996186018
      ],
      [
        20.55631997063756,
        54.71372991800308
      ],
      [
        20.556329945102334,
        54.713779957965016
      ],
      [
        20.55631997063756,
        54.713819939643145
      ],
      [
        20.55631997063756,
        54.71386997960508
      ],
      [
        20.55631997063756,
        54.71390996128321
      ],
      [
        20.55631997063756,
        54.71395991742611
      ],
      [
        20.55631997063756,
        54.71400995738804
      ],
      [
        20.55631997063756,
        54.71405999734998
      ],
      [
        20.556309996172786,
        54.71410995349288
      ],
      [
        20.556309996172786,
        54.71414993517101
      ],
      [
        20.55629993788898,
        54.71419997513294
      ],
      [
        20.556309996172786,
        54.71423995681107
      ],
      [
        20.55629993788898,
        54.714289996773005
      ],
      [
        20.55629993788898,
        54.71433995291591
      ],
      [
        20.556289963424206,
        54.714379934594035
      ],
      [
        20.556289963424206,
        54.71442997455597
      ],
      [
        20.556289963424206,
        54.71447993069887
      ],
      [
        20.55627998895943,
        54.714529970660806
      ],
      [
        20.55627998895943,
        54.71457992680371
      ],
      [
        20.55627998895943,
        54.71462996676564
      ],
      [
        20.556289963424206,
        54.71466994844377
      ],
      [
        20.556289963424206,
        54.714719988405704
      ],
      [
        20.55627998895943,
        54.71476994454861
      ],
      [
        20.556269930675626,
        54.71481998451054
      ],
      [
        20.55625995621085,
        54.71485996618867
      ],
      [
        20.556249981746078,
        54.71491998061538
      ],
      [
        20.55623992346227,
        54.714959962293506
      ],
      [
        20.556229948997498,
        54.71500991843641
      ],
      [
        20.556229948997498,
        54.71504998393357
      ],
      [
        20.556219974532723,
        54.715089965611696
      ],
      [
        20.556199941784143,
        54.7151399217546
      ],
      [
        20.55618996731937,
        54.71517998725176
      ],
      [
        20.556179992854595,
        54.71522994339466
      ],
      [
        20.55616993457079,
        54.71526992507279
      ],
      [
        20.55616993457079,
        54.71531996503472
      ],
      [
        20.55616993457079,
        54.71535994671285
      ],
      [
        20.55616993457079,
        54.715409986674786
      ],
      [
        20.556159960106015,
        54.71545994281769
      ],
      [
        20.556159960106015,
        54.715499924495816
      ],
      [
        20.55614998564124,
        54.71554996445775
      ],
      [
        20.55614998564124,
        54.71558994613588
      ],
      [
        20.556139927357435,
        54.71562992781401
      ],
      [
        20.55612995289266,
        54.71567996777594
      ],
      [
        20.55612995289266,
        54.71572992391884
      ],
      [
        20.556119978427887,
        54.715769989416
      ],
      [
        20.556119978427887,
        54.715819945558906
      ],
      [
        20.55610992014408,
        54.715859927237034
      ],
      [
        20.55610992014408,
        54.71590996719897
      ],
      [
        20.55610992014408,
        54.71595992334187
      ],
      [
        20.556099945679307,
        54.71599998883903
      ],
      [
        20.556099945679307,
        54.71604994498193
      ],
      [
        20.556099945679307,
        54.71608992666006
      ],
      [
        20.556089971214533,
        54.716139966621995
      ],
      [
        20.556089971214533,
        54.7161899227649
      ],
      [
        20.556089971214533,
        54.71623996272683
      ],
      [
        20.55607999674976,
        54.71627994440496
      ],
      [
        20.556069938465953,
        54.716329984366894
      ],
      [
        20.55605996400118,
        54.716379940509796
      ],
      [
        20.55605996400118,
        54.716419922187924
      ],
      [
        20.556049989536405,
        54.71646996214986
      ],
      [
        20.5560399312526,
        54.71651991829276
      ],
      [
        20.5560399312526,
        54.71655998378992
      ],
      [
        20.556029956787825,
        54.71659996546805
      ],
      [
        20.5560399312526,
        54.71664992161095
      ],
      [
        20.5560399312526,
        54.71668998710811
      ],
      [
        20.556029956787825,
        54.71672996878624
      ],
      [
        20.55601998232305,
        54.716759975999594
      ],
      [
        20.55601998232305,
        54.71678998321295
      ],
      [
        20.55601998232305,
        54.716829964891076
      ],
      [
        20.556029956787825,
        54.71685997210443
      ],
      [
        20.55605996400118,
        54.71687992103398
      ],
      [
        20.556089971214533,
        54.71689995378256
      ],
      [
        20.55612995289266,
        54.71690992824733
      ],
      [
        20.55616993457079,
        54.71691998653114
      ],
      [
        20.556199941784143,
        54.71692996099591
      ],
      [
        20.556229948997498,
        54.71694999374449
      ],
      [
        20.556249981746078,
        54.71696994267404
      ],
      [
        20.55625995621085,
        54.716999949887395
      ],
      [
        20.556269930675626,
        54.717019982635975
      ],
      [
        20.556269930675626,
        54.71704998984933
      ],
      [
        20.556249981746078,
        54.71706993877888
      ],
      [
        20.556229948997498,
        54.71708997152746
      ],
      [
        20.55618996731937,
        54.71709994599223
      ],
      [
        20.55614998564124,
        54.717109920457006
      ],
      [
        20.556099945679307,
        54.71711997874081
      ],
      [
        20.55605996400118,
        54.717129953205585
      ],
      [
        20.55601998232305,
        54.71713992767036
      ],
      [
        20.555989975109696,
        54.71715996041894
      ],
      [
        20.55597991682589,
        54.71717999316752
      ],
      [
        20.55597991682589,
        54.71717999316752
      ],
      [
        20.55597991682589,
        54.71717999316752
      ],
      [
        20.55597991682589,
        54.71717999316752
      ],
      [
        20.55599994957447,
        54.71720991656184
      ],
      [
        20.55599994957447,
        54.71722994931042
      ],
      [
        20.55599994957447,
        54.717239923775196
      ],
      [
        20.555989975109696,
        54.71726993098855
      ],
      [
        20.555989975109696,
        54.71728996373713
      ],
      [
        20.555989975109696,
        54.717319970950484
      ],
      [
        20.555989975109696,
        54.71735995262861
      ],
      [
        20.55597991682589,
        54.71738995984197
      ],
      [
        20.55597991682589,
        54.71741996705532
      ],
      [
        20.555969942361116,
        54.717449974268675
      ],
      [
        20.555969942361116,
        54.71747998148203
      ],
      [
        20.555959967896342,
        54.71751996316016
      ],
      [
        20.555959967896342,
        54.71754997037351
      ],
      [
        20.555939935147762,
        54.71756991930306
      ],
      [
        20.555929960682988,
        54.717599926516414
      ],
      [
        20.555929960682988,
        54.717619959264994
      ],
      [
        20.555939935147762,
        54.71765994094312
      ],
      [
        20.555949993431568,
        54.7176799736917
      ],
      [
        20.555949993431568,
        54.717709980905056
      ],
      [
        20.555949993431568,
        54.71773998811841
      ],
      [
        20.555949993431568,
        54.71777996979654
      ],
      [
        20.555949993431568,
        54.71781995147467
      ],
      [
        20.555959967896342,
        54.717859933152795
      ],
      [
        20.55597991682589,
        54.717899998649955
      ],
      [
        20.555989975109696,
        54.71794995479286
      ],
      [
        20.556009924039245,
        54.71799999475479
      ],
      [
        20.55601998232305,
        54.718049950897694
      ],
      [
        20.556029956787825,
        54.71809999085963
      ],
      [
        20.55601998232305,
        54.718139972537756
      ],
      [
        20.556009924039245,
        54.71818992868066
      ],
      [
        20.555989975109696,
        54.71823996864259
      ],
      [
        20.555969942361116,
        54.718289924785495
      ],
      [
        20.555949993431568,
        54.71833996474743
      ],
      [
        20.555939935147762,
        54.71838992089033
      ],
      [
        20.555939935147762,
        54.71842998638749
      ],
      [
        20.555939935147762,
        54.718479942530394
      ],
      [
        20.555939935147762,
        54.71852998249233
      ],
      [
        20.555929960682988,
        54.71857993863523
      ],
      [
        20.555919986218214,
        54.718629978597164
      ],
      [
        20.555909927934408,
        54.71867993474007
      ],
      [
        20.555909927934408,
        54.718729974702
      ],
      [
        20.555909927934408,
        54.71878998912871
      ],
      [
        20.555899953469634,
        54.71883994527161
      ],
      [
        20.555899953469634,
        54.718889985233545
      ],
      [
        20.55588997900486,
        54.71893994137645
      ],
      [
        20.55588997900486,
        54.71898998133838
      ],
      [
        20.555879920721054,
        54.719039937481284
      ],
      [
        20.555879920721054,
        54.71908997744322
      ],
      [
        20.555879920721054,
        54.71913993358612
      ],
      [
        20.55586994625628,
        54.71919994801283
      ],
      [
        20.555859971791506,
        54.71924998797476
      ],
      [
        20.555859971791506,
        54.71930991858244
      ],
      [
        20.55584999732673,
        54.71935995854437
      ],
      [
        20.55584999732673,
        54.71941997297108
      ],
      [
        20.555839939042926,
        54.71947998739779
      ],
      [
        20.555839939042926,
        54.71952994354069
      ],
      [
        20.55582996457815,
        54.7195899579674
      ],
      [
        20.555819990113378,
        54.719639997929335
      ],
      [
        20.55580993182957,
        54.71968995407224
      ],
      [
        20.555799957364798,
        54.719749968498945
      ],
      [
        20.555789982900023,
        54.71979992464185
      ],
      [
        20.555769950151443,
        54.71984996460378
      ],
      [
        20.55575997568667,
        54.719899920746684
      ],
      [
        20.55573994293809,
        54.719939986243844
      ],
      [
        20.55573994293809,
        54.71997996792197
      ],
      [
        20.55575997568667,
        54.720009975135326
      ],
      [
        20.555779924616218,
        54.7200199496001
      ],
      [
        20.555779924616218,
        54.7200199496001
      ],
      [
        20.555779924616218,
        54.7200199496001
      ],
      [
        20.555779924616218,
        54.7200199496001
      ],
      [
        20.555779924616218,
        54.7200199496001
      ],
      [
        20.55584999732673,
        54.720029924064875
      ],
      [
        20.55586994625628,
        54.72003998234868
      ],
      [
        20.555909927934408,
        54.72005993127823
      ],
      [
        20.555909927934408,
        54.72005993127823
      ],
      [
        20.555909927934408,
        54.72005993127823
      ],
      [
        20.555909927934408,
        54.72005993127823
      ],
      [
        20.555909927934408,
        54.72005993127823
      ],
      [
        20.555909927934408,
        54.72005993127823
      ],
      [
        20.555909927934408,
        54.72005993127823
      ],
      [
        20.555909927934408,
        54.72005993127823
      ],
      [
        20.55588997900486,
        54.720029924064875
      ],
      [
        20.555859971791506,
        54.720029924064875
      ],
      [
        20.55582996457815,
        54.720009975135326
      ],
      [
        20.555799957364798,
        54.71999991685152
      ],
      [
        20.555789982900023,
        54.7199699934572
      ],
      [
        20.555789982900023,
        54.719939986243844
      ],
      [
        20.555799957364798,
        54.71990997903049
      ],
      [
        20.555819990113378,
        54.71986999735236
      ],
      [
        20.55582996457815,
        54.7198299318552
      ],
      [
        20.55582996457815,
        54.71978995017707
      ],
      [
        20.555839939042926,
        54.719749968498945
      ],
      [
        20.555839939042926,
        54.71969992853701
      ],
      [
        20.55584999732673,
        54.71964997239411
      ],
      [
        20.55584999732673,
        54.719599932432175
      ],
      [
        20.55584999732673,
        54.719559950754046
      ],
      [
        20.55584999732673,
        54.719509994611144
      ],
      [
        20.555859971791506,
        54.71945995464921
      ],
      [
        20.555859971791506,
        54.71941997297108
      ],
      [
        20.555859971791506,
        54.71937999129295
      ],
      [
        20.55586994625628,
        54.71933992579579
      ],
      [
        20.55586994625628,
        54.719299944117665
      ],
      [
        20.555879920721054,
        54.71924998797476
      ],
      [
        20.555879920721054,
        54.7192099224776
      ],
      [
        20.555879920721054,
        54.7191599663347
      ],
      [
        20.555879920721054,
        54.71911998465657
      ],
      [
        20.55588997900486,
        54.71906994469464
      ],
      [
        20.55588997900486,
        54.71902996301651
      ],
      [
        20.555899953469634,
        54.718979923054576
      ],
      [
        20.555899953469634,
        54.71892996691167
      ],
      [
        20.555909927934408,
        54.718889985233545
      ],
      [
        20.555909927934408,
        54.718849919736385
      ],
      [
        20.555919986218214,
        54.71879996359348
      ],
      [
        20.555919986218214,
        54.718759981915355
      ],
      [
        20.555909927934408,
        54.718719916418195
      ],
      [
        20.555909927934408,
        54.71866996027529
      ],
      [
        20.555909927934408,
        54.718629978597164
      ],
      [
        20.555909927934408,
        54.71857993863523
      ],
      [
        20.555919986218214,
        54.71852998249233
      ],
      [
        20.555919986218214,
        54.718479942530394
      ],
      [
        20.555919986218214,
        54.718439960852265
      ],
      [
        20.555929960682988,
        54.71838992089033
      ],
      [
        20.555939935147762,
        54.7183499392122
      ],
      [
        20.555949993431568,
        54.7182999830693
      ],
      [
        20.555969942361116,
        54.71825991757214
      ],
      [
        20.55597991682589,
        54.71820996142924
      ],
      [
        20.556009924039245,
        54.71816997975111
      ],
      [
        20.556029956787825,
        54.71812999807298
      ],
      [
        20.5560399312526,
        54.71807995811105
      ],
      [
        20.5560399312526,
        54.71803997643292
      ],
      [
        20.556029956787825,
        54.71799999475479
      ],
      [
        20.556029956787825,
        54.71794995479286
      ],
      [
        20.55601998232305,
        54.7179199475795
      ],
      [
        20.55599994957447,
        54.7178699914366
      ],
      [
        20.555989975109696,
        54.71783998422325
      ],
      [
        20.55597991682589,
        54.71779991872609
      ],
      [
        20.55597991682589,
        54.71775993704796
      ],
      [
        20.55597991682589,
        54.717729929834604
      ],
      [
        20.55597991682589,
        54.7176799736917
      ],
      [
        20.555969942361116,
        54.71762993372977
      ],
      [
        20.555959967896342,
        54.71758995205164
      ],
      [
        20.555959967896342,
        54.71753999590874
      ],
      [
        20.555969942361116,
        54.7174899559468
      ],
      [
        20.55597991682589,
        54.7174399998039
      ],
      [
        20.555989975109696,
        54.71738995984197
      ],
      [
        20.555989975109696,
        54.71733991988003
      ],
      [
        20.55599994957447,
        54.71728996373713
      ],
      [
        20.55599994957447,
        54.717239923775196
      ],
      [
        20.556009924039245,
        54.71719994209707
      ],
      [
        20.5560399312526,
        54.71715996041894
      ],
      [
        20.556089971214533,
        54.717129953205585
      ],
      [
        20.55614998564124,
        54.717109920457006
      ],
      [
        20.556219974532723,
        54.71709994599223
      ],
      [
        20.55629993788898,
        54.717109920457006
      ],
      [
        20.556369926780462,
        54.717109920457006
      ],
      [
        20.55644997395575,
        54.71711997874081
      ],
      [
        20.556539995595813,
        54.71711997874081
      ],
      [
        20.55661995895207,
        54.71711997874081
      ],
      [
        20.55670998059213,
        54.717129953205585
      ],
      [
        20.556789943948388,
        54.71711997874081
      ],
      [
        20.556869991123676,
        54.71711997874081
      ],
      [
        20.556949954479933,
        54.717129953205585
      ],
      [
        20.55702991783619,
        54.717129953205585
      ],
      [
        20.557099990546703,
        54.717129953205585
      ],
      [
        20.55715992115438,
        54.71713992767036
      ],
      [
        20.557229993864894,
        54.71713992767036
      ],
      [
        20.55728992447257,
        54.717149985954165
      ],
      [
        20.557339964434505,
        54.717149985954165
      ],
      [
        20.557389920577407,
        54.71715996041894
      ],
      [
        20.557429986074567,
        54.71715996041894
      ],
      [
        20.55745999328792,
        54.71715996041894
      ],
      [
        20.557489916682243,
        54.71715996041894
      ],
      [
        20.557519923895597,
        54.71715996041894
      ],
      [
        20.557519923895597,
        54.71715996041894
      ],
      [
        20.557519923895597,
        54.71715996041894
      ],
      [
        20.55760994553566,
        54.717189967632294
      ],
      [
        20.557649927213788,
        54.717189967632294
      ],
      [
        20.557699967175722,
        54.71719994209707
      ],
      [
        20.557749923318624,
        54.71719994209707
      ],
      [
        20.557809937745333,
        54.71720991656184
      ],
      [
        20.55786995217204,
        54.71720991656184
      ],
      [
        20.557939941063523,
        54.71720991656184
      ],
      [
        20.558009929955006,
        54.71720991656184
      ],
      [
        20.558069944381714,
        54.71720991656184
      ],
      [
        20.558139933273196,
        54.71720991656184
      ],
      [
        20.55820992216468,
        54.71720991656184
      ],
      [
        20.558279994875193,
        54.71721997484565
      ],
      [
        20.558349983766675,
        54.71721997484565
      ],
      [
        20.558409998193383,
        54.71722994931042
      ],
      [
        20.558459954336286,
        54.717239923775196
      ],
      [
        20.558519968762994,
        54.717249982059
      ],
      [
        20.558579983189702,
        54.717259956523776
      ],
      [
        20.55863999761641,
        54.71726993098855
      ],
      [
        20.558699928224087,
        54.717279989272356
      ],
      [
        20.558759942650795,
        54.71728996373713
      ],
      [
        20.558819957077503,
        54.717299938201904
      ],
      [
        20.55887997150421,
        54.71730999648571
      ],
      [
        20.558929927647114,
        54.71730999648571
      ],
      [
        20.558989942073822,
        54.71730999648571
      ],
      [
        20.559039982035756,
        54.71728996373713
      ],
      [
        20.55908993817866,
        54.717279989272356
      ],
      [
        20.559149952605367,
        54.717259956523776
      ],
      [
        20.559209967032075,
        54.717259956523776
      ],
      [
        20.559269981458783,
        54.717259956523776
      ],
      [
        20.559339970350266,
        54.717259956523776
      ],
      [
        20.559399984776974,
        54.717259956523776
      ],
      [
        20.559469973668456,
        54.71726993098855
      ],
      [
        20.559529988095164,
        54.717279989272356
      ],
      [
        20.559599976986647,
        54.717279989272356
      ],
      [
        20.559679940342903,
        54.717279989272356
      ],
      [
        20.55975998751819,
        54.717279989272356
      ],
      [
        20.559839950874448,
        54.717279989272356
      ],
      [
        20.559919998049736,
        54.717279989272356
      ],
      [
        20.559999961405993,
        54.717279989272356
      ],
      [
        20.560089983046055,
        54.717279989272356
      ],
      [
        20.560179920867085,
        54.717279989272356
      ],
      [
        20.560269942507148,
        54.717279989272356
      ],
      [
        20.560349989682436,
        54.717279989272356
      ],
      [
        20.560439927503467,
        54.717279989272356
      ],
      [
        20.56052994914353,
        54.717279989272356
      ],
      [
        20.56061997078359,
        54.717279989272356
      ],
      [
        20.560709992423654,
        54.717279989272356
      ],
      [
        20.56080998852849,
        54.71728996373713
      ],
      [
        20.56089992634952,
        54.71728996373713
      ],
      [
        20.560989947989583,
        54.71728996373713
      ],
      [
        20.56108994409442,
        54.71728996373713
      ],
      [
        20.561179965734482,
        54.717299938201904
      ],
      [
        20.561269987374544,
        54.717299938201904
      ],
      [
        20.561359925195575,
        54.717299938201904
      ],
      [
        20.561449946835637,
        54.71730999648571
      ],
      [
        20.5615399684757,
        54.71730999648571
      ],
      [
        20.561619931831956,
        54.71730999648571
      ],
      [
        20.56170995347202,
        54.71730999648571
      ],
      [
        20.56179997511208,
        54.71730999648571
      ],
      [
        20.561889996752143,
        54.71730999648571
      ],
      [
        20.5619699601084,
        54.71730999648571
      ],
      [
        20.56205998174846,
        54.71730999648571
      ],
      [
        20.562139945104718,
        54.71730999648571
      ],
      [
        20.562219992280006,
        54.71730999648571
      ],
      [
        20.562299955636263,
        54.71730999648571
      ],
      [
        20.56237991899252,
        54.71730999648571
      ],
      [
        20.56246994063258,
        54.717319970950484
      ],
      [
        20.562559962272644,
        54.717319970950484
      ],
      [
        20.562649983912706,
        54.717319970950484
      ],
      [
        20.562739921733737,
        54.717319970950484
      ],
      [
        20.562819968909025,
        54.71732994541526
      ],
      [
        20.562909990549088,
        54.71732994541526
      ],
      [
        20.562999928370118,
        54.71732994541526
      ],
      [
        20.56308995001018,
        54.71732994541526
      ],
      [
        20.563179971650243,
        54.71733991988003
      ],
      [
        20.563269993290305,
        54.71733991988003
      ],
      [
        20.563359931111336,
        54.71733991988003
      ],
      [
        20.563459927216172,
        54.71733991988003
      ],
      [
        20.56355992332101,
        54.71733991988003
      ],
      [
        20.56364994496107,
        54.71733991988003
      ],
      [
        20.563749941065907,
        54.71734997816384
      ],
      [
        20.563849937170744,
        54.71734997816384
      ],
      [
        20.56394993327558,
        54.71735995262861
      ],
      [
        20.564049929380417,
        54.71735995262861
      ],
      [
        20.56413995102048,
        54.71735995262861
      ],
      [
        20.564239947125316,
        54.71735995262861
      ],
      [
        20.564339943230152,
        54.71736992709339
      ],
      [
        20.56443993933499,
        54.71736992709339
      ],
      [
        20.56452996097505,
        54.71736992709339
      ],
      [
        20.564629957079887,
        54.71737998537719
      ],
      [
        20.564729953184724,
        54.71737998537719
      ],
      [
        20.564819974824786,
        54.71737998537719
      ],
      [
        20.564919970929623,
        54.71738995984197
      ],
      [
        20.56501996703446,
        54.71738995984197
      ],
      [
        20.56510998867452,
        54.71738995984197
      ],
      [
        20.565209984779358,
        54.71738995984197
      ],
      [
        20.565309980884194,
        54.71738995984197
      ],
      [
        20.565399918705225,
        54.71738995984197
      ],
      [
        20.565499998629093,
        54.71739993430674
      ],
      [
        20.56559999473393,
        54.71739993430674
      ],
      [
        20.56568993255496,
        54.71739993430674
      ],
      [
        20.565789928659797,
        54.71739993430674
      ],
      [
        20.56587995029986,
        54.71739993430674
      ],
      [
        20.565979946404696,
        54.71739993430674
      ],
      [
        20.566069968044758,
        54.71739993430674
      ],
      [
        20.566169964149594,
        54.71739993430674
      ],
      [
        20.566259985789657,
        54.71739993430674
      ],
      [
        20.566349923610687,
        54.71740999259055
      ],
      [
        20.56643994525075,
        54.71740999259055
      ],
      [
        20.566539941355586,
        54.71740999259055
      ],
      [
        20.56662996299565,
        54.71741996705532
      ],
      [
        20.56671998463571,
        54.71741996705532
      ],
      [
        20.56680992245674,
        54.71741996705532
      ],
      [
        20.566899944096804,
        54.71741996705532
      ],
      [
        20.56699994020164,
        54.71741996705532
      ],
      [
        20.56707998737693,
        54.717429941520095
      ],
      [
        20.567179983481765,
        54.717429941520095
      ],
      [
        20.56725994683802,
        54.7174399998039
      ],
      [
        20.567349968478084,
        54.7174399998039
      ],
      [
        20.567439990118146,
        54.7174399998039
      ],
      [
        20.567529927939177,
        54.7174399998039
      ],
      [
        20.56761994957924,
        54.7174399998039
      ],
      [
        20.5677099712193,
        54.7174399998039
      ],
      [
        20.567799992859364,
        54.7174399998039
      ],
      [
        20.567889930680394,
        54.7174399998039
      ],
      [
        20.567979952320457,
        54.7174399998039
      ],
      [
        20.56806997396052,
        54.7174399998039
      ],
      [
        20.568149937316775,
        54.717449974268675
      ],
      [
        20.568239958956838,
        54.717449974268675
      ],
      [
        20.5683299805969,
        54.717449974268675
      ],
      [
        20.56841991841793,
        54.71745994873345
      ],
      [
        20.568509940057993,
        54.71745994873345
      ],
      [
        20.568599961698055,
        54.71745994873345
      ],
      [
        20.56867992505431,
        54.71745994873345
      ],
      [
        20.568769946694374,
        54.717449974268675
      ],
      [
        20.568859968334436,
        54.717449974268675
      ],
      [
        20.5689499899745,
        54.71745994873345
      ],
      [
        20.56903992779553,
        54.71745994873345
      ],
      [
        20.569119974970818,
        54.71746992319822
      ],
      [
        20.56920999661088,
        54.71746992319822
      ],
      [
        20.56929993443191,
        54.71746992319822
      ],
      [
        20.569389956071973,
        54.71746992319822
      ],
      [
        20.569479977712035,
        54.71745994873345
      ],
      [
        20.569569999352098,
        54.717449974268675
      ],
      [
        20.569659937173128,
        54.717449974268675
      ],
      [
        20.56974995881319,
        54.7174399998039
      ],
      [
        20.569839980453253,
        54.7174399998039
      ],
      [
        20.56991994380951,
        54.7174399998039
      ],
      [
        20.57000996544957,
        54.7174399998039
      ],
      [
        20.570099987089634,
        54.7174399998039
      ],
      [
        20.570189924910665,
        54.7174399998039
      ],
      [
        20.570279946550727,
        54.7174399998039
      ],
      [
        20.57036996819079,
        54.7174399998039
      ],
      [
        20.570449931547046,
        54.7174399998039
      ],
      [
        20.570539953187108,
        54.717449974268675
      ],
      [
        20.570619916543365,
        54.71746992319822
      ],
      [
        20.570699963718653,
        54.71747998148203
      ],
      [
        20.57077992707491,
        54.71749993041158
      ],
      [
        20.570849999785423,
        54.71752993762493
      ],
      [
        20.570919988676906,
        54.717559944838285
      ],
      [
        20.570979919284582,
        54.71758995205164
      ],
      [
        20.571029959246516,
        54.717619959264994
      ],
      [
        20.57107999920845,
        54.71765994094312
      ],
      [
        20.571129955351353,
        54.717689948156476
      ],
      [
        20.571179995313287,
        54.717729929834604
      ],
      [
        20.571219976991415,
        54.717769995331764
      ],
      [
        20.57124998420477,
        54.71780997700989
      ],
      [
        20.571289965882897,
        54.71784995868802
      ],
      [
        20.571329947561026,
        54.71788994036615
      ],
      [
        20.571369929239154,
        54.71792992204428
      ],
      [
        20.571409994736314,
        54.71795992925763
      ],
      [
        20.571459950879216,
        54.717989936470985
      ],
      [
        20.571499932557344,
        54.71801994368434
      ],
      [
        20.571559946984053,
        54.718049950897694
      ],
      [
        20.571609986945987,
        54.718069983646274
      ],
      [
        20.57165994308889,
        54.71808993257582
      ],
      [
        20.571709983050823,
        54.7181099653244
      ],
      [
        20.57174996472895,
        54.71812999807298
      ],
      [
        20.571799920871854,
        54.71814994700253
      ],
      [
        20.571819953620434,
        54.71816997975111
      ],
      [
        20.571839986369014,
        54.71818992868066
      ],
      [
        20.571839986369014,
        54.71818992868066
      ],
      [
        20.571839986369014,
        54.71818992868066
      ],
      [
        20.571839986369014,
        54.71818992868066
      ],
      [
        20.571829928085208,
        54.71825991757214
      ],
      [
        20.571819953620434,
        54.71826997585595
      ],
      [
        20.571829928085208,
        54.718289924785495
      ],
      [
        20.571829928085208,
        54.718309957534075
      ],
      [
        20.571839986369014,
        54.71833996474743
      ],
      [
        20.571829928085208,
        54.71836997196078
      ],
      [
        20.571819953620434,
        54.71840995363891
      ],
      [
        20.571799920871854,
        54.718439960852265
      ],
      [
        20.57176999747753,
        54.718479942530394
      ],
      [
        20.571739990264177,
        54.71851992420852
      ],
      [
        20.571699924767017,
        54.71855998970568
      ],
      [
        20.571649968624115,
        54.718589996919036
      ],
      [
        20.571589954197407,
        54.718629978597164
      ],
      [
        20.5715299397707,
        54.71864992752671
      ],
      [
        20.571479983627796,
        54.71867993474007
      ],
      [
        20.571409994736314,
        54.71870994195342
      ],
      [
        20.5713399220258,
        54.718739949166775
      ],
      [
        20.571269933134317,
        54.718759981915355
      ],
      [
        20.57120991870761,
        54.71878998912871
      ],
      [
        20.571139929816127,
        54.71881999634206
      ],
      [
        20.571069940924644,
        54.718849919736385
      ],
      [
        20.570989977568388,
        54.71887992694974
      ],
      [
        20.570919988676906,
        54.718909934163094
      ],
      [
        20.570849999785423,
        54.71893994137645
      ],
      [
        20.57077992707491,
        54.7189699485898
      ],
      [
        20.570699963718653,
        54.718999955803156
      ],
      [
        20.570619916543365,
        54.719039937481284
      ],
      [
        20.570539953187108,
        54.71906994469464
      ],
      [
        20.57045998983085,
        54.71910992637277
      ],
      [
        20.570379942655563,
        54.71913993358612
      ],
      [
        20.570299979299307,
        54.719169940799475
      ],
      [
        20.57021993212402,
        54.7192099224776
      ],
      [
        20.570129994302988,
        54.71923992969096
      ],
      [
        20.5700499471277,
        54.71927999518812
      ],
      [
        20.569969983771443,
        54.71930991858244
      ],
      [
        20.569889936596155,
        54.71933992579579
      ],
      [
        20.5698099732399,
        54.71937999129295
      ],
      [
        20.56972992606461,
        54.71940999850631
      ],
      [
        20.569649962708354,
        54.719449980184436
      ],
      [
        20.569569999352098,
        54.71947998739779
      ],
      [
        20.56948995217681,
        54.719509994611144
      ],
      [
        20.569409988820553,
        54.71954997628927
      ],
      [
        20.56931996718049,
        54.7195899579674
      ],
      [
        20.569239920005202,
        54.719619965180755
      ],
      [
        20.56914998218417,
        54.71965994685888
      ],
      [
        20.569049986079335,
        54.71969992853701
      ],
      [
        20.5689499899745,
        54.71973999403417
      ],
      [
        20.568839935585856,
        54.71978995017707
      ],
      [
        20.568729965016246,
        54.7198299318552
      ],
      [
        20.56860993616283,
        54.719879971817136
      ],
      [
        20.568489991128445,
        54.71992992796004
      ],
      [
        20.56836996227503,
        54.7199699934572
      ],
      [
        20.568259991705418,
        54.720009975135326
      ],
      [
        20.568139962852,
        54.72005993127823
      ],
      [
        20.56802999228239,
        54.72010997124016
      ],
      [
        20.56791993789375,
        54.72014995291829
      ],
      [
        20.567789934575558,
        54.720199992880225
      ],
      [
        20.567669989541173,
        54.72024994902313
      ],
      [
        20.567549960687757,
        54.72029998898506
      ],
      [
        20.567419957369566,
        54.720349945127964
      ],
      [
        20.567309986799955,
        54.72038992680609
      ],
      [
        20.56718995794654,
        54.7204499412328
      ],
      [
        20.56707998737693,
        54.72048992291093
      ],
      [
        20.566959958523512,
        54.72053996287286
      ],
      [
        20.56682995520532,
        54.720589919015765
      ],
      [
        20.566709926351905,
        54.7206399589777
      ],
      [
        20.56658998131752,
        54.72068999893963
      ],
      [
        20.566469952464104,
        54.72074992954731
      ],
      [
        20.566349923610687,
        54.720799969509244
      ],
      [
        20.566239953041077,
        54.72083995118737
      ],
      [
        20.566129982471466,
        54.720889991149306
      ],
      [
        20.56600995361805,
        54.72093994729221
      ],
      [
        20.565889924764633,
        54.72098998725414
      ],
      [
        20.56576997973025,
        54.721039943397045
      ],
      [
        20.565659925341606,
        54.72108998335898
      ],
      [
        20.56553998030722,
        54.72113993950188
      ],
      [
        20.56542992591858,
        54.721189979463816
      ],
      [
        20.565309980884194,
        54.72123993560672
      ],
      [
        20.565189952030778,
        54.72128997556865
      ],
      [
        20.56506992317736,
        54.72134998999536
      ],
      [
        20.564949978142977,
        54.72139994613826
      ],
      [
        20.564839923754334,
        54.7214499861002
      ],
      [
        20.564729953184724,
        54.7214999422431
      ],
      [
        20.564619982615113,
        54.72154998220503
      ],
      [
        20.564519986510277,
        54.721599938347936
      ],
      [
        20.564429964870214,
        54.72164997830987
      ],
      [
        20.564339943230152,
        54.72169993445277
      ],
      [
        20.564239947125316,
        54.721749974414706
      ],
      [
        20.56413995102048,
        54.72179993055761
      ],
      [
        20.564049929380417,
        54.72184997051954
      ],
      [
        20.56394993327558,
        54.721899926662445
      ],
      [
        20.56385999545455,
        54.721939992159605
      ],
      [
        20.56377994827926,
        54.72197997383773
      ],
      [
        20.5636899266392,
        54.72201995551586
      ],
      [
        20.563619937747717,
        54.722069995477796
      ],
      [
        20.563549948856235,
        54.72209991887212
      ],
      [
        20.563479959964752,
        54.72213998436928
      ],
      [
        20.56340997107327,
        54.72216999158263
      ],
      [
        20.563339982181787,
        54.72220997326076
      ],
      [
        20.56327996775508,
        54.722239980474114
      ],
      [
        20.56321995332837,
        54.72226998768747
      ],
      [
        20.563159938901663,
        54.72229999490082
      ],
      [
        20.563099924474955,
        54.722329918295145
      ],
      [
        20.563039993867278,
        54.7223599255085
      ],
      [
        20.56297997944057,
        54.72238993272185
      ],
      [
        20.562909990549088,
        54.72241993993521
      ],
      [
        20.56284997612238,
        54.722459921613336
      ],
      [
        20.56278996169567,
        54.72248992882669
      ],
      [
        20.562729947268963,
        54.722519936040044
      ],
      [
        20.562669932842255,
        54.7225499432534
      ],
      [
        20.562609918415546,
        54.72257995046675
      ],
      [
        20.56254998780787,
        54.72261993214488
      ],
      [
        20.562479998916388,
        54.722649939358234
      ],
      [
        20.56241998448968,
        54.72267994657159
      ],
      [
        20.56235997006297,
        54.72270995378494
      ],
      [
        20.562299955636263,
        54.7227399609983
      ],
      [
        20.56222996674478,
        54.72276996821165
      ],
      [
        20.562169952318072,
        54.722799975425005
      ],
      [
        20.562109937891364,
        54.72282998263836
      ],
      [
        20.562049923464656,
        54.72285998985171
      ],
      [
        20.56198999285698,
        54.72288999706507
      ],
      [
        20.56192997843027,
        54.72291992045939
      ],
      [
        20.561869964003563,
        54.72295998595655
      ],
      [
        20.561809949576855,
        54.722989993169904
      ],
      [
        20.561739960685372,
        54.723019916564226
      ],
      [
        20.561679946258664,
        54.723039949312806
      ],
      [
        20.561619931831956,
        54.72306995652616
      ],
      [
        20.561559917405248,
        54.723099963739514
      ],
      [
        20.56149998679757,
        54.72312997095287
      ],
      [
        20.561439972370863,
        54.72315997816622
      ],
      [
        20.561379957944155,
        54.72318998537958
      ],
      [
        20.561319943517447,
        54.72321999259293
      ],
      [
        20.561269987374544,
        54.723249999806285
      ],
      [
        20.561209972947836,
        54.72327992320061
      ],
      [
        20.561149958521128,
        54.72330993041396
      ],
      [
        20.561099918559194,
        54.723339937627316
      ],
      [
        20.561039987951517,
        54.72336994484067
      ],
      [
        20.560989947989583,
        54.723399952054024
      ],
      [
        20.560929933562875,
        54.723419984802604
      ],
      [
        20.560879977419972,
        54.72344999201596
      ],
      [
        20.560819962993264,
        54.72347999922931
      ],
      [
        20.56076992303133,
        54.723509922623634
      ],
      [
        20.560719966888428,
        54.72353992983699
      ],
      [
        20.56065995246172,
        54.72356993705034
      ],
      [
        20.560609996318817,
        54.7235999442637
      ],
      [
        20.560559956356883,
        54.72362995147705
      ],
      [
        20.560499941930175,
        54.723659958690405
      ],
      [
        20.560449985787272,
        54.72368996590376
      ],
      [
        20.56039994582534,
        54.72370999865234
      ],
      [
        20.560349989682436,
        54.72373992204666
      ],
      [
        20.560299949720502,
        54.72377998754382
      ],
      [
        20.5602499935776,
        54.723809994757175
      ],
      [
        20.560199953615665,
        54.7238399181515
      ],
      [
        20.560159971937537,
        54.72386992536485
      ],
      [
        20.560109931975603,
        54.723899932578206
      ],
      [
        20.5600599758327,
        54.723939998075366
      ],
      [
        20.560009935870767,
        54.723979979753494
      ],
      [
        20.559959979727864,
        54.72400998696685
      ],
      [
        20.55990993976593,
        54.72404996864498
      ],
      [
        20.559869958087802,
        54.72407997585833
      ],
      [
        20.559819918125868,
        54.72411995753646
      ],
      [
        20.559769961982965,
        54.72415993921459
      ],
      [
        20.559729980304837,
        54.72418994642794
      ],
      [
        20.559679940342903,
        54.724239986389875
      ],
      [
        20.559639958664775,
        54.72426999360323
      ],
      [
        20.559599976986647,
        54.72430997528136
      ],
      [
        20.55955999530852,
        54.724349956959486
      ],
      [
        20.55951992981136,
        54.724389938637614
      ],
      [
        20.559469973668456,
        54.72442992031574
      ],
      [
        20.559429991990328,
        54.7244599275291
      ],
      [
        20.559389926493168,
        54.72449999302626
      ],
      [
        20.55934994481504,
        54.724539974704385
      ],
      [
        20.55930996313691,
        54.72457995638251
      ],
      [
        20.559269981458783,
        54.72461993806064
      ],
      [
        20.55923997424543,
        54.72465991973877
      ],
      [
        20.559209967032075,
        54.72469998523593
      ],
      [
        20.559169985353947,
        54.72473996691406
      ],
      [
        20.559149952605367,
        54.724779948592186
      ],
      [
        20.559119945392013,
        54.724819930270314
      ],
      [
        20.55908993817866,
        54.72486997023225
      ],
      [
        20.559059930965304,
        54.7248999774456
      ],
      [
        20.55902992375195,
        54.724949933588505
      ],
      [
        20.558999916538596,
        54.724989999085665
      ],
      [
        20.558979967609048,
        54.72502998076379
      ],
      [
        20.558959934860468,
        54.72506996244192
      ],
      [
        20.55893998593092,
        54.72510994412005
      ],
      [
        20.55891995318234,
        54.72514992579818
      ],
      [
        20.55889992043376,
        54.72518999129534
      ],
      [
        20.558889945968986,
        54.72521999850869
      ],
      [
        20.558869997039437,
        54.72525998018682
      ],
      [
        20.558849964290857,
        54.72529996186495
      ],
      [
        20.558829931542277,
        54.72533994354308
      ],
      [
        20.55880998261273,
        54.725379925221205
      ],
      [
        20.558799924328923,
        54.725419990718365
      ],
      [
        20.558779975399375,
        54.72545997239649
      ],
      [
        20.558759942650795,
        54.72549995407462
      ],
      [
        20.558739993721247,
        54.725549994036555
      ],
      [
        20.55872993543744,
        54.72558997571468
      ],
      [
        20.558709986507893,
        54.72562995739281
      ],
      [
        20.558689953759313,
        54.72566993907094
      ],
      [
        20.55867997929454,
        54.725719979032874
      ],
      [
        20.558669921010733,
        54.725759960711
      ],
      [
        20.558649972081184,
        54.72579994238913
      ],
      [
        20.558629939332604,
        54.725849982351065
      ],
      [
        20.558629939332604,
        54.72588996402919
      ],
      [
        20.55861996486783,
        54.72592994570732
      ],
      [
        20.55861996486783,
        54.725979985669255
      ],
      [
        20.558609990403056,
        54.72601996734738
      ],
      [
        20.55859993211925,
        54.72605994902551
      ],
      [
        20.558589957654476,
        54.726109988987446
      ],
      [
        20.558579983189702,
        54.726149970665574
      ],
      [
        20.558569924905896,
        54.72619992680848
      ],
      [
        20.558559950441122,
        54.726239992305636
      ],
      [
        20.558559950441122,
        54.726279973983765
      ],
      [
        20.558549975976348,
        54.72632993012667
      ],
      [
        20.558549975976348,
        54.72636999562383
      ],
      [
        20.558539917692542,
        54.726409977301955
      ],
      [
        20.558529943227768,
        54.72644995898008
      ],
      [
        20.558519968762994,
        54.72649999894202
      ],
      [
        20.55850999429822,
        54.726539980620146
      ],
      [
        20.558499936014414,
        54.72658993676305
      ],
      [
        20.55848996154964,
        54.726629918441176
      ],
      [
        20.558479987084866,
        54.726669983938336
      ],
      [
        20.558459954336286,
        54.72671994008124
      ],
      [
        20.55844997987151,
        54.72675992175937
      ],
      [
        20.55842994712293,
        54.7268099617213
      ],
      [
        20.558409998193383,
        54.72684994339943
      ],
      [
        20.558389965444803,
        54.72689998336136
      ],
      [
        20.558369932696223,
        54.72693996503949
      ],
      [
        20.558349983766675,
        54.726989921182394
      ],
      [
        20.558329951018095,
        54.727029986679554
      ],
      [
        20.55829994380474,
        54.727079942822456
      ],
      [
        20.558259962126613,
        54.727119924500585
      ],
      [
        20.558239929378033,
        54.727159989997745
      ],
      [
        20.558219980448484,
        54.72720994614065
      ],
      [
        20.55818997323513,
        54.727249927818775
      ],
      [
        20.558159966021776,
        54.727289993315935
      ],
      [
        20.558129958808422,
        54.72732997499406
      ],
      [
        20.558099951595068,
        54.727379931136966
      ],
      [
        20.558069944381714,
        54.727419996634126
      ],
      [
        20.55803993716836,
        54.727459978312254
      ],
      [
        20.55799995549023,
        54.72748998552561
      ],
      [
        20.55794999934733,
        54.72751999273896
      ],
      [
        20.557899959385395,
        54.72753994166851
      ],
      [
        20.557839944958687,
        54.72755997441709
      ],
      [
        20.55777993053198,
        54.72755997441709
      ],
      [
        20.557719999924302,
        54.727569948881865
      ],
      [
        20.557689992710948,
        54.727589981630445
      ],
      [
        20.557679934427142,
        54.7276199888438
      ],
      [
        20.557679934427142,
        54.7276199888438
      ],
      [
        20.557679934427142,
        54.7276199888438
      ],
      [
        20.557679934427142,
        54.7276199888438
      ],
      [
        20.557709941640496,
        54.727719984948635
      ],
      [
        20.557729974389076,
        54.72773993387818
      ],
      [
        20.557749923318624,
        54.72775996662676
      ],
      [
        20.557769956067204,
        54.72778997384012
      ],
      [
        20.557809937745333,
        54.727809922769666
      ],
      [
        20.557859977707267,
        54.727829955518246
      ],
      [
        20.557899959385395,
        54.727849988266826
      ],
      [
        20.557959973812103,
        54.727869937196374
      ],
      [
        20.558009929955006,
        54.72787999548018
      ],
      [
        20.558049995452166,
        54.7279099188745
      ],
      [
        20.558099951595068,
        54.72792995162308
      ],
      [
        20.558149991557002,
        54.727939926087856
      ],
      [
        20.55820992216468,
        54.72792995162308
      ],
      [
        20.558259962126613,
        54.72792995162308
      ],
      [
        20.55829994380474,
        54.72794998437166
      ],
      [
        20.558309918269515,
        54.727979991585016
      ],
      [
        20.558329951018095,
        54.72800999879837
      ],
      [
        20.558349983766675,
        54.7280499804765
      ],
      [
        20.558389965444803,
        54.72808996215463
      ],
      [
        20.55844997987151,
        54.72811996936798
      ],
      [
        20.55850999429822,
        54.728149976581335
      ],
      [
        20.558579983189702,
        54.72817998379469
      ],
      [
        20.558649972081184,
        54.72820999100804
      ],
      [
        20.558719960972667,
        54.7282399982214
      ],
      [
        20.558799924328923,
        54.728279979899526
      ],
      [
        20.55887997150421,
        54.72830998711288
      ],
      [
        20.558949960395694,
        54.728339994326234
      ],
      [
        20.55902992375195,
        54.72837997600436
      ],
      [
        20.559099996462464,
        54.728409983217716
      ],
      [
        20.559169985353947,
        54.72843999043107
      ],
      [
        20.55923997424543,
        54.728469997644424
      ],
      [
        20.55930996313691,
        54.72849992103875
      ],
      [
        20.559379952028394,
        54.72853998653591
      ],
      [
        20.559439966455102,
        54.72856999374926
      ],
      [
        20.559509955346584,
        54.72859991714358
      ],
      [
        20.559579944238067,
        54.72862992435694
      ],
      [
        20.55964993312955,
        54.72865993157029
      ],
      [
        20.55971992202103,
        54.728689938783646
      ],
      [
        20.559789994731545,
        54.728719945997
      ],
      [
        20.559839950874448,
        54.72875992767513
      ],
      [
        20.559899965301156,
        54.72879999317229
      ],
      [
        20.559959979727864,
        54.728839974850416
      ],
      [
        20.560029968619347,
        54.728879956528544
      ],
      [
        20.56009995751083,
        54.7289099637419
      ],
      [
        20.56016994640231,
        54.72893997095525
      ],
      [
        20.560239935293794,
        54.72897995263338
      ],
      [
        20.560299949720502,
        54.729009959846735
      ],
      [
        20.560369938611984,
        54.72904994152486
      ],
      [
        20.560439927503467,
        54.72907994873822
      ],
      [
        20.56050991639495,
        54.72910995595157
      ],
      [
        20.560589963570237,
        54.729139963164926
      ],
      [
        20.56065995246172,
        54.729179944843054
      ],
      [
        20.560729941353202,
        54.72921992652118
      ],
      [
        20.560799930244684,
        54.729249933734536
      ],
      [
        20.560879977419972,
        54.72927994094789
      ],
      [
        20.560969999060035,
        54.729309948161244
      ],
      [
        20.56104996241629,
        54.729329980909824
      ],
      [
        20.561129925772548,
        54.72935998812318
      ],
      [
        20.561209972947836,
        54.72938999533653
      ],
      [
        20.5612999945879,
        54.729419918730855
      ],
      [
        20.561379957944155,
        54.729439951479435
      ],
      [
        20.561449946835637,
        54.72946995869279
      ],
      [
        20.561529994010925,
        54.72949996590614
      ],
      [
        20.561619931831956,
        54.72951999865472
      ],
      [
        20.561699979007244,
        54.729549922049046
      ],
      [
        20.5617799423635,
        54.729569954797626
      ],
      [
        20.56185998953879,
        54.72959996201098
      ],
      [
        20.561939952895045,
        54.729629969224334
      ],
      [
        20.5620199162513,
        54.72964991815388
      ],
      [
        20.56209996342659,
        54.729679925367236
      ],
      [
        20.562189985066652,
        54.729699958115816
      ],
      [
        20.56226994842291,
        54.729719990864396
      ],
      [
        20.56235997006297,
        54.729739939793944
      ],
      [
        20.562439933419228,
        54.729759972542524
      ],
      [
        20.56252995505929,
        54.72977992147207
      ],
      [
        20.562619976699352,
        54.72979995422065
      ],
      [
        20.562709998339415,
        54.72981998696923
      ],
      [
        20.562799936160445,
        54.72982996143401
      ],
      [
        20.562879983335733,
        54.72984999418259
      ],
      [
        20.562969921156764,
        54.729869943112135
      ],
      [
        20.563049968332052,
        54.72989995032549
      ],
      [
        20.56312993168831,
        54.72991998307407
      ],
      [
        20.56321995332837,
        54.72994999028742
      ],
      [
        20.563299916684628,
        54.72996993921697
      ],
      [
        20.56338993832469,
        54.729999946430326
      ],
      [
        20.563479959964752,
        54.730019979178905
      ],
      [
        20.56355992332101,
        54.730039928108454
      ],
      [
        20.563639970496297,
        54.73006993532181
      ],
      [
        20.56372999213636,
        54.730079993605614
      ],
      [
        20.563809955492616,
        54.730109916999936
      ],
      [
        20.563899977132678,
        54.730129949748516
      ],
      [
        20.56398999877274,
        54.730149982497096
      ],
      [
        20.564069962128997,
        54.730169931426644
      ],
      [
        20.56415998376906,
        54.730189964175224
      ],
      [
        20.56424992159009,
        54.730209996923804
      ],
      [
        20.564339943230152,
        54.73021997138858
      ],
      [
        20.564429964870214,
        54.73023992031813
      ],
      [
        20.56450992822647,
        54.73025995306671
      ],
      [
        20.564599949866533,
        54.73027998581529
      ],
      [
        20.564689971506596,
        54.730299934744835
      ],
      [
        20.564769934862852,
        54.730319967493415
      ],
      [
        20.564859956502914,
        54.73033991642296
      ],
      [
        20.56493991985917,
        54.73035994917154
      ],
      [
        20.565029941499233,
        54.7303899563849
      ],
      [
        20.56510998867452,
        54.73040998913348
      ],
      [
        20.565189952030778,
        54.730429938063025
      ],
      [
        20.56527997367084,
        54.730449970811605
      ],
      [
        20.565359937027097,
        54.730469919741154
      ],
      [
        20.56544995866716,
        54.730489952489734
      ],
      [
        20.56553998030722,
        54.730509985238314
      ],
      [
        20.565619943663478,
        54.73052993416786
      ],
      [
        20.565699990838766,
        54.73054996691644
      ],
      [
        20.565779954195023,
        54.73056999966502
      ],
      [
        20.56585991755128,
        54.73058994859457
      ],
      [
        20.56594993919134,
        54.730619955807924
      ],
      [
        20.56602998636663,
        54.7306299302727
      ],
      [
        20.566109949722886,
        54.73064996302128
      ],
      [
        20.566189996898174,
        54.73066999576986
      ],
      [
        20.56626996025443,
        54.73068994469941
      ],
      [
        20.566349923610687,
        54.73070997744799
      ],
      [
        20.5664199963212,
        54.730729926377535
      ],
      [
        20.566499959677458,
        54.730749959126115
      ],
      [
        20.566579923033714,
        54.73075993359089
      ],
      [
        20.566659970209002,
        54.73077996633947
      ],
      [
        20.56673993356526,
        54.73079999908805
      ],
      [
        20.566819980740547,
        54.7308199480176
      ],
      [
        20.566899944096804,
        54.73083998076618
      ],
      [
        20.566979991272092,
        54.730859929695725
      ],
      [
        20.56705995462835,
        54.73086998797953
      ],
      [
        20.567139917984605,
        54.73088993690908
      ],
      [
        20.567219965159893,
        54.73090996965766
      ],
      [
        20.56729992851615,
        54.73092991858721
      ],
      [
        20.567379975691438,
        54.73094995133579
      ],
      [
        20.567459939047694,
        54.73095992580056
      ],
      [
        20.567549960687757,
        54.73097995854914
      ],
      [
        20.567629924044013,
        54.73099999129772
      ],
      [
        20.5677099712193,
        54.731009965762496
      ],
      [
        20.567789934575558,
        54.731029998511076
      ],
      [
        20.567869981750846,
        54.731049947440624
      ],
      [
        20.567949945107102,
        54.7310599219054
      ],
      [
        20.56802999228239,
        54.731069980189204
      ],
      [
        20.56811993010342,
        54.73107995465398
      ],
      [
        20.568209951743484,
        54.73109998740256
      ],
      [
        20.56828999891877,
        54.73110996186733
      ],
      [
        20.568379936739802,
        54.73111993633211
      ],
      [
        20.56845998391509,
        54.73112999461591
      ],
      [
        20.568539947271347,
        54.73114994354546
      ],
      [
        20.56860993616283,
        54.73116997629404
      ],
      [
        20.56867992505431,
        54.731199983507395
      ],
      [
        20.568729965016246,
        54.73123996518552
      ],
      [
        20.568789979442954,
        54.73126997239888
      ],
      [
        20.568849993869662,
        54.731309954077005
      ],
      [
        20.568919982761145,
        54.73133996129036
      ],
      [
        20.568979997187853,
        54.731369968503714
      ],
      [
        20.56903992779553,
        54.73139997571707
      ],
      [
        20.56910991668701,
        54.731439957395196
      ],
      [
        20.56916993111372,
        54.731479939073324
      ],
      [
        20.569219971075654,
        54.73151992075145
      ],
      [
        20.569269927218556,
        54.73155998624861
      ],
      [
        20.56931996718049,
        54.73159996792674
      ],
      [
        20.5693799816072,
        54.73163994960487
      ],
      [
        20.569439996033907,
        54.731679931283
      ],
      [
        20.56948995217681,
        54.73171999678016
      ],
      [
        20.569549966603518,
        54.731759978458285
      ],
      [
        20.56959992274642,
        54.73180993460119
      ],
      [
        20.569659937173128,
        54.731849916279316
      ],
      [
        20.569709977135062,
        54.731889981776476
      ],
      [
        20.56976999156177,
        54.731929963454604
      ],
      [
        20.569829922169447,
        54.73196994513273
      ],
      [
        20.569889936596155,
        54.73201998509467
      ],
      [
        20.56993997655809,
        54.732059966772795
      ],
      [
        20.56998993270099,
        54.7321099229157
      ],
      [
        20.570039972662926,
        54.73213993012905
      ],
      [
        20.570099987089634,
        54.732189970090985
      ],
      [
        20.570149943232536,
        54.73222995176911
      ],
      [
        20.570209957659245,
        54.73226993344724
      ],
      [
        20.57025999762118,
        54.7323099989444
      ],
      [
        20.570319928228855,
        54.732359955087304
      ],
      [
        20.57036996819079,
        54.73239993676543
      ],
      [
        20.570429982617497,
        54.73244997672737
      ],
      [
        20.5704799387604,
        54.732489958405495
      ],
      [
        20.570529978722334,
        54.73253999836743
      ],
      [
        20.570579934865236,
        54.73258995451033
      ],
      [
        20.57062997482717,
        54.73262993618846
      ],
      [
        20.570679930970073,
        54.73266991786659
      ],
      [
        20.570729970932007,
        54.73271995782852
      ],
      [
        20.570789985358715,
        54.73275993950665
      ],
      [
        20.570849999785423,
        54.732809979468584
      ],
      [
        20.570899955928326,
        54.73284996114671
      ],
      [
        20.57094999589026,
        54.73288994282484
      ],
      [
        20.571009926497936,
        54.73292992450297
      ],
      [
        20.57105996645987,
        54.7329799644649
      ],
      [
        20.571109922602773,
        54.733029920607805
      ],
      [
        20.57116993702948,
        54.733069986104965
      ],
      [
        20.571219976991415,
        54.73310996778309
      ],
      [
        20.571279991418123,
        54.733159923925996
      ],
      [
        20.57131997309625,
        54.733199989423156
      ],
      [
        20.571369929239154,
        54.73324994556606
      ],
      [
        20.571409994736314,
        54.733289927244186
      ],
      [
        20.571459950879216,
        54.73333996720612
      ],
      [
        20.571499932557344,
        54.73338992334902
      ],
      [
        20.57154997251928,
        54.73342998884618
      ],
      [
        20.57159992866218,
        54.733479944989085
      ],
      [
        20.571649968624115,
        54.73352998495102
      ],
      [
        20.571689950302243,
        54.73357994109392
      ],
      [
        20.57172993198037,
        54.733629981055856
      ],
      [
        20.571779971942306,
        54.73367993719876
      ],
      [
        20.571819953620434,
        54.73372997716069
      ],
      [
        20.571869993582368,
        54.733779933303595
      ],
      [
        20.57189991697669,
        54.73382997326553
      ],
      [
        20.57193998247385,
        54.73387992940843
      ],
      [
        20.57197996415198,
        54.733929969370365
      ],
      [
        20.572019945830107,
        54.73397992551327
      ],
      [
        20.572059927508235,
        54.7340299654752
      ],
      [
        20.572099993005395,
        54.734079921618104
      ],
      [
        20.572139974683523,
        54.73412996158004
      ],
      [
        20.572169981896877,
        54.73417991772294
      ],
      [
        20.57219998911023,
        54.73423993214965
      ],
      [
        20.57223997078836,
        54.73428997211158
      ],
      [
        20.572279952466488,
        54.734339928254485
      ],
      [
        20.572319934144616,
        54.73438996821642
      ],
      [
        20.57234994135797,
        54.73443992435932
      ],
      [
        20.572379948571324,
        54.73449993878603
      ],
      [
        20.572419930249453,
        54.734549978747964
      ],
      [
        20.572449937462807,
        54.73460999317467
      ],
      [
        20.572489919140935,
        54.734659949317575
      ],
      [
        20.57251992635429,
        54.73471996374428
      ],
      [
        20.57255999185145,
        54.734769919887185
      ],
      [
        20.572589999064803,
        54.73481995984912
      ],
      [
        20.57262998074293,
        54.73487997427583
      ],
      [
        20.572659987956285,
        54.73492993041873
      ],
      [
        20.57268999516964,
        54.73498994484544
      ],
      [
        20.572719918563962,
        54.73503998480737
      ],
      [
        20.572749925777316,
        54.73509999923408
      ],
      [
        20.572789991274476,
        54.73514995537698
      ],
      [
        20.57281999848783,
        54.73520996980369
      ],
      [
        20.572849921882153,
        54.73525992594659
      ],
      [
        20.572889987379313,
        54.73530996590853
      ],
      [
        20.572919994592667,
        54.735369980335236
      ],
      [
        20.57294991798699,
        54.73541993647814
      ],
      [
        20.572979925200343,
        54.73546997644007
      ],
      [
        20.573009932413697,
        54.735519932582974
      ],
      [
        20.57303993962705,
        54.73556997254491
      ],
      [
        20.573069946840405,
        54.73560995422304
      ],
      [
        20.573109928518534,
        54.73565999418497
      ],
      [
        20.573129961267114,
        54.73570995032787
      ],
      [
        20.573159968480468,
        54.73575999028981
      ],
      [
        20.573189975693822,
        54.73580994643271
      ],
      [
        20.57320992462337,
        54.735859986394644
      ],
      [
        20.57324999012053,
        54.735909942537546
      ],
      [
        20.573279997333884,
        54.73595998249948
      ],
      [
        20.573309920728207,
        54.73600993864238
      ],
      [
        20.57333992794156,
        54.73605997860432
      ],
      [
        20.57337999343872,
        54.73610993474722
      ],
      [
        20.57341997511685,
        54.73615997470915
      ],
      [
        20.573459956794977,
        54.736209930852056
      ],
      [
        20.573499938473105,
        54.73625997081399
      ],
      [
        20.57352994568646,
        54.73630992695689
      ],
      [
        20.573569927364588,
        54.736359966918826
      ],
      [
        20.573589960113168,
        54.736419981345534
      ],
      [
        20.573609992861748,
        54.73646993748844
      ],
      [
        20.573629941791296,
        54.736529951915145
      ],
      [
        20.573649974539876,
        54.73658996634185
      ],
      [
        20.57367998175323,
        54.736639922484756
      ],
      [
        20.57371996343136,
        54.736699936911464
      ],
      [
        20.573749970644712,
        54.7367499768734
      ],
      [
        20.573779977858067,
        54.7367999330163
      ],
      [
        20.57380998507142,
        54.73685994744301
      ],
      [
        20.573839992284775,
        54.73690998740494
      ],
      [
        20.57386999949813,
        54.73696991801262
      ],
      [
        20.57389992289245,
        54.73701995797455
      ],
      [
        20.57393998838961,
        54.73707997240126
      ],
      [
        20.573969995602965,
        54.737129928544164
      ],
      [
        20.573999918997288,
        54.73718994297087
      ],
      [
        20.574039984494448,
        54.737239982932806
      ],
      [
        20.574069991707802,
        54.737299997359514
      ],
      [
        20.57410997338593,
        54.73735992796719
      ],
      [
        20.574139980599284,
        54.737409967929125
      ],
      [
        20.57416998781264,
        54.73746998235583
      ],
      [
        20.574199995025992,
        54.737519938498735
      ],
      [
        20.57423997670412,
        54.737579952925444
      ],
      [
        20.574269983917475,
        54.73762999288738
      ],
      [
        20.574309965595603,
        54.737689923495054
      ],
      [
        20.574339972808957,
        54.73774993792176
      ],
      [
        20.57436998002231,
        54.73780995234847
      ],
      [
        20.57440996170044,
        54.737859992310405
      ],
      [
        20.574449943378568,
        54.73791992291808
      ],
      [
        20.574479950591922,
        54.737969962880015
      ],
      [
        20.57451993227005,
        54.738029977306724
      ],
      [
        20.574569972231984,
        54.73808999173343
      ],
      [
        20.574609953910112,
        54.738139947876334
      ],
      [
        20.57466996833682,
        54.73819996230304
      ],
      [
        20.57472998276353,
        54.738249918445945
      ],
      [
        20.57477993890643,
        54.73829995840788
      ],
      [
        20.574829978868365,
        54.73835997283459
      ],
      [
        20.574889993295074,
        54.738399954512715
      ],
      [
        20.57494992390275,
        54.73844999447465
      ],
      [
        20.57500993832946,
        54.73849995061755
      ],
      [
        20.57507992722094,
        54.738549990579486
      ],
      [
        20.575149999931455,
        54.73859994672239
      ],
      [
        20.575219988822937,
        54.73863992840052
      ],
      [
        20.57528997771442,
        54.73867999389768
      ],
      [
        20.5753599666059,
        54.73872995004058
      ],
      [
        20.575429955497384,
        54.73875995725393
      ],
      [
        20.57550991885364,
        54.73879993893206
      ],
      [
        20.57558996602893,
        54.73883992061019
      ],
      [
        20.575669929385185,
        54.73886992782354
      ],
      [
        20.575749976560473,
        54.7388999350369
      ],
      [
        20.57582993991673,
        54.738939916715026
      ],
      [
        20.575919961556792,
        54.73896992392838
      ],
      [
        20.57599992491305,
        54.738999931141734
      ],
      [
        20.576079972088337,
        54.73902993835509
      ],
      [
        20.5761699937284,
        54.73905994556844
      ],
      [
        20.576249957084656,
        54.7390899527818
      ],
      [
        20.576339978724718,
        54.73911995999515
      ],
      [
        20.576419942080975,
        54.739149967208505
      ],
      [
        20.576509963721037,
        54.73917997442186
      ],
      [
        20.576589927077293,
        54.73920998163521
      ],
      [
        20.576679948717356,
        54.73923998884857
      ],
      [
        20.576769970357418,
        54.73926999606192
      ],
      [
        20.57685999199748,
        54.73929991945624
      ],
      [
        20.576959988102317,
        54.7393299266696
      ],
      [
        20.577039951458573,
        54.73935993388295
      ],
      [
        20.577129973098636,
        54.739389941096306
      ],
      [
        20.577219994738698,
        54.73941994830966
      ],
      [
        20.57730993255973,
        54.739449955523014
      ],
      [
        20.57739995419979,
        54.73947996273637
      ],
      [
        20.577479917556047,
        54.739519944414496
      ],
      [
        20.577559964731336,
        54.73954995162785
      ],
      [
        20.577639928087592,
        54.739579958841205
      ],
      [
        20.57771997526288,
        54.73961994051933
      ],
      [
        20.577799938619137,
        54.73964994773269
      ],
      [
        20.577879985794425,
        54.739689929410815
      ],
      [
        20.57795994915068,
        54.73971993662417
      ],
      [
        20.57803999632597,
        54.73974994383752
      ],
      [
        20.578119959682226,
        54.73978992551565
      ],
      [
        20.578199923038483,
        54.739819932729006
      ],
      [
        20.578289944678545,
        54.73984993994236
      ],
      [
        20.578369991853833,
        54.739879947155714
      ],
      [
        20.57844995521009,
        54.73991992883384
      ],
      [
        20.578529918566346,
        54.739949936047196
      ],
      [
        20.578609965741634,
        54.73997994326055
      ],
      [
        20.57868992909789,
        54.740009950473905
      ],
      [
        20.578779950737953,
        54.74003995768726
      ],
      [
        20.57887994684279,
        54.74007993936539
      ],
      [
        20.578969968482852,
        54.74010994657874
      ],
      [
        20.579059990122914,
        54.740139953792095
      ],
      [
        20.579149927943945,
        54.74017993547022
      ],
      [
        20.579239949584007,
        54.74021991714835
      ],
      [
        20.579319996759295,
        54.740249924361706
      ],
      [
        20.579409934580326,
        54.740289989858866
      ],
      [
        20.57949995622039,
        54.74031999707222
      ],
      [
        20.579579919576645,
        54.74034992046654
      ],
      [
        20.579669941216707,
        54.740379927679896
      ],
      [
        20.57975996285677,
        54.74040993489325
      ],
      [
        20.579839926213026,
        54.740439942106605
      ],
      [
        20.57992994785309,
        54.74046994931996
      ],
      [
        20.580009995028377,
        54.74050993099809
      ],
      [
        20.580089958384633,
        54.74053993821144
      ],
      [
        20.58016992174089,
        54.740569945424795
      ],
      [
        20.580259943380952,
        54.74059995263815
      ],
      [
        20.58033999055624,
        54.7406299598515
      ],
      [
        20.58042992837727,
        54.74065996706486
      ],
      [
        20.58050997555256,
        54.74068997427821
      ],
      [
        20.58059999719262,
        54.740719981491566
      ],
      [
        20.580679960548878,
        54.74074998870492
      ],
      [
        20.580759923905134,
        54.74078997038305
      ],
      [
        20.580849945545197,
        54.7408199775964
      ],
      [
        20.580929992720485,
        54.740849984809756
      ],
      [
        20.58100995607674,
        54.74087999202311
      ],
      [
        20.581089919432998,
        54.74091997370124
      ],
      [
        20.58115999214351,
        54.74094998091459
      ],
      [
        20.581229981034994,
        54.74098996259272
      ],
      [
        20.58130994439125,
        54.74102994427085
      ],
      [
        20.58138999156654,
        54.7410599514842
      ],
      [
        20.581469954922795,
        54.74108995869756
      ],
      [
        20.581539943814278,
        54.74111996591091
      ],
      [
        20.581619990989566,
        54.741149973124266
      ],
      [
        20.581699954345822,
        54.74117998033762
      ],
      [
        20.581769943237305,
        54.741209987550974
      ],
      [
        20.581839932128787,
        54.7412499692291
      ],
      [
        20.58190992102027,
        54.74128995090723
      ],
      [
        20.581979993730783,
        54.74132993258536
      ],
      [
        20.58203992433846,
        54.74136999808252
      ],
      [
        20.582099938765168,
        54.74140997976065
      ],
      [
        20.582159953191876,
        54.74145993590355
      ],
      [
        20.58222994208336,
        54.74149991758168
      ],
      [
        20.582289956510067,
        54.74153998307884
      ],
      [
        20.582349970936775,
        54.741579964756966
      ],
      [
        20.582409985363483,
        54.741619946435094
      ],
      [
        20.58246999979019,
        54.74165992811322
      ],
      [
        20.582529930397868,
        54.74169999361038
      ],
      [
        20.582589944824576,
        54.74173997528851
      ],
      [
        20.58265993371606,
        54.74177995696664
      ],
      [
        20.582719948142767,
        54.74180996417999
      ],
      [
        20.582779962569475,
        54.741859920322895
      ],
      [
        20.582839976996183,
        54.74188992753625
      ],
      [
        20.582889933139086,
        54.74192999303341
      ],
      [
        20.582949947565794,
        54.74196997471154
      ],
      [
        20.583009961992502,
        54.742009956389666
      ],
      [
        20.58306997641921,
        54.74203996360302
      ],
      [
        20.58312999084592,
        54.74207994528115
      ],
      [
        20.583189921453595,
        54.742119926959276
      ],
      [
        20.583249935880303,
        54.742159992456436
      ],
      [
        20.58330995030701,
        54.742199974134564
      ],
      [
        20.583379939198494,
        54.74223995581269
      ],
      [
        20.583429979160428,
        54.74227993749082
      ],
      [
        20.583489993587136,
        54.742309944704175
      ],
      [
        20.583549924194813,
        54.7423499263823
      ],
      [
        20.583619996905327,
        54.74238999187946
      ],
      [
        20.58366995304823,
        54.74242997355759
      ],
      [
        20.583729967474937,
        54.74246995523572
      ],
      [
        20.583789981901646,
        54.74250993691385
      ],
      [
        20.583849996328354,
        54.74255997687578
      ],
      [
        20.583919985219836,
        54.74259995855391
      ],
      [
        20.583979999646544,
        54.74263994023204
      ],
      [
        20.584049988538027,
        54.74267992191017
      ],
      [
        20.58411997742951,
        54.74271998740733
      ],
      [
        20.584179991856217,
        54.742759969085455
      ],
      [
        20.584239922463894,
        54.74280992522836
      ],
      [
        20.584309995174408,
        54.74284999072552
      ],
      [
        20.58437998406589,
        54.742889972403646
      ],
      [
        20.584449972957373,
        54.74293992854655
      ],
      [
        20.58450998738408,
        54.74297999404371
      ],
      [
        20.584579976275563,
        54.74302995018661
      ],
      [
        20.58465993963182,
        54.74306993186474
      ],
      [
        20.584729928523302,
        54.74311997182667
      ],
      [
        20.584799917414784,
        54.7431599535048
      ],
      [
        20.5848699901253,
        54.74319993518293
      ],
      [
        20.58493997901678,
        54.74324997514486
      ],
      [
        20.585009967908263,
        54.74328995682299
      ],
      [
        20.58506998233497,
        54.74332993850112
      ],
      [
        20.585139971226454,
        54.743379978463054
      ],
      [
        20.585199985653162,
        54.74340998567641
      ],
      [
        20.58525991626084,
        54.743449967354536
      ],
      [
        20.585319930687547,
        54.743489949032664
      ],
      [
        20.58536997064948,
        54.74351995624602
      ],
      [
        20.585419926792383,
        54.74355993792415
      ],
      [
        20.585469966754317,
        54.7435899451375
      ],
      [
        20.58551992289722,
        54.74362992681563
      ],
      [
        20.585569962859154,
        54.74365993402898
      ],
      [
        20.585609944537282,
        54.74369999952614
      ],
      [
        20.585659984499216,
        54.743729922920465
      ],
      [
        20.58570994064212,
        54.74375993013382
      ],
      [
        20.585749922320247,
        54.74379999563098
      ],
      [
        20.585749922320247,
        54.74383997730911
      ],
      [
        20.5857299733907,
        54.743879958987236
      ],
      [
        20.58570994064212,
        54.743919940665364
      ],
      [
        20.585699966177344,
        54.7439699806273
      ],
      [
        20.585679933428764,
        54.74400996230543
      ],
      [
        20.58566995896399,
        54.744049943983555
      ],
      [
        20.585639951750636,
        54.74407995119691
      ],
      [
        20.585589995607734,
        54.74411993287504
      ],
      [
        20.585529981181026,
        54.74414994008839
      ],
      [
        20.58547994121909,
        54.744179947301745
      ],
      [
        20.585419926792383,
        54.7442099545151
      ],
      [
        20.585359996184707,
        54.74422998726368
      ],
      [
        20.585299981758,
        54.744259994477034
      ],
      [
        20.58523996733129,
        54.74429997615516
      ],
      [
        20.585169978439808,
        54.74433995783329
      ],
      [
        20.5851099640131,
        54.744369965046644
      ],
      [
        20.58502991683781,
        54.74440994672477
      ],
      [
        20.58495992794633,
        54.7444499284029
      ],
      [
        20.584899997338653,
        54.74448999390006
      ],
      [
        20.584839982911944,
        54.74452997557819
      ],
      [
        20.584769994020462,
        54.74457993172109
      ],
      [
        20.584699921309948,
        54.744609938934445
      ],
      [
        20.58463999070227,
        54.744649920612574
      ],
      [
        20.584569917991757,
        54.744689986109734
      ],
      [
        20.5844899546355,
        54.74471999332309
      ],
      [
        20.58441996574402,
        54.744759975001216
      ],
      [
        20.58435995131731,
        54.74478998221457
      ],
      [
        20.584289962425828,
        54.7448299638927
      ],
      [
        20.584219973534346,
        54.74485997110605
      ],
      [
        20.584159959107637,
        54.74488997831941
      ],
      [
        20.584089970216155,
        54.74491998553276
      ],
      [
        20.584029955789447,
        54.744949992746115
      ],
      [
        20.58396994136274,
        54.74497999995947
      ],
      [
        20.583919985219836,
        54.7450199816376
      ],
      [
        20.583899952471256,
        54.745059963315725
      ],
      [
        20.583889978006482,
        54.745099944993854
      ],
      [
        20.583899952471256,
        54.74514998495579
      ],
      [
        20.583899952471256,
        54.745189966633916
      ],
      [
        20.583899952471256,
        54.74523992277682
      ],
      [
        20.58390992693603,
        54.74526992999017
      ],
      [
        20.583889978006482,
        54.74530999548733
      ],
      [
        20.583839938044548,
        54.74532994441688
      ],
      [
        20.583789981901646,
        54.745359951630235
      ],
      [
        20.58375997468829,
        54.74538995884359
      ],
      [
        20.583749916404486,
        54.74541996605694
      ],
      [
        20.58373994193971,
        54.7454499732703
      ],
      [
        20.583729967474937,
        54.74547998048365
      ],
      [
        20.583719993010163,
        54.74551996216178
      ],
      [
        20.583709934726357,
        54.74555994383991
      ],
      [
        20.583679927513003,
        54.745599925518036
      ],
      [
        20.58364992029965,
        54.74562993273139
      ],
      [
        20.58360993862152,
        54.74564996547997
      ],
      [
        20.583589989691973,
        54.745679972693324
      ],
      [
        20.583589989691973,
        54.74571995437145
      ],
      [
        20.583589989691973,
        54.745749961584806
      ],
      [
        20.583589989691973,
        54.745749961584806
      ],
      [
        20.583589989691973,
        54.745789943262935
      ],
      [
        20.583579931408167,
        54.74581995047629
      ],
      [
        20.58355998247862,
        54.74584995768964
      ],
      [
        20.583549924194813,
        54.74588993936777
      ],
      [
        20.58353994973004,
        54.745919946581125
      ],
      [
        20.583509942516685,
        54.74594995379448
      ],
      [
        20.583469960838556,
        54.74596998654306
      ],
      [
        20.583419920876622,
        54.74597996100783
      ],
      [
        20.58336996473372,
        54.74597996100783
      ],
      [
        20.58332998305559,
        54.74599999375641
      ],
      [
        20.583279943093657,
        54.74601994268596
      ],
      [
        20.583229986950755,
        54.746049949899316
      ],
      [
        20.583189921453595,
        54.746069982647896
      ],
      [
        20.583139965310693,
        54.74609998986125
      ],
      [
        20.58312999084592,
        54.7461199387908
      ],
      [
        20.58312999084592,
        54.74614994600415
      ],
      [
        20.583119932562113,
        54.74618992768228
      ],
      [
        20.58310995809734,
        54.746219934895635
      ],
      [
        20.583099983632565,
        54.74625991657376
      ],
      [
        20.58308992534876,
        54.74628992378712
      ],
      [
        20.583079950883985,
        54.74631993100047
      ],
      [
        20.58306997641921,
        54.746349938213825
      ],
      [
        20.583059918135405,
        54.74637994542718
      ],
      [
        20.58304994367063,
        54.74641992710531
      ],
      [
        20.583039969205856,
        54.74644993431866
      ],
      [
        20.583039969205856,
        54.746479941532016
      ],
      [
        20.583029994741082,
        54.74650994874537
      ],
      [
        20.583019936457276,
        54.7465499304235
      ],
      [
        20.583019936457276,
        54.74657993763685
      ],
      [
        20.583009961992502,
        54.746609944850206
      ],
      [
        20.583009961992502,
        54.74663995206356
      ],
      [
        20.583009961992502,
        54.746669959276915
      ],
      [
        20.583009961992502,
        54.74670994095504
      ],
      [
        20.582999987527728,
        54.7467399481684
      ],
      [
        20.582999987527728,
        54.74676995538175
      ],
      [
        20.582989929243922,
        54.746799962595105
      ],
      [
        20.582969980314374,
        54.74683994427323
      ],
      [
        20.58293997310102,
        54.74686995148659
      ],
      [
        20.58291994035244,
        54.74689995869994
      ],
      [
        20.582889933139086,
        54.746929965913296
      ],
      [
        20.582889933139086,
        54.746969947591424
      ],
      [
        20.582889933139086,
        54.74700992926955
      ],
      [
        20.58291994035244,
        54.74704999476671
      ],
      [
        20.582969980314374,
        54.74708997644484
      ],
      [
        20.582999987527728,
        54.747119983658195
      ],
      [
        20.582999987527728,
        54.74715996533632
      ],
      [
        20.582969980314374,
        54.74718997254968
      ],
      [
        20.582929998636246,
        54.747209921479225
      ],
      [
        20.582889933139086,
        54.747229954227805
      ],
      [
        20.582839976996183,
        54.74723992869258
      ],
      [
        20.58278993703425,
        54.747249986976385
      ],
      [
        20.582739980891347,
        54.74726993590593
      ],
      [
        20.58267996646464,
        54.74728996865451
      ],
      [
        20.58261995203793,
        54.74729994311929
      ],
      [
        20.582559937611222,
        54.74731997586787
      ],
      [
        20.58250998146832,
        54.747339924797416
      ],
      [
        20.58244996704161,
        54.747359957545996
      ],
      [
        20.58237997815013,
        54.74736993201077
      ],
      [
        20.58231996372342,
        54.74738996475935
      ],
      [
        20.58224997483194,
        54.747399939224124
      ],
      [
        20.58218996040523,
        54.74740999750793
      ],
      [
        20.582119971513748,
        54.74742994643748
      ],
      [
        20.58205995708704,
        54.74742994643748
      ],
      [
        20.58199994266033,
        54.74744997918606
      ],
      [
        20.58192995376885,
        54.74744997918606
      ],
      [
        20.58186993934214,
        54.74745995365083
      ],
      [
        20.581809924915433,
        54.74747998639941
      ],
      [
        20.581749994307756,
        54.74747998639941
      ],
      [
        20.581699954345822,
        54.74745995365083
      ],
      [
        20.581659972667694,
        54.74743992090225
      ],
      [
        20.58160993270576,
        54.747419971972704
      ],
      [
        20.581559976562858,
        54.747399939224124
      ],
      [
        20.581509936600924,
        54.747399939224124
      ],
      [
        20.581449922174215,
        54.747419971972704
      ],
      [
        20.58138999156654,
        54.74744997918606
      ],
      [
        20.58132997713983,
        54.74747998639941
      ],
      [
        20.581279937177896,
        54.747509993612766
      ],
      [
        20.58121992275119,
        54.747529942542315
      ],
      [
        20.58115999214351,
        54.747549975290895
      ],
      [
        20.581089919432998,
        54.747549975290895
      ],
      [
        20.58102998882532,
        54.74753991700709
      ],
      [
        20.580969974398613,
        54.747509993612766
      ],
      [
        20.580929992720485,
        54.74747998639941
      ],
      [
        20.58087995275855,
        54.74745995365083
      ],
      [
        20.58082999661565,
        54.74742994643748
      ],
      [
        20.580779956653714,
        54.747399939224124
      ],
      [
        20.58072991669178,
        54.74736993201077
      ],
      [
        20.580689935013652,
        54.74734998308122
      ],
      [
        20.58063997887075,
        54.74731997586787
      ],
      [
        20.580589938908815,
        54.74728996865451
      ],
      [
        20.580549957230687,
        54.74725996144116
      ],
      [
        20.58048994280398,
        54.74723992869258
      ],
      [
        20.58042992837727,
        54.747229954227805
      ],
      [
        20.580369997769594,
        54.747249986976385
      ],
      [
        20.580329932272434,
        54.74727999418974
      ],
      [
        20.580289950594306,
        54.74730991758406
      ],
      [
        20.580239994451404,
        54.747339924797416
      ],
      [
        20.58018995448947,
        54.74736993201077
      ],
      [
        20.580139998346567,
        54.747399939224124
      ],
      [
        20.58007998391986,
        54.74742994643748
      ],
      [
        20.580029943957925,
        54.74745995365083
      ],
      [
        20.579979987815022,
        54.747489960864186
      ],
      [
        20.57992994785309,
        54.747509993612766
      ],
      [
        20.57986993342638,
        54.747529942542315
      ],
      [
        20.579799944534898,
        54.747529942542315
      ],
      [
        20.57973993010819,
        54.74751996807754
      ],
      [
        20.579689973965287,
        54.747509993612766
      ],
      [
        20.579639934003353,
        54.74747998639941
      ],
      [
        20.579599952325225,
        54.74745995365083
      ],
      [
        20.579549996182323,
        54.74742994643748
      ],
      [
        20.57951998896897,
        54.747399939224124
      ],
      [
        20.579489981755614,
        54.74736993201077
      ],
      [
        20.579449916258454,
        54.74734998308122
      ],
      [
        20.579409934580326,
        54.74731997586787
      ],
      [
        20.579369952902198,
        54.74729994311929
      ],
      [
        20.57932997122407,
        54.74728996865451
      ],
      [
        20.57928998954594,
        54.74726993590593
      ],
      [
        20.57926995679736,
        54.74725996144116
      ],
      [
        20.57926995679736,
        54.74725996144116
      ],
      [
        20.57926995679736,
        54.74725996144116
      ],
      [
        20.57926995679736,
        54.74725996144116
      ],
      [
        20.57926995679736,
        54.74725996144116
      ],
      [
        20.57926995679736,
        54.74725996144116
      ],
      [
        20.579219916835427,
        54.74723992869258
      ],
      [
        20.579209942370653,
        54.74723992869258
      ]
    ]
  }
}
