{
  "type": "Feature",
  "id": "8b2eac21-1ea6-42c4-b8d6-57bda40eb862",
  "properties": {
    "id": "8b2eac21-1ea6-42c4-b8d6-57bda40eb862",
    "name": "Дом - Дедовск",
    "color": "#ff3300",
    "routeType": "Twiter Gravel V1",
    "isSelected": false
  },
  "geometry": {
    "type": "MultiLineString",
    "coordinates": [
      [
        [
          37.30496998876333,
          55.81208998337388
        ],
        [
          37.30494995601475,
          55.812079925090075
        ],
        [
          37.30492992326617,
          55.8120699506253
        ],
        [
          37.304909974336624,
          55.81204991787672
        ],
        [
          37.304889941588044,
          55.812039943411946
        ],
        [
          37.304869992658496,
          55.8120199944824
        ],
        [
          37.304849959909916,
          55.81200993619859
        ],
        [
          37.304829927161336,
          55.811989987269044
        ],
        [
          37.30479991994798,
          55.811969954520464
        ],
        [
          37.30476999655366,
          55.81195998005569
        ],
        [
          37.304739989340305,
          55.81193994730711
        ],
        [
          37.30470998212695,
          55.81191999837756
        ],
        [
          37.3046799749136,
          55.81189996562898
        ],
        [
          37.30465994216502,
          55.81186995841563
        ],
        [
          37.30464996770024,
          55.81184992566705
        ],
        [
          37.30461996048689,
          55.81181991845369
        ],
        [
          37.30457997880876,
          55.811799969524145
        ],
        [
          37.30453999713063,
          55.811779936775565
        ],
        [
          37.30449993163347,
          55.81174992956221
        ],
        [
          37.30446992442012,
          55.81172998063266
        ],
        [
          37.30444997549057,
          55.81169997341931
        ],
        [
          37.304419968277216,
          55.811669966205955
        ],
        [
          37.30438996106386,
          55.8116399589926
        ],
        [
          37.30435995385051,
          55.811609951779246
        ],
        [
          37.304309997707605,
          55.81157994456589
        ],
        [
          37.304269932210445,
          55.81154993735254
        ],
        [
          37.30422995053232,
          55.811519930139184
        ],
        [
          37.30418996885419,
          55.81148992292583
        ],
        [
          37.30414998717606,
          55.81145999953151
        ],
        [
          37.3041099216789,
          55.81142999231815
        ],
        [
          37.30406994000077,
          55.8113999851048
        ],
        [
          37.304029958322644,
          55.81135991960764
        ],
        [
          37.303989976644516,
          55.81132999621332
        ],
        [
          37.30394999496639,
          55.81129998899996
        ],
        [
          37.30390992946923,
          55.81126998178661
        ],
        [
          37.303879922255874,
          55.811239974573255
        ],
        [
          37.30382996611297,
          55.8112099673599
        ],
        [
          37.30378998443484,
          55.81118993461132
        ],
        [
          37.30374991893768,
          55.811159927397966
        ],
        [
          37.30369996279478,
          55.81112992018461
        ],
        [
          37.30366995558143,
          55.811109971255064
        ],
        [
          37.30363994836807,
          55.811069989576936
        ],
        [
          37.303599966689944,
          55.811049956828356
        ],
        [
          37.303559985011816,
          55.811019949615
        ],
        [
          37.303519919514656,
          55.81098994240165
        ],
        [
          37.30347993783653,
          55.81094996072352
        ],
        [
          37.3034399561584,
          55.810919953510165
        ],
        [
          37.30339997448027,
          55.81088994629681
        ],
        [
          37.30334993451834,
          55.81085993908346
        ],
        [
          37.303299978375435,
          55.8108299318701
        ],
        [
          37.3032499384135,
          55.81079992465675
        ],
        [
          37.30320995673537,
          55.810769917443395
        ],
        [
          37.30315991677344,
          55.81073999404907
        ],
        [
          37.303109960630536,
          55.81069992855191
        ],
        [
          37.3030599206686,
          55.81066992133856
        ],
        [
          37.303019938990474,
          55.810639997944236
        ],
        [
          37.30296998284757,
          55.81060999073088
        ],
        [
          37.30292991735041,
          55.81057998351753
        ],
        [
          37.30287996120751,
          55.81054997630417
        ],
        [
          37.30283997952938,
          55.810509994626045
        ],
        [
          37.30277996510267,
          55.81047998741269
        ],
        [
          37.30272992514074,
          55.81043992191553
        ],
        [
          37.30266999453306,
          55.81040999852121
        ],
        [
          37.30261995457113,
          55.81036993302405
        ],
        [
          37.30255994014442,
          55.810339925810695
        ],
        [
          37.30248995125294,
          55.81029994413257
        ],
        [
          37.30242993682623,
          55.810249987989664
        ],
        [
          37.30235994793475,
          55.810209922492504
        ],
        [
          37.302289959043264,
          55.810169940814376
        ],
        [
          37.302229944616556,
          55.81011998467147
        ],
        [
          37.302159955725074,
          55.81006994470954
        ],
        [
          37.30208996683359,
          55.81000993028283
        ],
        [
          37.30208996683359,
          55.81000993028283
        ],
        [
          37.30202995240688,
          55.80995997413993
        ],
        [
          37.30197999626398,
          55.80989995971322
        ],
        [
          37.30193993076682,
          55.80982997082174
        ],
        [
          37.30191998183727,
          55.80976995639503
        ],
        [
          37.30189994908869,
          55.80970994196832
        ],
        [
          37.301859967410564,
          55.809649927541614
        ],
        [
          37.301799952983856,
          55.809609945863485
        ],
        [
          37.3017199896276,
          55.80958999693394
        ],
        [
          37.30161999352276,
          55.80957993865013
        ],
        [
          37.30151999741793,
          55.80955998972058
        ],
        [
          37.301429975777864,
          55.809539956972
        ],
        [
          37.3013399541378,
          55.80950994975865
        ],
        [
          37.301279939711094,
          55.80945999361575
        ],
        [
          37.30122998356819,
          55.80939997918904
        ],
        [
          37.30119997635484,
          55.80933996476233
        ],
        [
          37.30115999467671,
          55.80927995033562
        ],
        [
          37.30111992917955,
          55.80920996144414
        ],
        [
          37.301089921966195,
          55.80913997255266
        ],
        [
          37.30104994028807,
          55.809069983661175
        ],
        [
          37.30098992586136,
          55.80900996923447
        ],
        [
          37.30092999525368,
          55.808939980342984
        ],
        [
          37.30083997361362,
          55.80888994038105
        ],
        [
          37.30073997750878,
          55.80883998423815
        ],
        [
          37.30063998140395,
          55.808789944276214
        ],
        [
          37.300529927015305,
          55.808749962598085
        ],
        [
          37.300419956445694,
          55.80870998091996
        ],
        [
          37.30030998587608,
          55.8086799737066
        ],
        [
          37.30019993148744,
          55.80864996649325
        ],
        [
          37.300079986453056,
          55.80860998481512
        ],
        [
          37.299969932064414,
          55.80857997760177
        ],
        [
          37.2998599614948,
          55.80854997038841
        ],
        [
          37.29974999092519,
          55.80851996317506
        ],
        [
          37.29963993653655,
          55.808489955961704
        ],
        [
          37.29952996596694,
          55.80845994874835
        ],
        [
          37.29941999539733,
          55.808429941534996
        ],
        [
          37.29930994100869,
          55.80839993432164
        ],
        [
          37.29920994490385,
          55.80836992710829
        ],
        [
          37.299109948799014,
          55.80832994543016
        ],
        [
          37.29900995269418,
          55.808299938216805
        ],
        [
          37.298919931054115,
          55.80825995653868
        ],
        [
          37.298829993233085,
          55.80821997486055
        ],
        [
          37.29875992052257,
          55.808169934898615
        ],
        [
          37.29868993163109,
          55.80811997875571
        ],
        [
          37.298639975488186,
          55.808059964329004
        ],
        [
          37.29859999381006,
          55.80800992436707
        ],
        [
          37.2985599283129,
          55.807949993759394
        ],
        [
          37.29849999770522,
          55.80791998654604
        ],
        [
          37.29842992499471,
          55.807909928262234
        ],
        [
          37.29834996163845,
          55.80791998654604
        ],
        [
          37.29827997274697,
          55.807909928262234
        ],
        [
          37.298209983855486,
          55.807909928262234
        ],
        [
          37.298139994964004,
          55.80789995379746
        ],
        [
          37.298079980537295,
          55.807889979332685
        ],
        [
          37.29800999164581,
          55.807889979332685
        ],
        [
          37.297949977219105,
          55.807889979332685
        ],
        [
          37.29787998832762,
          55.80787992104888
        ],
        [
          37.29780999943614,
          55.807889979332685
        ],
        [
          37.29772995226085,
          55.807889979332685
        ],
        [
          37.297649988904595,
          55.80789995379746
        ],
        [
          37.29755996726453,
          55.807909928262234
        ],
        [
          37.29746994562447,
          55.80791998654604
        ],
        [
          37.297369949519634,
          55.80793993547559
        ],
        [
          37.29727992787957,
          55.807949993759394
        ],
        [
          37.297179931774735,
          55.80795996822417
        ],
        [
          37.2970799356699,
          55.80796994268894
        ],
        [
          37.29697993956506,
          55.807979917153716
        ],
        [
          37.296879943460226,
          55.807979917153716
        ],
        [
          37.29677994735539,
          55.807979917153716
        ],
        [
          37.29667995125055,
          55.80795996822417
        ],
        [
          37.29657995514572,
          55.80795996822417
        ],
        [
          37.296489933505654,
          55.807949993759394
        ],
        [
          37.296399995684624,
          55.80791998654604
        ],
        [
          37.29634995572269,
          55.80787992104888
        ],
        [
          37.296339981257915,
          55.8078199904412
        ],
        [
          37.29632992297411,
          55.807759976014495
        ],
        [
          37.29632992297411,
          55.80768998712301
        ],
        [
          37.296339981257915,
          55.80761999823153
        ],
        [
          37.29634995572269,
          55.807549925521016
        ],
        [
          37.296339981257915,
          55.807479936629534
        ],
        [
          37.29632992297411,
          55.807419922202826
        ],
        [
          37.29630997404456,
          55.80734993331134
        ],
        [
          37.29630997404456,
          55.80727994441986
        ],
        [
          37.29630997404456,
          55.807199981063604
        ],
        [
          37.29629999957979,
          55.80712999217212
        ],
        [
          37.29627996683121,
          55.80705991946161
        ],
        [
          37.29625993408263,
          55.806989930570126
        ],
        [
          37.29622992686927,
          55.80690996721387
        ],
        [
          37.296189945191145,
          55.80683997832239
        ],
        [
          37.29613998904824,
          55.80677996389568
        ],
        [
          37.29608994908631,
          55.806709975004196
        ],
        [
          37.2960299346596,
          55.806639986112714
        ],
        [
          37.29596992023289,
          55.80656999722123
        ],
        [
          37.295909989625216,
          55.80650998279452
        ],
        [
          37.29581996798515,
          55.80645994283259
        ],
        [
          37.29572994634509,
          55.80640998668969
        ],
        [
          37.29563992470503,
          55.80635994672775
        ],
        [
          37.29555996134877,
          55.806299932301044
        ],
        [
          37.295459965243936,
          55.80624997615814
        ],
        [
          37.29537991806865,
          55.80619993619621
        ],
        [
          37.29527992196381,
          55.806149980053306
        ],
        [
          37.295199958607554,
          55.8060899656266
        ],
        [
          37.29510993696749,
          55.80603992566466
        ],
        [
          37.295009940862656,
          55.80598996952176
        ],
        [
          37.29491991922259,
          55.80593992955983
        ],
        [
          37.29482998140156,
          55.80587999895215
        ],
        [
          37.2947399597615,
          55.805829958990216
        ],
        [
          37.29464993812144,
          55.80577991902828
        ],
        [
          37.294559916481376,
          55.805719988420606
        ],
        [
          37.29445992037654,
          55.80566994845867
        ],
        [
          37.29436998255551,
          55.80561999231577
        ],
        [
          37.29426998645067,
          55.80555997788906
        ],
        [
          37.294189939275384,
          55.80550993792713
        ],
        [
          37.29408994317055,
          55.80544992350042
        ],
        [
          37.293999921530485,
          55.805399967357516
        ],
        [
          37.293909983709455,
          55.80533995293081
        ],
        [
          37.29381996206939,
          55.805289996787906
        ],
        [
          37.29372994042933,
          55.8052299823612
        ],
        [
          37.29363991878927,
          55.80517994239926
        ],
        [
          37.29355995543301,
          55.80512998625636
        ],
        [
          37.29346993379295,
          55.80506997182965
        ],
        [
          37.29337999597192,
          55.80501993186772
        ],
        [
          37.293289974331856,
          55.804969975724816
        ],
        [
          37.29319995269179,
          55.80490996129811
        ],
        [
          37.29310993105173,
          55.804859921336174
        ],
        [
          37.2930199932307,
          55.80480996519327
        ],
        [
          37.29292997159064,
          55.80475992523134
        ],
        [
          37.292839949950576,
          55.804709969088435
        ],
        [
          37.29274992831051,
          55.80464995466173
        ],
        [
          37.29265999048948,
          55.804599998518825
        ],
        [
          37.29256996884942,
          55.80454995855689
        ],
        [
          37.29247994720936,
          55.80448994413018
        ],
        [
          37.292389925569296,
          55.80443998798728
        ],
        [
          37.29230996221304,
          55.804389948025346
        ],
        [
          37.29221994057298,
          55.80433999188244
        ],
        [
          37.292129918932915,
          55.804279977455735
        ],
        [
          37.29204995557666,
          55.8042299374938
        ],
        [
          37.291959933936596,
          55.80416992306709
        ],
        [
          37.291869996115565,
          55.80411996692419
        ],
        [
          37.2917799744755,
          55.804069926962256
        ],
        [
          37.291699927300215,
          55.804019970819354
        ],
        [
          37.29162993840873,
          55.80396993085742
        ],
        [
          37.291569923982024,
          55.80392994917929
        ],
        [
          37.29149993509054,
          55.80388996750116
        ],
        [
          37.29142994619906,
          55.80385996028781
        ],
        [
          37.2913499828428,
          55.80381997860968
        ],
        [
          37.291269935667515,
          55.80377999693155
        ],
        [
          37.29119994677603,
          55.80373993143439
        ],
        [
          37.29110992513597,
          55.80368997529149
        ],
        [
          37.291029961779714,
          55.80363993532956
        ],
        [
          37.29094999842346,
          55.80359995365143
        ],
        [
          37.29087992571294,
          55.803549997508526
        ],
        [
          37.29080993682146,
          55.803509932011366
        ],
        [
          37.290729973465204,
          55.80345997586846
        ],
        [
          37.29065998457372,
          55.80340993590653
        ],
        [
          37.29058999568224,
          55.803379928693175
        ],
        [
          37.29052998125553,
          55.80333994701505
        ],
        [
          37.29045999236405,
          55.80330993980169
        ],
        [
          37.290389919653535,
          55.803289990872145
        ],
        [
          37.29030995629728,
          55.80325998365879
        ],
        [
          37.29022999294102,
          55.803249925374985
        ],
        [
          37.29013997130096,
          55.80323995091021
        ],
        [
          37.2900499496609,
          55.80322997644544
        ],
        [
          37.289979960769415,
          55.80322997644544
        ],
        [
          37.28989999741316,
          55.80323995091021
        ],
        [
          37.28983998298645,
          55.803269958123565
        ],
        [
          37.28977996855974,
          55.80329996533692
        ],
        [
          37.28970997966826,
          55.80333994701505
        ],
        [
          37.28963999077678,
          55.803379928693175
        ],
        [
          37.28956991806626,
          55.80340993590653
        ],
        [
          37.28949992917478,
          55.80344991758466
        ],
        [
          37.289419965818524,
          55.80348998308182
        ],
        [
          37.28932994417846,
          55.80353993922472
        ],
        [
          37.289249980822206,
          55.80357992090285
        ],
        [
          37.28916993364692,
          55.80361998640001
        ],
        [
          37.28907999582589,
          55.80366994254291
        ],
        [
          37.2889999486506,
          55.803719982504845
        ],
        [
          37.288909927010536,
          55.80376993864775
        ],
        [
          37.2888099309057,
          55.80381997860968
        ],
        [
          37.28871999308467,
          55.80385996028781
        ],
        [
          37.28862997144461,
          55.80390991643071
        ],
        [
          37.288539949804544,
          55.803959956392646
        ],
        [
          37.28843995369971,
          55.803989963606
        ],
        [
          37.28833995759487,
          55.80400999635458
        ],
        [
          37.28822998702526,
          55.80402994528413
        ],
        [
          37.28811993263662,
          55.80404997803271
        ],
        [
          37.28800996206701,
          55.80405995249748
        ],
        [
          37.28790996596217,
          55.80407998524606
        ],
        [
          37.28779999539256,
          55.80409993417561
        ],
        [
          37.2877099737525,
          55.80411996692419
        ],
        [
          37.287639984861016,
          55.80415994860232
        ],
        [
          37.28757997043431,
          55.80420998856425
        ],
        [
          37.287529930472374,
          55.80424997024238
        ],
        [
          37.28747997432947,
          55.80429992638528
        ],
        [
          37.28742993436754,
          55.80434996634722
        ],
        [
          37.287379978224635,
          55.80439992249012
        ],
        [
          37.2873299382627,
          55.80443998798728
        ],
        [
          37.28726992383599,
          55.80447996966541
        ],
        [
          37.287209993228316,
          55.804519951343536
        ],
        [
          37.287169927731156,
          55.804559933021665
        ],
        [
          37.2871399205178,
          55.804599998518825
        ],
        [
          37.287119971588254,
          55.80463998019695
        ],
        [
          37.287099938839674,
          55.80466998741031
        ],
        [
          37.287079989910126,
          55.80471994355321
        ],
        [
          37.28704998269677,
          55.80474995076656
        ],
        [
          37.28702994994819,
          55.80478993244469
        ],
        [
          37.28699994273484,
          55.80482999794185
        ],
        [
          37.28697999380529,
          55.8048499468714
        ],
        [
          37.286949986591935,
          55.80486997961998
        ],
        [
          37.28689994663,
          55.80486997961998
        ],
        [
          37.28685996495187,
          55.804879954084754
        ],
        [
          37.28680992498994,
          55.804879954084754
        ],
        [
          37.28674999438226,
          55.80488992854953
        ],
        [
          37.28669995442033,
          55.804899986833334
        ],
        [
          37.286649998277426,
          55.80490996129811
        ],
        [
          37.28661999106407,
          55.80493996851146
        ],
        [
          37.28658998385072,
          55.80495991744101
        ],
        [
          37.28655997663736,
          55.804989924654365
        ],
        [
          37.28653994388878,
          55.805009957402945
        ],
        [
          37.286519994959235,
          55.8050399646163
        ],
        [
          37.28648998774588,
          55.80506997182965
        ],
        [
          37.28645998053253,
          55.8050899207592
        ],
        [
          37.28642997331917,
          55.80509997904301
        ],
        [
          37.28639996610582,
          55.805119927972555
        ],
        [
          37.286369958892465,
          55.80512998625636
        ],
        [
          37.28633995167911,
          55.805139960721135
        ],
        [
          37.28629997000098,
          55.805159993469715
        ],
        [
          37.28626996278763,
          55.80517994239926
        ],
        [
          37.286219922825694,
          55.80520994961262
        ],
        [
          37.28616996668279,
          55.80523995682597
        ],
        [
          37.28610995225608,
          55.805269964039326
        ],
        [
          37.286049937829375,
          55.80529997125268
        ],
        [
          37.28597994893789,
          55.80533995293081
        ],
        [
          37.285899985581636,
          55.80536996014416
        ],
        [
          37.28581993840635,
          55.80540994182229
        ],
        [
          37.28573997505009,
          55.80544992350042
        ],
        [
          37.285639978945255,
          55.80548998899758
        ],
        [
          37.28555993176997,
          55.80552997067571
        ],
        [
          37.28545993566513,
          55.805569952353835
        ],
        [
          37.285359939560294,
          55.80560993403196
        ],
        [
          37.28525994345546,
          55.80564999952912
        ],
        [
          37.28513999842107,
          55.805679922923446
        ],
        [
          37.28502994403243,
          55.805679922923446
        ],
        [
          37.28489994071424,
          55.8056599739939
        ],
        [
          37.284759962931275,
          55.80561999231577
        ],
        [
          37.284629959613085,
          55.80557992681861
        ],
        [
          37.284499956294894,
          55.80552997067571
        ],
        [
          37.28435997851193,
          55.80548998899758
        ],
        [
          37.28422997519374,
          55.805439949035645
        ],
        [
          37.284089997410774,
          55.805379934608936
        ],
        [
          37.28396996855736,
          55.80531992018223
        ],
        [
          37.28385999798775,
          55.805249931290746
        ],
        [
          37.28375991806388,
          55.80517994239926
        ],
        [
          37.28365992195904,
          55.80510995350778
        ],
        [
          37.28356998413801,
          55.8050399646163
        ],
        [
          37.283469988033175,
          55.804969975724816
        ],
        [
          37.28335993364453,
          55.80490996129811
        ],
        [
          37.28324996307492,
          55.804859921336174
        ],
        [
          37.28310998529196,
          55.80480996519327
        ],
        [
          37.28296992368996,
          55.80477995797992
        ],
        [
          37.282829945907,
          55.80475992523134
        ],
        [
          37.28267999365926,
          55.80473997630179
        ],
        [
          37.28253993205726,
          55.80472991801798
        ],
        [
          37.28238997980952,
          55.80471994355321
        ],
        [
          37.28223994374275,
          55.80469999462366
        ],
        [
          37.28209996595979,
          55.804689936339855
        ],
        [
          37.28195998817682,
          55.80467996187508
        ],
        [
          37.28182998485863,
          55.80466998741031
        ],
        [
          37.28167994879186,
          55.80464995466173
        ],
        [
          37.28154994547367,
          55.80463998019695
        ],
        [
          37.281409967690706,
          55.80462992191315
        ],
        [
          37.28126998990774,
          55.80461994744837
        ],
        [
          37.28111995384097,
          55.804599998518825
        ],
        [
          37.28098995052278,
          55.80458994023502
        ],
        [
          37.28085994720459,
          55.80456999130547
        ],
        [
          37.2807299438864,
          55.80454995855689
        ],
        [
          37.28059994056821,
          55.804539984092116
        ],
        [
          37.28046993725002,
          55.804519951343536
        ],
        [
          37.28033993393183,
          55.804499918594956
        ],
        [
          37.28019995614886,
          55.80448994413018
        ],
        [
          37.28006995283067,
          55.80447996966541
        ],
        [
          37.27993994951248,
          55.80445993691683
        ],
        [
          37.27979997172952,
          55.804449962452054
        ],
        [
          37.279669968411326,
          55.80443998798728
        ],
        [
          37.279539965093136,
          55.8044199552387
        ],
        [
          37.279409961774945,
          55.80439992249012
        ],
        [
          37.279279958456755,
          55.80437997356057
        ],
        [
          37.27915992960334,
          55.80435994081199
        ],
        [
          37.27904995903373,
          55.80435994081199
        ],
        [
          37.27892993018031,
          55.80433999188244
        ],
        [
          37.2788199596107,
          55.80432993359864
        ],
        [
          37.278699930757284,
          55.80430998466909
        ],
        [
          37.2785799857229,
          55.80429992638528
        ],
        [
          37.27844998240471,
          55.80428995192051
        ],
        [
          37.27832995355129,
          55.804279977455735
        ],
        [
          37.2781999502331,
          55.804259944707155
        ],
        [
          37.278079921379685,
          55.80423999577761
        ],
        [
          37.277949918061495,
          55.8042299374938
        ],
        [
          37.277819998562336,
          55.80420998856425
        ],
        [
          37.277689995244145,
          55.80419993028045
        ],
        [
          37.277559991925955,
          55.80418995581567
        ],
        [
          37.27741993032396,
          55.80416992306709
        ],
        [
          37.27728992700577,
          55.804149974137545
        ],
        [
          37.27715992368758,
          55.804149974137545
        ],
        [
          37.27701994590461,
          55.80413999967277
        ],
        [
          37.27688994258642,
          55.80413999967277
        ],
        [
          37.27675993926823,
          55.80413999967277
        ],
        [
          37.27661996148527,
          55.804149974137545
        ],
        [
          37.276489958167076,
          55.804149974137545
        ],
        [
          37.276359954848886,
          55.804149974137545
        ],
        [
          37.276229951530695,
          55.804149974137545
        ],
        [
          37.276099948212504,
          55.80413999967277
        ],
        [
          37.275969944894314,
          55.80411996692419
        ],
        [
          37.27583994157612,
          55.80409993417561
        ],
        [
          37.27570993825793,
          55.804069926962256
        ],
        [
          37.27556996047497,
          55.8040399197489
        ],
        [
          37.27543995715678,
          55.804019970819354
        ],
        [
          37.27528992109001,
          55.803989963606
        ],
        [
          37.27513996884227,
          55.803959956392646
        ],
        [
          37.27496998384595,
          55.803939923644066
        ],
        [
          37.27481994777918,
          55.80391997471452
        ],
        [
          37.27466999553144,
          55.80389994196594
        ],
        [
          37.274509984999895,
          55.80387999303639
        ],
        [
          37.274359948933125,
          55.80385996028781
        ],
        [
          37.27419993840158,
          55.803849985823035
        ],
        [
          37.274059960618615,
          55.803829953074455
        ],
        [
          37.27389995008707,
          55.80381997860968
        ],
        [
          37.273759972304106,
          55.8037999458611
        ],
        [
          37.27361999452114,
          55.80377999693155
        ],
        [
          37.273479932919145,
          55.80376993864775
        ],
        [
          37.273329980671406,
          55.80375996418297
        ],
        [
          37.273199977353215,
          55.80373993143439
        ],
        [
          37.27305999957025,
          55.80372995696962
        ],
        [
          37.272919937968254,
          55.803719982504845
        ],
        [
          37.27278993465006,
          55.803699949756265
        ],
        [
          37.2726499568671,
          55.80368997529149
        ],
        [
          37.272509979084134,
          55.80366994254291
        ],
        [
          37.27236991748214,
          55.80364999361336
        ],
        [
          37.27223999798298,
          55.80363993532956
        ],
        [
          37.27208996191621,
          55.80361998640001
        ],
        [
          37.27195995859802,
          55.80359995365143
        ],
        [
          37.27181998081505,
          55.803589979186654
        ],
        [
          37.27167991921306,
          55.803569946438074
        ],
        [
          37.2715499997139,
          55.803549997508526
        ],
        [
          37.2714099381119,
          55.80353993922472
        ],
        [
          37.27127993479371,
          55.803529964759946
        ],
        [
          37.271139957010746,
          55.803509932011366
        ],
        [
          37.27101992815733,
          55.80349995754659
        ],
        [
          37.27088992483914,
          55.80347992479801
        ],
        [
          37.270769979804754,
          55.80346995033324
        ],
        [
          37.27064995095134,
          55.80345997586846
        ],
        [
          37.27053998038173,
          55.80343994311988
        ],
        [
          37.270429925993085,
          55.80342996865511
        ],
        [
          37.270319955423474,
          55.803419994190335
        ],
        [
          37.27019992657006,
          55.80340993590653
        ],
        [
          37.27008995600045,
          55.803399961441755
        ],
        [
          37.26998995989561,
          55.803379928693175
        ],
        [
          37.269879989326,
          55.80335997976363
        ],
        [
          37.26976993493736,
          55.80333994701505
        ],
        [
          37.26965996436775,
          55.80332997255027
        ],
        [
          37.26954999379814,
          55.80335997976363
        ],
        [
          37.269459972158074,
          55.803399961441755
        ],
        [
          37.269379924982786,
          55.80344991758466
        ],
        [
          37.269289987161756,
          55.80348998308182
        ],
        [
          37.26919996552169,
          55.80353993922472
        ],
        [
          37.26910994388163,
          55.803589979186654
        ],
        [
          37.26899997331202,
          55.80363993532956
        ],
        [
          37.26888991892338,
          55.803679917007685
        ],
        [
          37.26877994835377,
          55.803719982504845
        ],
        [
          37.26864994503558,
          55.8037499897182
        ],
        [
          37.26850996725261,
          55.80376993864775
        ],
        [
          37.26836998946965,
          55.80377999693155
        ],
        [
          37.26821995340288,
          55.80378997139633
        ],
        [
          37.268069917336106,
          55.80378997139633
        ],
        [
          37.26792993955314,
          55.80377999693155
        ],
        [
          37.26778996177018,
          55.80376993864775
        ],
        [
          37.26764998398721,
          55.80373993143439
        ],
        [
          37.26751998066902,
          55.80370992422104
        ],
        [
          37.267379919067025,
          55.803679917007685
        ],
        [
          37.267249999567866,
          55.80364999361336
        ],
        [
          37.26710993796587,
          55.80361998640001
        ],
        [
          37.26697993464768,
          55.803589979186654
        ],
        [
          37.26684993132949,
          55.8035599719733
        ],
        [
          37.266729986295104,
          55.803529964759946
        ],
        [
          37.26659998297691,
          55.80348998308182
        ],
        [
          37.2664799541235,
          55.80345997586846
        ],
        [
          37.26635992527008,
          55.80342996865511
        ],
        [
          37.266239980235696,
          55.80340993590653
        ],
        [
          37.266109976917505,
          55.803379928693175
        ],
        [
          37.26598994806409,
          55.80335997976363
        ],
        [
          37.2658599447459,
          55.80333994701505
        ],
        [
          37.26573999971151,
          55.80332997255027
        ],
        [
          37.26560999639332,
          55.8033199980855
        ],
        [
          37.26548996753991,
          55.80330993980169
        ],
        [
          37.26536993868649,
          55.80330993980169
        ],
        [
          37.265249993652105,
          55.80330993980169
        ],
        [
          37.26512996479869,
          55.8033199980855
        ],
        [
          37.26500993594527,
          55.80332997255027
        ],
        [
          37.26489996537566,
          55.80333994701505
        ],
        [
          37.26478999480605,
          55.80335997976363
        ],
        [
          37.264689998701215,
          55.8033699542284
        ],
        [
          37.26458991877735,
          55.80338998697698
        ],
        [
          37.26448992267251,
          55.80340993590653
        ],
        [
          37.26439998485148,
          55.80342996865511
        ],
        [
          37.26430996321142,
          55.80344991758466
        ],
        [
          37.264219941571355,
          55.80346995033324
        ],
        [
          37.2641399782151,
          55.80348998308182
        ],
        [
          37.26405993103981,
          55.803509932011366
        ],
        [
          37.26398994214833,
          55.80353993922472
        ],
        [
          37.263919953256845,
          55.8035599719733
        ],
        [
          37.26384996436536,
          55.80357992090285
        ],
        [
          37.263769917190075,
          55.80359995365143
        ],
        [
          37.26369992829859,
          55.80361998640001
        ],
        [
          37.26362993940711,
          55.80363993532956
        ],
        [
          37.2635699249804,
          55.803659968078136
        ],
        [
          37.26349993608892,
          55.803679917007685
        ],
        [
          37.26342994719744,
          55.803699949756265
        ],
        [
          37.26336993277073,
          55.80370992422104
        ],
        [
          37.26330991834402,
          55.80372995696962
        ],
        [
          37.26323992945254,
          55.80373993143439
        ],
        [
          37.26317999884486,
          55.80375996418297
        ],
        [
          37.26310992613435,
          55.80377999693155
        ],
        [
          37.26304999552667,
          55.8037999458611
        ],
        [
          37.26297992281616,
          55.803809920325875
        ],
        [
          37.26291999220848,
          55.803829953074455
        ],
        [
          37.26284991949797,
          55.803849985823035
        ],
        [
          37.26278998889029,
          55.80385996028781
        ],
        [
          37.262739948928356,
          55.80387999303639
        ],
        [
          37.262689992785454,
          55.80388996750116
        ],
        [
          37.26263995282352,
          55.80389994196594
        ],
        [
          37.26257993839681,
          55.80391997471452
        ],
        [
          37.26252998225391,
          55.80392994917929
        ],
        [
          37.262479942291975,
          55.80394998192787
        ],
        [
          37.26241992786527,
          55.803959956392646
        ],
        [
          37.262369971722364,
          55.803979989141226
        ],
        [
          37.26231993176043,
          55.803989963606
        ],
        [
          37.26225991733372,
          55.80400999635458
        ],
        [
          37.262199986726046,
          55.804019970819354
        ],
        [
          37.26213997229934,
          55.80402994528413
        ],
        [
          37.26207995787263,
          55.80404997803271
        ],
        [
          37.26201994344592,
          55.80405995249748
        ],
        [
          37.26195992901921,
          55.80407998524606
        ],
        [
          37.26188994012773,
          55.80409993417561
        ],
        [
          37.26182992570102,
          55.804109992459416
        ],
        [
          37.26175993680954,
          55.804129941388965
        ],
        [
          37.26169992238283,
          55.804149974137545
        ],
        [
          37.26162993349135,
          55.80416992306709
        ],
        [
          37.26156991906464,
          55.80418995581567
        ],
        [
          37.26149993017316,
          55.80419993028045
        ],
        [
          37.26143999956548,
          55.80421996302903
        ],
        [
          37.26136992685497,
          55.80423999577761
        ],
        [
          37.261299937963486,
          55.80426991917193
        ],
        [
          37.261229949072,
          55.80428995192051
        ],
        [
          37.26115996018052,
          55.80430998466909
        ],
        [
          37.26108997128904,
          55.80432993359864
        ],
        [
          37.26100992411375,
          55.80434996634722
        ],
        [
          37.26091998629272,
          55.80437997356057
        ],
        [
          37.26083993911743,
          55.8044199552387
        ],
        [
          37.26074991747737,
          55.804449962452054
        ],
        [
          37.26066995412111,
          55.80448994413018
        ],
        [
          37.260589990764856,
          55.804539984092116
        ],
        [
          37.26050994358957,
          55.804579965770245
        ],
        [
          37.26042998023331,
          55.80462992191315
        ],
        [
          37.26033995859325,
          55.80467996187508
        ],
        [
          37.26025999523699,
          55.80472991801798
        ],
        [
          37.260179948061705,
          55.80477995797992
        ],
        [
          37.26008992642164,
          55.804839972406626
        ],
        [
          37.25999998860061,
          55.80488992854953
        ],
        [
          37.25990996696055,
          55.804949942976236
        ],
        [
          37.25981994532049,
          55.805009957402945
        ],
        [
          37.25971994921565,
          55.80506997182965
        ],
        [
          37.25960997864604,
          55.80512998625636
        ],
        [
          37.2594999242574,
          55.80517994239926
        ],
        [
          37.25937997922301,
          55.8052299823612
        ],
        [
          37.25924997590482,
          55.805269964039326
        ],
        [
          37.25911997258663,
          55.805309945717454
        ],
        [
          37.258999943733215,
          55.80534992739558
        ],
        [
          37.25885996595025,
          55.80538999289274
        ],
        [
          37.25872996263206,
          55.80542997457087
        ],
        [
          37.25859995931387,
          55.805459981784225
        ],
        [
          37.25847993046045,
          55.80548998899758
        ],
        [
          37.25835998542607,
          55.80552997067571
        ],
        [
          37.25823995657265,
          55.805569952353835
        ],
        [
          37.258119927719235,
          55.80559995956719
        ],
        [
          37.25799998268485,
          55.80562996678054
        ],
        [
          37.25788992829621,
          55.8056599739939
        ],
        [
          37.2577799577266,
          55.80568998120725
        ],
        [
          37.25766998715699,
          55.805719988420606
        ],
        [
          37.257559932768345,
          55.80574999563396
        ],
        [
          37.25745993666351,
          55.80577991902828
        ],
        [
          37.25735994055867,
          55.805809926241636
        ],
        [
          37.257259944453835,
          55.80583993345499
        ],
        [
          37.257149973884225,
          55.80585996620357
        ],
        [
          37.25704997777939,
          55.805889973416924
        ],
        [
          37.25694998167455,
          55.80590992234647
        ],
        [
          37.256849985569715,
          55.80593992955983
        ],
        [
          37.25675996392965,
          55.80596993677318
        ],
        [
          37.25665996782482,
          55.805999943986535
        ],
        [
          37.256569946184754,
          55.806019976735115
        ],
        [
          37.25647992454469,
          55.80604998394847
        ],
        [
          37.25638998672366,
          55.80606993287802
        ],
        [
          37.256289990618825,
          55.80609994009137
        ],
        [
          37.25619996897876,
          55.80611997283995
        ],
        [
          37.2561099473387,
          55.806149980053306
        ],
        [
          37.25601992569864,
          55.806169928982854
        ],
        [
          37.25593996234238,
          55.80619993619621
        ],
        [
          37.25584994070232,
          55.80622994340956
        ],
        [
          37.25575991906226,
          55.80624997615814
        ],
        [
          37.255669981241226,
          55.806279983371496
        ],
        [
          37.255579959601164,
          55.806299932301044
        ],
        [
          37.25549999624491,
          55.8063299395144
        ],
        [
          37.255409974604845,
          55.80634997226298
        ],
        [
          37.25532992742956,
          55.80636992119253
        ],
        [
          37.255239989608526,
          55.80639992840588
        ],
        [
          37.255149967968464,
          55.80641996115446
        ],
        [
          37.255069920793176,
          55.80643999390304
        ],
        [
          37.254979982972145,
          55.80646991729736
        ],
        [
          37.25489993579686,
          55.80648995004594
        ],
        [
          37.2548199724406,
          55.8065199572593
        ],
        [
          37.25472995080054,
          55.80653999000788
        ],
        [
          37.25464998744428,
          55.806559938937426
        ],
        [
          37.25456994026899,
          55.806579971686006
        ],
        [
          37.25448997691274,
          55.80660997889936
        ],
        [
          37.254399955272675,
          55.80662992782891
        ],
        [
          37.25431999191642,
          55.80664996057749
        ],
        [
          37.25423994474113,
          55.80666999332607
        ],
        [
          37.25415998138487,
          55.80669991672039
        ],
        [
          37.254079934209585,
          55.80671994946897
        ],
        [
          37.253989996388555,
          55.80673998221755
        ],
        [
          37.253909949213266,
          55.8067599311471
        ],
        [
          37.25382998585701,
          55.80678993836045
        ],
        [
          37.25374993868172,
          55.80680997110903
        ],
        [
          37.25367994979024,
          55.80682992003858
        ],
        [
          37.25359998643398,
          55.806859927251935
        ],
        [
          37.253519939258695,
          55.806879960000515
        ],
        [
          37.25344995036721,
          55.806899992749095
        ],
        [
          37.25337996147573,
          55.80691994167864
        ],
        [
          37.25330997258425,
          55.80693997442722
        ],
        [
          37.253239983692765,
          55.80695992335677
        ],
        [
          37.25316999480128,
          55.80697995610535
        ],
        [
          37.25309992209077,
          55.80699998885393
        ],
        [
          37.25302993319929,
          55.80701993778348
        ],
        [
          37.252959944307804,
          55.80703997053206
        ],
        [
          37.252899929881096,
          55.80705991946161
        ],
        [
          37.25282994098961,
          55.80707995221019
        ],
        [
          37.25275995209813,
          55.80709998495877
        ],
        [
          37.25269993767142,
          55.807119933888316
        ],
        [
          37.25262994877994,
          55.80712999217212
        ],
        [
          37.25255995988846,
          55.80714994110167
        ],
        [
          37.252489970996976,
          55.80716997385025
        ],
        [
          37.25242995657027,
          55.8071899227798
        ],
        [
          37.252359967678785,
          55.807199981063604
        ],
        [
          37.25229995325208,
          55.80721992999315
        ],
        [
          37.252229964360595,
          55.80723996274173
        ],
        [
          37.25216994993389,
          55.80725999549031
        ],
        [
          37.252099961042404,
          55.80727994441986
        ],
        [
          37.252039946615696,
          55.807289918884635
        ],
        [
          37.25197993218899,
          55.807309951633215
        ],
        [
          37.25191991776228,
          55.807329984381795
        ],
        [
          37.2518499288708,
          55.80734993331134
        ],
        [
          37.251779939979315,
          55.80735999159515
        ],
        [
          37.25170995108783,
          55.8073799405247
        ],
        [
          37.25163996219635,
          55.80739997327328
        ],
        [
          37.25156997330487,
          55.807419922202826
        ],
        [
          37.25150995887816,
          55.80742998048663
        ],
        [
          37.25143996998668,
          55.80744992941618
        ],
        [
          37.25137995555997,
          55.80746996216476
        ],
        [
          37.25131994113326,
          55.80748999491334
        ],
        [
          37.25124995224178,
          55.80750994384289
        ],
        [
          37.25118993781507,
          55.80752997659147
        ],
        [
          37.25111994892359,
          55.807549925521016
        ],
        [
          37.25105993449688,
          55.807569958269596
        ],
        [
          37.2509899456054,
          55.80757993273437
        ],
        [
          37.250919956713915,
          55.80759996548295
        ],
        [
          37.25084996782243,
          55.80761999823153
        ],
        [
          37.250789953395724,
          55.80763994716108
        ],
        [
          37.25071996450424,
          55.80765997990966
        ],
        [
          37.25064997561276,
          55.80767992883921
        ],
        [
          37.25057998672128,
          55.80769996158779
        ],
        [
          37.25051997229457,
          55.80771999433637
        ],
        [
          37.25044998340309,
          55.807739943265915
        ],
        [
          37.2503699362278,
          55.807759976014495
        ],
        [
          37.25030992180109,
          55.80776995047927
        ],
        [
          37.250229958444834,
          55.80778998322785
        ],
        [
          37.25015996955335,
          55.8078099321574
        ],
        [
          37.25009995512664,
          55.80782996490598
        ],
        [
          37.25002996623516,
          55.80784999765456
        ],
        [
          37.24995997734368,
          55.807869946584105
        ],
        [
          37.249889988452196,
          55.807889979332685
        ],
        [
          37.24980994127691,
          55.807909928262234
        ],
        [
          37.249739952385426,
          55.807929961010814
        ],
        [
          37.24967993795872,
          55.807949993759394
        ],
        [
          37.24959997460246,
          55.80796994268894
        ],
        [
          37.24952998571098,
          55.80798997543752
        ],
        [
          37.24944993853569,
          55.80800992436707
        ],
        [
          37.249369975179434,
          55.80802995711565
        ],
        [
          37.24929998628795,
          55.808039931580424
        ],
        [
          37.24922999739647,
          55.808059964329004
        ],
        [
          37.249159924685955,
          55.808079997077584
        ],
        [
          37.2490799613297,
          55.80809994600713
        ],
        [
          37.249009972438216,
          55.80811997875571
        ],
        [
          37.248939983546734,
          55.80813992768526
        ],
        [
          37.248859936371446,
          55.80815996043384
        ],
        [
          37.24878994747996,
          55.80817999318242
        ],
        [
          37.24870998412371,
          55.808189967647195
        ],
        [
          37.248639995232224,
          55.80821997486055
        ],
        [
          37.24856992252171,
          55.80822994932532
        ],
        [
          37.248489959165454,
          55.80825995653868
        ],
        [
          37.24841997027397,
          55.80826993100345
        ],
        [
          37.24833992309868,
          55.80828996375203
        ],
        [
          37.2482699342072,
          55.80830999650061
        ],
        [
          37.24819994531572,
          55.80832994543016
        ],
        [
          37.248129956424236,
          55.80834997817874
        ],
        [
          37.24804999306798,
          55.80836992710829
        ],
        [
          37.247979920357466,
          55.80838995985687
        ],
        [
          37.24790993146598,
          55.80840999260545
        ],
        [
          37.24782996810973,
          55.808429941534996
        ],
        [
          37.247759979218245,
          55.808449974283576
        ],
        [
          37.247679932042956,
          55.808469923213124
        ],
        [
          37.247609943151474,
          55.808489955961704
        ],
        [
          37.24753995425999,
          55.808509988710284
        ],
        [
          37.24746996536851,
          55.80852993763983
        ],
        [
          37.2474099509418,
          55.80854997038841
        ],
        [
          37.247329987585545,
          55.80856991931796
        ],
        [
          37.24725999869406,
          55.80858995206654
        ],
        [
          37.247199984267354,
          55.80860998481512
        ],
        [
          37.24712999537587,
          55.80862993374467
        ],
        [
          37.24705992266536,
          55.80864996649325
        ],
        [
          37.246989933773875,
          55.80866999924183
        ],
        [
          37.24691994488239,
          55.80868994817138
        ],
        [
          37.24684995599091,
          55.80870998091996
        ],
        [
          37.24677996709943,
          55.80871995538473
        ],
        [
          37.24671995267272,
          55.80873998813331
        ],
        [
          37.24664996378124,
          55.80875993706286
        ],
        [
          37.246579974889755,
          55.80877996981144
        ],
        [
          37.24650998599827,
          55.808789944276214
        ],
        [
          37.24643999710679,
          55.808809977024794
        ],
        [
          37.24637998268008,
          55.80883998423815
        ],
        [
          37.2463099937886,
          55.80884995870292
        ],
        [
          37.246239921078086,
          55.8088699914515
        ],
        [
          37.2461699321866,
          55.80888994038105
        ],
        [
          37.246109917759895,
          55.80890997312963
        ],
        [
          37.24603992886841,
          55.80892992205918
        ],
        [
          37.24595996551216,
          55.80894995480776
        ],
        [
          37.245889976620674,
          55.80896998755634
        ],
        [
          37.24581998772919,
          55.80897996202111
        ],
        [
          37.245759973302484,
          55.80899999476969
        ],
        [
          37.245699958875775,
          55.80901994369924
        ],
        [
          37.24563994444907,
          55.80903997644782
        ],
        [
          37.24557993002236,
          55.80905992537737
        ],
        [
          37.24551999941468,
          55.80907995812595
        ],
        [
          37.24547993391752,
          55.80908993259072
        ],
        [
          37.24542997777462,
          55.80911993980408
        ],
        [
          37.245399970561266,
          55.80913997255266
        ],
        [
          37.24538999609649,
          55.809159921482205
        ],
        [
          37.24538999609649,
          55.80916997976601
        ],
        [
          37.24538999609649,
          55.80916997976601
        ],
        [
          37.24538999609649,
          55.80916997976601
        ],
        [
          37.245269967243075,
          55.809199986979365
        ],
        [
          37.24522998556495,
          55.80920996144414
        ],
        [
          37.24518992006779,
          55.80920996144414
        ],
        [
          37.245139963924885,
          55.809219935908914
        ],
        [
          37.24509998224676,
          55.809219935908914
        ],
        [
          37.24503996782005,
          55.80920996144414
        ],
        [
          37.24497995339334,
          55.80920996144414
        ],
        [
          37.24492999725044,
          55.80922999419272
        ],
        [
          37.244879957288504,
          55.809239968657494
        ],
        [
          37.24482991732657,
          55.80925991758704
        ],
        [
          37.24476998671889,
          55.80926997587085
        ],
        [
          37.24471994675696,
          55.80927995033562
        ],
        [
          37.24464995786548,
          55.809289924800396
        ],
        [
          37.24458994343877,
          55.80931993201375
        ],
        [
          37.244519954547286,
          55.80933996476233
        ],
        [
          37.244449965655804,
          55.80935999751091
        ],
        [
          37.244369918480515,
          55.80937994644046
        ],
        [
          37.24429992958903,
          55.80939997918904
        ],
        [
          37.24424997344613,
          55.80941992811859
        ],
        [
          37.2441999334842,
          55.80942998640239
        ],
        [
          37.24416992627084,
          55.80943996086717
        ],
        [
          37.24413991905749,
          55.80944993533194
        ],
        [
          37.24411997012794,
          55.80944993533194
        ],
        [
          37.24407998844981,
          55.80944993533194
        ],
        [
          37.244019974023104,
          55.80945999361575
        ],
        [
          37.24394998513162,
          55.809479942545295
        ],
        [
          37.24387999624014,
          55.809499975293875
        ],
        [
          37.24378997460008,
          55.80951992422342
        ],
        [
          37.243699952960014,
          55.809539956972
        ],
        [
          37.24359995685518,
          55.80956996418536
        ],
        [
          37.24349996075034,
          55.80959997139871
        ],
        [
          37.24338999018073,
          55.809629978612065
        ],
        [
          37.243269961327314,
          55.80965998582542
        ],
        [
          37.2431499324739,
          55.80968999303877
        ],
        [
          37.24302998743951,
          55.8097299747169
        ],
        [
          37.24289998412132,
          55.80976995639503
        ],
        [
          37.242779955267906,
          55.809799963608384
        ],
        [
          37.24265992641449,
          55.80983994528651
        ],
        [
          37.2425299230963,
          55.80987992696464
        ],
        [
          37.242409978061914,
          55.8099199924618
        ],
        [
          37.2422899492085,
          55.80995997413993
        ],
        [
          37.24217997863889,
          55.80998998135328
        ],
        [
          37.242089956998825,
          55.81000993028283
        ],
        [
          37.24199993535876,
          55.81000993028283
        ],
        [
          37.241919972002506,
          55.81000993028283
        ],
        [
          37.24183992482722,
          55.80998998135328
        ],
        [
          37.24175996147096,
          55.80995997413993
        ],
        [
          37.241679998114705,
          55.809929966926575
        ],
        [
          37.24158997647464,
          55.809909934177995
        ],
        [
          37.241479922086,
          55.809909934177995
        ],
        [
          37.24136995151639,
          55.809929966926575
        ],
        [
          37.24124992266297,
          55.809949999675155
        ],
        [
          37.24112997762859,
          55.80997992306948
        ],
        [
          37.24100994877517,
          55.81000993028283
        ],
        [
          37.24087994545698,
          55.810039937496185
        ],
        [
          37.240759916603565,
          55.81007991917431
        ],
        [
          37.240629997104406,
          55.81010992638767
        ],
        [
          37.24050996825099,
          55.81014999188483
        ],
        [
          37.2403799649328,
          55.81017999909818
        ],
        [
          37.24024996161461,
          55.810209922492504
        ],
        [
          37.24011995829642,
          55.810249987989664
        ],
        [
          37.23998995497823,
          55.81027999520302
        ],
        [
          37.23984997719526,
          55.810319976881146
        ],
        [
          37.23971997387707,
          55.810359958559275
        ],
        [
          37.23958997055888,
          55.8103999402374
        ],
        [
          37.23944999277592,
          55.81042994745076
        ],
        [
          37.23931998945773,
          55.810469929128885
        ],
        [
          37.239189986139536,
          55.810509994626045
        ],
        [
          37.239059982821345,
          55.81053991802037
        ],
        [
          37.238929979503155,
          55.81056992523372
        ],
        [
          37.23880995064974,
          55.81060999073088
        ],
        [
          37.23868992179632,
          55.810639997944236
        ],
        [
          37.23856997676194,
          55.810679979622364
        ],
        [
          37.23844994790852,
          55.81070998683572
        ],
        [
          37.23833997733891,
          55.81073999404907
        ],
        [
          37.238219948485494,
          55.810769917443395
        ],
        [
          37.23810997791588,
          55.81079992465675
        ],
        [
          37.23799992352724,
          55.81081995740533
        ],
        [
          37.23788995295763,
          55.81084996461868
        ],
        [
          37.23777998238802,
          55.81087997183204
        ],
        [
          37.23766992799938,
          55.81090997904539
        ],
        [
          37.23756993189454,
          55.810939986258745
        ],
        [
          37.237469935789704,
          55.8109699934721
        ],
        [
          37.23736993968487,
          55.81098994240165
        ],
        [
          37.23726994358003,
          55.811019949615
        ],
        [
          37.237169947475195,
          55.811049956828356
        ],
        [
          37.23707992583513,
          55.811069989576936
        ],
        [
          37.2369899880141,
          55.81109999679029
        ],
        [
          37.23689996637404,
          55.81111994571984
        ],
        [
          37.23680994473398,
          55.81114995293319
        ],
        [
          37.236719923093915,
          55.81116998568177
        ],
        [
          37.236629985272884,
          55.811199992895126
        ],
        [
          37.23653996363282,
          55.811219941824675
        ],
        [
          37.23644994199276,
          55.811239974573255
        ],
        [
          37.2363699786365,
          55.81126998178661
        ],
        [
          37.236289931461215,
          55.81128993071616
        ],
        [
          37.236199993640184,
          55.81131993792951
        ],
        [
          37.236119946464896,
          55.81133997067809
        ],
        [
          37.23603998310864,
          55.81135991960764
        ],
        [
          37.23595993593335,
          55.81137995235622
        ],
        [
          37.235879972577095,
          55.81140995956957
        ],
        [
          37.23579992540181,
          55.81142999231815
        ],
        [
          37.235709987580776,
          55.8114499412477
        ],
        [
          37.23562994040549,
          55.81146997399628
        ],
        [
          37.23554997704923,
          55.81148992292583
        ],
        [
          37.23546992987394,
          55.81150995567441
        ],
        [
          37.23538996651769,
          55.811539962887764
        ],
        [
          37.2353099193424,
          55.811559995636344
        ],
        [
          37.23522995598614,
          55.81157994456589
        ],
        [
          37.23513993434608,
          55.81159997731447
        ],
        [
          37.23504999652505,
          55.811629984527826
        ],
        [
          37.23496994934976,
          55.811649933457375
        ],
        [
          37.2348799277097,
          55.81167994067073
        ],
        [
          37.23478998988867,
          55.81169997341931
        ],
        [
          37.23470994271338,
          55.81171992234886
        ],
        [
          37.23461992107332,
          55.81174992956221
        ],
        [
          37.23452998325229,
          55.81176996231079
        ],
        [
          37.234439961612225,
          55.811799969524145
        ],
        [
          37.23434993997216,
          55.81181991845369
        ],
        [
          37.2342599183321,
          55.81184992566705
        ],
        [
          37.23416998051107,
          55.81186995841563
        ],
        [
          37.23408993333578,
          55.81188999116421
        ],
        [
          37.23399999551475,
          55.81191999837756
        ],
        [
          37.23390997387469,
          55.81193994730711
        ],
        [
          37.23380997776985,
          55.811969954520464
        ],
        [
          37.23371995612979,
          55.811989987269044
        ],
        [
          37.23362993448973,
          55.8120199944824
        ],
        [
          37.233539996668696,
          55.81204991787672
        ],
        [
          37.23343991674483,
          55.8120699506253
        ],
        [
          37.2333499789238,
          55.812099957838655
        ],
        [
          37.233259957283735,
          55.812119990587234
        ],
        [
          37.23316993564367,
          55.81214999780059
        ],
        [
          37.23306993953884,
          55.81216994673014
        ],
        [
          37.232979917898774,
          55.81219995394349
        ],
        [
          37.23288998007774,
          55.81221998669207
        ],
        [
          37.23279995843768,
          55.812249993905425
        ],
        [
          37.232699962332845,
          55.81226994283497
        ],
        [
          37.23260994069278,
          55.81229995004833
        ],
        [
          37.23251991905272,
          55.81232995726168
        ],
        [
          37.23242998123169,
          55.81234999001026
        ],
        [
          37.23232998512685,
          55.812379997223616
        ],
        [
          37.23223996348679,
          55.812399946153164
        ],
        [
          37.23214994184673,
          55.81242995336652
        ],
        [
          37.232059920206666,
          55.81245996057987
        ],
        [
          37.23195992410183,
          55.81247999332845
        ],
        [
          37.2318699862808,
          55.812509916722775
        ],
        [
          37.23177996464074,
          55.81253992393613
        ],
        [
          37.2316799685359,
          55.81255995668471
        ],
        [
          37.23158994689584,
          55.81258996389806
        ],
        [
          37.231499925255775,
          55.81261997111142
        ],
        [
          37.231409987434745,
          55.812639920040965
        ],
        [
          37.23131996579468,
          55.81266992725432
        ],
        [
          37.23122994415462,
          55.8126899600029
        ],
        [
          37.23113992251456,
          55.81270999275148
        ],
        [
          37.2310599591583,
          55.81273999996483
        ],
        [
          37.23096993751824,
          55.81275994889438
        ],
        [
          37.23088997416198,
          55.81277998164296
        ],
        [
          37.230809926986694,
          55.812809988856316
        ],
        [
          37.23072996363044,
          55.812829937785864
        ],
        [
          37.230639941990376,
          55.812849970534444
        ],
        [
          37.23055997863412,
          55.81286991946399
        ],
        [
          37.23047993145883,
          55.81288995221257
        ],
        [
          37.230399968102574,
          55.81290998496115
        ],
        [
          37.230319920927286,
          55.8129299338907
        ],
        [
          37.23023995757103,
          55.812959941104054
        ],
        [
          37.23015999421477,
          55.812979973852634
        ],
        [
          37.230079947039485,
          55.81299992278218
        ],
        [
          37.22999998368323,
          55.81301995553076
        ],
        [
          37.229929994791746,
          55.81304996274412
        ],
        [
          37.229839973151684,
          55.8130699954927
        ],
        [
          37.229759925976396,
          55.813089944422245
        ],
        [
          37.22968993708491,
          55.8131199516356
        ],
        [
          37.22960997372866,
          55.81313998438418
        ],
        [
          37.22952992655337,
          55.81315993331373
        ],
        [
          37.22944996319711,
          55.81317996606231
        ],
        [
          37.229369999840856,
          55.81319999881089
        ],
        [
          37.22928995266557,
          55.813219947740436
        ],
        [
          37.22920998930931,
          55.81324995495379
        ],
        [
          37.22912994213402,
          55.813259929418564
        ],
        [
          37.229049978777766,
          55.813279962167144
        ],
        [
          37.22896993160248,
          55.813299994915724
        ],
        [
          37.22888996824622,
          55.813329918310046
        ],
        [
          37.22881997935474,
          55.81333997659385
        ],
        [
          37.22873993217945,
          55.813369983807206
        ],
        [
          37.228659968823195,
          55.813389932736754
        ],
        [
          37.228579921647906,
          55.813409965485334
        ],
        [
          37.22849995829165,
          55.81343997269869
        ],
        [
          37.22841999493539,
          55.81344994716346
        ],
        [
          37.22832997329533,
          55.81347995437682
        ],
        [
          37.22824992612004,
          55.8134999871254
        ],
        [
          37.228169962763786,
          55.813519936054945
        ],
        [
          37.22808999940753,
          55.8135499432683
        ],
        [
          37.22800995223224,
          55.81356997601688
        ],
        [
          37.227929988875985,
          55.81358992494643
        ],
        [
          37.2278499417007,
          55.81361993215978
        ],
        [
          37.22776997834444,
          55.81363996490836
        ],
        [
          37.22767995670438,
          55.81365999765694
        ],
        [
          37.22759999334812,
          55.81367994658649
        ],
        [
          37.22751994617283,
          55.81369997933507
        ],
        [
          37.22742992453277,
          55.813729986548424
        ],
        [
          37.22733998671174,
          55.81374993547797
        ],
        [
          37.22724996507168,
          55.81376996822655
        ],
        [
          37.227159943431616,
          55.8137899171561
        ],
        [
          37.22706992179155,
          55.813819924369454
        ],
        [
          37.22696992568672,
          55.81384993158281
        ],
        [
          37.226879987865686,
          55.81386996433139
        ],
        [
          37.22677999176085,
          55.81389997154474
        ],
        [
          37.22667999565601,
          55.81391992047429
        ],
        [
          37.22657999955118,
          55.813949927687645
        ],
        [
          37.226469945162535,
          55.813979934901
        ],
        [
          37.2263699490577,
          55.81400994211435
        ],
        [
          37.22626995295286,
          55.81403994932771
        ],
        [
          37.226169956848025,
          55.81406995654106
        ],
        [
          37.226059986278415,
          55.814099963754416
        ],
        [
          37.22595999017358,
          55.814119996502995
        ],
        [
          37.225849935784936,
          55.81414991989732
        ],
        [
          37.2257499396801,
          55.81417992711067
        ],
        [
          37.22564994357526,
          55.814209934324026
        ],
        [
          37.22553997300565,
          55.81423994153738
        ],
        [
          37.225439976900816,
          55.814269948750734
        ],
        [
          37.225329922512174,
          55.81429995596409
        ],
        [
          37.22522992640734,
          55.81432996317744
        ],
        [
          37.22511995583773,
          55.8143599703908
        ],
        [
          37.22501995973289,
          55.81438997760415
        ],
        [
          37.224919963628054,
          55.814419984817505
        ],
        [
          37.22481996752322,
          55.81444999203086
        ],
        [
          37.22470999695361,
          55.81446994096041
        ],
        [
          37.22460991702974,
          55.81449994817376
        ],
        [
          37.22449994646013,
          55.814529955387115
        ],
        [
          37.22439995035529,
          55.81455996260047
        ],
        [
          37.22428997978568,
          55.81457999534905
        ],
        [
          37.224189983680844,
          55.81460991874337
        ],
        [
          37.2240799292922,
          55.814639925956726
        ],
        [
          37.223979933187366,
          55.81466993317008
        ],
        [
          37.223869962617755,
          55.81468996591866
        ],
        [
          37.22376996651292,
          55.81472994759679
        ],
        [
          37.22366997040808,
          55.81474998034537
        ],
        [
          37.22355999983847,
          55.81477998755872
        ],
        [
          37.2234599199146,
          55.81480999477208
        ],
        [
          37.22334994934499,
          55.8148399181664
        ],
        [
          37.223249953240156,
          55.81486992537975
        ],
        [
          37.22314995713532,
          55.81489993259311
        ],
        [
          37.22304996103048,
          55.81492993980646
        ],
        [
          37.22293999046087,
          55.814959947019815
        ],
        [
          37.222839994356036,
          55.81498995423317
        ],
        [
          37.222729939967394,
          55.815019961446524
        ],
        [
          37.22262994386256,
          55.81504996865988
        ],
        [
          37.22251997329295,
          55.815069917589426
        ],
        [
          37.22241997718811,
          55.81509992480278
        ],
        [
          37.222319981083274,
          55.815129932016134
        ],
        [
          37.22221998497844,
          55.81515993922949
        ],
        [
          37.222109930589795,
          55.81518994644284
        ],
        [
          37.22200993448496,
          55.8152199536562
        ],
        [
          37.22190993838012,
          55.81524996086955
        ],
        [
          37.221809942275286,
          55.81526999361813
        ],
        [
          37.22170994617045,
          55.81529991701245
        ],
        [
          37.22160995006561,
          55.81532992422581
        ],
        [
          37.221499979496,
          55.81535993143916
        ],
        [
          37.22140995785594,
          55.815389938652515
        ],
        [
          37.2213099617511,
          55.815409971401095
        ],
        [
          37.22120996564627,
          55.815429920330644
        ],
        [
          37.221119944006205,
          55.815469985827804
        ],
        [
          37.22101994790137,
          55.81548993475735
        ],
        [
          37.220929926261306,
          55.815519941970706
        ],
        [
          37.22082993015647,
          55.815539974719286
        ],
        [
          37.22073999233544,
          55.81556998193264
        ],
        [
          37.220649970695376,
          55.815599989145994
        ],
        [
          37.22054997459054,
          55.81561993807554
        ],
        [
          37.22045995295048,
          55.81563997082412
        ],
        [
          37.220369931310415,
          55.81566997803748
        ],
        [
          37.220279993489385,
          55.815689926967025
        ],
        [
          37.22017999738455,
          55.815709959715605
        ],
        [
          37.220089975744486,
          55.81573996692896
        ],
        [
          37.21999995410442,
          55.81575999967754
        ],
        [
          37.21990993246436,
          55.81578992307186
        ],
        [
          37.21981999464333,
          55.81580995582044
        ],
        [
          37.21972997300327,
          55.815839963033795
        ],
        [
          37.219639951363206,
          55.81586997024715
        ],
        [
          37.21955998800695,
          55.8158899191767
        ],
        [
          37.21946996636689,
          55.81591992639005
        ],
        [
          37.2193899191916,
          55.81592998467386
        ],
        [
          37.21929998137057,
          55.81595999188721
        ],
        [
          37.21921993419528,
          55.81597994081676
        ],
        [
          37.219139970839024,
          55.81599997356534
        ],
        [
          37.219059923663735,
          55.816029980778694
        ],
        [
          37.21897996030748,
          55.81604992970824
        ],
        [
          37.21889999695122,
          55.81606996245682
        ],
        [
          37.21880997531116,
          55.8160899952054
        ],
        [
          37.21872992813587,
          55.81610994413495
        ],
        [
          37.218649964779615,
          55.816139951348305
        ],
        [
          37.21855994313955,
          55.816159984096885
        ],
        [
          37.2184799797833,
          55.81617993302643
        ],
        [
          37.21839993260801,
          55.81620994023979
        ],
        [
          37.21830999478698,
          55.81622997298837
        ],
        [
          37.218219973146915,
          55.816249921917915
        ],
        [
          37.21811997704208,
          55.81627992913127
        ],
        [
          37.21802995540202,
          55.81629996187985
        ],
        [
          37.21792995929718,
          55.8163299690932
        ],
        [
          37.217829963192344,
          55.81635997630656
        ],
        [
          37.21772996708751,
          55.816379925236106
        ],
        [
          37.2176199965179,
          55.816419990733266
        ],
        [
          37.217509942129254,
          55.816439939662814
        ],
        [
          37.217399971559644,
          55.81646994687617
        ],
        [
          37.217289917171,
          55.8165099285543
        ],
        [
          37.21717994660139,
          55.81653993576765
        ],
        [
          37.217059917747974,
          55.816569942981005
        ],
        [
          37.216949947178364,
          55.81659995019436
        ],
        [
          37.21682991832495,
          55.81662995740771
        ],
        [
          37.21670997329056,
          55.81665996462107
        ],
        [
          37.216589944437146,
          55.81668997183442
        ],
        [
          37.21646999940276,
          55.81672995351255
        ],
        [
          37.216349970549345,
          55.8167599607259
        ],
        [
          37.216219967231154,
          55.81679994240403
        ],
        [
          37.216109996661544,
          55.816829949617386
        ],
        [
          37.21597999334335,
          55.816869931295514
        ],
        [
          37.21585996448994,
          55.81689993850887
        ],
        [
          37.21573993563652,
          55.81692994572222
        ],
        [
          37.21560993231833,
          55.81696992740035
        ],
        [
          37.215489987283945,
          55.816999934613705
        ],
        [
          37.21536995843053,
          55.81703991629183
        ],
        [
          37.21523995511234,
          55.81707998178899
        ],
        [
          37.21512998454273,
          55.81710998900235
        ],
        [
          37.21500995568931,
          55.8171399962157
        ],
        [
          37.2148999851197,
          55.81716991961002
        ],
        [
          37.214779956266284,
          55.81719992682338
        ],
        [
          37.21466998569667,
          55.81722993403673
        ],
        [
          37.21454995684326,
          55.817259941250086
        ],
        [
          37.21442992798984,
          55.817279973998666
        ],
        [
          37.214309982955456,
          55.81730998121202
        ],
        [
          37.21418995410204,
          55.817319955676794
        ],
        [
          37.21405995078385,
          55.817339988425374
        ],
        [
          37.21393992193043,
          55.81734996289015
        ],
        [
          37.213839925825596,
          55.8173799701035
        ],
        [
          37.213729955255985,
          55.81739991903305
        ],
        [
          37.21362995915115,
          55.81741995178163
        ],
        [
          37.21351998858154,
          55.81743998453021
        ],
        [
          37.2134199924767,
          55.81745993345976
        ],
        [
          37.21330993808806,
          55.81747996620834
        ],
        [
          37.21320994198322,
          55.81748994067311
        ],
        [
          37.21308999694884,
          55.81749999895692
        ],
        [
          37.212979942560196,
          55.81748994067311
        ],
        [
          37.21287994645536,
          55.81747996620834
        ],
        [
          37.2127899248153,
          55.81745993345976
        ],
        [
          37.21269998699427,
          55.81743998453021
        ],
        [
          37.21261993981898,
          55.81741995178163
        ],
        [
          37.212569983676076,
          55.8173799701035
        ],
        [
          37.212529918178916,
          55.81732993014157
        ],
        [
          37.21248993650079,
          55.81728994846344
        ],
        [
          37.212439980357885,
          55.81724996678531
        ],
        [
          37.21239999867976,
          55.81720998510718
        ],
        [
          37.21234995871782,
          55.81716991961002
        ],
        [
          37.21229991875589,
          55.8171399962157
        ],
        [
          37.21224996261299,
          55.81709993071854
        ],
        [
          37.21220998093486,
          55.81706992350519
        ],
        [
          37.212159940972924,
          55.81703991629183
        ],
        [
          37.212099926546216,
          55.817019967362285
        ],
        [
          37.21203999593854,
          55.81700999289751
        ],
        [
          37.21197998151183,
          55.81700999289751
        ],
        [
          37.21191996708512,
          55.81700999289751
        ],
        [
          37.21186992712319,
          55.816999934613705
        ],
        [
          37.21180999651551,
          55.81698996014893
        ],
        [
          37.21175995655358,
          55.81698996014893
        ],
        [
          37.211709916591644,
          55.816999934613705
        ],
        [
          37.211669934913516,
          55.81700999289751
        ],
        [
          37.211619978770614,
          55.81702994182706
        ],
        [
          37.211579997092485,
          55.81704997457564
        ],
        [
          37.211539931595325,
          55.81705994904041
        ],
        [
          37.2114999499172,
          55.81707998178899
        ],
        [
          37.21145996823907,
          55.81708995625377
        ],
        [
          37.21141998656094,
          55.81710998900235
        ],
        [
          37.21137992106378,
          55.81710998900235
        ],
        [
          37.21132996492088,
          55.81710998900235
        ],
        [
          37.21128998324275,
          55.81711996346712
        ],
        [
          37.21122996881604,
          55.81711996346712
        ],
        [
          37.211169954389334,
          55.817129937931895
        ],
        [
          37.211109939962626,
          55.8171399962157
        ],
        [
          37.21104992553592,
          55.81715994514525
        ],
        [
          37.21098999492824,
          55.81717997789383
        ],
        [
          37.21092998050153,
          55.81719992682338
        ],
        [
          37.210869966074824,
          55.81721995957196
        ],
        [
          37.21079997718334,
          55.81723999232054
        ],
        [
          37.210719930008054,
          55.817259941250086
        ],
        [
          37.21064994111657,
          55.817279973998666
        ],
        [
          37.21057995222509,
          55.81730998121202
        ],
        [
          37.21051993779838,
          55.81732993014157
        ],
        [
          37.210439974442124,
          55.81734996289015
        ],
        [
          37.210379960015416,
          55.81736999563873
        ],
        [
          37.210309971123934,
          55.817389944568276
        ],
        [
          37.210229923948646,
          55.817409977316856
        ],
        [
          37.21015993505716,
          55.817429926246405
        ],
        [
          37.21007997170091,
          55.817449958994985
        ],
        [
          37.210009982809424,
          55.81747996620834
        ],
        [
          37.209929935634136,
          55.81749999895692
        ],
        [
          37.20984997227788,
          55.81751994788647
        ],
        [
          37.20976992510259,
          55.81753998063505
        ],
        [
          37.209689961746335,
          55.817559929564595
        ],
        [
          37.20960999839008,
          55.817579962313175
        ],
        [
          37.20952995121479,
          55.81760996952653
        ],
        [
          37.209449987858534,
          55.81762991845608
        ],
        [
          37.209369940683246,
          55.81765992566943
        ],
        [
          37.20929995179176,
          55.817689932882786
        ],
        [
          37.20922996290028,
          55.817709965631366
        ],
        [
          37.209149999544024,
          55.81773997284472
        ],
        [
          37.20907992683351,
          55.817769980058074
        ],
        [
          37.209019996225834,
          55.81778992898762
        ],
        [
          37.2089699562639,
          55.817819936200976
        ],
        [
          37.20892997458577,
          55.81782999448478
        ],
        [
          37.20889996737242,
          55.817839968949556
        ],
        [
          37.20884992741048,
          55.81784994341433
        ],
        [
          37.208809945732355,
          55.817859917879105
        ],
        [
          37.20876996405423,
          55.817859917879105
        ],
        [
          37.20870994962752,
          55.81786997616291
        ],
        [
          37.208659993484616,
          55.817879950627685
        ],
        [
          37.20860995352268,
          55.817899983376265
        ],
        [
          37.208549939095974,
          55.81790995784104
        ],
        [
          37.208489924669266,
          55.81790995784104
        ],
        [
          37.20843996852636,
          55.81792999058962
        ],
        [
          37.20838992856443,
          55.81793996505439
        ],
        [
          37.20832999795675,
          55.81794993951917
        ],
        [
          37.20827995799482,
          55.81795999780297
        ],
        [
          37.208229918032885,
          55.81796997226775
        ],
        [
          37.208189936354756,
          55.817989921197295
        ],
        [
          37.208139980211854,
          55.8179999794811
        ],
        [
          37.20808994024992,
          55.81801992841065
        ],
        [
          37.20803998410702,
          55.81803996115923
        ],
        [
          37.20798994414508,
          55.818049935624
        ],
        [
          37.207929929718375,
          55.81805999390781
        ],
        [
          37.20787997357547,
          55.81807994283736
        ],
        [
          37.207819959148765,
          55.81808991730213
        ],
        [
          37.20776991918683,
          55.81810995005071
        ],
        [
          37.20771996304393,
          55.81812998279929
        ],
        [
          37.20765994861722,
          55.818139957264066
        ],
        [
          37.20760999247432,
          55.818159990012646
        ],
        [
          37.20754997804761,
          55.818179938942194
        ],
        [
          37.2074899636209,
          55.818189997226
        ],
        [
          37.20743992365897,
          55.81820994615555
        ],
        [
          37.20737999305129,
          55.81822997890413
        ],
        [
          37.207329953089356,
          55.8182399533689
        ],
        [
          37.20726993866265,
          55.81825998611748
        ],
        [
          37.207219982519746,
          55.818269960582256
        ],
        [
          37.20715996809304,
          55.818289993330836
        ],
        [
          37.2071099281311,
          55.81829996779561
        ],
        [
          37.20704999752343,
          55.81831991672516
        ],
        [
          37.20699995756149,
          55.818329975008965
        ],
        [
          37.206939943134785,
          55.81834992393851
        ],
        [
          37.20688998699188,
          55.81836995668709
        ],
        [
          37.206829972565174,
          55.81838998943567
        ],
        [
          37.20675998367369,
          55.81840993836522
        ],
        [
          37.20670994371176,
          55.8184299711138
        ],
        [
          37.20664992928505,
          55.818439945578575
        ],
        [
          37.20657994039357,
          55.818459978327155
        ],
        [
          37.20651992596686,
          55.8184799272567
        ],
        [
          37.20645999535918,
          55.81849996000528
        ],
        [
          37.206399980932474,
          55.81850993447006
        ],
        [
          37.206339966505766,
          55.81852996721864
        ],
        [
          37.20627995207906,
          55.81854999996722
        ],
        [
          37.20621993765235,
          55.818569948896766
        ],
        [
          37.20614994876087,
          55.81857992336154
        ],
        [
          37.20608993433416,
          55.81859995611012
        ],
        [
          37.20602991990745,
          55.8186199888587
        ],
        [
          37.205969989299774,
          55.81863993778825
        ],
        [
          37.205909974873066,
          55.818649996072054
        ],
        [
          37.20584996044636,
          55.8186699450016
        ],
        [
          37.20578994601965,
          55.81868997775018
        ],
        [
          37.20572993159294,
          55.81870992667973
        ],
        [
          37.20567997545004,
          55.81872995942831
        ],
        [
          37.20561996102333,
          55.818739933893085
        ],
        [
          37.2055699210614,
          55.818759966641665
        ],
        [
          37.20550999045372,
          55.818779999390244
        ],
        [
          37.205459950491786,
          55.81879994831979
        ],
        [
          37.205409994348884,
          55.81881998106837
        ],
        [
          37.20535995438695,
          55.81884998828173
        ],
        [
          37.205329947173595,
          55.81887999549508
        ],
        [
          37.20529993996024,
          55.81891997717321
        ],
        [
          37.20526993274689,
          55.81894998438656
        ],
        [
          37.20523992553353,
          55.81898996606469
        ],
        [
          37.205199943855405,
          55.819019973278046
        ],
        [
          37.20516993664205,
          55.8190499804914
        ],
        [
          37.20512995496392,
          55.819079987704754
        ],
        [
          37.20510992221534,
          55.81911996938288
        ],
        [
          37.20510992221534,
          55.819149976596236
        ],
        [
          37.20512995496392,
          55.81917998380959
        ],
        [
          37.20515996217728,
          55.81921996548772
        ],
        [
          37.205199943855405,
          55.8192399982363
        ],
        [
          37.20522995106876,
          55.81926992163062
        ],
        [
          37.20525995828211,
          55.819299928843975
        ],
        [
          37.20528996549547,
          55.81932993605733
        ],
        [
          37.20530999824405,
          55.81934996880591
        ],
        [
          37.205329947173595,
          55.81937997601926
        ],
        [
          37.20533992163837,
          55.81940998323262
        ],
        [
          37.205349979922175,
          55.81943999044597
        ],
        [
          37.205369928851724,
          55.819469997659326
        ],
        [
          37.205389961600304,
          55.819489946588874
        ],
        [
          37.20539993606508,
          55.81951995380223
        ],
        [
          37.205389961600304,
          55.81954996101558
        ],
        [
          37.20535995438695,
          55.81956999376416
        ],
        [
          37.20530999824405,
          55.819599917158484
        ],
        [
          37.20524998381734,
          55.819619949907064
        ],
        [
          37.20518996939063,
          55.81962992437184
        ],
        [
          37.20512995496392,
          55.81965993158519
        ],
        [
          37.20505996607244,
          55.81967996433377
        ],
        [
          37.20498997718096,
          55.81969999708235
        ],
        [
          37.20490993000567,
          55.8197199460119
        ],
        [
          37.20482996664941,
          55.81973997876048
        ],
        [
          37.204749919474125,
          55.81975992769003
        ],
        [
          37.20466995611787,
          55.81978993490338
        ],
        [
          37.204579934477806,
          55.81980996765196
        ],
        [
          37.204489996656775,
          55.81983997486532
        ],
        [
          37.20440994948149,
          55.819859923794866
        ],
        [
          37.204319927841425,
          55.81988993100822
        ],
        [
          37.204229990020394,
          55.8199099637568
        ],
        [
          37.20413996838033,
          55.819939970970154
        ],
        [
          37.20404994674027,
          55.8199599198997
        ],
        [
          37.20394995063543,
          55.819989927113056
        ],
        [
          37.20385992899537,
          55.820009959861636
        ],
        [
          37.20376999117434,
          55.82003996707499
        ],
        [
          37.203669995069504,
          55.82005999982357
        ],
        [
          37.20357997342944,
          55.82008992321789
        ],
        [
          37.20348995178938,
          55.82010995596647
        ],
        [
          37.20339993014932,
          55.82012998871505
        ],
        [
          37.20329993404448,
          55.82015999592841
        ],
        [
          37.20320999622345,
          55.820179944857955
        ],
        [
          37.20312994904816,
          55.82020995207131
        ],
        [
          37.203029952943325,
          55.82022998481989
        ],
        [
          37.20293993130326,
          55.82025999203324
        ],
        [
          37.20284999348223,
          55.82027994096279
        ],
        [
          37.202769946306944,
          55.82029997371137
        ],
        [
          37.20267992466688,
          55.820329980924726
        ],
        [
          37.202599961310625,
          55.82035998813808
        ],
        [
          37.20250993967056,
          55.82037993706763
        ],
        [
          37.202429976314306,
          55.82040994428098
        ],
        [
          37.202339954674244,
          55.82042997702956
        ],
        [
          37.20224993303418,
          55.82044992595911
        ],
        [
          37.202169969677925,
          55.820479933172464
        ],
        [
          37.20208992250264,
          55.82050994038582
        ],
        [
          37.201999984681606,
          55.8205299731344
        ],
        [
          37.20191993750632,
          55.82055998034775
        ],
        [
          37.20181994140148,
          55.8205799292773
        ],
        [
          37.20172991976142,
          55.82059996202588
        ],
        [
          37.20163998194039,
          55.820629969239235
        ],
        [
          37.201549960300326,
          55.82064991816878
        ],
        [
          37.201459938660264,
          55.82067992538214
        ],
        [
          37.2013699170202,
          55.82069995813072
        ],
        [
          37.201269920915365,
          55.8207199908793
        ],
        [
          37.201179983094335,
          55.82074999809265
        ],
        [
          37.201099935919046,
          55.820779921486974
        ],
        [
          37.201009998098016,
          55.820799954235554
        ],
        [
          37.20091997645795,
          55.82082996144891
        ],
        [
          37.20081998035312,
          55.82084999419749
        ],
        [
          37.20073993317783,
          55.82087991759181
        ],
        [
          37.2006499953568,
          55.82089995034039
        ],
        [
          37.200559973716736,
          55.820929957553744
        ],
        [
          37.20046995207667,
          55.820949990302324
        ],
        [
          37.20037993043661,
          55.82097999751568
        ],
        [
          37.20028999261558,
          55.82099994644523
        ],
        [
          37.20020994544029,
          55.82102995365858
        ],
        [
          37.20020994544029,
          55.82102995365858
        ],
        [
          37.20011992380023,
          55.82104998640716
        ],
        [
          37.20003996044397,
          55.821079993620515
        ],
        [
          37.19995999708772,
          55.82110991701484
        ],
        [
          37.199869975447655,
          55.82112994976342
        ],
        [
          37.19977995380759,
          55.82115995697677
        ],
        [
          37.199699990451336,
          55.82117998972535
        ],
        [
          37.19961994327605,
          55.821209996938705
        ],
        [
          37.199529921635985,
          55.821229945868254
        ],
        [
          37.199439983814955,
          55.821249978616834
        ],
        [
          37.19935993663967,
          55.82126992754638
        ],
        [
          37.199269998818636,
          55.82128996029496
        ],
        [
          37.199179977178574,
          55.82130999304354
        ],
        [
          37.19908995553851,
          55.821339916437864
        ],
        [
          37.199009992182255,
          55.821359949186444
        ],
        [
          37.19891997054219,
          55.821379981935024
        ],
        [
          37.198839923366904,
          55.82139993086457
        ],
        [
          37.19875996001065,
          55.82142993807793
        ],
        [
          37.198689971119165,
          55.82144997082651
        ],
        [
          37.19861998222768,
          55.821469919756055
        ],
        [
          37.198559967800975,
          55.821489952504635
        ],
        [
          37.19852996058762,
          55.82151995971799
        ],
        [
          37.19851998612285,
          55.82155994139612
        ],
        [
          37.19850992783904,
          55.821599923074245
        ],
        [
          37.19850992783904,
          55.82164996303618
        ],
        [
          37.19848997890949,
          55.82168994471431
        ],
        [
          37.19847992062569,
          55.821729926392436
        ],
        [
          37.19846994616091,
          55.821769991889596
        ],
        [
          37.19845997169614,
          55.8218199480325
        ],
        [
          37.19843993894756,
          55.82185992971063
        ],
        [
          37.198429964482784,
          55.82189999520779
        ],
        [
          37.19841999001801,
          55.821939976885915
        ],
        [
          37.198389982804656,
          55.82196998409927
        ],
        [
          37.19837992452085,
          55.82198993302882
        ],
        [
          37.198389982804656,
          55.82201994024217
        ],
        [
          37.19839995726943,
          55.82202999852598
        ],
        [
          37.198409931734204,
          55.822049947455525
        ],
        [
          37.19839995726943,
          55.8220599219203
        ],
        [
          37.19839995726943,
          55.8220599219203
        ],
        [
          37.19839995726943,
          55.8220599219203
        ],
        [
          37.198349917307496,
          55.822109961882234
        ],
        [
          37.19833994284272,
          55.82211993634701
        ],
        [
          37.198319993913174,
          55.822129994630814
        ],
        [
          37.198299961164594,
          55.82213996909559
        ],
        [
          37.198279928416014,
          55.82213996909559
        ],
        [
          37.198259979486465,
          55.82213996909559
        ],
        [
          37.19822997227311,
          55.82213996909559
        ],
        [
          37.19820993952453,
          55.82213996909559
        ],
        [
          37.19818999059498,
          55.822129994630814
        ],
        [
          37.1981699578464,
          55.822129994630814
        ],
        [
          37.19814992509782,
          55.822109961882234
        ],
        [
          37.19811991788447,
          55.822109961882234
        ],
        [
          37.19807993620634,
          55.822109961882234
        ],
        [
          37.19803995452821,
          55.82209998741746
        ],
        [
          37.197999972850084,
          55.82209998741746
        ],
        [
          37.19794993288815,
          55.82209998741746
        ],
        [
          37.19790995121002,
          55.82209998741746
        ],
        [
          37.197869969531894,
          55.822109961882234
        ],
        [
          37.197829987853765,
          55.82211993634701
        ],
        [
          37.197789922356606,
          55.822129994630814
        ],
        [
          37.19775999896228,
          55.82213996909559
        ],
        [
          37.19772999174893,
          55.82213996909559
        ],
        [
          37.19768992625177,
          55.82214994356036
        ],
        [
          37.19764994457364,
          55.822159918025136
        ],
        [
          37.19761993736029,
          55.82216997630894
        ],
        [
          37.19758993014693,
          55.822179950773716
        ],
        [
          37.19755992293358,
          55.822179950773716
        ],
        [
          37.19753997400403,
          55.82218992523849
        ],
        [
          37.19751994125545,
          55.82218992523849
        ],
        [
          37.197489934042096,
          55.822199983522296
        ],
        [
          37.19746998511255,
          55.82220995798707
        ],
        [
          37.197439977899194,
          55.82220995798707
        ],
        [
          37.197399996221066,
          55.822219932451844
        ],
        [
          37.197359930723906,
          55.82222999073565
        ],
        [
          37.19732992351055,
          55.822239965200424
        ],
        [
          37.19728994183242,
          55.8222499396652
        ],
        [
          37.19725993461907,
          55.822259997949004
        ],
        [
          37.19721995294094,
          55.82226997241378
        ],
        [
          37.19717997126281,
          55.82228992134333
        ],
        [
          37.19712993130088,
          55.82229997962713
        ],
        [
          37.197079975157976,
          55.82231992855668
        ],
        [
          37.19702993519604,
          55.82233996130526
        ],
        [
          37.19697997905314,
          55.82235999405384
        ],
        [
          37.19690999016166,
          55.822369968518615
        ],
        [
          37.19685995019972,
          55.82238991744816
        ],
        [
          37.196799935773015,
          55.82240995019674
        ],
        [
          37.19673992134631,
          55.82242998294532
        ],
        [
          37.196669932454824,
          55.8224399574101
        ],
        [
          37.196609918028116,
          55.82245999015868
        ],
        [
          37.19654998742044,
          55.822479939088225
        ],
        [
          37.19647999852896,
          55.822499971836805
        ],
        [
          37.19640992581844,
          55.822519920766354
        ],
        [
          37.19633993692696,
          55.822539953514934
        ],
        [
          37.19626994803548,
          55.822559986263514
        ],
        [
          37.196199959143996,
          55.82257993519306
        ],
        [
          37.196129970252514,
          55.82259996794164
        ],
        [
          37.19605998136103,
          55.822609942406416
        ],
        [
          37.19597993418574,
          55.822629975154996
        ],
        [
          37.19590994529426,
          55.822649924084544
        ],
        [
          37.195829981938004,
          55.8226799312979
        ],
        [
          37.19575999304652,
          55.822689989581704
        ],
        [
          37.195679945871234,
          55.82270993851125
        ],
        [
          37.19560995697975,
          55.82272997125983
        ],
        [
          37.19553996808827,
          55.82275997847319
        ],
        [
          37.19546997919679,
          55.822779927402735
        ],
        [
          37.195399990305305,
          55.822799960151315
        ],
        [
          37.195339975878596,
          55.822819992899895
        ],
        [
          37.19525992870331,
          55.82283994182944
        ],
        [
          37.195189939811826,
          55.82284991629422
        ],
        [
          37.19511995092034,
          55.8228699490428
        ],
        [
          37.19504996202886,
          55.82288998179138
        ],
        [
          37.19497997313738,
          55.822909930720925
        ],
        [
          37.19489992596209,
          55.822929963469505
        ],
        [
          37.19482993707061,
          55.822949996218085
        ],
        [
          37.194759948179126,
          55.82296994514763
        ],
        [
          37.19468995928764,
          55.82298997789621
        ],
        [
          37.19461997039616,
          55.82300992682576
        ],
        [
          37.19454998150468,
          55.82302995957434
        ],
        [
          37.19446993432939,
          55.82304999232292
        ],
        [
          37.19439994543791,
          55.82306994125247
        ],
        [
          37.194329956546426,
          55.82308997400105
        ],
        [
          37.19425996765494,
          55.8231099229306
        ],
        [
          37.19418997876346,
          55.82312995567918
        ],
        [
          37.19410993158817,
          55.82314998842776
        ],
        [
          37.194029968231916,
          55.82316993735731
        ],
        [
          37.193959979340434,
          55.82318997010589
        ],
        [
          37.193879932165146,
          55.823209919035435
        ],
        [
          37.19379996880889,
          55.823229951784015
        ],
        [
          37.1937199216336,
          55.823249984532595
        ],
        [
          37.193639958277345,
          55.82326993346214
        ],
        [
          37.19355999492109,
          55.82328996621072
        ],
        [
          37.1934799477458,
          55.82331997342408
        ],
        [
          37.19339998438954,
          55.823339922353625
        ],
        [
          37.193319937214255,
          55.823359955102205
        ],
        [
          37.193229999393225,
          55.823379987850785
        ],
        [
          37.19314995221794,
          55.82340999506414
        ],
        [
          37.19306998886168,
          55.82342994399369
        ],
        [
          37.19298994168639,
          55.82344997674227
        ],
        [
          37.192909978330135,
          55.82347998395562
        ],
        [
          37.19281995669007,
          55.82349993288517
        ],
        [
          37.19273999333382,
          55.82351996563375
        ],
        [
          37.19265994615853,
          55.82353999838233
        ],
        [
          37.19257998280227,
          55.82355994731188
        ],
        [
          37.192499935626984,
          55.82358995452523
        ],
        [
          37.19241997227073,
          55.82360998727381
        ],
        [
          37.19233992509544,
          55.82362993620336
        ],
        [
          37.19224998727441,
          55.823659943416715
        ],
        [
          37.19216994009912,
          55.82366991788149
        ],
        [
          37.192089976742864,
          55.82369992509484
        ],
        [
          37.1919999551028,
          55.82371995784342
        ],
        [
          37.191919991746545,
          55.823739990592
        ],
        [
          37.19183994457126,
          55.82376999780536
        ],
        [
          37.191759981215,
          55.823789946734905
        ],
        [
          37.19167993403971,
          55.823809979483485
        ],
        [
          37.191599970683455,
          55.82382992841303
        ],
        [
          37.19151992350817,
          55.82384996116161
        ],
        [
          37.19143996015191,
          55.82386999391019
        ],
        [
          37.191359996795654,
          55.823899917304516
        ],
        [
          37.191279949620366,
          55.82390997558832
        ],
        [
          37.19119998626411,
          55.82392992451787
        ],
        [
          37.19111993908882,
          55.823959931731224
        ],
        [
          37.191039975732565,
          55.823979964479804
        ],
        [
          37.19095992855728,
          55.823999997228384
        ],
        [
          37.19087996520102,
          55.82401994615793
        ],
        [
          37.19079991802573,
          55.82403997890651
        ],
        [
          37.190719954669476,
          55.82405992783606
        ],
        [
          37.19062993302941,
          55.824089935049415
        ],
        [
          37.19054996967316,
          55.824109967797995
        ],
        [
          37.19046992249787,
          55.82413997501135
        ],
        [
          37.19038995914161,
          55.8241599239409
        ],
        [
          37.19029993750155,
          55.82418993115425
        ],
        [
          37.19021997414529,
          55.82420996390283
        ],
        [
          37.19012995250523,
          55.82422999665141
        ],
        [
          37.190049989148974,
          55.82424994558096
        ],
        [
          37.18995996750891,
          55.82427995279431
        ],
        [
          37.189879920333624,
          55.82429998554289
        ],
        [
          37.18978998251259,
          55.82431993447244
        ],
        [
          37.189709935337305,
          55.824349941685796
        ],
        [
          37.189619997516274,
          55.824369974434376
        ],
        [
          37.189539950340986,
          55.82439998164773
        ],
        [
          37.189449928700924,
          55.82441993057728
        ],
        [
          37.18936996534467,
          55.82443996332586
        ],
        [
          37.189279943704605,
          55.82445999607444
        ],
        [
          37.18919998034835,
          55.824479945003986
        ],
        [
          37.18911993317306,
          55.82450995221734
        ],
        [
          37.18902999535203,
          55.82452998496592
        ],
        [
          37.18894994817674,
          55.82454993389547
        ],
        [
          37.188869984820485,
          55.82456996664405
        ],
        [
          37.1887899376452,
          55.82458999939263
        ],
        [
          37.18870997428894,
          55.82461992278695
        ],
        [
          37.18862992711365,
          55.82463995553553
        ],
        [
          37.188549963757396,
          55.82465998828411
        ],
        [
          37.18846991658211,
          55.824689995497465
        ],
        [
          37.18838995322585,
          55.82470994442701
        ],
        [
          37.18829993158579,
          55.82472997717559
        ],
        [
          37.18821996822953,
          55.82474992610514
        ],
        [
          37.188139921054244,
          55.82476995885372
        ],
        [
          37.18806993216276,
          55.8247899916023
        ],
        [
          37.187989968806505,
          55.82480994053185
        ],
        [
          37.18790992163122,
          55.82482997328043
        ],
        [
          37.187819983810186,
          55.824859980493784
        ],
        [
          37.1877399366349,
          55.82487992942333
        ],
        [
          37.18765997327864,
          55.82489996217191
        ],
        [
          37.18757992610335,
          55.82491999492049
        ],
        [
          37.1874999627471,
          55.82493994385004
        ],
        [
          37.18741999939084,
          55.824969951063395
        ],
        [
          37.18733995221555,
          55.824989983811975
        ],
        [
          37.187259988859296,
          55.82500993274152
        ],
        [
          37.18717994168401,
          55.82503993995488
        ],
        [
          37.18709997832775,
          55.82505997270346
        ],
        [
          37.18701993115246,
          55.825079921633005
        ],
        [
          37.18692999333143,
          55.82510992884636
        ],
        [
          37.186849946156144,
          55.82512996159494
        ],
        [
          37.18675992451608,
          55.82514999434352
        ],
        [
          37.186679961159825,
          55.82516994327307
        ],
        [
          37.18659999780357,
          55.82519995048642
        ],
        [
          37.18651995062828,
          55.825219983235
        ],
        [
          37.18642992898822,
          55.82523993216455
        ],
        [
          37.18634996563196,
          55.82525996491313
        ],
        [
          37.186269918456674,
          55.82527999766171
        ],
        [
          37.18617998063564,
          55.82529994659126
        ],
        [
          37.186099933460355,
          55.82532995380461
        ],
        [
          37.1860199701041,
          55.82534998655319
        ],
        [
          37.18593992292881,
          55.82536993548274
        ],
        [
          37.18584998510778,
          55.82538996823132
        ],
        [
          37.1857799962163,
          55.82540991716087
        ],
        [
          37.18569994904101,
          55.82542994990945
        ],
        [
          37.18561998568475,
          55.8254599571228
        ],
        [
          37.185539938509464,
          55.82547998987138
        ],
        [
          37.18545997515321,
          55.82549993880093
        ],
        [
          37.185389986261725,
          55.82551997154951
        ],
        [
          37.18529996462166,
          55.82553992047906
        ],
        [
          37.185219917446375,
          55.82555995322764
        ],
        [
          37.18513995409012,
          55.82557998597622
        ],
        [
          37.185069965198636,
          55.82559993490577
        ],
        [
          37.18498991802335,
          55.82562994211912
        ],
        [
          37.18490995466709,
          55.8256499748677
        ],
        [
          37.18483996577561,
          55.82566992379725
        ],
        [
          37.18475991860032,
          55.82568995654583
        ],
        [
          37.184679955244064,
          55.82570998929441
        ],
        [
          37.18460996635258,
          55.82572993822396
        ],
        [
          37.184529919177294,
          55.82574997097254
        ],
        [
          37.18445993028581,
          55.82577997818589
        ],
        [
          37.184379966929555,
          55.82579992711544
        ],
        [
          37.18429991975427,
          55.82581995986402
        ],
        [
          37.18421995639801,
          55.8258399926126
        ],
        [
          37.18414996750653,
          55.82585994154215
        ],
        [
          37.18406992033124,
          55.82587997429073
        ],
        [
          37.18398995697498,
          55.82589992322028
        ],
        [
          37.18390999361873,
          55.82592993043363
        ],
        [
          37.18382994644344,
          55.82594996318221
        ],
        [
          37.18374998308718,
          55.82596999593079
        ],
        [
          37.183669935911894,
          55.82598994486034
        ],
        [
          37.18358997255564,
          55.82600997760892
        ],
        [
          37.18350992538035,
          55.82602992653847
        ],
        [
          37.18342996202409,
          55.82604995928705
        ],
        [
          37.18335997313261,
          55.82606999203563
        ],
        [
          37.18327992595732,
          55.826089940965176
        ],
        [
          37.183199962601066,
          55.82611994817853
        ],
        [
          37.18312997370958,
          55.82613998092711
        ],
        [
          37.183049926534295,
          55.82615992985666
        ],
        [
          37.18297993764281,
          55.82617996260524
        ],
        [
          37.182899974286556,
          55.82619999535382
        ],
        [
          37.182829985395074,
          55.826219944283366
        ],
        [
          37.18275999650359,
          55.826239977031946
        ],
        [
          37.18268992379308,
          55.826259925961494
        ],
        [
          37.182619934901595,
          55.826279958710074
        ],
        [
          37.18255992047489,
          55.82628993317485
        ],
        [
          37.182509964331985,
          55.82630996592343
        ],
        [
          37.182469982653856,
          55.8263199403882
        ],
        [
          37.18241994269192,
          55.82632999867201
        ],
        [
          37.182379961013794,
          55.82633997313678
        ],
        [
          37.182339979335666,
          55.82635992206633
        ],
        [
          37.18229999765754,
          55.82635992206633
        ],
        [
          37.18227996490896,
          55.82637995481491
        ],
        [
          37.18226999044418,
          55.826389929279685
        ],
        [
          37.18226999044418,
          55.826389929279685
        ],
        [
          37.18226999044418,
          55.826389929279685
        ],
        [
          37.18222992494702,
          55.826409962028265
        ],
        [
          37.182209976017475,
          55.82641993649304
        ],
        [
          37.18217996880412,
          55.826429994776845
        ],
        [
          37.18214996159077,
          55.82643996924162
        ],
        [
          37.18210997991264,
          55.82644994370639
        ],
        [
          37.182079972699285,
          55.82646997645497
        ],
        [
          37.18202993273735,
          55.82647995091975
        ],
        [
          37.18197997659445,
          55.82648992538452
        ],
        [
          37.181929936632514,
          55.82648992538452
        ],
        [
          37.18187998048961,
          55.82648992538452
        ],
        [
          37.18183999881148,
          55.82649998366833
        ],
        [
          37.18178995884955,
          55.8265099581331
        ],
        [
          37.181739918887615,
          55.826519932597876
        ],
        [
          37.18168996274471,
          55.826539965346456
        ],
        [
          37.181629948318005,
          55.82654993981123
        ],
        [
          37.181569933891296,
          55.82656997255981
        ],
        [
          37.18150991946459,
          55.82658992148936
        ],
        [
          37.181459963321686,
          55.82660995423794
        ],
        [
          37.18139994889498,
          55.82662998698652
        ],
        [
          37.181329960003495,
          55.826649935916066
        ],
        [
          37.18126994557679,
          55.82667994312942
        ],
        [
          37.18120993115008,
          55.826709950342774
        ],
        [
          37.181159975007176,
          55.826729983091354
        ],
        [
          37.18110993504524,
          55.8267499320209
        ],
        [
          37.181069953367114,
          55.82676996476948
        ],
        [
          37.18103994615376,
          55.82678999751806
        ],
        [
          37.181009938940406,
          55.82680994644761
        ],
        [
          37.18097993172705,
          55.826819920912385
        ],
        [
          37.1809499245137,
          55.826839953660965
        ],
        [
          37.18091991730034,
          55.82684992812574
        ],
        [
          37.180879935622215,
          55.826859986409545
        ],
        [
          37.18084992840886,
          55.82687993533909
        ],
        [
          37.18081992119551,
          55.82689996808767
        ],
        [
          37.18077993951738,
          55.82690994255245
        ],
        [
          37.180749932304025,
          55.82692997530103
        ],
        [
          37.1807099506259,
          55.826949924230576
        ],
        [
          37.18067994341254,
          55.82695998251438
        ],
        [
          37.18064993619919,
          55.82697993144393
        ],
        [
          37.18060995452106,
          55.826989989727736
        ],
        [
          37.180579947307706,
          55.827009938657284
        ],
        [
          37.18054994009435,
          55.82701999694109
        ],
        [
          37.180519932881,
          55.82703994587064
        ],
        [
          37.18048992566764,
          55.82704992033541
        ],
        [
          37.180469976738095,
          55.82706995308399
        ],
        [
          37.18043996952474,
          55.827079927548766
        ],
        [
          37.18040996231139,
          55.827099960297346
        ],
        [
          37.18038992956281,
          55.82710993476212
        ],
        [
          37.18035992234945,
          55.827119993045926
        ],
        [
          37.180339973419905,
          55.8271299675107
        ],
        [
          37.18030996620655,
          55.827139941975474
        ],
        [
          37.1802799589932,
          55.827159974724054
        ],
        [
          37.18023997731507,
          55.8271799236536
        ],
        [
          37.180209970101714,
          55.82719995640218
        ],
        [
          37.180169988423586,
          55.82721998915076
        ],
        [
          37.18013998121023,
          55.82724999636412
        ],
        [
          37.1800999995321,
          55.82727991975844
        ],
        [
          37.18006999231875,
          55.82730992697179
        ],
        [
          37.180039985105395,
          55.82733993418515
        ],
        [
          37.180019952356815,
          55.82737999968231
        ],
        [
          37.179999919608235,
          55.82740992307663
        ],
        [
          37.17997997067869,
          55.82744998857379
        ],
        [
          37.17996999621391,
          55.82748997025192
        ],
        [
          37.17994996346533,
          55.82751997746527
        ],
        [
          37.17993998900056,
          55.8275599591434
        ],
        [
          37.17992993071675,
          55.82759994082153
        ],
        [
          37.17991995625198,
          55.82763992249966
        ],
        [
          37.179909981787205,
          55.82767998799682
        ],
        [
          37.179909981787205,
          55.82772994413972
        ],
        [
          37.179909981787205,
          55.82776992581785
        ],
        [
          37.179889949038625,
          55.82781996577978
        ],
        [
          37.17987997457385,
          55.82785994745791
        ],
        [
          37.179869916290045,
          55.82789992913604
        ],
        [
          37.1798499673605,
          55.8279399946332
        ],
        [
          37.17982993461192,
          55.8279899507761
        ],
        [
          37.17981996014714,
          55.82802993245423
        ],
        [
          37.17979992739856,
          55.82806999795139
        ],
        [
          37.17978995293379,
          55.82810997962952
        ],
        [
          37.179779978469014,
          55.828149961307645
        ],
        [
          37.17976992018521,
          55.82818994298577
        ],
        [
          37.17974997125566,
          55.8282299246639
        ],
        [
          37.17972993850708,
          55.82826999016106
        ],
        [
          37.179699931293726,
          55.82830997183919
        ],
        [
          37.17967998236418,
          55.82834995351732
        ],
        [
          37.1796599496156,
          55.828389935195446
        ],
        [
          37.179649975150824,
          55.828429916873574
        ],
        [
          37.17961996793747,
          55.828469982370734
        ],
        [
          37.17959993518889,
          55.82851993851364
        ],
        [
          37.17957998625934,
          55.828559920191765
        ],
        [
          37.17955995351076,
          55.8286099601537
        ],
        [
          37.17953992076218,
          55.82864994183183
        ],
        [
          37.17951997183263,
          55.828689923509955
        ],
        [
          37.17949993908405,
          55.82873996347189
        ],
        [
          37.179479990154505,
          55.82877994515002
        ],
        [
          37.1794699318707,
          55.828819926828146
        ],
        [
          37.17944998294115,
          55.82886996679008
        ],
        [
          37.179439924657345,
          55.82891992293298
        ],
        [
          37.1794199757278,
          55.82895998843014
        ],
        [
          37.17939994297922,
          55.829009944573045
        ],
        [
          37.17937999404967,
          55.82905998453498
        ],
        [
          37.17935996130109,
          55.82909996621311
        ],
        [
          37.17933992855251,
          55.82914992235601
        ],
        [
          37.179329954087734,
          55.829199962317944
        ],
        [
          37.179309921339154,
          55.82923994399607
        ],
        [
          37.179289972409606,
          55.829289983958006
        ],
        [
          37.17925996519625,
          55.82933994010091
        ],
        [
          37.17924999073148,
          55.82938998006284
        ],
        [
          37.179219983518124,
          55.829439936205745
        ],
        [
          37.179199950769544,
          55.82947991788387
        ],
        [
          37.17916994355619,
          55.82952995784581
        ],
        [
          37.17914999462664,
          55.829589972272515
        ],
        [
          37.179139936342835,
          55.82963992841542
        ],
        [
          37.17911998741329,
          55.82968996837735
        ],
        [
          37.17909995466471,
          55.829739924520254
        ],
        [
          37.17907992191613,
          55.82978996448219
        ],
        [
          37.17906994745135,
          55.82983992062509
        ],
        [
          37.179039940238,
          55.8298999350518
        ],
        [
          37.17901999130845,
          55.82994997501373
        ],
        [
          37.1789899840951,
          55.829999931156635
        ],
        [
          37.17895997688174,
          55.83004997111857
        ],
        [
          37.17892996966839,
          55.8300899527967
        ],
        [
          37.17890993691981,
          55.83013999275863
        ],
        [
          37.17888998799026,
          55.830189948901534
        ],
        [
          37.178859980776906,
          55.83023998886347
        ],
        [
          37.178839948028326,
          55.83028994500637
        ],
        [
          37.17881999909878,
          55.830339984968305
        ],
        [
          37.1787999663502,
          55.83037996664643
        ],
        [
          37.17877993360162,
          55.830429922789335
        ],
        [
          37.178769959136844,
          55.83047996275127
        ],
        [
          37.17875998467207,
          55.8305199444294
        ],
        [
          37.178729977458715,
          55.830559926107526
        ],
        [
          37.178709944710135,
          55.83060996606946
        ],
        [
          37.17868999578059,
          55.83064994774759
        ],
        [
          37.17866996303201,
          55.83069998770952
        ],
        [
          37.17864993028343,
          55.830749943852425
        ],
        [
          37.17861992307007,
          55.83078992553055
        ],
        [
          37.178599974140525,
          55.83083996549249
        ],
        [
          37.17858999967575,
          55.830899979919195
        ],
        [
          37.178579941391945,
          55.8309499360621
        ],
        [
          37.178579941391945,
          55.830989917740226
        ],
        [
          37.178579941391945,
          55.83103995770216
        ],
        [
          37.17856996692717,
          55.831089997664094
        ],
        [
          37.17853995971382,
          55.831139953806996
        ],
        [
          37.17850995250046,
          55.831179935485125
        ],
        [
          37.17847994528711,
          55.83121991716325
        ],
        [
          37.17845999635756,
          55.83125998266041
        ],
        [
          37.17843996360898,
          55.83129996433854
        ],
        [
          37.1784199308604,
          55.83134992048144
        ],
        [
          37.17839998193085,
          55.8313899859786
        ],
        [
          37.17837994918227,
          55.831439942121506
        ],
        [
          37.17834994196892,
          55.83148998208344
        ],
        [
          37.178339967504144,
          55.83153993822634
        ],
        [
          37.178319934755564,
          55.831589978188276
        ],
        [
          37.17828992754221,
          55.83163993433118
        ],
        [
          37.178259920328856,
          55.83167999982834
        ],
        [
          37.17822999693453,
          55.83172995597124
        ],
        [
          37.17819998972118,
          55.831779995933175
        ],
        [
          37.1781799569726,
          55.83182995207608
        ],
        [
          37.178169982507825,
          55.83187999203801
        ],
        [
          37.178169982507825,
          55.83191997371614
        ],
        [
          37.178149949759245,
          55.83196992985904
        ],
        [
          37.178129917010665,
          55.832019969820976
        ],
        [
          37.17811994254589,
          55.83206992596388
        ],
        [
          37.17809999361634,
          55.83210999146104
        ],
        [
          37.17807996086776,
          55.83215994760394
        ],
        [
          37.17805992811918,
          55.832209987565875
        ],
        [
          37.17804995365441,
          55.83225994370878
        ],
        [
          37.178019946441054,
          55.83230998367071
        ],
        [
          37.17800997197628,
          55.832359939813614
        ],
        [
          37.1779899392277,
          55.83239992149174
        ],
        [
          37.177959932014346,
          55.832449961453676
        ],
        [
          37.1779399830848,
          55.832489943131804
        ],
        [
          37.17792992480099,
          55.83253998309374
        ],
        [
          37.17791995033622,
          55.83258993923664
        ],
        [
          37.177889943122864,
          55.83262992091477
        ],
        [
          37.177869994193316,
          55.83266998641193
        ],
        [
          37.17785993590951,
          55.83270996809006
        ],
        [
          37.17783998697996,
          55.832749949768186
        ],
        [
          37.17780997976661,
          55.83279998973012
        ],
        [
          37.1777999214828,
          55.83283997140825
        ],
        [
          37.17777997255325,
          55.832879953086376
        ],
        [
          37.17776999808848,
          55.83292999304831
        ],
        [
          37.1777499653399,
          55.83296997472644
        ],
        [
          37.177719958126545,
          55.83300995640457
        ],
        [
          37.177699925377965,
          55.833049938082695
        ],
        [
          37.17767997644842,
          55.83309997804463
        ],
        [
          37.17766991816461,
          55.83313995972276
        ],
        [
          37.17764996923506,
          55.833179941400886
        ],
        [
          37.17761996202171,
          55.833219923079014
        ],
        [
          37.17759992927313,
          55.833259988576174
        ],
        [
          37.177589954808354,
          55.8332999702543
        ],
        [
          37.177569922059774,
          55.83333995193243
        ],
        [
          37.177559947595,
          55.83337993361056
        ],
        [
          37.17753999866545,
          55.83342997357249
        ],
        [
          37.1775099914521,
          55.83346995525062
        ],
        [
          37.17748995870352,
          55.833519995212555
        ],
        [
          37.177479984238744,
          55.83356995135546
        ],
        [
          37.177459951490164,
          55.83361999131739
        ],
        [
          37.177439918741584,
          55.833669947460294
        ],
        [
          37.177419969812036,
          55.83370992913842
        ],
        [
          37.177399937063456,
          55.83376994356513
        ],
        [
          37.17737998813391,
          55.833819983527064
        ],
        [
          37.17735995538533,
          55.83386993966997
        ],
        [
          37.17733992263675,
          55.8339199796319
        ],
        [
          37.1773199737072,
          55.8339699357748
        ],
        [
          37.17729994095862,
          55.83401997573674
        ],
        [
          37.17727999202907,
          55.83406993187964
        ],
        [
          37.17725995928049,
          55.834119971841574
        ],
        [
          37.17723992653191,
          55.834169927984476
        ],
        [
          37.17721997760236,
          55.83421996794641
        ],
        [
          37.17720991931856,
          55.83426992408931
        ],
        [
          37.17718997038901,
          55.83431996405125
        ],
        [
          37.17716993764043,
          55.834359945729375
        ],
        [
          37.17714998871088,
          55.83440998569131
        ],
        [
          37.1771299559623,
          55.83444996736944
        ],
        [
          37.17710992321372,
          55.83449992351234
        ],
        [
          37.17708997428417,
          55.8345399890095
        ],
        [
          37.1770799998194,
          55.8345899451524
        ],
        [
          37.17705996707082,
          55.83462992683053
        ],
        [
          37.177049992606044,
          55.83466999232769
        ],
        [
          37.177029959857464,
          55.83470997400582
        ],
        [
          37.177009927108884,
          55.83475993014872
        ],
        [
          37.17699995264411,
          55.83479999564588
        ],
        [
          37.17697991989553,
          55.83483997732401
        ],
        [
          37.176969945430756,
          55.83487995900214
        ],
        [
          37.17695997096598,
          55.834919940680265
        ],
        [
          37.17695997096598,
          55.834959922358394
        ],
        [
          37.17694999650121,
          55.834999987855554
        ],
        [
          37.1769399382174,
          55.835049943998456
        ],
        [
          37.17692996375263,
          55.835089925676584
        ],
        [
          37.17690993100405,
          55.835129991173744
        ],
        [
          37.1768899820745,
          55.83516997285187
        ],
        [
          37.17687992379069,
          55.83520995453
        ],
        [
          37.176859974861145,
          55.835259994491935
        ],
        [
          37.17682996764779,
          55.83529997617006
        ],
        [
          37.17681999318302,
          55.83533995784819
        ],
        [
          37.17678998596966,
          55.83537993952632
        ],
        [
          37.17677992768586,
          55.835429979488254
        ],
        [
          37.17675997875631,
          55.83546996116638
        ],
        [
          37.17673994600773,
          55.835519917309284
        ],
        [
          37.17671999707818,
          55.835559982806444
        ],
        [
          37.176689989864826,
          55.83560993894935
        ],
        [
          37.176669957116246,
          55.835649920627475
        ],
        [
          37.176649924367666,
          55.83569996058941
        ],
        [
          37.17662997543812,
          55.83573994226754
        ],
        [
          37.176599968224764,
          55.83578998222947
        ],
        [
          37.176559986546636,
          55.8358299639076
        ],
        [
          37.17652997933328,
          55.83586994558573
        ],
        [
          37.1765099465847,
          55.83591998554766
        ],
        [
          37.17648999765515,
          55.83595996722579
        ],
        [
          37.17647993937135,
          55.83600992336869
        ],
        [
          37.17646996490657,
          55.83604998886585
        ],
        [
          37.1764599904418,
          55.836099945008755
        ],
        [
          37.17644993215799,
          55.83614998497069
        ],
        [
          37.17641992494464,
          55.83618996664882
        ],
        [
          37.17639997601509,
          55.83623992279172
        ],
        [
          37.17637994326651,
          55.83628996275365
        ],
        [
          37.17635999433696,
          55.836339918896556
        ],
        [
          37.17633996158838,
          55.836379984393716
        ],
        [
          37.1763199288398,
          55.83642994053662
        ],
        [
          37.176299979910254,
          55.83646992221475
        ],
        [
          37.176279947161674,
          55.83651996217668
        ],
        [
          37.176259998232126,
          55.83655994385481
        ],
        [
          37.176239965483546,
          55.83660998381674
        ],
        [
          37.176219932734966,
          55.836659939959645
        ],
        [
          37.17619998380542,
          55.83669992163777
        ],
        [
          37.176169976592064,
          55.83673998713493
        ],
        [
          37.17613996937871,
          55.836789943277836
        ],
        [
          37.17611993663013,
          55.836829924955964
        ],
        [
          37.176089929416776,
          55.836869990453124
        ],
        [
          37.176079954952,
          55.836919946596026
        ],
        [
          37.17604994773865,
          55.836959928274155
        ],
        [
          37.1760299988091,
          55.83700996823609
        ],
        [
          37.175999991595745,
          55.83704994991422
        ],
        [
          37.17596998438239,
          55.837089931592345
        ],
        [
          37.17592991888523,
          55.837129997089505
        ],
        [
          37.17589999549091,
          55.83716997876763
        ],
        [
          37.17585992999375,
          55.83720996044576
        ],
        [
          37.175829922780395,
          55.83724994212389
        ],
        [
          37.17579999938607,
          55.83728992380202
        ],
        [
          37.17581994831562,
          55.8373099565506
        ],
        [
          37.175849955528975,
          55.83731993101537
        ],
        [
          37.175869988277555,
          55.83733996376395
        ],
        [
          37.175869988277555,
          55.837349938228726
        ],
        [
          37.17585992999375,
          55.837369970977306
        ],
        [
          37.175849955528975,
          55.837389919906855
        ],
        [
          37.17581994831562,
          55.837409952655435
        ],
        [
          37.17579999938607,
          55.837429985404015
        ],
        [
          37.17576999217272,
          55.83745999261737
        ],
        [
          37.17574995942414,
          55.83747994154692
        ],
        [
          37.175719952210784,
          55.83750994876027
        ],
        [
          37.17568994499743,
          55.837539955973625
        ],
        [
          37.175659937784076,
          55.837559988722205
        ],
        [
          37.17562993057072,
          55.83757993765175
        ],
        [
          37.17559992335737,
          55.83759997040033
        ],
        [
          37.17555994167924,
          55.83760994486511
        ],
        [
          37.17551996000111,
          55.83761991932988
        ],
        [
          37.17547997832298,
          55.83761991932988
        ],
        [
          37.17542993836105,
          55.83763995207846
        ],
        [
          37.175379982218146,
          55.83765998482704
        ],
        [
          37.17534997500479,
          55.83767993375659
        ],
        [
          37.175309993326664,
          55.83769996650517
        ],
        [
          37.175269927829504,
          55.83771999925375
        ],
        [
          37.1752199716866,
          55.83774992264807
        ],
        [
          37.17518996447325,
          55.83776995539665
        ],
        [
          37.17513992451131,
          55.837799962610006
        ],
        [
          37.17510991729796,
          55.837819995358586
        ],
        [
          37.17506993561983,
          55.837839944288135
        ],
        [
          37.17504998669028,
          55.83784991875291
        ],
        [
          37.17501997947693,
          55.83786995150149
        ],
        [
          37.17499994672835,
          55.83787992596626
        ],
        [
          37.1749799977988,
          55.83788998425007
        ],
        [
          37.17495996505022,
          55.83789995871484
        ],
        [
          37.17493993230164,
          55.83790993317962
        ],
        [
          37.17491998337209,
          55.8379299659282
        ],
        [
          37.17488997615874,
          55.83794999867678
        ],
        [
          37.17484999448061,
          55.83795997314155
        ],
        [
          37.174819987267256,
          55.837969947606325
        ],
        [
          37.1747899800539,
          55.837989980354905
        ],
        [
          37.17474999837577,
          55.83800992928445
        ],
        [
          37.17470993287861,
          55.83802996203303
        ],
        [
          37.17467992566526,
          55.83804999478161
        ],
        [
          37.17462996952236,
          55.83806994371116
        ],
        [
          37.17457992956042,
          55.838079918175936
        ],
        [
          37.174539947882295,
          55.838099950924516
        ],
        [
          37.174499966204166,
          55.838119983673096
        ],
        [
          37.17446995899081,
          55.83814999088645
        ],
        [
          37.17441991902888,
          55.838169939816
        ],
        [
          37.17437993735075,
          55.83819994702935
        ],
        [
          37.17433995567262,
          55.83821997977793
        ],
        [
          37.17429997399449,
          55.838249986991286
        ],
        [
          37.174259992316365,
          55.838269935920835
        ],
        [
          37.174219926819205,
          55.83829994313419
        ],
        [
          37.17417994514108,
          55.83831997588277
        ],
        [
          37.174129988998175,
          55.83834998309612
        ],
        [
          37.174089923501015,
          55.83836993202567
        ],
        [
          37.17404994182289,
          55.838399939239025
        ],
        [
          37.173999985679984,
          55.838419971987605
        ],
        [
          37.173959920182824,
          55.83844997920096
        ],
        [
          37.173919938504696,
          55.83847998641431
        ],
        [
          37.17386998236179,
          55.83850999362767
        ],
        [
          37.173829916864634,
          55.838529942557216
        ],
        [
          37.173789935186505,
          55.83855994977057
        ],
        [
          37.1737399790436,
          55.83857998251915
        ],
        [
          37.17368993908167,
          55.838609989732504
        ],
        [
          37.17364995740354,
          55.83862993866205
        ],
        [
          37.17360997572541,
          55.83864997141063
        ],
        [
          37.17355993576348,
          55.838679978623986
        ],
        [
          37.173509979620576,
          55.838699927553535
        ],
        [
          37.17346999794245,
          55.83872993476689
        ],
        [
          37.173419957980514,
          55.83875994198024
        ],
        [
          37.17338995076716,
          55.8387899491936
        ],
        [
          37.17334996908903,
          55.83881995640695
        ],
        [
          37.1733099874109,
          55.838849963620305
        ],
        [
          37.17325994744897,
          55.838869996368885
        ],
        [
          37.17320999130607,
          55.83888994529843
        ],
        [
          37.17316992580891,
          55.83890997804701
        ],
        [
          37.17312994413078,
          55.83892992697656
        ],
        [
          37.173099936917424,
          55.838959934189916
        ],
        [
          37.17306992970407,
          55.83898994140327
        ],
        [
          37.173039922490716,
          55.83900997415185
        ],
        [
          37.17299994081259,
          55.8390299230814
        ],
        [
          37.172969933599234,
          55.83904995582998
        ],
        [
          37.17293992638588,
          55.83906998857856
        ],
        [
          37.17289994470775,
          55.83909999579191
        ],
        [
          37.17285996302962,
          55.83911994472146
        ],
        [
          37.17280992306769,
          55.83913997747004
        ],
        [
          37.17276994138956,
          55.83915992639959
        ],
        [
          37.17272995971143,
          55.83918993361294
        ],
        [
          37.1726799197495,
          55.83920996636152
        ],
        [
          37.17263993807137,
          55.83923997357488
        ],
        [
          37.17258998192847,
          55.83926998078823
        ],
        [
          37.17254991643131,
          55.83928992971778
        ],
        [
          37.172499960288405,
          55.83930996246636
        ],
        [
          37.17245997861028,
          55.83933996967971
        ],
        [
          37.17240993864834,
          55.83935991860926
        ],
        [
          37.172369956970215,
          55.839389925822616
        ],
        [
          37.17231991700828,
          55.839409958571196
        ],
        [
          37.17227993533015,
          55.83943996578455
        ],
        [
          37.172239953652024,
          55.83945999853313
        ],
        [
          37.17218999750912,
          55.83948992192745
        ],
        [
          37.17214993201196,
          55.83950995467603
        ],
        [
          37.17211992479861,
          55.839539961889386
        ],
        [
          37.17207994312048,
          55.839559994637966
        ],
        [
          37.172049935907125,
          55.839579943567514
        ],
        [
          37.172009954229,
          55.839599976316094
        ],
        [
          37.17196997255087,
          55.83961992524564
        ],
        [
          37.17192999087274,
          55.83963995799422
        ],
        [
          37.17188992537558,
          55.83966996520758
        ],
        [
          37.17183996923268,
          55.83968999795616
        ],
        [
          37.171809962019324,
          55.839709946885705
        ],
        [
          37.171769980341196,
          55.839729979634285
        ],
        [
          37.17172999866307,
          55.83975998684764
        ],
        [
          37.17168993316591,
          55.83977993577719
        ],
        [
          37.171639977023005,
          55.83979996852577
        ],
        [
          37.17159999534488,
          55.839819917455316
        ],
        [
          37.17154995538294,
          55.83984992466867
        ],
        [
          37.17151994816959,
          55.83986995741725
        ],
        [
          37.171489940956235,
          55.839899964630604
        ],
        [
          37.17145993374288,
          55.83992997184396
        ],
        [
          37.17142992652953,
          55.83993994630873
        ],
        [
          37.1713899448514,
          55.839949920773506
        ],
        [
          37.171359937638044,
          55.83995997905731
        ],
        [
          37.17132993042469,
          55.83997992798686
        ],
        [
          37.171299923211336,
          55.839989986270666
        ],
        [
          37.17125994153321,
          55.840009935200214
        ],
        [
          37.17121995985508,
          55.840029967948794
        ],
        [
          37.17117997817695,
          55.84004991687834
        ],
        [
          37.17113999649882,
          55.84006994962692
        ],
        [
          37.17109993100166,
          55.84009995684028
        ],
        [
          37.171059949323535,
          55.84011998958886
        ],
        [
          37.17101996764541,
          55.84014999680221
        ],
        [
          37.17096992768347,
          55.84016994573176
        ],
        [
          37.170929946005344,
          55.84019995294511
        ],
        [
          37.17087998986244,
          55.84021998569369
        ],
        [
          37.17084998264909,
          55.84024999290705
        ],
        [
          37.17080991715193,
          55.840269941836596
        ],
        [
          37.170799942687154,
          55.84029994904995
        ],
        [
          37.170779993757606,
          55.84031998179853
        ],
        [
          37.1707699354738,
          55.840329956263304
        ],
        [
          37.170779993757606,
          55.840349989011884
        ],
        [
          37.17078996822238,
          55.84035996347666
        ],
        [
          37.17080991715193,
          55.84035996347666
        ],
        [
          37.170819975435734,
          55.84035996347666
        ],
        [
          37.17083992436528,
          55.84035996347666
        ],
        [
          37.17085995711386,
          55.84035996347666
        ],
        [
          37.17087998986244,
          55.840349989011884
        ],
        [
          37.17089993879199,
          55.840349989011884
        ],
        [
          37.170909997075796,
          55.84035996347666
        ],
        [
          37.17089993879199,
          55.84037999622524
        ],
        [
          37.170889964327216,
          55.84037999622524
        ],
        [
          37.170869931578636,
          55.84038997069001
        ],
        [
          37.17084998264909,
          55.84038997069001
        ],
        [
          37.17084998264909,
          55.84038997069001
        ],
        [
          37.1707199793309,
          55.84038997069001
        ],
        [
          37.17067999765277,
          55.84037999622524
        ],
        [
          37.17065996490419,
          55.84037999622524
        ],
        [
          37.17063993215561,
          55.84037999622524
        ],
        [
          37.170609924942255,
          55.84037999622524
        ],
        [
          37.170609924942255,
          55.84037999622524
        ],
        [
          37.170609924942255,
          55.84037999622524
        ],
        [
          37.170529961586,
          55.84036993794143
        ],
        [
          37.170499954372644,
          55.84035996347666
        ],
        [
          37.170479921624064,
          55.84035996347666
        ],
        [
          37.17044999822974,
          55.84035996347666
        ],
        [
          37.17042996548116,
          55.84035996347666
        ],
        [
          37.17040993273258,
          55.84037999622524
        ],
        [
          37.17040993273258,
          55.84038997069001
        ],
        [
          37.170389983803034,
          55.840399945154786
        ],
        [
          37.17035997658968,
          55.84040991961956
        ],
        [
          37.17031999491155,
          55.840419977903366
        ],
        [
          37.17026995494962,
          55.840439926832914
        ],
        [
          37.170219998806715,
          55.840439926832914
        ],
        [
          37.17016995884478,
          55.84044998511672
        ],
        [
          37.17010994441807,
          55.840459959581494
        ],
        [
          37.170029981061816,
          55.840459959581494
        ],
        [
          37.169959992170334,
          55.840459959581494
        ],
        [
          37.169879944995046,
          55.840459959581494
        ],
        [
          37.16979998163879,
          55.840459959581494
        ],
        [
          37.1697199344635,
          55.840459959581494
        ],
        [
          37.169639971107244,
          55.840459959581494
        ],
        [
          37.169559923931956,
          55.840459959581494
        ],
        [
          37.169469986110926,
          55.840459959581494
        ],
        [
          37.16938993893564,
          55.840459959581494
        ],
        [
          37.169299917295575,
          55.840459959581494
        ],
        [
          37.169209979474545,
          55.840459959581494
        ],
        [
          37.16911995783448,
          55.84046993404627
        ],
        [
          37.16902993619442,
          55.84046993404627
        ],
        [
          37.16893999837339,
          55.84046993404627
        ],
        [
          37.16883991844952,
          55.840459959581494
        ],
        [
          37.168739922344685,
          55.840459959581494
        ],
        [
          37.16863992623985,
          55.840459959581494
        ],
        [
          37.16853993013501,
          55.840459959581494
        ],
        [
          37.168439934030175,
          55.840459959581494
        ],
        [
          37.16833993792534,
          55.840459959581494
        ],
        [
          37.16822996735573,
          55.840459959581494
        ],
        [
          37.16812997125089,
          55.840459959581494
        ],
        [
          37.16801991686225,
          55.840459959581494
        ],
        [
          37.16791992075741,
          55.840459959581494
        ],
        [
          37.1678099501878,
          55.84044998511672
        ],
        [
          37.16771992854774,
          55.84044998511672
        ],
        [
          37.1676199324429,
          55.840459959581494
        ],
        [
          37.16751993633807,
          55.840459959581494
        ],
        [
          37.167429998517036,
          55.840459959581494
        ],
        [
          37.16734995134175,
          55.84046993404627
        ],
        [
          37.16726998798549,
          55.84049994125962
        ],
        [
          37.1671899408102,
          55.8405199740082
        ],
        [
          37.16709991917014,
          55.84052994847298
        ],
        [
          37.16700998134911,
          55.84054998122156
        ],
        [
          37.166909985244274,
          55.84055995568633
        ],
        [
          37.16680998913944,
          55.840569930151105
        ],
        [
          37.166719967499375,
          55.840589962899685
        ],
        [
          37.16661997139454,
          55.840609995648265
        ],
        [
          37.1665199752897,
          55.84062994457781
        ],
        [
          37.16642995364964,
          55.84064997732639
        ],
        [
          37.16633993200958,
          55.84066992625594
        ],
        [
          37.16624999418855,
          55.84066992625594
        ],
        [
          37.16616994701326,
          55.84065995179117
        ],
        [
          37.16610993258655,
          55.84062994457781
        ],
        [
          37.16605997644365,
          55.840609995648265
        ],
        [
          37.16599996201694,
          55.84059993736446
        ],
        [
          37.16592997312546,
          55.840569930151105
        ],
        [
          37.16586995869875,
          55.84053992293775
        ],
        [
          37.16579996980727,
          55.84050999954343
        ],
        [
          37.165729980915785,
          55.840479992330074
        ],
        [
          37.1656599920243,
          55.84044998511672
        ],
        [
          37.16558991931379,
          55.840419977903366
        ],
        [
          37.16552998870611,
          55.84037999622524
        ],
        [
          37.16545999981463,
          55.840349989011884
        ],
        [
          37.16537995263934,
          55.84031998179853
        ],
        [
          37.16531993821263,
          55.84027991630137
        ],
        [
          37.16524994932115,
          55.84024999290705
        ],
        [
          37.16518993489444,
          55.84020992740989
        ],
        [
          37.16513997875154,
          55.84016994573176
        ],
        [
          37.16506998986006,
          55.840139938518405
        ],
        [
          37.16500997543335,
          55.84010993130505
        ],
        [
          37.16494996100664,
          55.8400799240917
        ],
        [
          37.16487997211516,
          55.84004991687834
        ],
        [
          37.16480998322368,
          55.84001999348402
        ],
        [
          37.16474996879697,
          55.83997992798686
        ],
        [
          37.164679979905486,
          55.839949920773506
        ],
        [
          37.16461996547878,
          55.83990993909538
        ],
        [
          37.16455995105207,
          55.839899964630604
        ],
        [
          37.16449993662536,
          55.83988999016583
        ],
        [
          37.16444998048246,
          55.83986995741725
        ],
        [
          37.16440999880433,
          55.83984992466867
        ],
        [
          37.16436993330717,
          55.83982997573912
        ],
        [
          37.16432995162904,
          55.83979996852577
        ],
        [
          37.164289969950914,
          55.83977993577719
        ],
        [
          37.164249988272786,
          55.83975998684764
        ],
        [
          37.16419994831085,
          55.839729979634285
        ],
        [
          37.1641699410975,
          55.839709946885705
        ],
        [
          37.164139933884144,
          55.839709946885705
        ],
        [
          37.164139933884144,
          55.839709946885705
        ],
        [
          37.164139933884144,
          55.839709946885705
        ],
        [
          37.164139933884144,
          55.839709946885705
        ],
        [
          37.164179999381304,
          55.83974992856383
        ],
        [
          37.16421998105943,
          55.83975998684764
        ],
        [
          37.16425996273756,
          55.83978999406099
        ],
        [
          37.16429994441569,
          55.83980994299054
        ],
        [
          37.16433992609382,
          55.83982997573912
        ],
        [
          37.16436993330717,
          55.839859982952476
        ],
        [
          37.16440999880433,
          55.839879931882024
        ],
        [
          37.164419973269105,
          55.839879931882024
        ],
        [
          37.16440999880433,
          55.839879931882024
        ],
        [
          37.16438996605575,
          55.839859982952476
        ],
        [
          37.1643599588424,
          55.83984992466867
        ],
        [
          37.16431997716427,
          55.83982997573912
        ],
        [
          37.16427999548614,
          55.83979996852577
        ],
        [
          37.164229955524206,
          55.83977993577719
        ],
        [
          37.16418997384608,
          55.83975998684764
        ],
        [
          37.16414999216795,
          55.839729979634285
        ],
        [
          37.16412995941937,
          55.83971992135048
        ],
        [
          37.16412995941937,
          55.83971992135048
        ],
        [
          37.16412995941937,
          55.83971992135048
        ],
        [
          37.16412995941937,
          55.83971992135048
        ],
        [
          37.16412995941937,
          55.83971992135048
        ],
        [
          37.16412995941937,
          55.83971992135048
        ],
        [
          37.164139933884144,
          55.83973995409906
        ],
        [
          37.1641699410975,
          55.83975998684764
        ],
        [
          37.164209922775626,
          55.83977993577719
        ],
        [
          37.164249988272786,
          55.83979996852577
        ],
        [
          37.16429994441569,
          55.83982997573912
        ],
        [
          37.16433992609382,
          55.83984992466867
        ],
        [
          37.16438996605575,
          55.839879931882024
        ],
        [
          37.16442994773388,
          55.839899964630604
        ],
        [
          37.16444998048246,
          55.839919997379184
        ],
        [
          37.16443992219865,
          55.83992997184396
        ],
        [
          37.16440999880433,
          55.839949920773506
        ],
        [
          37.16436993330717,
          55.83997992798686
        ],
        [
          37.16432995162904,
          55.840009935200214
        ],
        [
          37.16427999548614,
          55.840029967948794
        ],
        [
          37.164249988272786,
          55.84003994241357
        ],
        [
          37.164249988272786,
          55.84003994241357
        ],
        [
          37.164249988272786,
          55.84003994241357
        ],
        [
          37.164249988272786,
          55.84003994241357
        ],
        [
          37.164249988272786,
          55.84003994241357
        ],
        [
          37.164179999381304,
          55.839989986270666
        ],
        [
          37.16414999216795,
          55.839969953522086
        ],
        [
          37.164099952206016,
          55.839949920773506
        ],
        [
          37.16404999606311,
          55.839919997379184
        ],
        [
          37.16399995610118,
          55.83988999016583
        ],
        [
          37.16394999995828,
          55.83986995741725
        ],
        [
          37.16391999274492,
          55.83984992466867
        ],
        [
          37.16388998553157,
          55.839839950203896
        ],
        [
          37.16387992724776,
          55.83984992466867
        ],
        [
          37.16388998553157,
          55.839859982952476
        ],
        [
          37.16391999274492,
          55.839879931882024
        ],
        [
          37.16395997442305,
          55.83988999016583
        ],
        [
          37.16399995610118,
          55.839919997379184
        ],
        [
          37.16403993777931,
          55.83993994630873
        ],
        [
          37.16408997774124,
          55.839969953522086
        ],
        [
          37.164139933884144,
          55.83999996073544
        ],
        [
          37.16418997384608,
          55.84001999348402
        ],
        [
          37.16421998105943,
          55.84003994241357
        ],
        [
          37.164229955524206,
          55.84003994241357
        ],
        [
          37.164229955524206,
          55.84003994241357
        ],
        [
          37.164229955524206,
          55.84003994241357
        ],
        [
          37.164229955524206,
          55.84003994241357
        ],
        [
          37.164179999381304,
          55.83999996073544
        ],
        [
          37.164139933884144,
          55.839969953522086
        ],
        [
          37.164099952206016,
          55.839949920773506
        ],
        [
          37.16403993777931,
          55.83992997184396
        ],
        [
          37.163989981636405,
          55.839899964630604
        ],
        [
          37.16394999995828,
          55.839879931882024
        ],
        [
          37.1639299672097,
          55.839879931882024
        ],
        [
          37.1639299672097,
          55.839879931882024
        ],
        [
          37.1639299672097,
          55.839879931882024
        ],
        [
          37.1639299672097,
          55.839879931882024
        ],
        [
          37.16393994167447,
          55.83988999016583
        ],
        [
          37.163969948887825,
          55.83990993909538
        ],
        [
          37.16399995610118,
          55.839919997379184
        ],
        [
          37.16402996331453,
          55.83993994630873
        ],
        [
          37.16405997052789,
          55.83995997905731
        ],
        [
          37.164099952206016,
          55.83997992798686
        ],
        [
          37.164139933884144,
          55.840009935200214
        ],
        [
          37.164179999381304,
          55.84003994241357
        ],
        [
          37.164229955524206,
          55.84005997516215
        ],
        [
          37.16425996273756,
          55.8400899823755
        ],
        [
          37.16427999548614,
          55.84011998958886
        ],
        [
          37.164289969950914,
          55.840139938518405
        ],
        [
          37.164269937202334,
          55.84014999680221
        ],
        [
          37.164249988272786,
          55.84014999680221
        ],
        [
          37.16421998105943,
          55.84012996405363
        ],
        [
          37.16419994831085,
          55.84012996405363
        ],
        [
          37.164179999381304,
          55.84011998958886
        ],
        [
          37.164159966632724,
          55.84011998958886
        ],
        [
          37.164139933884144,
          55.84010993130505
        ],
        [
          37.164099952206016,
          55.84009995684028
        ],
        [
          37.16406994499266,
          55.8400899823755
        ],
        [
          37.16403993777931,
          55.84005997516215
        ],
        [
          37.16400993056595,
          55.840029967948794
        ],
        [
          37.163969948887825,
          55.83999996073544
        ],
        [
          37.16394999995828,
          55.83995997905731
        ],
        [
          37.16390993446112,
          55.83992997184396
        ],
        [
          37.16386995278299,
          55.83988999016583
        ],
        [
          37.16380993835628,
          55.839859982952476
        ],
        [
          37.16375998221338,
          55.83982997573912
        ],
        [
          37.163689993321896,
          55.83978999406099
        ],
        [
          37.16363995335996,
          55.83974992856383
        ],
        [
          37.16357993893325,
          55.83971992135048
        ],
        [
          37.163519924506545,
          55.83967993967235
        ],
        [
          37.16345999389887,
          55.839649932459
        ],
        [
          37.16339997947216,
          55.83960995078087
        ],
        [
          37.16333996504545,
          55.839579943567514
        ],
        [
          37.163279950618744,
          55.839539961889386
        ],
        [
          37.163219936192036,
          55.83950995467603
        ],
        [
          37.16315992176533,
          55.839469972997904
        ],
        [
          37.16309999115765,
          55.839429991319776
        ],
        [
          37.16303997673094,
          55.83939998410642
        ],
        [
          37.162979962304235,
          55.83936997689307
        ],
        [
          37.1629299223423,
          55.83933996967971
        ],
        [
          37.16289999894798,
          55.83930996246636
        ],
        [
          37.16285993345082,
          55.839299988001585
        ],
        [
          37.162829926237464,
          55.839279955253005
        ],
        [
          37.16279991902411,
          55.83926998078823
        ],
        [
          37.16276999562979,
          55.83924994803965
        ],
        [
          37.16274996288121,
          55.83923997357488
        ],
        [
          37.16273998841643,
          55.8392299991101
        ],
        [
          37.16271995566785,
          55.8392299991101
        ],
        [
          37.162659941241145,
          55.83918993361294
        ],
        [
          37.1626399923116,
          55.839169984683394
        ],
        [
          37.16261995956302,
          55.839169984683394
        ],
        [
          37.16260998509824,
          55.83915992639959
        ],
        [
          37.16260998509824,
          55.839149951934814
        ],
        [
          37.16261995956302,
          55.839149951934814
        ],
        [
          37.1626399923116,
          55.83917995914817
        ],
        [
          37.162659941241145,
          55.83918993361294
        ],
        [
          37.1626899484545,
          55.83918993361294
        ],
        [
          37.16270998120308,
          55.83920996636152
        ],
        [
          37.16273998841643,
          55.8392199408263
        ],
        [
          37.16276999562979,
          55.8392299991101
        ],
        [
          37.16279991902411,
          55.83924994803965
        ],
        [
          37.162829926237464,
          55.83926998078823
        ],
        [
          37.16285993345082,
          55.839279955253005
        ],
        [
          37.16288994066417,
          55.839299988001585
        ],
        [
          37.162939980626106,
          55.83931993693113
        ],
        [
          37.16296998783946,
          55.83934994414449
        ],
        [
          37.16300996951759,
          55.83936997689307
        ],
        [
          37.16305992566049,
          55.839389925822616
        ],
        [
          37.16309999115765,
          55.83941993303597
        ],
        [
          37.16314994730055,
          55.83943996578455
        ],
        [
          37.16318992897868,
          55.839469972997904
        ],
        [
          37.16322999447584,
          55.83949998021126
        ],
        [
          37.163279950618744,
          55.839519929140806
        ],
        [
          37.16332999058068,
          55.83954993635416
        ],
        [
          37.163389921188354,
          55.839579943567514
        ],
        [
          37.16343996115029,
          55.83960995078087
        ],
        [
          37.16348991729319,
          55.83963995799422
        ],
        [
          37.163559990003705,
          55.83966996520758
        ],
        [
          37.16360994614661,
          55.839709946885705
        ],
        [
          37.163669960573316,
          55.83974992856383
        ],
        [
          37.163729975000024,
          55.83977993577719
        ],
        [
          37.16378998942673,
          55.839819917455316
        ],
        [
          37.16384992003441,
          55.83984992466867
        ],
        [
          37.16388998553157,
          55.83988999016583
        ],
        [
          37.1639299672097,
          55.83992997184396
        ],
        [
          37.16394999995828,
          55.839969953522086
        ],
        [
          37.163989981636405,
          55.840009935200214
        ],
        [
          37.16403993777931,
          55.84004991687834
        ],
        [
          37.164099952206016,
          55.8400799240917
        ],
        [
          37.164159966632724,
          55.84009995684028
        ],
        [
          37.164209922775626,
          55.84011998958886
        ],
        [
          37.164249988272786,
          55.84012996405363
        ],
        [
          37.164249988272786,
          55.84012996405363
        ],
        [
          37.164249988272786,
          55.84012996405363
        ],
        [
          37.164249988272786,
          55.84012996405363
        ],
        [
          37.164249988272786,
          55.84012996405363
        ],
        [
          37.164249988272786,
          55.84012996405363
        ],
        [
          37.164249988272786,
          55.84012996405363
        ],
        [
          37.164249988272786,
          55.84012996405363
        ],
        [
          37.164249988272786,
          55.84012996405363
        ],
        [
          37.164249988272786,
          55.84012996405363
        ],
        [
          37.164249988272786,
          55.84012996405363
        ],
        [
          37.164249988272786,
          55.84012996405363
        ],
        [
          37.164249988272786,
          55.84012996405363
        ],
        [
          37.16433992609382,
          55.84016994573176
        ],
        [
          37.16434998437762,
          55.84016994573176
        ],
        [
          37.16436993330717,
          55.84017992019653
        ],
        [
          37.16438996605575,
          55.84018997848034
        ],
        [
          37.16438996605575,
          55.84021998569369
        ],
        [
          37.16438996605575,
          55.84024999290705
        ],
        [
          37.16436993330717,
          55.84027991630137
        ],
        [
          37.16432995162904,
          55.84031998179853
        ],
        [
          37.16425996273756,
          55.84035996347666
        ],
        [
          37.164179999381304,
          55.840399945154786
        ],
        [
          37.16408997774124,
          55.84044998511672
        ],
        [
          37.16399995610118,
          55.84049994125962
        ],
        [
          37.16390993446112,
          55.84054998122156
        ],
        [
          37.16380993835628,
          55.840609995648265
        ],
        [
          37.16369996778667,
          55.84066992625594
        ],
        [
          37.16358999721706,
          55.84072994068265
        ],
        [
          37.16347994282842,
          55.84078995510936
        ],
        [
          37.16335999779403,
          55.840849969536066
        ],
        [
          37.16324994340539,
          55.840909983962774
        ],
        [
          37.16313997283578,
          55.84096999838948
        ],
        [
          37.16301994398236,
          55.841019954532385
        ],
        [
          37.16289999894798,
          55.84107996895909
        ],
        [
          37.16277997009456,
          55.841129925101995
        ],
        [
          37.16264996677637,
          55.84115993231535
        ],
        [
          37.16251996345818,
          55.84119999781251
        ],
        [
          37.16238996013999,
          55.84121994674206
        ],
        [
          37.1622599568218,
          55.84124995395541
        ],
        [
          37.16213992796838,
          55.84126998670399
        ],
        [
          37.16200992465019,
          55.84128993563354
        ],
        [
          37.16188997961581,
          55.84130996838212
        ],
        [
          37.16176995076239,
          55.841339975595474
        ],
        [
          37.161649921908975,
          55.84135992452502
        ],
        [
          37.161539951339364,
          55.8413799572736
        ],
        [
          37.16142998076975,
          55.84139999002218
        ],
        [
          37.16131992638111,
          55.84142999723554
        ],
        [
          37.161199981346726,
          55.841449946165085
        ],
        [
          37.161089926958084,
          55.841469978913665
        ],
        [
          37.16097995638847,
          55.84148992784321
        ],
        [
          37.16085992753506,
          55.84150996059179
        ],
        [
          37.16075993143022,
          55.84152999334037
        ],
        [
          37.160659935325384,
          55.84154994226992
        ],
        [
          37.16055993922055,
          55.8415699750185
        ],
        [
          37.16044996865094,
          55.841579949483275
        ],
        [
          37.1603499725461,
          55.841599982231855
        ],
        [
          37.16025995090604,
          55.841619931161404
        ],
        [
          37.1601599548012,
          55.84162998944521
        ],
        [
          37.16006993316114,
          55.84164993837476
        ],
        [
          37.15997999534011,
          55.841659996658564
        ],
        [
          37.15989994816482,
          55.84167994558811
        ],
        [
          37.159819984808564,
          55.84169997833669
        ],
        [
          37.15974999591708,
          55.841709952801466
        ],
        [
          37.15967992320657,
          55.84171992726624
        ],
        [
          37.15959995985031,
          55.841729985550046
        ],
        [
          37.15952997095883,
          55.84173996001482
        ],
        [
          37.15944992378354,
          55.841749934479594
        ],
        [
          37.159369960427284,
          55.8417599927634
        ],
        [
          37.15927993878722,
          55.8417599927634
        ],
        [
          37.159199975430965,
          55.8417599927634
        ],
        [
          37.1591099537909,
          55.841769967228174
        ],
        [
          37.15901993215084,
          55.841769967228174
        ],
        [
          37.158919936046004,
          55.84177994169295
        ],
        [
          37.15881993994117,
          55.841789999976754
        ],
        [
          37.15871994383633,
          55.84179997444153
        ],
        [
          37.158619947731495,
          55.84181992337108
        ],
        [
          37.15851995162666,
          55.84184993058443
        ],
        [
          37.15841995552182,
          55.84188999608159
        ],
        [
          37.158339992165565,
          55.84192997775972
        ],
        [
          37.1582499705255,
          55.84197993390262
        ],
        [
          37.15815994888544,
          55.84201999939978
        ],
        [
          37.15806992724538,
          55.842069955542684
        ],
        [
          37.15796993114054,
          55.84210993722081
        ],
        [
          37.15787999331951,
          55.842159977182746
        ],
        [
          37.157779997214675,
          55.842199958860874
        ],
        [
          37.15768997557461,
          55.84222996607423
        ],
        [
          37.15759995393455,
          55.84227992221713
        ],
        [
          37.157499957829714,
          55.84231998771429
        ],
        [
          37.15740993618965,
          55.84235996939242
        ],
        [
          37.157329972833395,
          55.84240992553532
        ],
        [
          37.15723995119333,
          55.842459965497255
        ],
        [
          37.15714992955327,
          55.84250992164016
        ],
        [
          37.157069966197014,
          55.842569936066866
        ],
        [
          37.15699997730553,
          55.842629950493574
        ],
        [
          37.15693996287882,
          55.84268996492028
        ],
        [
          37.15688992291689,
          55.84276992827654
        ],
        [
          37.15685999952257,
          55.84283991716802
        ],
        [
          37.15683996677399,
          55.842909989878535
        ],
        [
          37.15683996677399,
          55.84298995323479
        ],
        [
          37.15682999230921,
          55.843059942126274
        ],
        [
          37.15681993402541,
          55.84313998930156
        ],
        [
          37.15680995956063,
          55.843209978193045
        ],
        [
          37.15680995956063,
          55.84327996708453
        ],
        [
          37.15679998509586,
          55.84334995597601
        ],
        [
          37.15679998509586,
          55.843429919332266
        ],
        [
          37.15679998509586,
          55.84349999204278
        ],
        [
          37.15678992681205,
          55.84356998093426
        ],
        [
          37.15677995234728,
          55.843639969825745
        ],
        [
          37.156769977882504,
          55.84370995871723
        ],
        [
          37.1567599195987,
          55.84378992207348
        ],
        [
          37.156749945133924,
          55.84384993650019
        ],
        [
          37.156749945133924,
          55.84392998367548
        ],
        [
          37.156749945133924,
          55.84399997256696
        ],
        [
          37.15673997066915,
          55.84405998699367
        ],
        [
          37.15673997066915,
          55.84413995034993
        ],
        [
          37.156729996204376,
          55.84420993924141
        ],
        [
          37.156729996204376,
          55.84427992813289
        ],
        [
          37.15671993792057,
          55.844349917024374
        ],
        [
          37.15669998899102,
          55.84441998973489
        ],
        [
          37.15667995624244,
          55.84448997862637
        ],
        [
          37.15665992349386,
          55.84455996751785
        ],
        [
          37.15664994902909,
          55.844629956409335
        ],
        [
          37.15662991628051,
          55.84469994530082
        ],
        [
          37.156599992886186,
          55.8447699341923
        ],
        [
          37.156579960137606,
          55.84482994861901
        ],
        [
          37.156559927389026,
          55.844909995794296
        ],
        [
          37.15652992017567,
          55.84497998468578
        ],
        [
          37.15650997124612,
          55.84504997357726
        ],
        [
          37.15648993849754,
          55.84511996246874
        ],
        [
          37.15645993128419,
          55.845189951360226
        ],
        [
          37.15643998235464,
          55.84525994025171
        ],
        [
          37.156429924070835,
          55.84532992914319
        ],
        [
          37.15640997514129,
          55.84539991803467
        ],
        [
          37.15638994239271,
          55.84546999074519
        ],
        [
          37.15635993517935,
          55.84554995410144
        ],
        [
          37.15634996071458,
          55.845619942992926
        ],
        [
          37.156329927966,
          55.845699990168214
        ],
        [
          37.15630997903645,
          55.845769979059696
        ],
        [
          37.156279971823096,
          55.84584994241595
        ],
        [
          37.15626999735832,
          55.84592998959124
        ],
        [
          37.15624996460974,
          55.84601992741227
        ],
        [
          37.15624996460974,
          55.84609997458756
        ],
        [
          37.15623999014497,
          55.84618999622762
        ],
        [
          37.15622993186116,
          55.84627993404865
        ],
        [
          37.15621995739639,
          55.846369955688715
        ],
        [
          37.156209982931614,
          55.84645997732878
        ],
        [
          37.15619992464781,
          55.846539940685034
        ],
        [
          37.156189950183034,
          55.846629962325096
        ],
        [
          37.156169917434454,
          55.84670992568135
        ],
        [
          37.156149968504906,
          55.84678997285664
        ],
        [
          37.15613999404013,
          55.8468699362129
        ],
        [
          37.15611996129155,
          55.846949983388186
        ],
        [
          37.15609992854297,
          55.84702994674444
        ],
        [
          37.15607997961342,
          55.847099935635924
        ],
        [
          37.15605994686484,
          55.84717998281121
        ],
        [
          37.156039997935295,
          55.84725994616747
        ],
        [
          37.15600999072194,
          55.84733999334276
        ],
        [
          37.15598995797336,
          55.84740998223424
        ],
        [
          37.15595995076001,
          55.84749992005527
        ],
        [
          37.15594997629523,
          55.84757996723056
        ],
        [
          37.15595995076001,
          55.847659930586815
        ],
        [
          37.15597998350859,
          55.8477399777621
        ],
        [
          37.15598995797336,
          55.847829999402165
        ],
        [
          37.15600999072194,
          55.84790996275842
        ],
        [
          37.156039997935295,
          55.847979951649904
        ],
        [
          37.15605994686484,
          55.84805999882519
        ],
        [
          37.15607997961342,
          55.848129987716675
        ],
        [
          37.15609992854297,
          55.84820995107293
        ],
        [
          37.15611996129155,
          55.848279939964414
        ],
        [
          37.156149968504906,
          55.848349928855896
        ],
        [
          37.15615994296968,
          55.84841991774738
        ],
        [
          37.15617997571826,
          55.84848999045789
        ],
        [
          37.156169917434454,
          55.848539946600795
        ],
        [
          37.156129935756326,
          55.84857992827892
        ],
        [
          37.15605994686484,
          55.84861999377608
        ],
        [
          37.15596992522478,
          55.848649917170405
        ],
        [
          37.15587998740375,
          55.84865997545421
        ],
        [
          37.15576993301511,
          55.84865997545421
        ],
        [
          37.1556599624455,
          55.848649917170405
        ],
        [
          37.15554999187589,
          55.84862996824086
        ],
        [
          37.155439937487245,
          55.84860993549228
        ],
        [
          37.15531999245286,
          55.84858998656273
        ],
        [
          37.15519996359944,
          55.84856995381415
        ],
        [
          37.15506996028125,
          55.84854992106557
        ],
        [
          37.15492998249829,
          55.84852997213602
        ],
        [
          37.1547999791801,
          55.84849996492267
        ],
        [
          37.1546599175781,
          55.84848999045789
        ],
        [
          37.15452999807894,
          55.84846995770931
        ],
        [
          37.154389936476946,
          55.84844992496073
        ],
        [
          37.15424995869398,
          55.84843995049596
        ],
        [
          37.15410998091102,
          55.84841991774738
        ],
        [
          37.15396991930902,
          55.84841991774738
        ],
        [
          37.153829941526055,
          55.84841991774738
        ],
        [
          37.15368996374309,
          55.84841991774738
        ],
        [
          37.1535599604249,
          55.84843995049596
        ],
        [
          37.15342995710671,
          55.84845998324454
        ],
        [
          37.15330992825329,
          55.84848999045789
        ],
        [
          37.15318998321891,
          55.848539946600795
        ],
        [
          37.15305997990072,
          55.84858998656273
        ],
        [
          37.15292997658253,
          55.84863994270563
        ],
        [
          37.15280994772911,
          55.84869995713234
        ],
        [
          37.15267994441092,
          55.848749997094274
        ],
        [
          37.15254994109273,
          55.84880992770195
        ],
        [
          37.15243997052312,
          55.848859967663884
        ],
        [
          37.1523199416697,
          55.84890992380679
        ],
        [
          37.15220997110009,
          55.84895996376872
        ],
        [
          37.15209991671145,
          55.84899994544685
        ],
        [
          37.15198994614184,
          55.84904998540878
        ],
        [
          37.151889950037,
          55.84907999262214
        ],
        [
          37.15177997946739,
          55.849119974300265
        ],
        [
          37.15166992507875,
          55.84912994876504
        ],
        [
          37.15155995450914,
          55.84912994876504
        ],
        [
          37.15144998393953,
          55.84910999983549
        ],
        [
          37.151359962299466,
          55.84907999262214
        ],
        [
          37.151269940659404,
          55.84905995987356
        ],
        [
          37.15117991901934,
          55.84904998540878
        ],
        [
          37.15108998119831,
          55.84905995987356
        ],
        [
          37.15100993402302,
          55.84907999262214
        ],
        [
          37.15091999620199,
          55.849099941551685
        ],
        [
          37.150839949026704,
          55.84912994876504
        ],
        [
          37.15074992738664,
          55.84914998151362
        ],
        [
          37.15065998956561,
          55.84917998872697
        ],
        [
          37.15056996792555,
          55.84920999594033
        ],
        [
          37.150479946285486,
          55.84923991933465
        ],
        [
          37.150389924645424,
          55.84925995208323
        ],
        [
          37.15029998682439,
          55.849289959296584
        ],
        [
          37.15020996518433,
          55.84931996650994
        ],
        [
          37.15011994354427,
          55.84934997372329
        ],
        [
          37.150029921904206,
          55.84936992265284
        ],
        [
          37.14992992579937,
          55.849399929866195
        ],
        [
          37.14982992969453,
          55.84942993707955
        ],
        [
          37.1497299335897,
          55.84946991875768
        ],
        [
          37.14962993748486,
          55.84949992597103
        ],
        [
          37.14951996691525,
          55.849529933184385
        ],
        [
          37.14940999634564,
          55.84955994039774
        ],
        [
          37.149299941957,
          55.84959992207587
        ],
        [
          37.149189971387386,
          55.84962992928922
        ],
        [
          37.14908997528255,
          55.849659936502576
        ],
        [
          37.14897992089391,
          55.849699918180704
        ],
        [
          37.14885997585952,
          55.84972992539406
        ],
        [
          37.14874992147088,
          55.84975993260741
        ],
        [
          37.14863995090127,
          55.84979999810457
        ],
        [
          37.14852998033166,
          55.849829921498895
        ],
        [
          37.14841992594302,
          55.849869986996055
        ],
        [
          37.148309955373406,
          55.84989999420941
        ],
        [
          37.148199984803796,
          55.84992991760373
        ],
        [
          37.14809998869896,
          55.849959924817085
        ],
        [
          37.14798993431032,
          55.84998993203044
        ],
        [
          37.147879963740706,
          55.85001993924379
        ],
        [
          37.147769993171096,
          55.85005992092192
        ],
        [
          37.14765993878245,
          55.850089928135276
        ],
        [
          37.14755994267762,
          55.850129993632436
        ],
        [
          37.14744997210801,
          55.85015991702676
        ],
        [
          37.147339917719364,
          55.85018992424011
        ],
        [
          37.14721997268498,
          55.85022998973727
        ],
        [
          37.14711997658014,
          55.850259996950626
        ],
        [
          37.1470099221915,
          55.850299978628755
        ],
        [
          37.146909926086664,
          55.85033996030688
        ],
        [
          37.146799955517054,
          55.85036996752024
        ],
        [
          37.14668998494744,
          55.85039997473359
        ],
        [
          37.14658998884261,
          55.850429981946945
        ],
        [
          37.14648999273777,
          55.8504599891603
        ],
        [
          37.146389996632934,
          55.85048999637365
        ],
        [
          37.14627994224429,
          55.85052997805178
        ],
        [
          37.146179946139455,
          55.850559985265136
        ],
        [
          37.14607995003462,
          55.85058999247849
        ],
        [
          37.14597995392978,
          55.850619999691844
        ],
        [
          37.14586998336017,
          55.850649923086166
        ],
        [
          37.145769987255335,
          55.850689988583326
        ],
        [
          37.1456699911505,
          55.85071999579668
        ],
        [
          37.14556999504566,
          55.850749919191
        ],
        [
          37.145469998940825,
          55.85077992640436
        ],
        [
          37.14535994455218,
          55.85080993361771
        ],
        [
          37.14525994844735,
          55.850839940831065
        ],
        [
          37.14515995234251,
          55.85086994804442
        ],
        [
          37.145059956237674,
          55.85089995525777
        ],
        [
          37.14494998566806,
          55.85092996247113
        ],
        [
          37.14484998956323,
          55.85095996968448
        ],
        [
          37.14474999345839,
          55.85099995136261
        ],
        [
          37.144649997353554,
          55.851029958575964
        ],
        [
          37.144549917429686,
          55.85105996578932
        ],
        [
          37.14444992132485,
          55.85108997300267
        ],
        [
          37.14434992522001,
          55.851119980216026
        ],
        [
          37.144249929115176,
          55.851159961894155
        ],
        [
          37.14414993301034,
          55.85118996910751
        ],
        [
          37.14405999518931,
          55.85121997632086
        ],
        [
          37.14395999908447,
          55.85124998353422
        ],
        [
          37.143859919160604,
          55.85127999074757
        ],
        [
          37.143769981339574,
          55.851309997960925
        ],
        [
          37.14367995969951,
          55.85133992135525
        ],
        [
          37.14358993805945,
          55.8513699285686
        ],
        [
          37.14348994195461,
          55.851399935781956
        ],
        [
          37.143389945849776,
          55.85142994299531
        ],
        [
          37.143299924209714,
          55.851459950208664
        ],
        [
          37.14319992810488,
          55.85149993188679
        ],
        [
          37.14309993200004,
          55.851529939100146
        ],
        [
          37.142999935895205,
          55.8515599463135
        ],
        [
          37.14289993979037,
          55.851589953526855
        ],
        [
          37.14279994368553,
          55.85161996074021
        ],
        [
          37.142699947580695,
          55.85164996795356
        ],
        [
          37.14260992594063,
          55.85167997516692
        ],
        [
          37.1425199881196,
          55.85170998238027
        ],
        [
          37.142419992014766,
          55.851739989593625
        ],
        [
          37.14231999590993,
          55.85176999680698
        ],
        [
          37.14222997426987,
          55.8517999202013
        ],
        [
          37.14212997816503,
          55.851829927414656
        ],
        [
          37.142029982060194,
          55.851869992911816
        ],
        [
          37.14192998595536,
          55.851889941841364
        ],
        [
          37.14182998985052,
          55.85192992351949
        ],
        [
          37.141729993745685,
          55.851959930732846
        ],
        [
          37.14162999764085,
          55.8519899379462
        ],
        [
          37.141539976000786,
          55.852019945159554
        ],
        [
          37.14143997989595,
          55.85204995237291
        ],
        [
          37.14133998379111,
          55.85207995958626
        ],
        [
          37.141239987686276,
          55.85210996679962
        ],
        [
          37.14113999158144,
          55.85213997401297
        ],
        [
          37.1410399954766,
          55.852169981226325
        ],
        [
          37.14093999937177,
          55.85219998843968
        ],
        [
          37.140849977731705,
          55.85222999565303
        ],
        [
          37.14074998162687,
          55.852259919047356
        ],
        [
          37.14064998552203,
          55.85228992626071
        ],
        [
          37.14053993113339,
          55.852319933474064
        ],
        [
          37.14044999331236,
          55.85234994068742
        ],
        [
          37.14034999720752,
          55.85237994790077
        ],
        [
          37.14025997556746,
          55.852409955114126
        ],
        [
          37.140159979462624,
          55.85243996232748
        ],
        [
          37.14005998335779,
          55.852469969540834
        ],
        [
          37.13995998725295,
          55.85249997675419
        ],
        [
          37.139859991148114,
          55.85252998396754
        ],
        [
          37.13975999504328,
          55.8525599911809
        ],
        [
          37.13965999893844,
          55.85258999839425
        ],
        [
          37.13955991901457,
          55.85261992178857
        ],
        [
          37.13945992290974,
          55.85264992900193
        ],
        [
          37.139349952340126,
          55.85268999449909
        ],
        [
          37.139259930700064,
          55.85271991789341
        ],
        [
          37.13914996013045,
          55.852749925106764
        ],
        [
          37.13904996402562,
          55.85277993232012
        ],
        [
          37.13894996792078,
          55.85280993953347
        ],
        [
          37.138849971815944,
          55.852839946746826
        ],
        [
          37.13874997571111,
          55.85286995396018
        ],
        [
          37.138659954071045,
          55.85290993563831
        ],
        [
          37.13855995796621,
          55.85293994285166
        ],
        [
          37.138469936326146,
          55.85296995006502
        ],
        [
          37.13836994022131,
          55.85299995727837
        ],
        [
          37.13826994411647,
          55.853029964491725
        ],
        [
          37.13816994801164,
          55.85305997170508
        ],
        [
          37.138079926371574,
          55.85309995338321
        ],
        [
          37.137989988550544,
          55.85312996059656
        ],
        [
          37.13788999244571,
          55.85316994227469
        ],
        [
          37.13778999634087,
          55.853199949488044
        ],
        [
          37.13769997470081,
          55.8532299567014
        ],
        [
          37.13761992752552,
          55.853269938379526
        ],
        [
          37.13752998970449,
          55.853309920057654
        ],
        [
          37.1374499425292,
          55.85335996001959
        ],
        [
          37.13737995363772,
          55.85339994169772
        ],
        [
          37.13730996474624,
          55.85344998165965
        ],
        [
          37.13724995031953,
          55.85348996333778
        ],
        [
          37.13716998696327,
          55.85353991948068
        ],
        [
          37.13709999807179,
          55.85357998497784
        ],
        [
          37.13703998364508,
          55.853629941120744
        ],
        [
          37.1369699947536,
          55.85366992279887
        ],
        [
          37.13690998032689,
          55.853719962760806
        ],
        [
          37.13683999143541,
          55.853759944438934
        ],
        [
          37.1367799770087,
          55.85379992611706
        ],
        [
          37.13671996258199,
          55.853849966079
        ],
        [
          37.13664997369051,
          55.853889947757125
        ],
        [
          37.1365899592638,
          55.85392992943525
        ],
        [
          37.13651997037232,
          55.85396999493241
        ],
        [
          37.13645995594561,
          55.854019951075315
        ],
        [
          37.1363999415189,
          55.854059932753444
        ],
        [
          37.13632995262742,
          55.854099998250604
        ],
        [
          37.13626993820071,
          55.854149954393506
        ],
        [
          37.136209923774004,
          55.854189936071634
        ],
        [
          37.13614999316633,
          55.85422991774976
        ],
        [
          37.13608997873962,
          55.8542799577117
        ],
        [
          37.136039938777685,
          55.85432999767363
        ],
        [
          37.1359699498862,
          55.85436997935176
        ],
        [
          37.13589996099472,
          55.85440996102989
        ],
        [
          37.13583994656801,
          55.85445991717279
        ],
        [
          37.13576995767653,
          55.85449998266995
        ],
        [
          37.13569996878505,
          55.85454993881285
        ],
        [
          37.13563995435834,
          55.85458992049098
        ],
        [
          37.13556996546686,
          55.85462998598814
        ],
        [
          37.13550995104015,
          55.85467994213104
        ],
        [
          37.135439962148666,
          55.85471992380917
        ],
        [
          37.13537994772196,
          55.854769963771105
        ],
        [
          37.13531993329525,
          55.85480994544923
        ],
        [
          37.13523996993899,
          55.85485998541117
        ],
        [
          37.135159922763705,
          55.854899967089295
        ],
        [
          37.13507995940745,
          55.854939948767424
        ],
        [
          37.135009970515966,
          55.85497993044555
        ],
        [
          37.13492992334068,
          55.855029970407486
        ],
        [
          37.13484995998442,
          55.855069952085614
        ],
        [
          37.13477997109294,
          55.85510993376374
        ],
        [
          37.13469992391765,
          55.8551499992609
        ],
        [
          37.134619960561395,
          55.85518998093903
        ],
        [
          37.13454997166991,
          55.85522996261716
        ],
        [
          37.13447998277843,
          55.85527991876006
        ],
        [
          37.13439993560314,
          55.85531998425722
        ],
        [
          37.13432994671166,
          55.85535996593535
        ],
        [
          37.1342499833554,
          55.85539994761348
        ],
        [
          37.134169936180115,
          55.855439929291606
        ],
        [
          37.13408997282386,
          55.85548996925354
        ],
        [
          37.13400992564857,
          55.85552995093167
        ],
        [
          37.133929962292314,
          55.8555699326098
        ],
        [
          37.13384999893606,
          55.85560999810696
        ],
        [
          37.13377992622554,
          55.855649979785085
        ],
        [
          37.13369996286929,
          55.85568996146321
        ],
        [
          37.13361999951303,
          55.85572994314134
        ],
        [
          37.13353995233774,
          55.85576992481947
        ],
        [
          37.133459988981485,
          55.85580999031663
        ],
        [
          37.13338991627097,
          55.85584997199476
        ],
        [
          37.133309952914715,
          55.855889953672886
        ],
        [
          37.13321993127465,
          55.855929935351014
        ],
        [
          37.133139967918396,
          55.85596991702914
        ],
        [
          37.13305992074311,
          55.8560099825263
        ],
        [
          37.13297995738685,
          55.85604996420443
        ],
        [
          37.132899994030595,
          55.85608994588256
        ],
        [
          37.13281994685531,
          55.85612992756069
        ],
        [
          37.13273998349905,
          55.85617996752262
        ],
        [
          37.13265993632376,
          55.85621994920075
        ],
        [
          37.132579972967505,
          55.85625993087888
        ],
        [
          37.13248995132744,
          55.85629999637604
        ],
        [
          37.13240998797119,
          55.856339978054166
        ],
        [
          37.1323299407959,
          55.85638993419707
        ],
        [
          37.13224997743964,
          55.85642999969423
        ],
        [
          37.132169930264354,
          55.856469981372356
        ],
        [
          37.1320899669081,
          55.856509963050485
        ],
        [
          37.13200991973281,
          55.85654994472861
        ],
        [
          37.13191998191178,
          55.85659998469055
        ],
        [
          37.13183993473649,
          55.856639966368675
        ],
        [
          37.131759971380234,
          55.8566799480468
        ],
        [
          37.131679924204946,
          55.85671992972493
        ],
        [
          37.13159996084869,
          55.85675999522209
        ],
        [
          37.13151999749243,
          55.85679997690022
        ],
        [
          37.13144992478192,
          55.85683995857835
        ],
        [
          37.13136996142566,
          55.8568699657917
        ],
        [
          37.131309946998954,
          55.856899973005056
        ],
        [
          37.131249932572246,
          55.85692998021841
        ],
        [
          37.13119997642934,
          55.85696996189654
        ],
        [
          37.13114993646741,
          55.85698999464512
        ],
        [
          37.13109998032451,
          55.85701991803944
        ],
        [
          37.13106997311115,
          55.85702997632325
        ],
        [
          37.131029991433024,
          55.8570599835366
        ],
        [
          37.13101993314922,
          55.85707993246615
        ],
        [
          37.13101993314922,
          55.8571099396795
        ],
        [
          37.1310399658978,
          55.85713994689286
        ],
        [
          37.13106997311115,
          55.857179928570986
        ],
        [
          37.13109998032451,
          55.85720993578434
        ],
        [
          37.131119929254055,
          55.85724991746247
        ],
        [
          37.131159994751215,
          55.85728998295963
        ],
        [
          37.13119997642934,
          55.857329964637756
        ],
        [
          37.131249932572246,
          55.857369946315885
        ],
        [
          37.131289998069406,
          55.85741998627782
        ],
        [
          37.13133995421231,
          55.85746994242072
        ],
        [
          37.13138999417424,
          55.85750992409885
        ],
        [
          37.131439950317144,
          55.85755996406078
        ],
        [
          37.1314699575305,
          55.857609920203686
        ],
        [
          37.13150993920863,
          55.85765996016562
        ],
        [
          37.13155997917056,
          55.85771997459233
        ],
        [
          37.13160993531346,
          55.85776993073523
        ],
        [
          37.1316599752754,
          55.857819970697165
        ],
        [
          37.1317099314183,
          55.85786992684007
        ],
        [
          37.131759971380234,
          55.857919966802
        ],
        [
          37.13181998580694,
          55.8579699229449
        ],
        [
          37.131869941949844,
          55.85800998844206
        ],
        [
          37.13192995637655,
          55.858059944584966
        ],
        [
          37.13197999633849,
          55.8581099845469
        ],
        [
          37.13200991973281,
          55.8581599406898
        ],
        [
          37.13200991973281,
          55.858209980651736
        ],
        [
          37.13197999633849,
          55.85825993679464
        ],
        [
          37.13191998191178,
          55.85829991847277
        ],
        [
          37.13183993473649,
          55.85833998396993
        ],
        [
          37.13176994584501,
          55.85836999118328
        ],
        [
          37.13168998248875,
          55.85840997286141
        ],
        [
          37.13160993531346,
          55.85843998007476
        ],
        [
          37.13153994642198,
          55.85847996175289
        ],
        [
          37.131459983065724,
          55.858509968966246
        ],
        [
          37.13138999417424,
          55.858549950644374
        ],
        [
          37.131309946998954,
          55.85857995785773
        ],
        [
          37.13123995810747,
          55.85860996507108
        ],
        [
          37.131159994751215,
          55.858639972284436
        ],
        [
          37.1310899220407,
          55.85866997949779
        ],
        [
          37.13101993314922,
          55.858699986711144
        ],
        [
          37.13093996979296,
          55.85873996838927
        ],
        [
          37.13086998090148,
          55.85876997560263
        ],
        [
          37.13079999201,
          55.85879998281598
        ],
        [
          37.13072991929948,
          55.858829990029335
        ],
        [
          37.13064995594323,
          55.85886997170746
        ],
        [
          37.130579967051744,
          55.85889997892082
        ],
        [
          37.130519952625036,
          55.85892998613417
        ],
        [
          37.13045993819833,
          55.858959993347526
        ],
        [
          37.130389949306846,
          55.85898991674185
        ],
        [
          37.13032993488014,
          55.85900994949043
        ],
        [
          37.130259945988655,
          55.85903995670378
        ],
        [
          37.13019993156195,
          55.85907993838191
        ],
        [
          37.130129942670465,
          55.859109945595264
        ],
        [
          37.13005995377898,
          55.85913995280862
        ],
        [
          37.1299899648875,
          55.85916996002197
        ],
        [
          37.12991997599602,
          55.8592099417001
        ],
        [
          37.12983992882073,
          55.85924992337823
        ],
        [
          37.12976993992925,
          55.85927993059158
        ],
        [
          37.129699951037765,
          55.85931999608874
        ],
        [
          37.12961998768151,
          55.85935997776687
        ],
        [
          37.12953994050622,
          55.859389984980226
        ],
        [
          37.12946995161474,
          55.859429966658354
        ],
        [
          37.12938998825848,
          55.85945997387171
        ],
        [
          37.129319999367,
          55.859499955549836
        ],
        [
          37.12923995219171,
          55.85952996276319
        ],
        [
          37.129159988835454,
          55.85956994444132
        ],
        [
          37.129079941660166,
          55.85960992611945
        ],
        [
          37.12900995276868,
          55.8596399333328
        ],
        [
          37.12895999662578,
          55.859689973294735
        ],
        [
          37.12892998941243,
          55.85973992943764
        ],
        [
          37.12891993112862,
          55.85978996939957
        ],
        [
          37.1289399638772,
          55.859839925542474
        ],
        [
          37.128969971090555,
          55.85989993996918
        ],
        [
          37.12900995276868,
          55.85993992164731
        ],
        [
          37.12902998551726,
          55.85999993607402
        ],
        [
          37.12905999273062,
          55.86004997603595
        ],
        [
          37.129099974408746,
          55.860099932178855
        ],
        [
          37.129139956086874,
          55.86015994660556
        ],
        [
          37.129179937765,
          55.8602099865675
        ],
        [
          37.12921991944313,
          55.860269917175174
        ],
        [
          37.12925998494029,
          55.86031995713711
        ],
        [
          37.12929996661842,
          55.860379971563816
        ],
        [
          37.12934992276132,
          55.86042992770672
        ],
        [
          37.12938998825848,
          55.86047996766865
        ],
        [
          37.12942996993661,
          55.86053998209536
        ],
        [
          37.12946995161474,
          55.86059999652207
        ],
        [
          37.129509933292866,
          55.86064995266497
        ],
        [
          37.129549998790026,
          55.86070996709168
        ],
        [
          37.129589980468154,
          55.86075992323458
        ],
        [
          37.12961998768151,
          55.86081993766129
        ],
        [
          37.12964999489486,
          55.860879952088
        ],
        [
          37.12966994382441,
          55.86092999204993
        ],
        [
          37.12966994382441,
          55.860979948192835
        ],
        [
          37.12964999489486,
          55.86102998815477
        ],
        [
          37.129589980468154,
          55.86107994429767
        ],
        [
          37.12951999157667,
          55.861109951511025
        ],
        [
          37.12943994440138,
          55.86113995872438
        ],
        [
          37.1293699555099,
          55.86117994040251
        ],
        [
          37.12929996661842,
          55.861219922080636
        ],
        [
          37.129229977726936,
          55.861259987577796
        ],
        [
          37.129159988835454,
          55.86128999479115
        ],
        [
          37.12908999994397,
          55.86132997646928
        ],
        [
          37.12900995276868,
          55.86136995814741
        ],
        [
          37.12892998941243,
          55.861409939825535
        ],
        [
          37.12884994223714,
          55.86143994703889
        ],
        [
          37.12876997888088,
          55.86147992871702
        ],
        [
          37.128689931705594,
          55.86151999421418
        ],
        [
          37.12859999388456,
          55.8615499176085
        ],
        [
          37.128519946709275,
          55.86158998310566
        ],
        [
          37.12842992506921,
          55.861619990319014
        ],
        [
          37.12832992896438,
          55.86163993924856
        ],
        [
          37.12822993285954,
          55.86165997199714
        ],
        [
          37.1281299367547,
          55.86167992092669
        ],
        [
          37.12802994064987,
          55.86169995367527
        ],
        [
          37.12794997729361,
          55.861729960888624
        ],
        [
          37.12794997729361,
          55.861729960888624
        ],
        [
          37.12785995565355,
          55.861749993637204
        ],
        [
          37.127809999510646,
          55.86178997531533
        ],
        [
          37.12777999229729,
          55.86182995699346
        ],
        [
          37.127789966762066,
          55.861879996955395
        ],
        [
          37.127829948440194,
          55.8619299530983
        ],
        [
          37.12786993011832,
          55.86197999306023
        ],
        [
          37.12790999561548,
          55.862029949203134
        ],
        [
          37.127939919009805,
          55.86208996362984
        ],
        [
          37.127979984506965,
          55.86214997805655
        ],
        [
          37.12801996618509,
          55.86220999248326
        ],
        [
          37.12805994786322,
          55.86225994862616
        ],
        [
          37.128089955076575,
          55.86232993751764
        ],
        [
          37.1281299367547,
          55.86237997747958
        ],
        [
          37.12816991843283,
          55.862439991906285
        ],
        [
          37.128219958394766,
          55.86249992251396
        ],
        [
          37.128259940072894,
          55.862569995224476
        ],
        [
          37.12829992175102,
          55.86262992583215
        ],
        [
          37.12833998724818,
          55.86268994025886
        ],
        [
          37.12837996892631,
          55.86274995468557
        ],
        [
          37.12842992506921,
          55.86280996911228
        ],
        [
          37.12846999056637,
          55.862869983538985
        ],
        [
          37.1285099722445,
          55.86293997243047
        ],
        [
          37.12854995392263,
          55.862999986857176
        ],
        [
          37.12857996113598,
          55.86305991746485
        ],
        [
          37.12859999388456,
          55.863129990175366
        ],
        [
          37.12858993560076,
          55.86318992078304
        ],
        [
          37.1285599283874,
          55.86323996074498
        ],
        [
          37.12852992117405,
          55.86328991688788
        ],
        [
          37.12854995392263,
          55.86332998238504
        ],
        [
          37.12858993560076,
          55.86337993852794
        ],
        [
          37.128629917278886,
          55.86341992020607
        ],
        [
          37.12865992449224,
          55.86345998570323
        ],
        [
          37.128689931705594,
          55.86349996738136
        ],
        [
          37.12871993891895,
          55.86354992352426
        ],
        [
          37.128759920597076,
          55.863599963486195
        ],
        [
          37.128779953345656,
          55.86363994516432
        ],
        [
          37.12880996055901,
          55.86367992684245
        ],
        [
          37.128839967772365,
          55.863729966804385
        ],
        [
          37.12886997498572,
          55.86376994848251
        ],
        [
          37.12888992391527,
          55.86379995569587
        ],
        [
          37.12891993112862,
          55.86382996290922
        ],
        [
          37.128949938341975,
          55.8638499956578
        ],
        [
          37.128969971090555,
          55.86388997733593
        ],
        [
          37.12897994555533,
          55.863919984549284
        ],
        [
          37.1289899200201,
          55.86394999176264
        ],
        [
          37.12901992723346,
          55.863989973440766
        ],
        [
          37.12902998551726,
          55.864029955118895
        ],
        [
          37.12902998551726,
          55.86407999508083
        ],
        [
          37.12901992723346,
          55.86411997675896
        ],
        [
          37.12901992723346,
          55.86416993290186
        ],
        [
          37.12900995276868,
          55.86420999839902
        ],
        [
          37.1289899200201,
          55.86424998007715
        ],
        [
          37.12897994555533,
          55.8642799872905
        ],
        [
          37.12895999662578,
          55.864309994503856
        ],
        [
          37.12895999662578,
          55.86433991789818
        ],
        [
          37.128949938341975,
          55.86436992511153
        ],
        [
          37.12892998941243,
          55.864399932324886
        ],
        [
          37.12891993112862,
          55.86442993953824
        ],
        [
          37.12889998219907,
          55.864459946751595
        ],
        [
          37.12886997498572,
          55.864479979500175
        ],
        [
          37.12882999330759,
          55.86449992842972
        ],
        [
          37.128779953345656,
          55.86450998671353
        ],
        [
          37.12871993891895,
          55.86450998671353
        ],
        [
          37.128669982776046,
          55.86450998671353
        ],
        [
          37.12863997556269,
          55.86450998671353
        ],
        [
          37.12858993560076,
          55.86449992842972
        ],
        [
          37.12854995392263,
          55.86449992842972
        ],
        [
          37.12849999777973,
          55.86449992842972
        ],
        [
          37.12845993228257,
          55.86449992842972
        ],
        [
          37.128409976139665,
          55.86449992842972
        ],
        [
          37.12837996892631,
          55.86450998671353
        ],
        [
          37.128349961712956,
          55.86452993564308
        ],
        [
          37.12829992175102,
          55.86454996839166
        ],
        [
          37.128239991143346,
          55.86455994285643
        ],
        [
          37.12816991843283,
          55.864569917321205
        ],
        [
          37.12809992954135,
          55.86457997560501
        ],
        [
          37.12801996618509,
          55.864589950069785
        ],
        [
          37.12792994454503,
          55.86459992453456
        ],
        [
          37.127849981188774,
          55.864609982818365
        ],
        [
          37.12775995954871,
          55.86462993174791
        ],
        [
          37.12768997065723,
          55.86463999003172
        ],
        [
          37.12760992348194,
          55.86465993896127
        ],
        [
          37.127529960125685,
          55.86467997170985
        ],
        [
          37.12744999676943,
          55.864699920639396
        ],
        [
          37.12736994959414,
          55.864719953387976
        ],
        [
          37.12729996070266,
          55.864759935066104
        ],
        [
          37.12723994627595,
          55.86478994227946
        ],
        [
          37.12716995738447,
          55.86481994949281
        ],
        [
          37.12710994295776,
          55.86485993117094
        ],
        [
          37.12703995406628,
          55.8648999966681
        ],
        [
          37.126969965174794,
          55.86493997834623
        ],
        [
          37.126909950748086,
          55.86497996002436
        ],
        [
          37.12684993632138,
          55.865019941702485
        ],
        [
          37.126779947429895,
          55.86505992338061
        ],
        [
          37.12670995853841,
          55.86508993059397
        ],
        [
          37.12662999518216,
          55.86512999609113
        ],
        [
          37.12655992247164,
          55.865169977769256
        ],
        [
          37.126479959115386,
          55.865209959447384
        ],
        [
          37.126409970223904,
          55.86523996666074
        ],
        [
          37.12633998133242,
          55.865279948338866
        ],
        [
          37.12626999244094,
          55.86530995555222
        ],
        [
          37.126199919730425,
          55.865339962765574
        ],
        [
          37.12612993083894,
          55.86536996997893
        ],
        [
          37.126049967482686,
          55.86539997719228
        ],
        [
          37.1259699203074,
          55.86542998440564
        ],
        [
          37.125899931415915,
          55.86545999161899
        ],
        [
          37.12581996805966,
          55.86547994054854
        ],
        [
          37.12575995363295,
          55.86550994776189
        ],
        [
          37.12569993920624,
          55.86553995497525
        ],
        [
          37.125639924779534,
          55.8655699621886
        ],
        [
          37.12556993588805,
          55.86558999493718
        ],
        [
          37.12549994699657,
          55.86560994386673
        ],
        [
          37.12541998364031,
          55.86560994386673
        ],
        [
          37.12534999474883,
          55.86560994386673
        ],
        [
          37.12527992203832,
          55.865619918331504
        ],
        [
          37.125209933146834,
          55.865619918331504
        ],
        [
          37.12512996979058,
          55.86562997661531
        ],
        [
          37.12504992261529,
          55.86562997661531
        ],
        [
          37.12496995925903,
          55.86562997661531
        ],
        [
          37.12487993761897,
          55.865619918331504
        ],
        [
          37.12478999979794,
          55.865619918331504
        ],
        [
          37.12468991987407,
          55.86560994386673
        ],
        [
          37.12459998205304,
          55.86560994386673
        ],
        [
          37.124499985948205,
          55.86558999493718
        ],
        [
          37.12440996430814,
          55.8655699621886
        ],
        [
          37.12431994266808,
          55.86553995497525
        ],
        [
          37.12422992102802,
          55.86551992222667
        ],
        [
          37.12412992492318,
          55.86549997329712
        ],
        [
          37.12403998710215,
          55.865469966083765
        ],
        [
          37.12394996546209,
          55.865449933335185
        ],
        [
          37.123859943822026,
          55.86541992612183
        ],
        [
          37.123769922181964,
          55.86539997719228
        ],
        [
          37.12367998436093,
          55.8653799444437
        ],
        [
          37.12358996272087,
          55.86534993723035
        ],
        [
          37.12349994108081,
          55.8653299883008
        ],
        [
          37.12341997772455,
          55.86530995555222
        ],
        [
          37.123339930549264,
          55.86528992280364
        ],
        [
          37.12326994165778,
          55.86528992280364
        ],
        [
          37.12320992723107,
          55.86528992280364
        ],
        [
          37.12315997108817,
          55.865319930016994
        ],
        [
          37.12312996387482,
          55.865339962765574
        ],
        [
          37.12311998941004,
          55.86536996997893
        ],
        [
          37.12310993112624,
          55.86538991890848
        ],
        [
          37.12308998219669,
          55.86541992612183
        ],
        [
          37.12307992391288,
          55.86543995887041
        ],
        [
          37.12306994944811,
          55.86545999161899
        ],
        [
          37.12304991669953,
          55.86547994054854
        ],
        [
          37.123039942234755,
          55.86549997329712
        ],
        [
          37.12302996776998,
          55.86550994776189
        ],
        [
          37.12304991669953,
          55.86551992222667
        ],
        [
          37.12307992391288,
          55.86552998051047
        ],
        [
          37.12309995666146,
          55.86551992222667
        ],
        [
          37.12312996387482,
          55.86551992222667
        ],
        [
          37.1231499966234,
          55.86550994776189
        ],
        [
          37.123169945552945,
          55.86550994776189
        ],
        [
          37.123189978301525,
          55.86550994776189
        ],
        [
          37.12320992723107,
          55.86551992222667
        ],
        [
          37.1231999527663,
          55.86554992944002
        ],
        [
          37.123169945552945,
          55.86554992944002
        ],
        [
          37.12313993833959,
          55.86553995497525
        ],
        [
          37.12311998941004,
          55.86551992222667
        ],
        [
          37.12308998219669,
          55.86549997329712
        ],
        [
          37.12306994944811,
          55.865469966083765
        ],
        [
          37.12306994944811,
          55.86543995887041
        ],
        [
          37.12307992391288,
          55.86540995165706
        ],
        [
          37.12309995666146,
          55.8653799444437
        ],
        [
          37.12313993833959,
          55.86534993723035
        ],
        [
          37.123189978301525,
          55.8653299883008
        ],
        [
          37.12324999272823,
          55.865339962765574
        ],
        [
          37.12330992333591,
          55.86534993723035
        ],
        [
          37.123379996046424,
          55.86536996997893
        ],
        [
          37.1234399266541,
          55.8653799444437
        ],
        [
          37.123509999364614,
          55.86539997719228
        ],
        [
          37.1235799882561,
          55.86542998440564
        ],
        [
          37.12365995161235,
          55.86543995887041
        ],
        [
          37.12373999878764,
          55.86545999161899
        ],
        [
          37.123809987679124,
          55.86547994054854
        ],
        [
          37.12388995103538,
          55.86549997329712
        ],
        [
          37.12396999821067,
          55.86551992222667
        ],
        [
          37.12403998710215,
          55.86553995497525
        ],
        [
          37.12410997599363,
          55.86554992944002
        ],
        [
          37.12418993934989,
          55.86555998772383
        ],
        [
          37.12425992824137,
          55.8655699621886
        ],
        [
          37.12433997541666,
          55.865579936653376
        ],
        [
          37.12440996430814,
          55.86558999493718
        ],
        [
          37.124479953199625,
          55.865599969401956
        ],
        [
          37.12452999316156,
          55.86560994386673
        ],
        [
          37.124589923769236,
          55.865619918331504
        ],
        [
          37.124649938195944,
          55.86562997661531
        ],
        [
          37.12468991987407,
          55.86564992554486
        ],
        [
          37.124739959836006,
          55.865659983828664
        ],
        [
          37.12478999979794,
          55.86566995829344
        ],
        [
          37.12482998147607,
          55.86568999104202
        ],
        [
          37.1248699631542,
          55.86569996550679
        ],
        [
          37.1249199192971,
          55.865709939971566
        ],
        [
          37.12496995925903,
          55.86571999825537
        ],
        [
          37.12500994093716,
          55.865729972720146
        ],
        [
          37.125039948150516,
          55.865749921649694
        ],
        [
          37.125059980899096,
          55.8657599799335
        ],
        [
          37.125079929828644,
          55.865769954398274
        ],
        [
          37.125109937042,
          55.865789987146854
        ],
        [
          37.12513994425535,
          55.8658099360764
        ],
        [
          37.12517992593348,
          55.86581999436021
        ],
        [
          37.12521999143064,
          55.86583994328976
        ],
        [
          37.125249998643994,
          55.86585997603834
        ],
        [
          37.12526994757354,
          55.86586995050311
        ],
        [
          37.1252999547869,
          55.865879924967885
        ],
        [
          37.12532996200025,
          55.865899957716465
        ],
        [
          37.12534999474883,
          55.86590993218124
        ],
        [
          37.12536994367838,
          55.86592996492982
        ],
        [
          37.12538997642696,
          55.8659499976784
        ],
        [
          37.12541998364031,
          55.86596994660795
        ],
        [
          37.12544999085367,
          55.86598997935653
        ],
        [
          37.125469939783216,
          55.866009928286076
        ],
        [
          37.12549994699657,
          55.866029961034656
        ],
        [
          37.125529954209924,
          55.86605996824801
        ],
        [
          37.12555996142328,
          55.866089975461364
        ],
        [
          37.125599943101406,
          55.86610992439091
        ],
        [
          37.125619975849986,
          55.86612995713949
        ],
        [
          37.125659957528114,
          55.86614998988807
        ],
        [
          37.125679990276694,
          55.86616993881762
        ],
        [
          37.12570999749005,
          55.8661899715662
        ],
        [
          37.12573992088437,
          55.866199946030974
        ],
        [
          37.125769928097725,
          55.866219978779554
        ],
        [
          37.125789960846305,
          55.86622995324433
        ],
        [
          37.12581996805966,
          55.8662399277091
        ],
        [
          37.12583991698921,
          55.86624998599291
        ],
        [
          37.12585994973779,
          55.86624998599291
        ],
        [
          37.12588995695114,
          55.86624998599291
        ],
        [
          37.125899931415915,
          55.86625996045768
        ],
        [
          37.125919964164495,
          55.86626993492246
        ],
        [
          37.12592993862927,
          55.86626993492246
        ],
        [
          37.125939996913075,
          55.86627999320626
        ],
        [
          37.12594997137785,
          55.86627999320626
        ],
        [
          37.12594997137785,
          55.86628996767104
        ],
        [
          37.12588995695114,
          55.86627999320626
        ],
        [
          37.12586992420256,
          55.86627999320626
        ],
        [
          37.12584997527301,
          55.86628996767104
        ],
        [
          37.12581996805966,
          55.86628996767104
        ],
        [
          37.12579993531108,
          55.86629994213581
        ],
        [
          37.12577998638153,
          55.86629994213581
        ],
        [
          37.125769928097725,
          55.866309916600585
        ],
        [
          37.12575995363295,
          55.866309916600585
        ],
        [
          37.12575995363295,
          55.866309916600585
        ],
        [
          37.12575995363295,
          55.866309916600585
        ],
        [
          37.12575995363295,
          55.866309916600585
        ]
      ],
      [
        [
          37.323256,
          55.815594
        ],
        [
          37.323176000000004,
          55.815624
        ],
        [
          37.323041,
          55.815512
        ],
        [
          37.322632000000006,
          55.815187
        ],
        [
          37.322239,
          55.814884
        ],
        [
          37.322172,
          55.814845999999996
        ],
        [
          37.322038,
          55.814749
        ],
        [
          37.321847,
          55.814572999999996
        ],
        [
          37.321683,
          55.814423
        ],
        [
          37.321374,
          55.814161999999996
        ],
        [
          37.321256,
          55.81406199999999
        ],
        [
          37.321188,
          55.81401499999999
        ],
        [
          37.321067,
          55.81393099999999
        ],
        [
          37.321011999999996,
          55.81390899999999
        ],
        [
          37.320797,
          55.81389199999999
        ],
        [
          37.320736,
          55.813875999999986
        ],
        [
          37.320705999999994,
          55.81384899999998
        ],
        [
          37.32069599999999,
          55.81381599999998
        ],
        [
          37.32069699999999,
          55.81372899999998
        ],
        [
          37.32069699999999,
          55.81368999999998
        ],
        [
          37.32068899999999,
          55.81366999999998
        ],
        [
          37.32065999999999,
          55.81363599999998
        ],
        [
          37.320618999999986,
          55.81359499999998
        ],
        [
          37.32054499999999,
          55.813547999999976
        ],
        [
          37.32036399999999,
          55.813395999999976
        ],
        [
          37.32042299999999,
          55.813350999999976
        ],
        [
          37.32023199999999,
          55.81319999999997
        ],
        [
          37.32019999999999,
          55.81323499999997
        ],
        [
          37.320148999999994,
          55.81321199999997
        ],
        [
          37.320069,
          55.81315599999997
        ],
        [
          37.319551,
          55.81273599999997
        ],
        [
          37.319230999999995,
          55.81247999999997
        ],
        [
          37.319188999999994,
          55.812470999999974
        ],
        [
          37.319230999999995,
          55.81247999999997
        ],
        [
          37.31903499999999,
          55.812320999999976
        ],
        [
          37.31899299999999,
          55.812295999999975
        ],
        [
          37.31893899999999,
          55.81226999999998
        ],
        [
          37.318878999999995,
          55.812247999999975
        ],
        [
          37.31881799999999,
          55.812227999999976
        ],
        [
          37.31871699999999,
          55.81220499999998
        ],
        [
          37.31854299999999,
          55.812177999999975
        ],
        [
          37.31717799999999,
          55.81199099999998
        ],
        [
          37.31692399999999,
          55.81195099999998
        ],
        [
          37.31678699999999,
          55.81191699999998
        ],
        [
          37.31663199999999,
          55.81189599999998
        ],
        [
          37.31652999999999,
          55.81189299999998
        ],
        [
          37.31531799999999,
          55.81173299999998
        ],
        [
          37.31524099999999,
          55.811725999999986
        ],
        [
          37.31510699999999,
          55.81171999999999
        ],
        [
          37.314919999999994,
          55.81172499999999
        ],
        [
          37.31472399999999,
          55.81173799999999
        ],
        [
          37.31433299999999,
          55.81177099999999
        ],
        [
          37.31403499999999,
          55.81179699999999
        ],
        [
          37.31374099999999,
          55.811823999999994
        ],
        [
          37.313483999999995,
          55.811848
        ],
        [
          37.31341499999999,
          55.811853
        ],
        [
          37.313430999999994,
          55.81191
        ],
        [
          37.313441999999995,
          55.811958999999995
        ],
        [
          37.313342999999996,
          55.811964999999994
        ],
        [
          37.312461,
          55.811992999999994
        ],
        [
          37.312025,
          55.81201299999999
        ],
        [
          37.311997999999996,
          55.812020999999994
        ],
        [
          37.311969,
          55.812037999999994
        ],
        [
          37.311871,
          55.812048
        ],
        [
          37.311195,
          55.812101
        ],
        [
          37.31108,
          55.812113
        ],
        [
          37.310863999999995,
          55.812141
        ],
        [
          37.310652,
          55.812166
        ],
        [
          37.310401999999996,
          55.812199
        ],
        [
          37.31036099999999,
          55.812205
        ],
        [
          37.310325999999996,
          55.812211999999995
        ],
        [
          37.30969699999999,
          55.812366
        ],
        [
          37.309515999999995,
          55.81241
        ],
        [
          37.30848399999999,
          55.812768
        ],
        [
          37.308254999999996,
          55.812867
        ],
        [
          37.308144999999996,
          55.812920999999996
        ],
        [
          37.308105999999995,
          55.81294
        ],
        [
          37.308105,
          55.812957999999995
        ],
        [
          37.308001,
          55.812965999999996
        ],
        [
          37.307952,
          55.812988
        ],
        [
          37.307929,
          55.812999
        ],
        [
          37.307888,
          55.812971
        ],
        [
          37.307825,
          55.812931
        ],
        [
          37.307103,
          55.813285
        ],
        [
          37.306905,
          55.813383
        ],
        [
          37.3068,
          55.813435
        ],
        [
          37.306726000000005,
          55.813472
        ],
        [
          37.306583,
          55.813544
        ],
        [
          37.30654800000001,
          55.813562
        ],
        [
          37.306250000000006,
          55.813708999999996
        ],
        [
          37.30582400000001,
          55.813917
        ],
        [
          37.305642000000006,
          55.814006
        ],
        [
          37.30556200000001,
          55.814045
        ],
        [
          37.30545000000001,
          55.8141
        ],
        [
          37.30519900000001,
          55.814222
        ],
        [
          37.30518300000001,
          55.814228
        ],
        [
          37.305175000000006,
          55.814228
        ],
        [
          37.305167000000004,
          55.814228
        ],
        [
          37.305154,
          55.814221
        ],
        [
          37.304826,
          55.814015000000005
        ],
        [
          37.304758,
          55.81405
        ],
        [
          37.304748,
          55.814043000000005
        ],
        [
          37.304725,
          55.814029000000005
        ],
        [
          37.304812,
          55.813984000000005
        ],
        [
          37.304677,
          55.813908000000005
        ],
        [
          37.304655,
          55.813895
        ],
        [
          37.304758,
          55.813841000000004
        ],
        [
          37.304735,
          55.813827
        ],
        [
          37.304594,
          55.813900000000004
        ],
        [
          37.304527,
          55.813914000000004
        ],
        [
          37.304486,
          55.813934
        ],
        [
          37.304429,
          55.813964000000006
        ],
        [
          37.304362,
          55.81400000000001
        ],
        [
          37.304355,
          55.81400500000001
        ],
        [
          37.304351000000004,
          55.814012000000005
        ],
        [
          37.304353000000006,
          55.814020000000006
        ],
        [
          37.304359000000005,
          55.814024
        ],
        [
          37.304384000000006,
          55.814040000000006
        ],
        [
          37.30417500000001,
          55.814147000000006
        ],
        [
          37.304170000000006,
          55.814144000000006
        ]
      ],
      [
        [
          37.30418,
          55.81443
        ],
        [
          37.304198,
          55.814442
        ],
        [
          37.304391,
          55.814347
        ],
        [
          37.304675,
          55.814206999999996
        ],
        [
          37.304816,
          55.814136
        ],
        [
          37.304855,
          55.814125999999995
        ],
        [
          37.30489600000001,
          55.814128
        ],
        [
          37.304931,
          55.814142
        ],
        [
          37.305177,
          55.814313
        ],
        [
          37.305273,
          55.814265999999996
        ],
        [
          37.305414999999996,
          55.81419699999999
        ],
        [
          37.305521,
          55.814142999999994
        ],
        [
          37.305631999999996,
          55.814086999999994
        ],
        [
          37.306149,
          55.81382299999999
        ],
        [
          37.306307,
          55.813745999999995
        ],
        [
          37.306602999999996,
          55.813596999999994
        ],
        [
          37.306656999999994,
          55.81356999999999
        ],
        [
          37.306650999999995,
          55.813565999999994
        ],
        [
          37.306656999999994,
          55.81356999999999
        ],
        [
          37.306704999999994,
          55.81354499999999
        ],
        [
          37.306816999999995,
          55.81349099999999
        ],
        [
          37.30696699999999,
          55.81341799999999
        ],
        [
          37.30701499999999,
          55.813447999999994
        ],
        [
          37.307061999999995,
          55.813477999999996
        ],
        [
          37.307410999999995,
          55.813314
        ],
        [
          37.30745699999999,
          55.813269999999996
        ],
        [
          37.30752299999999,
          55.813204999999996
        ],
        [
          37.30792899999999,
          55.812999
        ],
        [
          37.307951999999986,
          55.812988
        ],
        [
          37.30800099999998,
          55.812965999999996
        ],
        [
          37.30810499999998,
          55.812957999999995
        ],
        [
          37.30810599999998,
          55.81294
        ],
        [
          37.30814499999998,
          55.812920999999996
        ],
        [
          37.30825499999998,
          55.812867
        ],
        [
          37.30848399999998,
          55.812768
        ],
        [
          37.30951599999998,
          55.81241
        ],
        [
          37.30969699999998,
          55.812366
        ],
        [
          37.31032599999998,
          55.812211999999995
        ],
        [
          37.31036099999998,
          55.812205
        ],
        [
          37.31040199999998,
          55.812199
        ],
        [
          37.31065199999998,
          55.812166
        ],
        [
          37.31086399999998,
          55.812141
        ],
        [
          37.31107999999998,
          55.812113
        ],
        [
          37.311194999999984,
          55.812101
        ],
        [
          37.31187099999998,
          55.812048
        ],
        [
          37.31196899999998,
          55.812037999999994
        ],
        [
          37.31199799999998,
          55.812020999999994
        ],
        [
          37.312024999999984,
          55.81201299999999
        ],
        [
          37.312460999999985,
          55.811992999999994
        ],
        [
          37.31334299999998,
          55.811964999999994
        ],
        [
          37.31344199999998,
          55.811958999999995
        ],
        [
          37.31343099999998,
          55.81191
        ],
        [
          37.31341499999998,
          55.811853
        ],
        [
          37.31348399999998,
          55.811848
        ],
        [
          37.31374099999998,
          55.811823999999994
        ],
        [
          37.314034999999976,
          55.81179699999999
        ],
        [
          37.314332999999976,
          55.81177099999999
        ],
        [
          37.31472399999998,
          55.81173799999999
        ],
        [
          37.31491999999998,
          55.81172499999999
        ],
        [
          37.315106999999976,
          55.81171999999999
        ],
        [
          37.31524099999998,
          55.811725999999986
        ],
        [
          37.31531799999998,
          55.81173299999998
        ],
        [
          37.31652999999998,
          55.81189299999998
        ],
        [
          37.31663199999998,
          55.81189599999998
        ],
        [
          37.31678699999998,
          55.81191699999998
        ],
        [
          37.31692399999998,
          55.81195099999998
        ],
        [
          37.31717799999998,
          55.81199099999998
        ],
        [
          37.31854299999998,
          55.812177999999975
        ],
        [
          37.31871699999998,
          55.81220499999998
        ],
        [
          37.31881799999998,
          55.812227999999976
        ],
        [
          37.31887899999998,
          55.812247999999975
        ],
        [
          37.31893899999998,
          55.81226999999998
        ],
        [
          37.31899299999998,
          55.812295999999975
        ],
        [
          37.31903499999998,
          55.812320999999976
        ],
        [
          37.31920999999998,
          55.81246299999997
        ],
        [
          37.31918899999998,
          55.812470999999974
        ],
        [
          37.31920999999998,
          55.81246299999997
        ],
        [
          37.319230999999974,
          55.81247999999997
        ],
        [
          37.319550999999976,
          55.81273599999997
        ],
        [
          37.320068999999975,
          55.81315599999997
        ],
        [
          37.32014899999997,
          55.81321199999997
        ],
        [
          37.32019999999997,
          55.81323499999997
        ],
        [
          37.32023199999997,
          55.81319999999997
        ],
        [
          37.32042299999997,
          55.813350999999976
        ],
        [
          37.32036399999997,
          55.813395999999976
        ],
        [
          37.32054499999997,
          55.813547999999976
        ],
        [
          37.320618999999965,
          55.81359499999998
        ],
        [
          37.32065999999997,
          55.81363599999998
        ],
        [
          37.320688999999966,
          55.81366999999998
        ],
        [
          37.32069699999997,
          55.81368999999998
        ],
        [
          37.32069699999997,
          55.81372899999998
        ],
        [
          37.32069599999997,
          55.81381599999998
        ],
        [
          37.32070599999997,
          55.81384899999998
        ],
        [
          37.320735999999975,
          55.813875999999986
        ],
        [
          37.32079699999998,
          55.81389199999999
        ],
        [
          37.321011999999975,
          55.81390899999999
        ],
        [
          37.32106699999998,
          55.81393099999999
        ],
        [
          37.32118799999998,
          55.81401499999999
        ],
        [
          37.32125599999998,
          55.81406199999999
        ],
        [
          37.32137399999998,
          55.814161999999996
        ],
        [
          37.32168299999998,
          55.814423
        ],
        [
          37.32184699999998,
          55.814572999999996
        ],
        [
          37.32203799999998,
          55.814749
        ],
        [
          37.32217199999998,
          55.814845999999996
        ],
        [
          37.32223899999998,
          55.814884
        ],
        [
          37.322631999999984,
          55.815187
        ],
        [
          37.32304099999998,
          55.815512
        ],
        [
          37.32316599999998,
          55.815616
        ],
        [
          37.32317499999998,
          55.815612
        ]
      ]
    ]
  }
}
