{
  "type": "Feature",
  "id": "a9acac0f-495b-41fe-b912-e38d9a70a96c",
  "properties": {
    "id": "a9acac0f-495b-41fe-b912-e38d9a70a96c",
    "name": "День 2 - Балтийск",
    "color": "#ff3300",
    "routeType": "Twiter Gravel V1",
    "isSelected": false
  },
  "geometry": {
    "type": "MultiLineString",
    "coordinates": [
      [
        [
          20.57963,
          54.74791
        ],
        [
          20.5797999,
          54.74804
        ],
        [
          20.5797999,
          54.7480599
        ],
        [
          20.57986,
          54.74808
        ],
        [
          20.57992,
          54.74808
        ],
        [
          20.5799999,
          54.7480599
        ],
        [
          20.58014,
          54.74798
        ],
        [
          20.5801999,
          54.74791
        ],
        [
          20.5802699,
          54.7478599
        ],
        [
          20.5803299,
          54.7477999
        ],
        [
          20.5803899,
          54.7477599
        ],
        [
          20.58044,
          54.74771
        ],
        [
          20.58047,
          54.7476599
        ],
        [
          20.58061,
          54.74755
        ],
        [
          20.58067,
          54.7475299
        ],
        [
          20.5808,
          54.7475399
        ],
        [
          20.5809,
          54.74758
        ],
        [
          20.5809899,
          54.7476299
        ],
        [
          20.58113,
          54.74769
        ],
        [
          20.5812099,
          54.74775
        ],
        [
          20.5813,
          54.74778
        ],
        [
          20.58137,
          54.74778
        ],
        [
          20.5814799,
          54.74772
        ],
        [
          20.58163,
          54.74761
        ],
        [
          20.58175,
          54.74762
        ],
        [
          20.5818399,
          54.7476599
        ],
        [
          20.5819099,
          54.7476699
        ],
        [
          20.58212,
          54.74758
        ],
        [
          20.58219,
          54.7475399
        ],
        [
          20.5824299,
          54.74748
        ],
        [
          20.5825999,
          54.7474299
        ],
        [
          20.58268,
          54.7473999
        ],
        [
          20.5828299,
          54.74733
        ],
        [
          20.5829199,
          54.7473099
        ],
        [
          20.58301,
          54.74728
        ],
        [
          20.58307,
          54.7472399
        ],
        [
          20.5830899,
          54.74719
        ],
        [
          20.58303,
          54.7471
        ],
        [
          20.58298,
          54.74699
        ],
        [
          20.5830199,
          54.7469
        ],
        [
          20.5830599,
          54.74686
        ],
        [
          20.58307,
          54.7468099
        ],
        [
          20.58307,
          54.7467099
        ],
        [
          20.5830499,
          54.7466099
        ],
        [
          20.5830599,
          54.7465
        ],
        [
          20.5830899,
          54.7464
        ],
        [
          20.5830899,
          54.74634
        ],
        [
          20.5831199,
          54.7461899
        ],
        [
          20.58314,
          54.7461499
        ],
        [
          20.58326,
          54.74608
        ],
        [
          20.5834,
          54.7460199
        ],
        [
          20.5835499,
          54.74598
        ],
        [
          20.58359,
          54.74594
        ],
        [
          20.5836,
          54.7459
        ],
        [
          20.5836,
          54.74575
        ],
        [
          20.5836499,
          54.74567
        ],
        [
          20.58369,
          54.7456299
        ],
        [
          20.58373,
          54.74555
        ],
        [
          20.5837699,
          54.74545
        ],
        [
          20.5838,
          54.7453999
        ],
        [
          20.58385,
          54.74536
        ],
        [
          20.58389,
          54.74531
        ],
        [
          20.58392,
          54.74521
        ],
        [
          20.58393,
          54.7451099
        ],
        [
          20.58395,
          54.74506
        ],
        [
          20.58399,
          54.74502
        ],
        [
          20.58412,
          54.7449399
        ],
        [
          20.5843299,
          54.74482
        ],
        [
          20.58439,
          54.74479
        ],
        [
          20.5845999,
          54.74467
        ],
        [
          20.5847999,
          54.7445499
        ],
        [
          20.58494,
          54.7444799
        ],
        [
          20.58507,
          54.74439
        ],
        [
          20.5854799,
          54.74416
        ],
        [
          20.5857,
          54.7440499
        ],
        [
          20.5857099,
          54.7440199
        ],
        [
          20.5855,
          54.74391
        ],
        [
          20.58536,
          54.74381
        ],
        [
          20.58524,
          54.74375
        ],
        [
          20.5851899,
          54.74371
        ],
        [
          20.58513,
          54.74368
        ],
        [
          20.58501,
          54.7435999
        ],
        [
          20.58484,
          54.7434999
        ],
        [
          20.58467,
          54.74338
        ],
        [
          20.58449,
          54.74328
        ],
        [
          20.58425,
          54.7431399
        ],
        [
          20.5840999,
          54.74302
        ],
        [
          20.58406,
          54.74298
        ],
        [
          20.5838799,
          54.74286
        ],
        [
          20.58383,
          54.74282
        ],
        [
          20.58376,
          54.7427799
        ],
        [
          20.5835199,
          54.74262
        ],
        [
          20.58346,
          54.74259
        ],
        [
          20.5832499,
          54.74247
        ],
        [
          20.5831799,
          54.7424399
        ],
        [
          20.5830599,
          54.7423499
        ],
        [
          20.58293,
          54.74227
        ],
        [
          20.5828,
          54.7421799
        ],
        [
          20.5827299,
          54.74214
        ],
        [
          20.58267,
          54.7420899
        ],
        [
          20.5825299,
          54.74201
        ],
        [
          20.58247,
          54.7419599
        ],
        [
          20.5823299,
          54.74188
        ],
        [
          20.5822599,
          54.74183
        ],
        [
          20.58212,
          54.7417499
        ],
        [
          20.58198,
          54.74165
        ],
        [
          20.58169,
          54.7414899
        ],
        [
          20.58137,
          54.7413299
        ],
        [
          20.58129,
          54.7412999
        ],
        [
          20.5812099,
          54.74125
        ],
        [
          20.5810499,
          54.74118
        ],
        [
          20.5808499,
          54.74112
        ],
        [
          20.58074,
          54.74106
        ],
        [
          20.5806,
          54.7409999
        ],
        [
          20.5805299,
          54.74096
        ],
        [
          20.58045,
          54.7409299
        ],
        [
          20.58037,
          54.74091
        ],
        [
          20.58015,
          54.74082
        ],
        [
          20.5799999,
          54.7407699
        ],
        [
          20.57969,
          54.74065
        ],
        [
          20.57939,
          54.74053
        ],
        [
          20.5793099,
          54.7405099
        ],
        [
          20.57916,
          54.7404499
        ],
        [
          20.5790199,
          54.7404099
        ],
        [
          20.57894,
          54.7404
        ],
        [
          20.57887,
          54.7403799
        ],
        [
          20.57877,
          54.7403099
        ],
        [
          20.57855,
          54.7402399
        ],
        [
          20.57848,
          54.7402099
        ],
        [
          20.57832,
          54.74017
        ],
        [
          20.57824,
          54.74016
        ],
        [
          20.5781599,
          54.74014
        ],
        [
          20.5780299,
          54.7400799
        ],
        [
          20.57786,
          54.73996
        ],
        [
          20.57778,
          54.73994
        ],
        [
          20.5774799,
          54.7398199
        ],
        [
          20.5774,
          54.7398
        ],
        [
          20.5771099,
          54.73968
        ],
        [
          20.57703,
          54.7396599
        ],
        [
          20.5768,
          54.73957
        ],
        [
          20.57666,
          54.73951
        ],
        [
          20.57658,
          54.7394899
        ],
        [
          20.57637,
          54.7394
        ],
        [
          20.5762199,
          54.73934
        ],
        [
          20.57615,
          54.73932
        ],
        [
          20.57594,
          54.7392299
        ],
        [
          20.57579,
          54.73918
        ],
        [
          20.57556,
          54.73909
        ],
        [
          20.57535,
          54.73898
        ],
        [
          20.5752699,
          54.73895
        ],
        [
          20.57499,
          54.73879
        ],
        [
          20.57486,
          54.7387099
        ],
        [
          20.5748,
          54.73866
        ],
        [
          20.5746799,
          54.73858
        ],
        [
          20.57457,
          54.73849
        ],
        [
          20.57451,
          54.73845
        ],
        [
          20.57441,
          54.73836
        ],
        [
          20.57437,
          54.7383099
        ],
        [
          20.5743199,
          54.73827
        ],
        [
          20.57424,
          54.73817
        ],
        [
          20.5741599,
          54.7380799
        ],
        [
          20.5740899,
          54.7379799
        ],
        [
          20.57397,
          54.7377799
        ],
        [
          20.57388,
          54.73761
        ],
        [
          20.5736999,
          54.73731
        ],
        [
          20.5736699,
          54.73725
        ],
        [
          20.5736299,
          54.7371999
        ],
        [
          20.5735699,
          54.7370999
        ],
        [
          20.57355,
          54.73705
        ],
        [
          20.57345,
          54.7369699
        ],
        [
          20.5733699,
          54.73695
        ],
        [
          20.57328,
          54.73694
        ],
        [
          20.5732,
          54.73692
        ],
        [
          20.57313,
          54.73689
        ],
        [
          20.5730099,
          54.73681
        ],
        [
          20.5728799,
          54.73675
        ],
        [
          20.5728099,
          54.7367299
        ],
        [
          20.5727,
          54.7366699
        ],
        [
          20.57266,
          54.7366299
        ],
        [
          20.5726,
          54.73661
        ],
        [
          20.5725499,
          54.73658
        ],
        [
          20.5724799,
          54.73652
        ],
        [
          20.5723899,
          54.73642
        ],
        [
          20.57231,
          54.73639
        ],
        [
          20.5722599,
          54.73639
        ],
        [
          20.5722899,
          54.7364099
        ],
        [
          20.57224,
          54.7364699
        ],
        [
          20.5722499,
          54.7363999
        ],
        [
          20.5722,
          54.73633
        ],
        [
          20.5722,
          54.7363
        ],
        [
          20.57224,
          54.7362799
        ],
        [
          20.5723499,
          54.73626
        ],
        [
          20.5723899,
          54.73623
        ],
        [
          20.5723799,
          54.7361
        ],
        [
          20.57241,
          54.7360499
        ],
        [
          20.57251,
          54.7359399
        ],
        [
          20.5726099,
          54.7358799
        ],
        [
          20.57264,
          54.7358499
        ],
        [
          20.5726799,
          54.73573
        ],
        [
          20.5726499,
          54.73566
        ],
        [
          20.5726199,
          54.7356199
        ],
        [
          20.5725,
          54.73543
        ],
        [
          20.57241,
          54.7353599
        ],
        [
          20.57236,
          54.73533
        ],
        [
          20.5723199,
          54.73524
        ],
        [
          20.5723,
          54.73511
        ],
        [
          20.57224,
          54.73498
        ],
        [
          20.57218,
          54.7348899
        ],
        [
          20.57214,
          54.73479
        ],
        [
          20.5721,
          54.73475
        ],
        [
          20.57208,
          54.7346999
        ],
        [
          20.5720199,
          54.7345999
        ],
        [
          20.572,
          54.7345399
        ],
        [
          20.5717999,
          54.7342
        ],
        [
          20.5717599,
          54.73416
        ],
        [
          20.5717299,
          54.7341099
        ],
        [
          20.57161,
          54.73396
        ],
        [
          20.5715299,
          54.7338499
        ],
        [
          20.5714399,
          54.7337499
        ],
        [
          20.57129,
          54.7336
        ],
        [
          20.57123,
          54.73356
        ],
        [
          20.5711399,
          54.73346
        ],
        [
          20.5710399,
          54.7333799
        ],
        [
          20.5709399,
          54.7332899
        ],
        [
          20.57085,
          54.7332
        ],
        [
          20.57076,
          54.7331199
        ],
        [
          20.57063,
          54.7330299
        ],
        [
          20.57056,
          54.73301
        ],
        [
          20.57049,
          54.7329299
        ],
        [
          20.5703899,
          54.73285
        ],
        [
          20.5703499,
          54.73281
        ],
        [
          20.5701,
          54.73261
        ],
        [
          20.5700499,
          54.7325599
        ],
        [
          20.5699899,
          54.73252
        ],
        [
          20.56994,
          54.7324699
        ],
        [
          20.5698199,
          54.73239
        ],
        [
          20.56971,
          54.73229
        ],
        [
          20.56965,
          54.73225
        ],
        [
          20.5695999,
          54.7321999
        ],
        [
          20.56954,
          54.73216
        ],
        [
          20.56944,
          54.73206
        ],
        [
          20.56922,
          54.7318699
        ],
        [
          20.5691099,
          54.73177
        ],
        [
          20.56905,
          54.73173
        ],
        [
          20.5689399,
          54.7316399
        ],
        [
          20.5688799,
          54.7316099
        ],
        [
          20.5688099,
          54.73156
        ],
        [
          20.56843,
          54.73141
        ],
        [
          20.5680799,
          54.73133
        ],
        [
          20.56758,
          54.73121
        ],
        [
          20.5674899,
          54.7312
        ],
        [
          20.56731,
          54.73117
        ],
        [
          20.5672299,
          54.7311499
        ],
        [
          20.5671399,
          54.73114
        ],
        [
          20.56705,
          54.7311199
        ],
        [
          20.56682,
          54.73103
        ],
        [
          20.5664799,
          54.73095
        ],
        [
          20.5664,
          54.73094
        ],
        [
          20.5663199,
          54.73091
        ],
        [
          20.56593,
          54.73081
        ],
        [
          20.5655,
          54.73071
        ],
        [
          20.56541,
          54.73068
        ],
        [
          20.56532,
          54.73067
        ],
        [
          20.56514,
          54.7306299
        ],
        [
          20.5650599,
          54.73062
        ],
        [
          20.5649699,
          54.7305899
        ],
        [
          20.5647999,
          54.7305599
        ],
        [
          20.5645399,
          54.7304999
        ],
        [
          20.56446,
          54.7304699
        ],
        [
          20.5643799,
          54.7304599
        ],
        [
          20.56387,
          54.7303399
        ],
        [
          20.5637799,
          54.7303299
        ],
        [
          20.5636899,
          54.7302999
        ],
        [
          20.56324,
          54.7301999
        ],
        [
          20.5631599,
          54.7301699
        ],
        [
          20.5630699,
          54.73015
        ],
        [
          20.56289,
          54.7300999
        ],
        [
          20.56253,
          54.73002
        ],
        [
          20.56245,
          54.7299999
        ],
        [
          20.5623,
          54.7299399
        ],
        [
          20.5621399,
          54.7299
        ],
        [
          20.56206,
          54.72989
        ],
        [
          20.5619799,
          54.7298699
        ],
        [
          20.5617499,
          54.72979
        ],
        [
          20.5616799,
          54.72976
        ],
        [
          20.56134,
          54.7296799
        ],
        [
          20.56108,
          54.72959
        ],
        [
          20.56085,
          54.7295
        ],
        [
          20.5607699,
          54.7294799
        ],
        [
          20.56061,
          54.7294199
        ],
        [
          20.5603999,
          54.72933
        ],
        [
          20.56033,
          54.72929
        ],
        [
          20.56025,
          54.72926
        ],
        [
          20.5600499,
          54.7291499
        ],
        [
          20.5596499,
          54.7289499
        ],
        [
          20.5595199,
          54.72888
        ],
        [
          20.55917,
          54.7287299
        ],
        [
          20.55901,
          54.72868
        ],
        [
          20.55878,
          54.7285899
        ],
        [
          20.5584299,
          54.72844
        ],
        [
          20.5583099,
          54.72838
        ],
        [
          20.5582399,
          54.7283599
        ],
        [
          20.5581699,
          54.7283599
        ],
        [
          20.55803,
          54.72838
        ],
        [
          20.55783,
          54.72839
        ],
        [
          20.5576499,
          54.72842
        ],
        [
          20.5576,
          54.72844
        ],
        [
          20.5574499,
          54.7285299
        ],
        [
          20.5574,
          54.72855
        ],
        [
          20.5573199,
          54.72861
        ],
        [
          20.5572199,
          54.7286599
        ],
        [
          20.55713,
          54.7287299
        ],
        [
          20.55697,
          54.72881
        ],
        [
          20.55691,
          54.7288299
        ],
        [
          20.5567999,
          54.72888
        ],
        [
          20.55664,
          54.72897
        ],
        [
          20.55651,
          54.72903
        ],
        [
          20.55628,
          54.7291499
        ],
        [
          20.55612,
          54.72924
        ],
        [
          20.55605,
          54.72926
        ],
        [
          20.5559999,
          54.7293
        ],
        [
          20.5559,
          54.72936
        ],
        [
          20.5557799,
          54.7294199
        ],
        [
          20.55572,
          54.72946
        ],
        [
          20.5556,
          54.72952
        ],
        [
          20.5554,
          54.7296399
        ],
        [
          20.55537,
          54.7297
        ],
        [
          20.5553799,
          54.72973
        ],
        [
          20.55533,
          54.72979
        ],
        [
          20.5552199,
          54.72985
        ],
        [
          20.55513,
          54.72986
        ],
        [
          20.55504,
          54.72992
        ],
        [
          20.55493,
          54.7300699
        ],
        [
          20.55485,
          54.73016
        ],
        [
          20.55464,
          54.7303699
        ],
        [
          20.55462,
          54.7303999
        ],
        [
          20.55452,
          54.7304999
        ],
        [
          20.55448,
          54.7305299
        ],
        [
          20.55442,
          54.73061
        ],
        [
          20.55429,
          54.73074
        ],
        [
          20.55422,
          54.7307899
        ],
        [
          20.55415,
          54.73087
        ],
        [
          20.55411,
          54.7308899
        ],
        [
          20.55402,
          54.7308899
        ],
        [
          20.55396,
          54.7309199
        ],
        [
          20.55393,
          54.7309599
        ],
        [
          20.5537799,
          54.73107
        ],
        [
          20.5537099,
          54.73111
        ],
        [
          20.55353,
          54.73124
        ],
        [
          20.55327,
          54.73133
        ],
        [
          20.5531899,
          54.73134
        ],
        [
          20.55304,
          54.7313799
        ],
        [
          20.55283,
          54.73157
        ],
        [
          20.5527199,
          54.7317099
        ],
        [
          20.55258,
          54.73183
        ],
        [
          20.55245,
          54.73189
        ],
        [
          20.55231,
          54.7319
        ],
        [
          20.55222,
          54.7318499
        ],
        [
          20.5521599,
          54.73183
        ],
        [
          20.5520399,
          54.7317399
        ],
        [
          20.55196,
          54.7317099
        ],
        [
          20.55191,
          54.7316799
        ],
        [
          20.55175,
          54.7316199
        ],
        [
          20.5516399,
          54.73156
        ],
        [
          20.5515799,
          54.73154
        ],
        [
          20.5514399,
          54.7315199
        ],
        [
          20.5513099,
          54.7315199
        ],
        [
          20.5511099,
          54.7314799
        ],
        [
          20.55103,
          54.7315199
        ],
        [
          20.5510199,
          54.73154
        ],
        [
          20.5509499,
          54.7316
        ],
        [
          20.55083,
          54.7316199
        ],
        [
          20.5506899,
          54.7316
        ],
        [
          20.55061,
          54.7316
        ],
        [
          20.55045,
          54.7315799
        ],
        [
          20.55002,
          54.7315799
        ],
        [
          20.5499299,
          54.73159
        ],
        [
          20.54976,
          54.73159
        ],
        [
          20.54968,
          54.7315799
        ],
        [
          20.5495999,
          54.73159
        ],
        [
          20.5494099,
          54.73159
        ],
        [
          20.54929,
          54.7316099
        ],
        [
          20.54909,
          54.7316099
        ],
        [
          20.54886,
          54.73163
        ],
        [
          20.5487799,
          54.73163
        ],
        [
          20.5485499,
          54.7316499
        ],
        [
          20.5483299,
          54.7316499
        ],
        [
          20.54821,
          54.73166
        ],
        [
          20.54808,
          54.7316799
        ],
        [
          20.54788,
          54.7316799
        ],
        [
          20.5476699,
          54.7317099
        ],
        [
          20.54753,
          54.7317099
        ],
        [
          20.54746,
          54.73172
        ],
        [
          20.5472699,
          54.73172
        ],
        [
          20.5471499,
          54.73173
        ],
        [
          20.54703,
          54.73179
        ],
        [
          20.5469199,
          54.73182
        ],
        [
          20.5468,
          54.73182
        ],
        [
          20.5466799,
          54.7318399
        ],
        [
          20.5464899,
          54.7318499
        ],
        [
          20.5463599,
          54.7318699
        ],
        [
          20.54624,
          54.7318699
        ],
        [
          20.54611,
          54.7318799
        ],
        [
          20.5459299,
          54.7319
        ],
        [
          20.54581,
          54.7319
        ],
        [
          20.54574,
          54.73192
        ],
        [
          20.5454399,
          54.73195
        ],
        [
          20.5453699,
          54.73195
        ],
        [
          20.5451699,
          54.7319799
        ],
        [
          20.5450399,
          54.7319799
        ],
        [
          20.54482,
          54.7320099
        ],
        [
          20.54467,
          54.7320099
        ],
        [
          20.5445899,
          54.73202
        ],
        [
          20.54446,
          54.73202
        ],
        [
          20.54427,
          54.7320399
        ],
        [
          20.5441599,
          54.73203
        ],
        [
          20.54405,
          54.73205
        ],
        [
          20.544,
          54.73205
        ],
        [
          20.5438999,
          54.73203
        ],
        [
          20.54381,
          54.73203
        ],
        [
          20.54369,
          54.73205
        ],
        [
          20.54352,
          54.73206
        ],
        [
          20.5434699,
          54.73208
        ],
        [
          20.54338,
          54.7320999
        ],
        [
          20.5431999,
          54.7321099
        ],
        [
          20.5431099,
          54.73212
        ],
        [
          20.54299,
          54.73212
        ],
        [
          20.54295,
          54.73213
        ],
        [
          20.54277,
          54.73213
        ],
        [
          20.54267,
          54.7321399
        ],
        [
          20.5425799,
          54.73216
        ],
        [
          20.5425,
          54.73216
        ],
        [
          20.54241,
          54.73218
        ],
        [
          20.5423199,
          54.73219
        ],
        [
          20.54223,
          54.73219
        ],
        [
          20.5420499,
          54.7322099
        ],
        [
          20.54201,
          54.73222
        ],
        [
          20.5419199,
          54.7322099
        ],
        [
          20.54181,
          54.7322099
        ],
        [
          20.54177,
          54.73222
        ],
        [
          20.54162,
          54.73222
        ],
        [
          20.5415699,
          54.73223
        ],
        [
          20.54144,
          54.73223
        ],
        [
          20.5412999,
          54.7322399
        ],
        [
          20.54106,
          54.7322699
        ],
        [
          20.54098,
          54.7322699
        ],
        [
          20.54075,
          54.73229
        ],
        [
          20.54067,
          54.73229
        ],
        [
          20.5404199,
          54.73232
        ],
        [
          20.54034,
          54.73232
        ],
        [
          20.54017,
          54.7323399
        ],
        [
          20.5400799,
          54.7323399
        ],
        [
          20.5399899,
          54.73235
        ],
        [
          20.53991,
          54.73235
        ],
        [
          20.5398199,
          54.7323699
        ],
        [
          20.53974,
          54.7323699
        ],
        [
          20.5395899,
          54.73239
        ],
        [
          20.5393599,
          54.73239
        ],
        [
          20.53929,
          54.7323999
        ],
        [
          20.5392299,
          54.73242
        ],
        [
          20.53916,
          54.7324299
        ],
        [
          20.53892,
          54.7324299
        ],
        [
          20.53876,
          54.7324399
        ],
        [
          20.5386799,
          54.73245
        ],
        [
          20.5386,
          54.73245
        ],
        [
          20.53837,
          54.73248
        ],
        [
          20.53829,
          54.73248
        ],
        [
          20.53816,
          54.7324999
        ],
        [
          20.5378899,
          54.73252
        ],
        [
          20.5377499,
          54.73252
        ],
        [
          20.5376199,
          54.7325299
        ],
        [
          20.53748,
          54.73255
        ],
        [
          20.53741,
          54.7325699
        ],
        [
          20.5371699,
          54.73259
        ],
        [
          20.5370599,
          54.73259
        ],
        [
          20.5369999,
          54.73258
        ],
        [
          20.5368099,
          54.7325999
        ],
        [
          20.5366699,
          54.7325999
        ],
        [
          20.53659,
          54.73261
        ],
        [
          20.5365099,
          54.73261
        ],
        [
          20.53627,
          54.73264
        ],
        [
          20.5362,
          54.73264
        ],
        [
          20.5358499,
          54.73269
        ],
        [
          20.5357,
          54.7326999
        ],
        [
          20.53561,
          54.7326999
        ],
        [
          20.5355199,
          54.73271
        ],
        [
          20.5354299,
          54.73271
        ],
        [
          20.53525,
          54.7327299
        ],
        [
          20.53509,
          54.7327299
        ],
        [
          20.53501,
          54.73275
        ],
        [
          20.53486,
          54.73277
        ],
        [
          20.53479,
          54.73277
        ],
        [
          20.53448,
          54.73281
        ],
        [
          20.5343,
          54.7328299
        ],
        [
          20.53422,
          54.7328299
        ],
        [
          20.5339499,
          54.7328599
        ],
        [
          20.5336199,
          54.7328999
        ],
        [
          20.53335,
          54.7329299
        ],
        [
          20.5332599,
          54.7329299
        ],
        [
          20.53317,
          54.73294
        ],
        [
          20.53307,
          54.73294
        ],
        [
          20.5328999,
          54.7329599
        ],
        [
          20.5327399,
          54.7329599
        ],
        [
          20.5326699,
          54.73297
        ],
        [
          20.53245,
          54.73298
        ],
        [
          20.53238,
          54.733
        ],
        [
          20.5322399,
          54.733
        ],
        [
          20.5321699,
          54.7329899
        ],
        [
          20.5321,
          54.73295
        ],
        [
          20.5321,
          54.73291
        ],
        [
          20.5320799,
          54.73282
        ],
        [
          20.5320399,
          54.73274
        ],
        [
          20.5320099,
          54.73264
        ],
        [
          20.53197,
          54.73254
        ],
        [
          20.5319499,
          54.73251
        ],
        [
          20.53192,
          54.73242
        ],
        [
          20.53186,
          54.7322999
        ],
        [
          20.5318499,
          54.73225
        ],
        [
          20.5318,
          54.73218
        ],
        [
          20.53166,
          54.73193
        ],
        [
          20.5316499,
          54.73189
        ],
        [
          20.5315499,
          54.7317399
        ],
        [
          20.5315,
          54.7316
        ],
        [
          20.53144,
          54.7314799
        ],
        [
          20.5313599,
          54.7313799
        ],
        [
          20.5312899,
          54.73123
        ],
        [
          20.53121,
          54.73111
        ],
        [
          20.53118,
          54.73108
        ],
        [
          20.53111,
          54.73097
        ],
        [
          20.53107,
          54.7308899
        ],
        [
          20.53097,
          54.7308299
        ],
        [
          20.5309299,
          54.73077
        ],
        [
          20.53085,
          54.7306899
        ],
        [
          20.53079,
          54.73058
        ],
        [
          20.5307599,
          54.73055
        ],
        [
          20.5306999,
          54.7304599
        ],
        [
          20.53068,
          54.73041
        ],
        [
          20.53064,
          54.7303699
        ],
        [
          20.53061,
          54.73031
        ],
        [
          20.53052,
          54.73021
        ],
        [
          20.53042,
          54.7301099
        ],
        [
          20.5303399,
          54.7299999
        ],
        [
          20.53025,
          54.7299099
        ],
        [
          20.5301999,
          54.72985
        ],
        [
          20.53005,
          54.7297
        ],
        [
          20.53,
          54.7296399
        ],
        [
          20.5299499,
          54.7296
        ],
        [
          20.5298499,
          54.7295
        ],
        [
          20.5294799,
          54.72904
        ],
        [
          20.52941,
          54.72893
        ],
        [
          20.5292899,
          54.7287899
        ],
        [
          20.5292499,
          54.72875
        ],
        [
          20.52914,
          54.72861
        ],
        [
          20.5290199,
          54.72847
        ],
        [
          20.5289899,
          54.72842
        ],
        [
          20.52881,
          54.7281699
        ],
        [
          20.5287599,
          54.72812
        ],
        [
          20.52868,
          54.72802
        ],
        [
          20.52864,
          54.72798
        ],
        [
          20.52861,
          54.72792
        ],
        [
          20.52854,
          54.72782
        ],
        [
          20.52845,
          54.72772
        ],
        [
          20.52829,
          54.72746
        ],
        [
          20.52815,
          54.7272799
        ],
        [
          20.5281099,
          54.7272199
        ],
        [
          20.52799,
          54.72707
        ],
        [
          20.52795,
          54.72703
        ],
        [
          20.5278799,
          54.72693
        ],
        [
          20.5277,
          54.7266299
        ],
        [
          20.5276499,
          54.7265899
        ],
        [
          20.52756,
          54.7264599
        ],
        [
          20.5275499,
          54.7263899
        ],
        [
          20.5275799,
          54.7263599
        ],
        [
          20.5275499,
          54.7263299
        ],
        [
          20.52749,
          54.72624
        ],
        [
          20.52744,
          54.7261999
        ],
        [
          20.5273499,
          54.7261699
        ],
        [
          20.52726,
          54.72608
        ],
        [
          20.5271599,
          54.7259399
        ],
        [
          20.5270899,
          54.72582
        ],
        [
          20.5270499,
          54.72579
        ],
        [
          20.527,
          54.72569
        ],
        [
          20.5269,
          54.72555
        ],
        [
          20.52684,
          54.72545
        ],
        [
          20.5268,
          54.7254
        ],
        [
          20.52674,
          54.7253
        ],
        [
          20.52664,
          54.72517
        ],
        [
          20.52658,
          54.72507
        ],
        [
          20.52654,
          54.72503
        ],
        [
          20.52651,
          54.7249799
        ],
        [
          20.5263999,
          54.72484
        ],
        [
          20.52626,
          54.72463
        ],
        [
          20.5261299,
          54.72447
        ],
        [
          20.52609,
          54.72441
        ],
        [
          20.52605,
          54.72437
        ],
        [
          20.52602,
          54.72431
        ],
        [
          20.52595,
          54.72421
        ],
        [
          20.5259099,
          54.72417
        ],
        [
          20.52585,
          54.72408
        ],
        [
          20.5258099,
          54.72404
        ],
        [
          20.52575,
          54.7239599
        ],
        [
          20.5256499,
          54.72376
        ],
        [
          20.5256099,
          54.7236099
        ],
        [
          20.52562,
          54.72353
        ],
        [
          20.52566,
          54.72348
        ],
        [
          20.5256699,
          54.72333
        ],
        [
          20.52569,
          54.72325
        ],
        [
          20.52569,
          54.7230799
        ],
        [
          20.52573,
          54.7229199
        ],
        [
          20.52576,
          54.72284
        ],
        [
          20.52576,
          54.7227
        ],
        [
          20.52575,
          54.72267
        ],
        [
          20.52575,
          54.72247
        ],
        [
          20.5257099,
          54.7223299
        ],
        [
          20.5257099,
          54.7221899
        ],
        [
          20.5257,
          54.72214
        ],
        [
          20.52562,
          54.72202
        ],
        [
          20.5256,
          54.72195
        ],
        [
          20.5256099,
          54.7218999
        ],
        [
          20.52569,
          54.7218299
        ],
        [
          20.52572,
          54.72182
        ],
        [
          20.52592,
          54.72168
        ],
        [
          20.52598,
          54.72162
        ],
        [
          20.52602,
          54.7215399
        ],
        [
          20.5260399,
          54.72148
        ],
        [
          20.52605,
          54.72138
        ],
        [
          20.5260399,
          54.72135
        ],
        [
          20.5260699,
          54.72126
        ],
        [
          20.5261299,
          54.7212099
        ],
        [
          20.52618,
          54.72119
        ],
        [
          20.52619,
          54.7211699
        ],
        [
          20.5261299,
          54.72106
        ],
        [
          20.52603,
          54.7210399
        ],
        [
          20.5259099,
          54.7210499
        ],
        [
          20.52579,
          54.72103
        ],
        [
          20.5256699,
          54.72099
        ],
        [
          20.52547,
          54.7209099
        ],
        [
          20.5254099,
          54.72087
        ],
        [
          20.52536,
          54.7208
        ],
        [
          20.52534,
          54.72073
        ],
        [
          20.52534,
          54.7206499
        ],
        [
          20.52533,
          54.72063
        ],
        [
          20.52524,
          54.7205899
        ],
        [
          20.5251199,
          54.7205899
        ],
        [
          20.52504,
          54.72057
        ],
        [
          20.5249199,
          54.72057
        ],
        [
          20.5247899,
          54.7206
        ],
        [
          20.5246299,
          54.7205899
        ],
        [
          20.52454,
          54.7205899
        ],
        [
          20.5241699,
          54.72063
        ],
        [
          20.5240699,
          54.7206499
        ],
        [
          20.52383,
          54.7206499
        ],
        [
          20.5237699,
          54.72066
        ],
        [
          20.5237,
          54.72064
        ],
        [
          20.52366,
          54.7205799
        ],
        [
          20.5235399,
          54.7204799
        ],
        [
          20.52349,
          54.7204499
        ],
        [
          20.5234,
          54.72037
        ],
        [
          20.5233499,
          54.72034
        ],
        [
          20.5230799,
          54.7202299
        ],
        [
          20.5229799,
          54.7200599
        ],
        [
          20.52294,
          54.71994
        ],
        [
          20.52284,
          54.71972
        ],
        [
          20.52281,
          54.71962
        ],
        [
          20.52278,
          54.71958
        ],
        [
          20.52274,
          54.71948
        ],
        [
          20.52261,
          54.71926
        ],
        [
          20.5225599,
          54.7191099
        ],
        [
          20.52251,
          54.71902
        ],
        [
          20.5224299,
          54.7189
        ],
        [
          20.52234,
          54.7186799
        ],
        [
          20.5222999,
          54.7186199
        ],
        [
          20.52218,
          54.7184
        ],
        [
          20.52209,
          54.7182599
        ],
        [
          20.52201,
          54.71818
        ],
        [
          20.52196,
          54.7180599
        ],
        [
          20.5218399,
          54.7178299
        ],
        [
          20.5217999,
          54.71772
        ],
        [
          20.5217399,
          54.7175999
        ],
        [
          20.52172,
          54.71754
        ],
        [
          20.52163,
          54.71739
        ],
        [
          20.5215699,
          54.7172299
        ],
        [
          20.5215399,
          54.7171699
        ],
        [
          20.52153,
          54.71712
        ],
        [
          20.52143,
          54.7168699
        ],
        [
          20.52139,
          54.71676
        ],
        [
          20.5213799,
          54.7166499
        ],
        [
          20.52139,
          54.7165499
        ],
        [
          20.5214099,
          54.71646
        ],
        [
          20.5214,
          54.71634
        ],
        [
          20.5214099,
          54.71631
        ],
        [
          20.5213799,
          54.71624
        ],
        [
          20.5213499,
          54.71621
        ],
        [
          20.52132,
          54.7161199
        ],
        [
          20.52132,
          54.7160199
        ],
        [
          20.52133,
          54.71597
        ],
        [
          20.52133,
          54.71585
        ],
        [
          20.52132,
          54.7157199
        ],
        [
          20.5213,
          54.71558
        ],
        [
          20.5213,
          54.71551
        ],
        [
          20.5212799,
          54.7153599
        ],
        [
          20.52122,
          54.7151399
        ],
        [
          20.52119,
          54.7150699
        ],
        [
          20.52109,
          54.71495
        ],
        [
          20.52104,
          54.71488
        ],
        [
          20.5209199,
          54.71476
        ],
        [
          20.5207799,
          54.7146699
        ],
        [
          20.52067,
          54.71459
        ],
        [
          20.52047,
          54.71439
        ],
        [
          20.52037,
          54.7143099
        ],
        [
          20.52028,
          54.7142199
        ],
        [
          20.5201999,
          54.71413
        ],
        [
          20.5200999,
          54.7140499
        ],
        [
          20.5200599,
          54.714
        ],
        [
          20.52004,
          54.7139499
        ],
        [
          20.5198299,
          54.71368
        ],
        [
          20.51972,
          54.7136199
        ],
        [
          20.5195699,
          54.7135599
        ],
        [
          20.51948,
          54.7134899
        ],
        [
          20.51932,
          54.7133299
        ],
        [
          20.51929,
          54.71329
        ],
        [
          20.5192,
          54.71322
        ],
        [
          20.51909,
          54.7130999
        ],
        [
          20.51894,
          54.7129999
        ],
        [
          20.5188499,
          54.71292
        ],
        [
          20.51876,
          54.71285
        ],
        [
          20.5187,
          54.71282
        ],
        [
          20.5186199,
          54.7127399
        ],
        [
          20.51853,
          54.7126699
        ],
        [
          20.51841,
          54.7125399
        ],
        [
          20.51825,
          54.71242
        ],
        [
          20.51815,
          54.71233
        ],
        [
          20.5180899,
          54.7123
        ],
        [
          20.5179899,
          54.7122099
        ],
        [
          20.51792,
          54.71217
        ],
        [
          20.51782,
          54.71209
        ],
        [
          20.5176999,
          54.71201
        ],
        [
          20.51765,
          54.71196
        ],
        [
          20.5174699,
          54.71184
        ],
        [
          20.5174099,
          54.7117899
        ],
        [
          20.51729,
          54.71171
        ],
        [
          20.51722,
          54.71168
        ],
        [
          20.51709,
          54.7116
        ],
        [
          20.5169799,
          54.71154
        ],
        [
          20.5169,
          54.71145
        ],
        [
          20.51686,
          54.7114199
        ],
        [
          20.5167799,
          54.7113299
        ],
        [
          20.51673,
          54.7112899
        ],
        [
          20.5166,
          54.71121
        ],
        [
          20.51637,
          54.7110999
        ],
        [
          20.51628,
          54.7110699
        ],
        [
          20.5161899,
          54.7110299
        ],
        [
          20.5161,
          54.7109999
        ],
        [
          20.516,
          54.71098
        ],
        [
          20.5158999,
          54.71095
        ],
        [
          20.51558,
          54.71089
        ],
        [
          20.51536,
          54.7108699
        ],
        [
          20.5149399,
          54.7108699
        ],
        [
          20.5147399,
          54.71089
        ],
        [
          20.5146499,
          54.71089
        ],
        [
          20.51447,
          54.71091
        ],
        [
          20.5143899,
          54.7109299
        ],
        [
          20.5142199,
          54.71095
        ],
        [
          20.5140499,
          54.71098
        ],
        [
          20.51387,
          54.71102
        ],
        [
          20.5136999,
          54.71104
        ],
        [
          20.51352,
          54.71108
        ],
        [
          20.5134299,
          54.71109
        ],
        [
          20.5133399,
          54.71111
        ],
        [
          20.51325,
          54.71112
        ],
        [
          20.51298,
          54.71118
        ],
        [
          20.51289,
          54.7111899
        ],
        [
          20.51257,
          54.71127
        ],
        [
          20.5125099,
          54.7112899
        ],
        [
          20.5123099,
          54.71137
        ],
        [
          20.51217,
          54.71138
        ],
        [
          20.51188,
          54.7113299
        ],
        [
          20.5118299,
          54.7113299
        ],
        [
          20.51175,
          54.7113899
        ],
        [
          20.51167,
          54.7114199
        ],
        [
          20.5115999,
          54.7114299
        ],
        [
          20.5114299,
          54.7114299
        ],
        [
          20.51131,
          54.71145
        ],
        [
          20.5112699,
          54.71147
        ],
        [
          20.5111699,
          54.71148
        ],
        [
          20.51106,
          54.71151
        ],
        [
          20.5110099,
          54.71151
        ],
        [
          20.51088,
          54.71155
        ],
        [
          20.5107,
          54.7115899
        ],
        [
          20.5106399,
          54.7115899
        ],
        [
          20.51039,
          54.71163
        ],
        [
          20.51033,
          54.71163
        ],
        [
          20.51016,
          54.7116499
        ],
        [
          20.51006,
          54.7116899
        ],
        [
          20.5099799,
          54.7117
        ],
        [
          20.5099199,
          54.71173
        ],
        [
          20.5099,
          54.7117599
        ],
        [
          20.50981,
          54.7118
        ],
        [
          20.50961,
          54.71183
        ],
        [
          20.50948,
          54.71184
        ],
        [
          20.5093899,
          54.71183
        ],
        [
          20.50942,
          54.71177
        ],
        [
          20.5094899,
          54.71174
        ],
        [
          20.50961,
          54.71171
        ],
        [
          20.50964,
          54.71171
        ],
        [
          20.50961,
          54.7115899
        ],
        [
          20.50961,
          54.7115599
        ],
        [
          20.50958,
          54.71151
        ],
        [
          20.5095199,
          54.71144
        ],
        [
          20.5096,
          54.71135
        ],
        [
          20.50961,
          54.71132
        ],
        [
          20.5095299,
          54.71124
        ],
        [
          20.5094999,
          54.7111999
        ],
        [
          20.50934,
          54.7108699
        ],
        [
          20.50925,
          54.7106999
        ],
        [
          20.50918,
          54.71059
        ],
        [
          20.50912,
          54.7104699
        ],
        [
          20.50908,
          54.7104099
        ],
        [
          20.50896,
          54.7101799
        ],
        [
          20.5089399,
          54.71012
        ],
        [
          20.5088999,
          54.71007
        ],
        [
          20.50888,
          54.7100199
        ],
        [
          20.50888,
          54.70997
        ],
        [
          20.50892,
          54.7099199
        ],
        [
          20.50896,
          54.7098899
        ],
        [
          20.5089699,
          54.7098
        ],
        [
          20.5089399,
          54.70971
        ],
        [
          20.5088999,
          54.70967
        ],
        [
          20.50885,
          54.7096499
        ],
        [
          20.5086999,
          54.70963
        ],
        [
          20.5086099,
          54.7095599
        ],
        [
          20.5085099,
          54.70938
        ],
        [
          20.5084399,
          54.70921
        ],
        [
          20.50843,
          54.7091599
        ],
        [
          20.5083799,
          54.70911
        ],
        [
          20.50837,
          54.70908
        ],
        [
          20.5083099,
          54.70898
        ],
        [
          20.5083,
          54.70894
        ],
        [
          20.5082499,
          54.7088699
        ],
        [
          20.5082399,
          54.7088299
        ],
        [
          20.5081799,
          54.70869
        ],
        [
          20.5081499,
          54.70865
        ],
        [
          20.5081099,
          54.70856
        ],
        [
          20.5080799,
          54.70852
        ],
        [
          20.50804,
          54.70842
        ],
        [
          20.5080099,
          54.7083799
        ],
        [
          20.50796,
          54.70825
        ],
        [
          20.5079199,
          54.7082
        ],
        [
          20.50791,
          54.70816
        ],
        [
          20.50781,
          54.70794
        ],
        [
          20.5077199,
          54.7078
        ],
        [
          20.5076599,
          54.7076499
        ],
        [
          20.5076,
          54.7075499
        ],
        [
          20.50747,
          54.70727
        ],
        [
          20.5074299,
          54.7072199
        ],
        [
          20.5073899,
          54.70711
        ],
        [
          20.5073299,
          54.7069899
        ],
        [
          20.50724,
          54.7068299
        ],
        [
          20.5071299,
          54.70662
        ],
        [
          20.5070299,
          54.7064099
        ],
        [
          20.50691,
          54.7061799
        ],
        [
          20.5068399,
          54.7060099
        ],
        [
          20.50678,
          54.7059
        ],
        [
          20.5067399,
          54.70579
        ],
        [
          20.50665,
          54.70563
        ],
        [
          20.50663,
          54.70557
        ],
        [
          20.5064799,
          54.7053
        ],
        [
          20.50645,
          54.70524
        ],
        [
          20.5064099,
          54.7051299
        ],
        [
          20.50635,
          54.7050199
        ],
        [
          20.5063099,
          54.70497
        ],
        [
          20.50627,
          54.70487
        ],
        [
          20.50623,
          54.7047899
        ],
        [
          20.50617,
          54.70462
        ],
        [
          20.50607,
          54.7044299
        ],
        [
          20.50606,
          54.7043699
        ],
        [
          20.50603,
          54.70428
        ],
        [
          20.50607,
          54.7042099
        ],
        [
          20.5060499,
          54.70413
        ],
        [
          20.50599,
          54.7040399
        ],
        [
          20.50599,
          54.7040099
        ],
        [
          20.5059099,
          54.70382
        ],
        [
          20.5059,
          54.70377
        ],
        [
          20.5058499,
          54.7036499
        ],
        [
          20.5057899,
          54.70353
        ],
        [
          20.50574,
          54.7034
        ],
        [
          20.5056899,
          54.7032899
        ],
        [
          20.5056199,
          54.70317
        ],
        [
          20.5055899,
          54.7030499
        ],
        [
          20.5055499,
          54.70297
        ],
        [
          20.5055199,
          54.7028899
        ],
        [
          20.5055,
          54.70281
        ],
        [
          20.5054599,
          54.70274
        ],
        [
          20.5054,
          54.7026899
        ],
        [
          20.5053599,
          54.70267
        ],
        [
          20.5053,
          54.7025999
        ],
        [
          20.5052599,
          54.7025299
        ],
        [
          20.5051899,
          54.70245
        ],
        [
          20.50517,
          54.70236
        ],
        [
          20.5049899,
          54.7023299
        ],
        [
          20.5046699,
          54.7023299
        ],
        [
          20.5045999,
          54.70231
        ],
        [
          20.5045399,
          54.70231
        ],
        [
          20.5044099,
          54.70228
        ],
        [
          20.5043699,
          54.70225
        ],
        [
          20.50435,
          54.70216
        ],
        [
          20.50433,
          54.70212
        ],
        [
          20.5042099,
          54.70196
        ],
        [
          20.5041699,
          54.7018799
        ],
        [
          20.5041399,
          54.70179
        ],
        [
          20.5041399,
          54.70166
        ],
        [
          20.5041099,
          54.70157
        ],
        [
          20.5040799,
          54.7015399
        ],
        [
          20.50406,
          54.70149
        ],
        [
          20.504,
          54.7014
        ],
        [
          20.5038499,
          54.7011499
        ],
        [
          20.5038199,
          54.7010899
        ],
        [
          20.5037,
          54.7008899
        ],
        [
          20.50367,
          54.7008299
        ],
        [
          20.50363,
          54.7007899
        ],
        [
          20.5035,
          54.7005899
        ],
        [
          20.5033899,
          54.70038
        ],
        [
          20.50338,
          54.70034
        ],
        [
          20.50334,
          54.7002699
        ],
        [
          20.50331,
          54.70019
        ],
        [
          20.5032299,
          54.70012
        ],
        [
          20.5032,
          54.7000299
        ],
        [
          20.5031899,
          54.6999399
        ],
        [
          20.5031,
          54.69982
        ],
        [
          20.50308,
          54.6997699
        ],
        [
          20.50302,
          54.6996699
        ],
        [
          20.5029299,
          54.6994799
        ],
        [
          20.50287,
          54.6993799
        ],
        [
          20.50279,
          54.6993
        ],
        [
          20.5026699,
          54.69911
        ],
        [
          20.5026299,
          54.69907
        ],
        [
          20.5025699,
          54.69903
        ],
        [
          20.5024999,
          54.69897
        ],
        [
          20.50246,
          54.6989499
        ],
        [
          20.50232,
          54.6989
        ],
        [
          20.5023099,
          54.69881
        ],
        [
          20.5023399,
          54.6987599
        ],
        [
          20.5024299,
          54.69868
        ],
        [
          20.50251,
          54.6986199
        ],
        [
          20.5025699,
          54.6985599
        ],
        [
          20.5025299,
          54.6984599
        ],
        [
          20.5024699,
          54.6983999
        ],
        [
          20.50239,
          54.6982899
        ],
        [
          20.50236,
          54.6982699
        ],
        [
          20.5021999,
          54.69811
        ],
        [
          20.50213,
          54.69801
        ],
        [
          20.50203,
          54.69791
        ],
        [
          20.50199,
          54.69788
        ],
        [
          20.5019099,
          54.6977999
        ],
        [
          20.50183,
          54.69773
        ],
        [
          20.50163,
          54.69753
        ],
        [
          20.50159,
          54.6975
        ],
        [
          20.50151,
          54.69742
        ],
        [
          20.5014799,
          54.6973799
        ],
        [
          20.50137,
          54.69727
        ],
        [
          20.50134,
          54.69723
        ],
        [
          20.50117,
          54.6971
        ],
        [
          20.5010299,
          54.6969499
        ],
        [
          20.50095,
          54.6968899
        ],
        [
          20.5006999,
          54.69664
        ],
        [
          20.50058,
          54.6965299
        ],
        [
          20.50046,
          54.69641
        ],
        [
          20.5002699,
          54.69625
        ],
        [
          20.50019,
          54.6961599
        ],
        [
          20.5000399,
          54.69604
        ],
        [
          20.49996,
          54.69601
        ],
        [
          20.49986,
          54.6958999
        ],
        [
          20.4997499,
          54.69581
        ],
        [
          20.49969,
          54.6957399
        ],
        [
          20.49967,
          54.6956999
        ],
        [
          20.49959,
          54.69563
        ],
        [
          20.49946,
          54.6955399
        ],
        [
          20.4993899,
          54.6954699
        ],
        [
          20.49924,
          54.6952799
        ],
        [
          20.4991799,
          54.6951799
        ],
        [
          20.4990899,
          54.6951
        ],
        [
          20.4990499,
          54.69504
        ],
        [
          20.4989899,
          54.69499
        ],
        [
          20.49897,
          54.69496
        ],
        [
          20.4988899,
          54.6948799
        ],
        [
          20.4987899,
          54.6948
        ],
        [
          20.4987599,
          54.69476
        ],
        [
          20.49874,
          54.6947
        ],
        [
          20.4986899,
          54.69466
        ],
        [
          20.49864,
          54.6946499
        ],
        [
          20.4985599,
          54.6946499
        ],
        [
          20.49834,
          54.69453
        ],
        [
          20.4983599,
          54.69451
        ],
        [
          20.4984299,
          54.6945
        ],
        [
          20.49852,
          54.6945
        ],
        [
          20.49857,
          54.69448
        ],
        [
          20.49844,
          54.6944499
        ],
        [
          20.49796,
          54.69366
        ],
        [
          20.49802,
          54.6936299
        ],
        [
          20.4981099,
          54.6935999
        ]
      ],
      [
        [
          19.89694,
          54.64461
        ],
        [
          19.89638,
          54.6445999
        ],
        [
          19.8963599,
          54.6445999
        ],
        [
          19.8963299,
          54.6445899
        ],
        [
          19.8963,
          54.6445899
        ],
        [
          19.89628,
          54.64457
        ],
        [
          19.89625,
          54.6445599
        ],
        [
          19.8962299,
          54.64454
        ],
        [
          19.8961999,
          54.64452
        ],
        [
          19.8961599,
          54.64451
        ],
        [
          19.8961299,
          54.6444899
        ],
        [
          19.8960899,
          54.6444699
        ],
        [
          19.89605,
          54.64445
        ],
        [
          19.89601,
          54.6444299
        ],
        [
          19.8959699,
          54.64441
        ],
        [
          19.8959299,
          54.6443999
        ],
        [
          19.89589,
          54.6443699
        ],
        [
          19.89585,
          54.64435
        ],
        [
          19.8957999,
          54.6443299
        ],
        [
          19.89576,
          54.6442999
        ],
        [
          19.89571,
          54.64428
        ],
        [
          19.89568,
          54.64425
        ],
        [
          19.8956399,
          54.6442299
        ],
        [
          19.8955999,
          54.6441999
        ],
        [
          19.89556,
          54.64418
        ],
        [
          19.89552,
          54.64416
        ],
        [
          19.89548,
          54.6441399
        ],
        [
          19.8954399,
          54.64415
        ],
        [
          19.89539,
          54.64415
        ],
        [
          19.89536,
          54.6441399
        ],
        [
          19.89533,
          54.6441299
        ],
        [
          19.8953,
          54.64411
        ],
        [
          19.8952799,
          54.64411
        ],
        [
          19.89526,
          54.64409
        ],
        [
          19.89526,
          54.64409
        ],
        [
          19.89526,
          54.64409
        ],
        [
          19.89526,
          54.64409
        ],
        [
          19.89526,
          54.64409
        ],
        [
          19.8951799,
          54.64406
        ],
        [
          19.89516,
          54.64405
        ],
        [
          19.8951399,
          54.6440399
        ],
        [
          19.89512,
          54.64402
        ],
        [
          19.8951,
          54.6440099
        ],
        [
          19.8950799,
          54.64399
        ],
        [
          19.8950499,
          54.64398
        ],
        [
          19.89503,
          54.64396
        ],
        [
          19.8950099,
          54.6439399
        ],
        [
          19.89499,
          54.64392
        ],
        [
          19.89496,
          54.6438999
        ],
        [
          19.89493,
          54.64388
        ],
        [
          19.8949,
          54.64386
        ],
        [
          19.89487,
          54.64385
        ],
        [
          19.89484,
          54.64385
        ],
        [
          19.8948099,
          54.64385
        ],
        [
          19.89477,
          54.64386
        ],
        [
          19.89474,
          54.6438699
        ],
        [
          19.8947,
          54.6438699
        ],
        [
          19.89467,
          54.64388
        ],
        [
          19.89464,
          54.64389
        ],
        [
          19.89461,
          54.64389
        ],
        [
          19.8945799,
          54.64389
        ],
        [
          19.8945499,
          54.6438999
        ],
        [
          19.8945199,
          54.6438999
        ],
        [
          19.8944899,
          54.6438999
        ],
        [
          19.8944499,
          54.6438999
        ],
        [
          19.8944199,
          54.64389
        ],
        [
          19.8943899,
          54.64389
        ],
        [
          19.89437,
          54.64389
        ],
        [
          19.89434,
          54.64389
        ],
        [
          19.8943199,
          54.6438999
        ],
        [
          19.8943,
          54.6438999
        ],
        [
          19.89427,
          54.6438999
        ],
        [
          19.89424,
          54.6438999
        ],
        [
          19.89421,
          54.6438999
        ],
        [
          19.89418,
          54.6438999
        ],
        [
          19.89414,
          54.6439099
        ],
        [
          19.8941,
          54.6439099
        ],
        [
          19.8940599,
          54.64392
        ],
        [
          19.8940299,
          54.64392
        ],
        [
          19.8939899,
          54.64392
        ],
        [
          19.89395,
          54.64393
        ],
        [
          19.89392,
          54.64393
        ],
        [
          19.8938899,
          54.64393
        ],
        [
          19.89385,
          54.64393
        ],
        [
          19.89382,
          54.6439399
        ],
        [
          19.89378,
          54.64395
        ],
        [
          19.89375,
          54.64396
        ],
        [
          19.89371,
          54.64396
        ],
        [
          19.8936699,
          54.64396
        ],
        [
          19.8936399,
          54.64396
        ],
        [
          19.89359,
          54.64396
        ],
        [
          19.89356,
          54.64396
        ],
        [
          19.89352,
          54.64396
        ],
        [
          19.89348,
          54.64396
        ],
        [
          19.8934399,
          54.64396
        ],
        [
          19.89339,
          54.64396
        ],
        [
          19.89335,
          54.64396
        ],
        [
          19.8932999,
          54.6439699
        ],
        [
          19.89325,
          54.6439699
        ],
        [
          19.8932099,
          54.64398
        ],
        [
          19.89316,
          54.64399
        ],
        [
          19.8931,
          54.64399
        ],
        [
          19.89305,
          54.64399
        ],
        [
          19.893,
          54.6440099
        ],
        [
          19.8929499,
          54.6440099
        ],
        [
          19.8929,
          54.64402
        ],
        [
          19.8928499,
          54.64403
        ],
        [
          19.8928,
          54.64403
        ],
        [
          19.8927499,
          54.64403
        ],
        [
          19.8927,
          54.64403
        ],
        [
          19.89266,
          54.64403
        ],
        [
          19.8926099,
          54.64403
        ],
        [
          19.89256,
          54.64403
        ],
        [
          19.89251,
          54.64403
        ],
        [
          19.89247,
          54.64402
        ],
        [
          19.89243,
          54.6439999
        ],
        [
          19.8923899,
          54.64398
        ],
        [
          19.89236,
          54.64395
        ],
        [
          19.89234,
          54.64393
        ],
        [
          19.89233,
          54.6438999
        ],
        [
          19.8923199,
          54.64388
        ],
        [
          19.89231,
          54.64385
        ],
        [
          19.8923,
          54.64382
        ],
        [
          19.8923,
          54.64379
        ],
        [
          19.8923,
          54.64376
        ],
        [
          19.89228,
          54.64373
        ],
        [
          19.89227,
          54.6437
        ],
        [
          19.8922599,
          54.6436699
        ],
        [
          19.8922499,
          54.6436399
        ],
        [
          19.89224,
          54.6436099
        ],
        [
          19.89223,
          54.64359
        ],
        [
          19.8922199,
          54.64356
        ],
        [
          19.89221,
          54.6435399
        ],
        [
          19.89221,
          54.6435099
        ],
        [
          19.8921899,
          54.6434799
        ],
        [
          19.89218,
          54.6434499
        ],
        [
          19.89217,
          54.64342
        ],
        [
          19.8921599,
          54.6434
        ],
        [
          19.8921499,
          54.64337
        ],
        [
          19.89214,
          54.6433499
        ],
        [
          19.89214,
          54.6433199
        ],
        [
          19.8921299,
          54.6433
        ],
        [
          19.8921199,
          54.64327
        ],
        [
          19.89211,
          54.6432499
        ],
        [
          19.8920899,
          54.64323
        ],
        [
          19.8920599,
          54.6432099
        ],
        [
          19.89201,
          54.6431899
        ],
        [
          19.89197,
          54.64317
        ],
        [
          19.89195,
          54.64314
        ],
        [
          19.8919299,
          54.64311
        ],
        [
          19.89192,
          54.64307
        ],
        [
          19.8918999,
          54.64304
        ],
        [
          19.89187,
          54.64301
        ],
        [
          19.89184,
          54.64297
        ],
        [
          19.89182,
          54.64294
        ],
        [
          19.8917899,
          54.6429
        ],
        [
          19.8917599,
          54.64287
        ],
        [
          19.8917299,
          54.64283
        ],
        [
          19.8916999,
          54.6428
        ],
        [
          19.8916599,
          54.6427599
        ],
        [
          19.8916299,
          54.6427199
        ],
        [
          19.8915999,
          54.64268
        ],
        [
          19.8915599,
          54.64264
        ],
        [
          19.8915299,
          54.64261
        ],
        [
          19.8914999,
          54.64257
        ],
        [
          19.8914699,
          54.6425299
        ],
        [
          19.8914299,
          54.6424899
        ],
        [
          19.89141,
          54.64244
        ],
        [
          19.89138,
          54.6423999
        ],
        [
          19.89135,
          54.64235
        ],
        [
          19.89131,
          54.64231
        ],
        [
          19.89128,
          54.6422699
        ],
        [
          19.8912399,
          54.64222
        ],
        [
          19.8912099,
          54.64218
        ],
        [
          19.89118,
          54.64214
        ],
        [
          19.89115,
          54.6420999
        ],
        [
          19.89112,
          54.64206
        ],
        [
          19.89109,
          54.64202
        ],
        [
          19.89106,
          54.64198
        ],
        [
          19.89102,
          54.64195
        ],
        [
          19.8909799,
          54.64191
        ],
        [
          19.89095,
          54.6418699
        ],
        [
          19.8909099,
          54.6418399
        ],
        [
          19.8908799,
          54.6417999
        ],
        [
          19.89086,
          54.64176
        ],
        [
          19.89082,
          54.64173
        ],
        [
          19.89079,
          54.64169
        ],
        [
          19.89076,
          54.64165
        ],
        [
          19.8907399,
          54.64162
        ],
        [
          19.8907099,
          54.6415799
        ],
        [
          19.8906799,
          54.64155
        ],
        [
          19.89066,
          54.6415099
        ],
        [
          19.89063,
          54.6414699
        ],
        [
          19.8906099,
          54.6414399
        ],
        [
          19.89059,
          54.6414
        ],
        [
          19.89056,
          54.64136
        ],
        [
          19.89053,
          54.64133
        ],
        [
          19.8905,
          54.64129
        ],
        [
          19.89047,
          54.64126
        ],
        [
          19.89044,
          54.6412199
        ],
        [
          19.89041,
          54.6411799
        ],
        [
          19.8903799,
          54.6411499
        ],
        [
          19.89034,
          54.6411099
        ],
        [
          19.8903199,
          54.6410799
        ],
        [
          19.89031,
          54.64104
        ],
        [
          19.89031,
          54.641
        ],
        [
          19.8902899,
          54.64097
        ],
        [
          19.8902799,
          54.64093
        ],
        [
          19.8902799,
          54.6409
        ],
        [
          19.8903,
          54.64086
        ],
        [
          19.89033,
          54.64083
        ],
        [
          19.8903799,
          54.64081
        ],
        [
          19.8904199,
          54.64078
        ],
        [
          19.89047,
          54.6407599
        ],
        [
          19.8905099,
          54.64074
        ],
        [
          19.8905499,
          54.64071
        ],
        [
          19.8906,
          54.64068
        ],
        [
          19.8906399,
          54.6406499
        ],
        [
          19.89069,
          54.64063
        ],
        [
          19.89073,
          54.64061
        ],
        [
          19.89077,
          54.64058
        ],
        [
          19.89082,
          54.6405599
        ],
        [
          19.8908699,
          54.6405299
        ],
        [
          19.8909099,
          54.6405
        ],
        [
          19.8909699,
          54.64048
        ],
        [
          19.89102,
          54.64045
        ],
        [
          19.89106,
          54.64041
        ],
        [
          19.8910999,
          54.64038
        ],
        [
          19.8911399,
          54.6403599
        ],
        [
          19.89118,
          54.64034
        ],
        [
          19.89123,
          54.64031
        ],
        [
          19.8912699,
          54.6402899
        ],
        [
          19.89131,
          54.6402599
        ],
        [
          19.89136,
          54.6402299
        ],
        [
          19.8913999,
          54.64021
        ],
        [
          19.89145,
          54.64018
        ],
        [
          19.8914999,
          54.64015
        ],
        [
          19.89154,
          54.6401299
        ],
        [
          19.89159,
          54.6400999
        ],
        [
          19.89159,
          54.6400999
        ],
        [
          19.8916699,
          54.64004
        ],
        [
          19.89172,
          54.64001
        ],
        [
          19.8917599,
          54.63998
        ],
        [
          19.89181,
          54.63995
        ],
        [
          19.89185,
          54.6399299
        ],
        [
          19.8918999,
          54.6398999
        ],
        [
          19.89195,
          54.63988
        ],
        [
          19.892,
          54.63986
        ],
        [
          19.89205,
          54.6398299
        ],
        [
          19.8920899,
          54.6397999
        ],
        [
          19.8921299,
          54.6397699
        ],
        [
          19.89218,
          54.6397399
        ],
        [
          19.8922199,
          54.6397099
        ],
        [
          19.89227,
          54.63969
        ],
        [
          19.8923199,
          54.63966
        ],
        [
          19.89236,
          54.63963
        ],
        [
          19.8924,
          54.6395999
        ],
        [
          19.8924499,
          54.6395699
        ],
        [
          19.8925,
          54.6395399
        ],
        [
          19.8925499,
          54.63952
        ],
        [
          19.8926,
          54.63949
        ],
        [
          19.8926499,
          54.63946
        ],
        [
          19.8927,
          54.63943
        ],
        [
          19.8927499,
          54.6394
        ],
        [
          19.8928099,
          54.6393699
        ],
        [
          19.89286,
          54.6393399
        ],
        [
          19.8929099,
          54.6393099
        ],
        [
          19.8929499,
          54.6392799
        ],
        [
          19.893,
          54.6392499
        ],
        [
          19.8930399,
          54.63922
        ],
        [
          19.8930699,
          54.63919
        ],
        [
          19.8931,
          54.63916
        ],
        [
          19.89312,
          54.63913
        ],
        [
          19.8931399,
          54.6391
        ],
        [
          19.89315,
          54.63907
        ],
        [
          19.89316,
          54.63904
        ],
        [
          19.8931699,
          54.639
        ],
        [
          19.8931699,
          54.63896
        ],
        [
          19.8931699,
          54.63893
        ],
        [
          19.8931699,
          54.6388899
        ],
        [
          19.8931699,
          54.63886
        ],
        [
          19.8931699,
          54.63883
        ],
        [
          19.8931699,
          54.6388
        ],
        [
          19.89316,
          54.63876
        ],
        [
          19.8931399,
          54.63874
        ],
        [
          19.89313,
          54.6387199
        ],
        [
          19.89309,
          54.6387
        ],
        [
          19.89305,
          54.6386899
        ],
        [
          19.8930099,
          54.6386799
        ],
        [
          19.89297,
          54.6386899
        ],
        [
          19.89293,
          54.6386899
        ],
        [
          19.89289,
          54.6386899
        ],
        [
          19.8928499,
          54.6386899
        ],
        [
          19.8928,
          54.6386799
        ],
        [
          19.89276,
          54.6386799
        ],
        [
          19.89273,
          54.6386899
        ],
        [
          19.8926799,
          54.6386899
        ],
        [
          19.8926499,
          54.6386899
        ],
        [
          19.8926099,
          54.6386899
        ],
        [
          19.89257,
          54.6387
        ],
        [
          19.89253,
          54.6386899
        ],
        [
          19.89251,
          54.6386799
        ],
        [
          19.8924899,
          54.6386599
        ],
        [
          19.8925,
          54.63864
        ],
        [
          19.89251,
          54.6386199
        ],
        [
          19.89251,
          54.6386
        ],
        [
          19.89251,
          54.6385899
        ],
        [
          19.89251,
          54.63857
        ],
        [
          19.89251,
          54.6385499
        ],
        [
          19.8925,
          54.63854
        ],
        [
          19.8924799,
          54.63853
        ],
        [
          19.8924799,
          54.63853
        ],
        [
          19.8924799,
          54.63853
        ],
        [
          19.8924799,
          54.63853
        ],
        [
          19.8924799,
          54.63853
        ],
        [
          19.8924799,
          54.63853
        ],
        [
          19.8924799,
          54.63853
        ],
        [
          19.8924799,
          54.63853
        ],
        [
          19.8924799,
          54.63853
        ]
      ],
      [
        [
          19.8856599,
          54.6344199
        ],
        [
          19.88568,
          54.63433
        ],
        [
          19.88541,
          54.6342599
        ],
        [
          19.8852299,
          54.63424
        ],
        [
          19.88515,
          54.63427
        ],
        [
          19.88475,
          54.6345799
        ],
        [
          19.8846699,
          54.63467
        ],
        [
          19.88453,
          54.63477
        ],
        [
          19.8844399,
          54.63486
        ],
        [
          19.8842399,
          54.6350099
        ],
        [
          19.88391,
          54.6352999
        ],
        [
          19.8837899,
          54.63538
        ],
        [
          19.88345,
          54.6356699
        ],
        [
          19.88328,
          54.63584
        ],
        [
          19.8831299,
          54.63595
        ],
        [
          19.88302,
          54.63601
        ],
        [
          19.8826699,
          54.63627
        ],
        [
          19.8824999,
          54.63637
        ],
        [
          19.88212,
          54.63666
        ],
        [
          19.88186,
          54.6368199
        ],
        [
          19.88147,
          54.63699
        ],
        [
          19.8814199,
          54.63703
        ],
        [
          19.8812,
          54.6371099
        ],
        [
          19.88101,
          54.63722
        ],
        [
          19.88066,
          54.63746
        ],
        [
          19.88039,
          54.63756
        ],
        [
          19.88019,
          54.63768
        ],
        [
          19.87997,
          54.63778
        ],
        [
          19.87984,
          54.63782
        ],
        [
          19.87973,
          54.63788
        ],
        [
          19.87938,
          54.6379999
        ],
        [
          19.87917,
          54.6380599
        ],
        [
          19.87905,
          54.63812
        ],
        [
          19.87881,
          54.6383299
        ],
        [
          19.87869,
          54.6383899
        ],
        [
          19.87862,
          54.6384599
        ],
        [
          19.8784299,
          54.63857
        ],
        [
          19.87832,
          54.6386599
        ],
        [
          19.8782999,
          54.6387199
        ],
        [
          19.87816,
          54.6388499
        ],
        [
          19.8780099,
          54.6389199
        ],
        [
          19.8779,
          54.639
        ],
        [
          19.87773,
          54.63909
        ],
        [
          19.87754,
          54.63909
        ],
        [
          19.8774,
          54.6391399
        ],
        [
          19.87718,
          54.63917
        ],
        [
          19.87667,
          54.6393799
        ],
        [
          19.8763999,
          54.6395
        ],
        [
          19.87672,
          54.6393099
        ],
        [
          19.87678,
          54.6393099
        ],
        [
          19.87629,
          54.63956
        ],
        [
          19.8766599,
          54.6393399
        ],
        [
          19.8768299,
          54.6392499
        ],
        [
          19.87688,
          54.6392799
        ],
        [
          19.87662,
          54.6393799
        ],
        [
          19.87644,
          54.6394699
        ],
        [
          19.8758699,
          54.63979
        ],
        [
          19.8754799,
          54.63999
        ],
        [
          19.87524,
          54.6401299
        ],
        [
          19.87602,
          54.6396999
        ],
        [
          19.87609,
          54.63965
        ],
        [
          19.87649,
          54.6394399
        ],
        [
          19.87632,
          54.63952
        ],
        [
          19.8757499,
          54.63986
        ],
        [
          19.8757,
          54.6398699
        ],
        [
          19.8760999,
          54.63966
        ],
        [
          19.8763699,
          54.6395
        ],
        [
          19.8765599,
          54.6394099
        ],
        [
          19.87649,
          54.63946
        ],
        [
          19.8761999,
          54.6395999
        ],
        [
          19.87585,
          54.63981
        ],
        [
          19.87557,
          54.63996
        ],
        [
          19.8753799,
          54.64005
        ],
        [
          19.87514,
          54.64018
        ],
        [
          19.87485,
          54.6403599
        ],
        [
          19.8746599,
          54.64051
        ],
        [
          19.87419,
          54.6409799
        ],
        [
          19.87409,
          54.6411
        ],
        [
          19.87402,
          54.6411499
        ],
        [
          19.87375,
          54.64142
        ],
        [
          19.8736699,
          54.6415699
        ],
        [
          19.87356,
          54.64166
        ],
        [
          19.87337,
          54.64176
        ],
        [
          19.87317,
          54.64189
        ],
        [
          19.87294,
          54.64201
        ],
        [
          19.87283,
          54.64209
        ],
        [
          19.8724999,
          54.6422699
        ],
        [
          19.8723899,
          54.64235
        ],
        [
          19.87225,
          54.64242
        ],
        [
          19.8719399,
          54.6426299
        ],
        [
          19.8714099,
          54.6429499
        ],
        [
          19.8712099,
          54.6430799
        ],
        [
          19.86966,
          54.6440099
        ],
        [
          19.86946,
          54.64411
        ],
        [
          19.86929,
          54.6442399
        ],
        [
          19.8692,
          54.64428
        ],
        [
          19.86909,
          54.6443699
        ],
        [
          19.8688799,
          54.64448
        ],
        [
          19.86868,
          54.6445999
        ],
        [
          19.8685,
          54.6447299
        ],
        [
          19.8681599,
          54.64491
        ],
        [
          19.86807,
          54.6449899
        ],
        [
          19.86799,
          54.6450199
        ],
        [
          19.8676999,
          54.6452
        ],
        [
          19.8675999,
          54.64524
        ],
        [
          19.86748,
          54.6453199
        ],
        [
          19.86733,
          54.64539
        ],
        [
          19.8673,
          54.64549
        ],
        [
          19.86722,
          54.6455
        ],
        [
          19.86703,
          54.6456399
        ],
        [
          19.8666499,
          54.6458099
        ],
        [
          19.86643,
          54.64595
        ],
        [
          19.8663199,
          54.64599
        ],
        [
          19.8663,
          54.6460399
        ],
        [
          19.86693,
          54.64566
        ],
        [
          19.8671,
          54.64554
        ],
        [
          19.8672699,
          54.64546
        ],
        [
          19.86745,
          54.6453499
        ],
        [
          19.86771,
          54.64521
        ],
        [
          19.8679599,
          54.6450599
        ],
        [
          19.86828,
          54.64484
        ],
        [
          19.86893,
          54.6444599
        ],
        [
          19.8694699,
          54.64412
        ],
        [
          19.86996,
          54.64386
        ],
        [
          19.87037,
          54.6436099
        ],
        [
          19.8705899,
          54.6434499
        ],
        [
          19.8708899,
          54.6432799
        ],
        [
          19.8713,
          54.6430199
        ],
        [
          19.8714799,
          54.6429199
        ],
        [
          19.8717699,
          54.6427299
        ],
        [
          19.87224,
          54.64245
        ],
        [
          19.8727199,
          54.64215
        ],
        [
          19.8733199,
          54.6417999
        ],
        [
          19.87359,
          54.6416099
        ],
        [
          19.8737099,
          54.6414699
        ],
        [
          19.87392,
          54.64126
        ],
        [
          19.87409,
          54.6411199
        ],
        [
          19.87418,
          54.641
        ],
        [
          19.8745599,
          54.64061
        ],
        [
          19.87488,
          54.64032
        ],
        [
          19.8753499,
          54.6400699
        ],
        [
          19.8756399,
          54.6398999
        ],
        [
          19.8761399,
          54.63962
        ],
        [
          19.87661,
          54.6393799
        ],
        [
          19.8766599,
          54.6393399
        ],
        [
          19.87684,
          54.63926
        ],
        [
          19.8771599,
          54.6391799
        ],
        [
          19.8773899,
          54.63917
        ],
        [
          19.87754,
          54.6391
        ],
        [
          19.8777099,
          54.63909
        ],
        [
          19.87786,
          54.63904
        ],
        [
          19.878,
          54.6389199
        ],
        [
          19.87826,
          54.63876
        ],
        [
          19.87839,
          54.63864
        ],
        [
          19.87851,
          54.63848
        ],
        [
          19.8786699,
          54.6383899
        ],
        [
          19.8788899,
          54.63822
        ],
        [
          19.8791199,
          54.6380899
        ],
        [
          19.87915,
          54.63804
        ],
        [
          19.87901,
          54.63755
        ],
        [
          19.87895,
          54.6375099
        ],
        [
          19.87882,
          54.6374999
        ],
        [
          19.8786299,
          54.6375399
        ],
        [
          19.87773,
          54.6376999
        ],
        [
          19.8776,
          54.63736
        ],
        [
          19.87779,
          54.6373
        ],
        [
          19.8777099,
          54.63722
        ],
        [
          19.87868,
          54.6375099
        ],
        [
          19.8787999,
          54.63749
        ],
        [
          19.8792299,
          54.6368799
        ],
        [
          19.8792899,
          54.6369
        ],
        [
          19.8793199,
          54.63709
        ],
        [
          19.8793899,
          54.6372099
        ],
        [
          19.87946,
          54.6372799
        ],
        [
          19.8795,
          54.6373999
        ],
        [
          19.87974,
          54.6375099
        ],
        [
          19.88038,
          54.6375099
        ],
        [
          19.88048,
          54.63749
        ],
        [
          19.8809899,
          54.6372399
        ],
        [
          19.88108,
          54.6371699
        ],
        [
          19.8813599,
          54.6370399
        ],
        [
          19.8814599,
          54.6369799
        ],
        [
          19.8814499,
          54.63693
        ],
        [
          19.8812299,
          54.6368099
        ],
        [
          19.8808299,
          54.6365499
        ],
        [
          19.8805299,
          54.63625
        ],
        [
          19.88046,
          54.63614
        ],
        [
          19.8803399,
          54.63602
        ],
        [
          19.88023,
          54.63588
        ],
        [
          19.88015,
          54.63571
        ],
        [
          19.8800099,
          54.6355399
        ],
        [
          19.87993,
          54.63548
        ],
        [
          19.87979,
          54.63529
        ],
        [
          19.87963,
          54.63503
        ],
        [
          19.87954,
          54.6349399
        ],
        [
          19.87946,
          54.63479
        ],
        [
          19.87938,
          54.6347099
        ],
        [
          19.87927,
          54.6345499
        ],
        [
          19.8792199,
          54.63444
        ],
        [
          19.87911,
          54.6342599
        ],
        [
          19.87908,
          54.63424
        ],
        [
          19.87898,
          54.6340299
        ],
        [
          19.8788599,
          54.63392
        ],
        [
          19.87882,
          54.63377
        ],
        [
          19.8788599,
          54.63371
        ],
        [
          19.87895,
          54.6336599
        ],
        [
          19.8791299,
          54.63361
        ],
        [
          19.8794,
          54.6334999
        ],
        [
          19.8796199,
          54.6334299
        ],
        [
          19.87976,
          54.6333699
        ],
        [
          19.8799799,
          54.6332999
        ],
        [
          19.8803399,
          54.63316
        ],
        [
          19.88121,
          54.6328099
        ],
        [
          19.88141,
          54.6327399
        ],
        [
          19.88171,
          54.6326099
        ],
        [
          19.8817199,
          54.63256
        ],
        [
          19.88164,
          54.63253
        ],
        [
          19.88141,
          54.6325499
        ],
        [
          19.88128,
          54.6325799
        ],
        [
          19.8809999,
          54.6325799
        ],
        [
          19.88055,
          54.63249
        ],
        [
          19.8802099,
          54.63234
        ],
        [
          19.8799499,
          54.6321899
        ],
        [
          19.87957,
          54.63204
        ],
        [
          19.8793199,
          54.6319
        ],
        [
          19.8790599,
          54.6318
        ],
        [
          19.87897,
          54.6317299
        ],
        [
          19.87881,
          54.63167
        ],
        [
          19.87869,
          54.6315999
        ],
        [
          19.87848,
          54.63152
        ],
        [
          19.8783999,
          54.6314699
        ],
        [
          19.8781999,
          54.63142
        ],
        [
          19.87787,
          54.63126
        ],
        [
          19.87737,
          54.63103
        ],
        [
          19.8771199,
          54.6309
        ],
        [
          19.8769599,
          54.6308
        ],
        [
          19.87675,
          54.6306399
        ],
        [
          19.8766299,
          54.6305
        ],
        [
          19.87651,
          54.6303099
        ],
        [
          19.87648,
          54.6302199
        ],
        [
          19.87641,
          54.6301199
        ],
        [
          19.87628,
          54.62988
        ],
        [
          19.87626,
          54.62977
        ],
        [
          19.87615,
          54.62954
        ],
        [
          19.8760999,
          54.6293999
        ],
        [
          19.8760399,
          54.6293299
        ],
        [
          19.8759999,
          54.62921
        ],
        [
          19.87589,
          54.6290299
        ],
        [
          19.87586,
          54.6288699
        ],
        [
          19.8757099,
          54.62862
        ],
        [
          19.87563,
          54.6284099
        ],
        [
          19.8755799,
          54.6283399
        ],
        [
          19.87547,
          54.6280199
        ],
        [
          19.8753199,
          54.62771
        ],
        [
          19.87516,
          54.62771
        ],
        [
          19.87494,
          54.62764
        ],
        [
          19.87477,
          54.62761
        ],
        [
          19.87458,
          54.62755
        ],
        [
          19.8741399,
          54.62745
        ],
        [
          19.8737699,
          54.62738
        ],
        [
          19.8735,
          54.6272999
        ],
        [
          19.8733,
          54.6272599
        ],
        [
          19.8731,
          54.62724
        ],
        [
          19.87283,
          54.62718
        ],
        [
          19.87274,
          54.62718
        ],
        [
          19.87251,
          54.62711
        ],
        [
          19.87232,
          54.6270299
        ],
        [
          19.87206,
          54.6269699
        ],
        [
          19.8719999,
          54.6269399
        ],
        [
          19.8715399,
          54.6271299
        ],
        [
          19.8714399,
          54.6272299
        ],
        [
          19.87202,
          54.6273299
        ],
        [
          19.8726199,
          54.6274599
        ],
        [
          19.87265,
          54.62748
        ],
        [
          19.87281,
          54.62731
        ],
        [
          19.87291,
          54.6272699
        ],
        [
          19.87222,
          54.62701
        ],
        [
          19.8726599,
          54.62714
        ],
        [
          19.8728599,
          54.6271699
        ],
        [
          19.87303,
          54.62722
        ],
        [
          19.8733099,
          54.6272699
        ],
        [
          19.87362,
          54.6273599
        ],
        [
          19.8738399,
          54.6273899
        ],
        [
          19.87415,
          54.62745
        ],
        [
          19.8744299,
          54.6275299
        ],
        [
          19.87494,
          54.62764
        ],
        [
          19.87517,
          54.62771
        ],
        [
          19.87526,
          54.62771
        ],
        [
          19.87537,
          54.62777
        ],
        [
          19.87546,
          54.62793
        ],
        [
          19.8755,
          54.62814
        ],
        [
          19.87556,
          54.6282099
        ],
        [
          19.8755799,
          54.6283
        ],
        [
          19.87566,
          54.6284
        ],
        [
          19.87567,
          54.6285499
        ],
        [
          19.8757099,
          54.62865
        ],
        [
          19.8757799,
          54.62873
        ],
        [
          19.87583,
          54.62885
        ],
        [
          19.87592,
          54.62896
        ],
        [
          19.8759699,
          54.62915
        ],
        [
          19.87608,
          54.62932
        ],
        [
          19.8761099,
          54.62941
        ],
        [
          19.87619,
          54.62951
        ],
        [
          19.8762299,
          54.62968
        ],
        [
          19.87635,
          54.62991
        ],
        [
          19.8763699,
          54.63
        ],
        [
          19.87644,
          54.6301199
        ],
        [
          19.8764599,
          54.63021
        ],
        [
          19.87655,
          54.63033
        ],
        [
          19.8765699,
          54.6304199
        ],
        [
          19.87665,
          54.6304799
        ],
        [
          19.87662,
          54.63052
        ],
        [
          19.8765699,
          54.6304
        ],
        [
          19.8765699,
          54.63029
        ],
        [
          19.87662,
          54.6302499
        ],
        [
          19.87684,
          54.63017
        ],
        [
          19.87713,
          54.6301199
        ],
        [
          19.87747,
          54.63001
        ],
        [
          19.87767,
          54.62998
        ],
        [
          19.8777799,
          54.62993
        ],
        [
          19.87806,
          54.6298499
        ],
        [
          19.87818,
          54.6298
        ],
        [
          19.8783999,
          54.62974
        ],
        [
          19.8786299,
          54.62964
        ],
        [
          19.8787599,
          54.62962
        ],
        [
          19.8793,
          54.6295999
        ],
        [
          19.8800099,
          54.6295299
        ],
        [
          19.8801799,
          54.6294999
        ],
        [
          19.8806299,
          54.62945
        ],
        [
          19.8813599,
          54.62932
        ],
        [
          19.8816,
          54.6292599
        ],
        [
          19.8819199,
          54.62921
        ],
        [
          19.8821099,
          54.62916
        ],
        [
          19.8824399,
          54.62911
        ],
        [
          19.8827699,
          54.6290299
        ],
        [
          19.88318,
          54.62895
        ],
        [
          19.88337,
          54.62899
        ],
        [
          19.8835599,
          54.62916
        ],
        [
          19.88367,
          54.62928
        ],
        [
          19.88397,
          54.62954
        ],
        [
          19.88409,
          54.62967
        ],
        [
          19.88442,
          54.6299599
        ],
        [
          19.8845399,
          54.6300499
        ],
        [
          19.8846999,
          54.6302199
        ],
        [
          19.88498,
          54.63047
        ],
        [
          19.88514,
          54.63063
        ],
        [
          19.88532,
          54.63086
        ],
        [
          19.88548,
          54.63102
        ],
        [
          19.88561,
          54.63118
        ],
        [
          19.886,
          54.63171
        ],
        [
          19.88616,
          54.6318199
        ],
        [
          19.8862499,
          54.63191
        ],
        [
          19.88626,
          54.63203
        ],
        [
          19.88614,
          54.63194
        ],
        [
          19.88603,
          54.63178
        ],
        [
          19.8859,
          54.63165
        ],
        [
          19.88587,
          54.6315599
        ],
        [
          19.88573,
          54.63141
        ],
        [
          19.88568,
          54.6312999
        ],
        [
          19.8856199,
          54.63125
        ],
        [
          19.88541,
          54.63122
        ],
        [
          19.88502,
          54.6313699
        ],
        [
          19.8847699,
          54.63145
        ],
        [
          19.8846,
          54.63154
        ],
        [
          19.8845099,
          54.63155
        ],
        [
          19.88427,
          54.6316299
        ],
        [
          19.88432,
          54.6315899
        ],
        [
          19.88473,
          54.6314299
        ],
        [
          19.88499,
          54.63135
        ],
        [
          19.8852599,
          54.6312399
        ],
        [
          19.88535,
          54.63122
        ],
        [
          19.88551,
          54.63129
        ],
        [
          19.88564,
          54.63139
        ],
        [
          19.8857,
          54.6313399
        ],
        [
          19.8855899,
          54.63118
        ],
        [
          19.88542,
          54.63099
        ],
        [
          19.8851599,
          54.63073
        ],
        [
          19.88496,
          54.6305099
        ],
        [
          19.8846399,
          54.6302
        ],
        [
          19.88455,
          54.63013
        ],
        [
          19.8843099,
          54.62988
        ],
        [
          19.8842499,
          54.62978
        ],
        [
          19.88396,
          54.6294899
        ],
        [
          19.88381,
          54.62929
        ],
        [
          19.8836599,
          54.62919
        ],
        [
          19.88351,
          54.62906
        ],
        [
          19.88337,
          54.62898
        ],
        [
          19.88327,
          54.62895
        ],
        [
          19.88305,
          54.62898
        ],
        [
          19.8827999,
          54.62906
        ],
        [
          19.8823699,
          54.6291399
        ],
        [
          19.88232,
          54.6291399
        ],
        [
          19.88171,
          54.6292699
        ],
        [
          19.8814599,
          54.62931
        ],
        [
          19.8814599,
          54.62935
        ],
        [
          19.88157,
          54.62951
        ],
        [
          19.8816799,
          54.62961
        ],
        [
          19.8816799,
          54.6296599
        ],
        [
          19.88158,
          54.62952
        ],
        [
          19.88161,
          54.62961
        ],
        [
          19.8813899,
          54.62935
        ],
        [
          19.8814,
          54.62931
        ],
        [
          19.88151,
          54.62925
        ],
        [
          19.8820799,
          54.62915
        ],
        [
          19.8823399,
          54.62911
        ],
        [
          19.88286,
          54.6289999
        ],
        [
          19.88315,
          54.62892
        ],
        [
          19.8832999,
          54.6287999
        ],
        [
          19.88341,
          54.62875
        ],
        [
          19.88357,
          54.62872
        ],
        [
          19.88341,
          54.6287999
        ],
        [
          19.88341,
          54.6289399
        ],
        [
          19.88374,
          54.62932
        ],
        [
          19.8838499,
          54.6294599
        ],
        [
          19.88416,
          54.62977
        ],
        [
          19.88426,
          54.62988
        ],
        [
          19.8844699,
          54.63003
        ],
        [
          19.88485,
          54.6304
        ],
        [
          19.8849299,
          54.6304499
        ],
        [
          19.8852899,
          54.6308099
        ],
        [
          19.88567,
          54.6312699
        ],
        [
          19.8857499,
          54.63138
        ],
        [
          19.8859199,
          54.6315699
        ],
        [
          19.88604,
          54.63175
        ],
        [
          19.8862,
          54.6319199
        ],
        [
          19.8862199,
          54.63197
        ],
        [
          19.8860799,
          54.632
        ],
        [
          19.88607,
          54.63185
        ],
        [
          19.88591,
          54.63167
        ],
        [
          19.8858499,
          54.6315599
        ],
        [
          19.8857199,
          54.6314299
        ],
        [
          19.8856599,
          54.63126
        ],
        [
          19.88555,
          54.6311099
        ],
        [
          19.8854899,
          54.63106
        ],
        [
          19.88537,
          54.6309
        ],
        [
          19.88515,
          54.6306799
        ],
        [
          19.8850599,
          54.63057
        ],
        [
          19.88476,
          54.6302799
        ],
        [
          19.8845799,
          54.63013
        ],
        [
          19.8845,
          54.63003
        ],
        [
          19.88439,
          54.62994
        ],
        [
          19.88422,
          54.62974
        ],
        [
          19.8841499,
          54.6296899
        ],
        [
          19.88397,
          54.6294999
        ],
        [
          19.88377,
          54.6293299
        ],
        [
          19.8836199,
          54.6291699
        ],
        [
          19.8833899,
          54.62896
        ],
        [
          19.8832899,
          54.6288399
        ],
        [
          19.88328,
          54.62878
        ],
        [
          19.88295,
          54.62852
        ],
        [
          19.88265,
          54.6282199
        ],
        [
          19.88246,
          54.6280799
        ],
        [
          19.8822699,
          54.6279
        ],
        [
          19.8820399,
          54.62771
        ],
        [
          19.8815899,
          54.62737
        ],
        [
          19.8812199,
          54.62711
        ],
        [
          19.8811599,
          54.62711
        ],
        [
          19.8814599,
          54.6272899
        ],
        [
          19.88166,
          54.62745
        ],
        [
          19.8821,
          54.62777
        ],
        [
          19.88229,
          54.6279499
        ],
        [
          19.8824699,
          54.6280799
        ],
        [
          19.8826399,
          54.62823
        ],
        [
          19.88282,
          54.62837
        ],
        [
          19.88298,
          54.62853
        ],
        [
          19.8830699,
          54.6285699
        ],
        [
          19.88315,
          54.62856
        ],
        [
          19.88325,
          54.6285
        ],
        [
          19.8833199,
          54.62842
        ],
        [
          19.8833299,
          54.6283
        ],
        [
          19.8833299,
          54.6279199
        ],
        [
          19.88335,
          54.62784
        ],
        [
          19.88335,
          54.6276599
        ],
        [
          19.88337,
          54.6275
        ],
        [
          19.88341,
          54.62738
        ],
        [
          19.8834,
          54.62721
        ],
        [
          19.88337,
          54.6271299
        ],
        [
          19.88337,
          54.62692
        ],
        [
          19.88334,
          54.62676
        ],
        [
          19.88328,
          54.62669
        ],
        [
          19.8832599,
          54.6266099
        ],
        [
          19.8833199,
          54.62642
        ],
        [
          19.8833199,
          54.6262099
        ],
        [
          19.8833599,
          54.6260499
        ],
        [
          19.8833599,
          54.6259499
        ],
        [
          19.8834199,
          54.6257599
        ],
        [
          19.8834199,
          54.62568
        ],
        [
          19.8834599,
          54.6255499
        ],
        [
          19.88354,
          54.6254199
        ],
        [
          19.8838199,
          54.62528
        ],
        [
          19.884,
          54.6252299
        ],
        [
          19.8842099,
          54.6251999
        ],
        [
          19.88442,
          54.6252999
        ],
        [
          19.8845,
          54.6253599
        ],
        [
          19.88452,
          54.6254199
        ],
        [
          19.88473,
          54.62563
        ],
        [
          19.88486,
          54.62573
        ],
        [
          19.8848299,
          54.6259199
        ],
        [
          19.88489,
          54.62603
        ],
        [
          19.8848399,
          54.62603
        ],
        [
          19.8848999,
          54.62593
        ],
        [
          19.88489,
          54.62583
        ],
        [
          19.8846699,
          54.6255899
        ],
        [
          19.8846,
          54.6255499
        ],
        [
          19.88437,
          54.6254899
        ],
        [
          19.8841,
          54.62544
        ],
        [
          19.88384,
          54.62541
        ],
        [
          19.8835299,
          54.6252899
        ],
        [
          19.8832999,
          54.6252299
        ],
        [
          19.88314,
          54.62521
        ],
        [
          19.88292,
          54.62515
        ],
        [
          19.8824,
          54.62505
        ],
        [
          19.88193,
          54.6249299
        ],
        [
          19.8817,
          54.62488
        ],
        [
          19.8813,
          54.62482
        ],
        [
          19.88092,
          54.62475
        ],
        [
          19.8803999,
          54.62462
        ],
        [
          19.87999,
          54.62448
        ],
        [
          19.8798,
          54.62443
        ],
        [
          19.8795499,
          54.62433
        ],
        [
          19.87924,
          54.6241799
        ],
        [
          19.8789299,
          54.6240499
        ],
        [
          19.87836,
          54.6237499
        ],
        [
          19.8782399,
          54.62367
        ],
        [
          19.8781,
          54.62361
        ],
        [
          19.87786,
          54.6234499
        ],
        [
          19.87744,
          54.62311
        ],
        [
          19.87708,
          54.6228699
        ],
        [
          19.8768599,
          54.6226999
        ],
        [
          19.87675,
          54.6226299
        ],
        [
          19.8764299,
          54.62239
        ],
        [
          19.87626,
          54.6222799
        ],
        [
          19.8759699,
          54.6220099
        ],
        [
          19.8758,
          54.6219
        ],
        [
          19.8756,
          54.6217099
        ],
        [
          19.8755099,
          54.62166
        ],
        [
          19.8753,
          54.6214799
        ],
        [
          19.8751799,
          54.6213499
        ],
        [
          19.8751199,
          54.6210299
        ],
        [
          19.8750499,
          54.6209599
        ],
        [
          19.87497,
          54.6208299
        ],
        [
          19.8748,
          54.62071
        ],
        [
          19.87452,
          54.62035
        ],
        [
          19.87434,
          54.6201
        ],
        [
          19.87421,
          54.61987
        ],
        [
          19.8740699,
          54.6195799
        ],
        [
          19.87405,
          54.61947
        ],
        [
          19.8740699,
          54.61913
        ],
        [
          19.8740099,
          54.61905
        ],
        [
          19.8739399,
          54.61888
        ],
        [
          19.87393,
          54.6185999
        ],
        [
          19.87389,
          54.61842
        ],
        [
          19.87392,
          54.6182999
        ],
        [
          19.87403,
          54.61812
        ],
        [
          19.87403,
          54.61803
        ],
        [
          19.87416,
          54.61785
        ],
        [
          19.87425,
          54.6177799
        ],
        [
          19.87461,
          54.6175799
        ],
        [
          19.87475,
          54.61747
        ],
        [
          19.87521,
          54.61723
        ],
        [
          19.87534,
          54.6171899
        ],
        [
          19.87553,
          54.6171
        ],
        [
          19.8758699,
          54.6169899
        ],
        [
          19.87603,
          54.6169
        ],
        [
          19.8760699,
          54.6168199
        ],
        [
          19.87612,
          54.61662
        ],
        [
          19.87612,
          54.61651
        ],
        [
          19.8761999,
          54.61639
        ],
        [
          19.8765299,
          54.61628
        ],
        [
          19.8766999,
          54.6162399
        ],
        [
          19.877,
          54.6161299
        ],
        [
          19.87747,
          54.61598
        ],
        [
          19.87783,
          54.61583
        ],
        [
          19.87813,
          54.61573
        ],
        [
          19.8783399,
          54.6156399
        ],
        [
          19.87865,
          54.6155399
        ],
        [
          19.8790199,
          54.6154
        ],
        [
          19.8793199,
          54.6153
        ],
        [
          19.87963,
          54.6152199
        ],
        [
          19.8797799,
          54.61516
        ],
        [
          19.8799,
          54.6150899
        ],
        [
          19.8803699,
          54.61487
        ],
        [
          19.8807599,
          54.61474
        ],
        [
          19.88105,
          54.61475
        ],
        [
          19.88118,
          54.61471
        ],
        [
          19.8812899,
          54.61461
        ],
        [
          19.8813,
          54.61451
        ],
        [
          19.88108,
          54.6144299
        ],
        [
          19.88097,
          54.61441
        ],
        [
          19.8807299,
          54.6142999
        ],
        [
          19.8803099,
          54.61418
        ],
        [
          19.8802099,
          54.6141299
        ],
        [
          19.8799,
          54.61401
        ],
        [
          19.87986,
          54.61398
        ],
        [
          19.87964,
          54.61392
        ],
        [
          19.87921,
          54.61372
        ],
        [
          19.87882,
          54.6136099
        ],
        [
          19.8781399,
          54.6133399
        ],
        [
          19.8778499,
          54.61326
        ],
        [
          19.87743,
          54.6131
        ],
        [
          19.87721,
          54.61304
        ],
        [
          19.87694,
          54.6129199
        ],
        [
          19.87677,
          54.61281
        ],
        [
          19.87648,
          54.61271
        ],
        [
          19.87625,
          54.6126499
        ],
        [
          19.87592,
          54.6125299
        ],
        [
          19.8758,
          54.61247
        ],
        [
          19.8752899,
          54.6122899
        ],
        [
          19.8750499,
          54.61219
        ],
        [
          19.87488,
          54.6120999
        ],
        [
          19.87452,
          54.61196
        ],
        [
          19.8744699,
          54.6119299
        ],
        [
          19.87416,
          54.6118299
        ],
        [
          19.87362,
          54.6115999
        ],
        [
          19.87334,
          54.61152
        ],
        [
          19.8730199,
          54.61139
        ],
        [
          19.87274,
          54.6113
        ],
        [
          19.87254,
          54.6112099
        ],
        [
          19.87218,
          54.61109
        ],
        [
          19.87205,
          54.6110199
        ],
        [
          19.8718399,
          54.61094
        ],
        [
          19.87156,
          54.61086
        ],
        [
          19.8714499,
          54.6108
        ],
        [
          19.87109,
          54.61067
        ],
        [
          19.87096,
          54.6106
        ],
        [
          19.8706,
          54.6104599
        ],
        [
          19.87045,
          54.6104199
        ],
        [
          19.8701699,
          54.61031
        ],
        [
          19.8700299,
          54.61027
        ],
        [
          19.8698299,
          54.6101899
        ],
        [
          19.86946,
          54.6100899
        ],
        [
          19.8690499,
          54.60991
        ],
        [
          19.8688,
          54.60975
        ],
        [
          19.86857,
          54.60966
        ],
        [
          19.86848,
          54.6096399
        ],
        [
          19.86795,
          54.6094699
        ],
        [
          19.8678699,
          54.60943
        ],
        [
          19.8673699,
          54.60925
        ],
        [
          19.86729,
          54.6092099
        ],
        [
          19.86689,
          54.60906
        ],
        [
          19.86633,
          54.60886
        ],
        [
          19.8662,
          54.6088
        ],
        [
          19.86591,
          54.6087
        ],
        [
          19.8656999,
          54.60861
        ],
        [
          19.86516,
          54.60844
        ],
        [
          19.86503,
          54.60838
        ],
        [
          19.8647499,
          54.6082899
        ],
        [
          19.8643,
          54.60811
        ],
        [
          19.86415,
          54.6080599
        ],
        [
          19.8636999,
          54.60788
        ],
        [
          19.8636299,
          54.6078599
        ],
        [
          19.86326,
          54.60771
        ],
        [
          19.86273,
          54.60752
        ],
        [
          19.86177,
          54.60716
        ],
        [
          19.8616899,
          54.6071399
        ],
        [
          19.86132,
          54.60699
        ],
        [
          19.8611099,
          54.60692
        ],
        [
          19.86069,
          54.6067499
        ],
        [
          19.8605499,
          54.6067099
        ],
        [
          19.8602899,
          54.6066099
        ],
        [
          19.8601199,
          54.60653
        ],
        [
          19.85994,
          54.60647
        ],
        [
          19.8593999,
          54.6062499
        ],
        [
          19.85899,
          54.60611
        ],
        [
          19.85872,
          54.606
        ],
        [
          19.8582199,
          54.60582
        ],
        [
          19.8578599,
          54.6056999
        ],
        [
          19.85758,
          54.60558
        ],
        [
          19.85708,
          54.60541
        ],
        [
          19.8568099,
          54.6052999
        ],
        [
          19.8566,
          54.60523
        ],
        [
          19.85627,
          54.6050999
        ],
        [
          19.85581,
          54.60493
        ],
        [
          19.85564,
          54.60483
        ],
        [
          19.8556,
          54.6048499
        ],
        [
          19.8555299,
          54.60509
        ],
        [
          19.85548,
          54.6052099
        ],
        [
          19.85528,
          54.60545
        ],
        [
          19.85517,
          54.6055299
        ],
        [
          19.8549599,
          54.60572
        ],
        [
          19.8547999,
          54.60582
        ],
        [
          19.85453,
          54.60595
        ],
        [
          19.85426,
          54.60604
        ],
        [
          19.8541099,
          54.60607
        ],
        [
          19.85387,
          54.60608
        ],
        [
          19.8536899,
          54.60605
        ],
        [
          19.8534199,
          54.60607
        ],
        [
          19.85328,
          54.60605
        ],
        [
          19.85312,
          54.6060599
        ],
        [
          19.8528699,
          54.6060299
        ],
        [
          19.8527699,
          54.60604
        ],
        [
          19.85229,
          54.606
        ],
        [
          19.8521699,
          54.606
        ],
        [
          19.8519399,
          54.6059599
        ],
        [
          19.8516199,
          54.60597
        ],
        [
          19.85156,
          54.6059899
        ],
        [
          19.8513,
          54.6059899
        ],
        [
          19.8487999,
          54.60631
        ],
        [
          19.8485599,
          54.6063899
        ],
        [
          19.8514499,
          54.60598
        ],
        [
          19.85167,
          54.60594
        ],
        [
          19.8518799,
          54.60597
        ],
        [
          19.85203,
          54.60601
        ],
        [
          19.85245,
          54.60604
        ],
        [
          19.85272,
          54.606
        ],
        [
          19.85295,
          54.6060199
        ],
        [
          19.85307,
          54.60605
        ],
        [
          19.8533,
          54.60604
        ],
        [
          19.8536499,
          54.60605
        ],
        [
          19.85393,
          54.6060899
        ],
        [
          19.85422,
          54.6061
        ],
        [
          19.8544099,
          54.60614
        ],
        [
          19.85455,
          54.6062
        ],
        [
          19.85463,
          54.6062599
        ],
        [
          19.8548299,
          54.6063599
        ],
        [
          19.85504,
          54.60644
        ],
        [
          19.85547,
          54.60664
        ],
        [
          19.8555899,
          54.6066799
        ],
        [
          19.8558899,
          54.6068099
        ],
        [
          19.85606,
          54.60687
        ],
        [
          19.8562499,
          54.60696
        ],
        [
          19.85646,
          54.607
        ],
        [
          19.8566099,
          54.60709
        ],
        [
          19.8568099,
          54.6071799
        ],
        [
          19.85695,
          54.60729
        ],
        [
          19.85708,
          54.6073399
        ],
        [
          19.85728,
          54.6074699
        ],
        [
          19.85744,
          54.60755
        ],
        [
          19.8577199,
          54.60771
        ],
        [
          19.8577599,
          54.60772
        ],
        [
          19.8579799,
          54.60788
        ],
        [
          19.85804,
          54.60795
        ],
        [
          19.8580799,
          54.60807
        ],
        [
          19.85823,
          54.6082899
        ],
        [
          19.8584099,
          54.60844
        ],
        [
          19.8585399,
          54.60853
        ],
        [
          19.8587,
          54.6086799
        ],
        [
          19.85905,
          54.60896
        ],
        [
          19.85918,
          54.6090799
        ],
        [
          19.85929,
          54.60922
        ],
        [
          19.85941,
          54.60933
        ],
        [
          19.85962,
          54.60945
        ],
        [
          19.8597899,
          54.60959
        ],
        [
          19.8600499,
          54.6098299
        ],
        [
          19.86021,
          54.6099299
        ],
        [
          19.8602799,
          54.61002
        ],
        [
          19.86047,
          54.61018
        ],
        [
          19.86059,
          54.61025
        ],
        [
          19.8608399,
          54.6104599
        ],
        [
          19.86096,
          54.61054
        ],
        [
          19.8611099,
          54.61067
        ],
        [
          19.8614599,
          54.6109499
        ],
        [
          19.8615299,
          54.6109799
        ],
        [
          19.8618599,
          54.6112799
        ],
        [
          19.8620499,
          54.61143
        ],
        [
          19.86218,
          54.61155
        ],
        [
          19.86249,
          54.61179
        ],
        [
          19.86267,
          54.61191
        ],
        [
          19.86299,
          54.61215
        ],
        [
          19.86332,
          54.61244
        ],
        [
          19.86341,
          54.6125299
        ],
        [
          19.86354,
          54.61273
        ],
        [
          19.86368,
          54.61304
        ],
        [
          19.86369,
          54.6131
        ],
        [
          19.8639299,
          54.61373
        ],
        [
          19.86398,
          54.6138999
        ],
        [
          19.8641,
          54.6141999
        ],
        [
          19.86411,
          54.6143899
        ],
        [
          19.86405,
          54.61447
        ],
        [
          19.86395,
          54.61455
        ],
        [
          19.8640199,
          54.61454
        ],
        [
          19.86418,
          54.61465
        ],
        [
          19.8644199,
          54.6149
        ],
        [
          19.86456,
          54.6151499
        ],
        [
          19.8646499,
          54.61527
        ],
        [
          19.86469,
          54.61552
        ],
        [
          19.86474,
          54.6157399
        ],
        [
          19.86473,
          54.6158399
        ],
        [
          19.86466,
          54.6160099
        ],
        [
          19.86464,
          54.61612
        ],
        [
          19.86463,
          54.6163999
        ],
        [
          19.8646099,
          54.61648
        ],
        [
          19.86467,
          54.61681
        ],
        [
          19.86483,
          54.61717
        ],
        [
          19.86492,
          54.61733
        ],
        [
          19.8649399,
          54.6174199
        ],
        [
          19.8650699,
          54.61757
        ],
        [
          19.86522,
          54.6177099
        ],
        [
          19.86526,
          54.6178
        ],
        [
          19.8653999,
          54.6179699
        ],
        [
          19.86561,
          54.61819
        ],
        [
          19.86568,
          54.6182999
        ],
        [
          19.8659899,
          54.61855
        ],
        [
          19.8663499,
          54.6187899
        ],
        [
          19.8665,
          54.61891
        ],
        [
          19.86664,
          54.6189599
        ],
        [
          19.8668199,
          54.61905
        ],
        [
          19.86706,
          54.6192
        ],
        [
          19.8673699,
          54.61937
        ],
        [
          19.86755,
          54.6194499
        ],
        [
          19.86784,
          54.61963
        ],
        [
          19.8680599,
          54.6197399
        ],
        [
          19.86838,
          54.61987
        ],
        [
          19.86853,
          54.61996
        ],
        [
          19.8688799,
          54.6201399
        ],
        [
          19.8692099,
          54.62029
        ],
        [
          19.86953,
          54.62046
        ],
        [
          19.8698299,
          54.62064
        ],
        [
          19.8700999,
          54.62082
        ],
        [
          19.87027,
          54.62092
        ],
        [
          19.8704199,
          54.6210299
        ],
        [
          19.8705599,
          54.6211899
        ],
        [
          19.8707,
          54.6213
        ],
        [
          19.87074,
          54.62138
        ],
        [
          19.8710199,
          54.6216199
        ],
        [
          19.87124,
          54.62196
        ],
        [
          19.8713399,
          54.62216
        ],
        [
          19.8715,
          54.62233
        ],
        [
          19.87166,
          54.6225299
        ],
        [
          19.8718399,
          54.6228699
        ],
        [
          19.8720299,
          54.62308
        ],
        [
          19.8721299,
          54.62325
        ],
        [
          19.8721999,
          54.6233299
        ],
        [
          19.8723299,
          54.6235599
        ],
        [
          19.87241,
          54.6236499
        ],
        [
          19.8725599,
          54.6239
        ],
        [
          19.87267,
          54.62406
        ],
        [
          19.87274,
          54.62419
        ],
        [
          19.8729,
          54.62439
        ],
        [
          19.8729899,
          54.62453
        ],
        [
          19.873,
          54.62458
        ],
        [
          19.8731899,
          54.6248299
        ],
        [
          19.87324,
          54.6249299
        ],
        [
          19.8734199,
          54.6251899
        ],
        [
          19.87352,
          54.62531
        ],
        [
          19.8736399,
          54.6255
        ],
        [
          19.87373,
          54.6256
        ],
        [
          19.8738699,
          54.62581
        ],
        [
          19.87419,
          54.62616
        ],
        [
          19.87452,
          54.62649
        ],
        [
          19.87468,
          54.62673
        ],
        [
          19.87475,
          54.6267999
        ],
        [
          19.87504,
          54.62722
        ],
        [
          19.87521,
          54.6275299
        ],
        [
          19.8752499,
          54.62764
        ],
        [
          19.87537,
          54.62788
        ],
        [
          19.87544,
          54.62796
        ],
        [
          19.87557,
          54.6282199
        ],
        [
          19.8756499,
          54.62842
        ],
        [
          19.87567,
          54.6285099
        ],
        [
          19.8757499,
          54.62865
        ],
        [
          19.87583,
          54.6288399
        ],
        [
          19.87586,
          54.62898
        ],
        [
          19.8759099,
          54.62908
        ],
        [
          19.87599,
          54.6291699
        ],
        [
          19.87609,
          54.6293999
        ],
        [
          19.87616,
          54.6294899
        ],
        [
          19.87618,
          54.62958
        ],
        [
          19.8763399,
          54.6299599
        ],
        [
          19.8763699,
          54.6300599
        ],
        [
          19.8765699,
          54.63043
        ],
        [
          19.8766599,
          54.6305099
        ],
        [
          19.87685,
          54.6307399
        ],
        [
          19.87707,
          54.6309
        ],
        [
          19.8772599,
          54.6309999
        ],
        [
          19.8777,
          54.63118
        ],
        [
          19.87803,
          54.63138
        ],
        [
          19.8784299,
          54.6315599
        ],
        [
          19.8786999,
          54.63164
        ],
        [
          19.8789999,
          54.63178
        ],
        [
          19.87908,
          54.6318
        ],
        [
          19.87927,
          54.6318899
        ],
        [
          19.8795,
          54.63203
        ],
        [
          19.87974,
          54.63211
        ],
        [
          19.87996,
          54.6322
        ],
        [
          19.8801399,
          54.6323199
        ],
        [
          19.88055,
          54.6325
        ],
        [
          19.8808699,
          54.63256
        ],
        [
          19.8811599,
          54.63259
        ],
        [
          19.8812899,
          54.63259
        ],
        [
          19.88161,
          54.6325499
        ],
        [
          19.88171,
          54.6325499
        ],
        [
          19.88176,
          54.6326099
        ],
        [
          19.88163,
          54.6326799
        ],
        [
          19.8813299,
          54.63279
        ],
        [
          19.88121,
          54.63286
        ],
        [
          19.8808999,
          54.6329699
        ],
        [
          19.88058,
          54.6331099
        ],
        [
          19.8802099,
          54.63323
        ],
        [
          19.8799099,
          54.63335
        ],
        [
          19.8795899,
          54.63345
        ],
        [
          19.87917,
          54.63361
        ],
        [
          19.87898,
          54.6336699
        ],
        [
          19.87882,
          54.6337599
        ],
        [
          19.8787999,
          54.6338599
        ],
        [
          19.8789899,
          54.63408
        ],
        [
          19.87905,
          54.63421
        ],
        [
          19.8791299,
          54.6343199
        ],
        [
          19.87931,
          54.63463
        ],
        [
          19.87951,
          54.63489
        ],
        [
          19.87977,
          54.63533
        ],
        [
          19.87993,
          54.63548
        ],
        [
          19.8800499,
          54.63565
        ],
        [
          19.88016,
          54.6358599
        ],
        [
          19.8803,
          54.63604
        ],
        [
          19.88038,
          54.6361199
        ],
        [
          19.88043,
          54.6362199
        ],
        [
          19.88052,
          54.6363199
        ],
        [
          19.88069,
          54.6364499
        ],
        [
          19.88085,
          54.6366
        ],
        [
          19.88104,
          54.63673
        ],
        [
          19.88131,
          54.63689
        ],
        [
          19.8815499,
          54.6369499
        ],
        [
          19.88171,
          54.6369099
        ],
        [
          19.88189,
          54.6367799
        ],
        [
          19.88212,
          54.63666
        ],
        [
          19.8821799,
          54.63661
        ],
        [
          19.88281,
          54.6361599
        ],
        [
          19.8829299,
          54.6360599
        ],
        [
          19.88361,
          54.63555
        ],
        [
          19.88381,
          54.63535
        ],
        [
          19.88427,
          54.63496
        ],
        [
          19.8845,
          54.63479
        ],
        [
          19.88469,
          54.6346099
        ],
        [
          19.88489,
          54.63444
        ],
        [
          19.8850999,
          54.6343499
        ],
        [
          19.88534,
          54.6343199
        ],
        [
          19.8855,
          54.6343199
        ],
        [
          19.88567,
          54.6343799
        ],
        [
          19.8856599,
          54.6344199
        ],
        [
          19.8883199,
          54.6354399
        ],
        [
          19.88876,
          54.63561
        ],
        [
          19.8941199,
          54.6381599
        ],
        [
          19.89427,
          54.63818
        ],
        [
          19.8944599,
          54.63818
        ],
        [
          19.8948799,
          54.6382299
        ],
        [
          19.8949499,
          54.63827
        ],
        [
          19.89497,
          54.6383899
        ],
        [
          19.8948499,
          54.6384599
        ],
        [
          19.8948099,
          54.6386499
        ],
        [
          19.89477,
          54.6387199
        ],
        [
          19.89463,
          54.6387499
        ],
        [
          19.89441,
          54.6387499
        ],
        [
          19.8942299,
          54.63873
        ],
        [
          19.89394,
          54.6387499
        ],
        [
          19.8937299,
          54.63873
        ],
        [
          19.89333,
          54.63873
        ],
        [
          19.8931799,
          54.63876
        ],
        [
          19.89315,
          54.6388
        ],
        [
          19.89313,
          54.63897
        ],
        [
          19.89302,
          54.63929
        ],
        [
          19.89302,
          54.63949
        ],
        [
          19.893,
          54.63976
        ],
        [
          19.893,
          54.63996
        ],
        [
          19.89292,
          54.64008
        ],
        [
          19.8928499,
          54.6401299
        ],
        [
          19.8927499,
          54.64015
        ],
        [
          19.89243,
          54.64018
        ],
        [
          19.8922199,
          54.64022
        ],
        [
          19.8919299,
          54.64031
        ],
        [
          19.8915599,
          54.6403899
        ],
        [
          19.89119,
          54.6404199
        ],
        [
          19.8910099,
          54.64047
        ],
        [
          19.89069,
          54.64064
        ],
        [
          19.89031,
          54.6408899
        ],
        [
          19.8902499,
          54.6409899
        ],
        [
          19.8902799,
          54.6410499
        ],
        [
          19.8905799,
          54.64132
        ],
        [
          19.8910099,
          54.6418999
        ],
        [
          19.89132,
          54.64225
        ],
        [
          19.89181,
          54.64284
        ],
        [
          19.8918899,
          54.6429599
        ],
        [
          19.89194,
          54.6430799
        ],
        [
          19.89204,
          54.64316
        ],
        [
          19.8921199,
          54.6431799
        ],
        [
          19.8923,
          54.64316
        ],
        [
          19.8924799,
          54.6431199
        ],
        [
          19.89264,
          54.64313
        ],
        [
          19.8928099,
          54.6431799
        ],
        [
          19.89292,
          54.64317
        ],
        [
          19.8931699,
          54.6431199
        ],
        [
          19.89326,
          54.6431199
        ],
        [
          19.89342,
          54.6432099
        ],
        [
          19.8936399,
          54.6433
        ],
        [
          19.8936999,
          54.64343
        ],
        [
          19.89381,
          54.64357
        ],
        [
          19.8940299,
          54.6436699
        ],
        [
          19.8944199,
          54.6437699
        ],
        [
          19.8945899,
          54.64379
        ],
        [
          19.89486,
          54.64386
        ],
        [
          19.8952399,
          54.64411
        ],
        [
          19.89549,
          54.64418
        ],
        [
          19.89566,
          54.64425
        ],
        [
          19.89602,
          54.6444599
        ],
        [
          19.89622,
          54.64454
        ],
        [
          19.8963199,
          54.64455
        ],
        [
          19.89647,
          54.64445
        ],
        [
          19.89674,
          54.64454
        ],
        [
          19.89684,
          54.64455
        ],
        [
          19.89713,
          54.64465
        ]
      ],
      [
        [
          20.5017799,
          54.6940599
        ],
        [
          20.5018399,
          54.69412
        ],
        [
          20.5018399,
          54.69438
        ],
        [
          20.5018,
          54.69441
        ],
        [
          20.5018099,
          54.69444
        ],
        [
          20.5018399,
          54.69448
        ],
        [
          20.50183,
          54.6945
        ],
        [
          20.50173,
          54.69453
        ],
        [
          20.5015799,
          54.6945599
        ],
        [
          20.50153,
          54.69458
        ],
        [
          20.5014799,
          54.6945899
        ],
        [
          20.5013799,
          54.6946199
        ],
        [
          20.50133,
          54.69464
        ],
        [
          20.50117,
          54.69467
        ],
        [
          20.5011199,
          54.6946899
        ],
        [
          20.50101,
          54.69471
        ],
        [
          20.5009599,
          54.69473
        ],
        [
          20.50088,
          54.6947899
        ],
        [
          20.5006999,
          54.6948799
        ],
        [
          20.50064,
          54.6949199
        ],
        [
          20.5006699,
          54.69496
        ],
        [
          20.50072,
          54.695
        ],
        [
          20.50071,
          54.6950199
        ],
        [
          20.5006699,
          54.69503
        ],
        [
          20.5004699,
          54.69487
        ],
        [
          20.50038,
          54.69483
        ],
        [
          20.50031,
          54.69483
        ],
        [
          20.5002699,
          54.69484
        ],
        [
          20.5002399,
          54.69486
        ],
        [
          20.5001399,
          54.69489
        ],
        [
          20.5001099,
          54.6949099
        ],
        [
          20.5,
          54.69494
        ],
        [
          20.4999699,
          54.69494
        ],
        [
          20.4999399,
          54.69496
        ],
        [
          20.49976,
          54.6950199
        ],
        [
          20.4996499,
          54.6950499
        ],
        [
          20.49963,
          54.69507
        ],
        [
          20.49953,
          54.6951
        ],
        [
          20.49947,
          54.69513
        ],
        [
          20.49947,
          54.6951499
        ],
        [
          20.49953,
          54.6952499
        ],
        [
          20.4994499,
          54.6952799
        ],
        [
          20.4992899,
          54.6952799
        ],
        [
          20.49923,
          54.69526
        ],
        [
          20.4992,
          54.69526
        ],
        [
          20.49911,
          54.69523
        ],
        [
          20.49908,
          54.69523
        ],
        [
          20.4989899,
          54.69526
        ],
        [
          20.4989299,
          54.69529
        ],
        [
          20.4988899,
          54.69532
        ],
        [
          20.49878,
          54.69535
        ],
        [
          20.49875,
          54.6953699
        ],
        [
          20.49867,
          54.6954
        ],
        [
          20.49862,
          54.6954099
        ],
        [
          20.49857,
          54.69543
        ],
        [
          20.49848,
          54.69545
        ],
        [
          20.49838,
          54.69549
        ],
        [
          20.4982399,
          54.69552
        ],
        [
          20.49812,
          54.69555
        ],
        [
          20.4980699,
          54.69555
        ],
        [
          20.49803,
          54.69556
        ],
        [
          20.4979399,
          54.6955699
        ],
        [
          20.49789,
          54.6955699
        ],
        [
          20.49785,
          54.69556
        ],
        [
          20.49776,
          54.69552
        ],
        [
          20.4977099,
          54.69552
        ],
        [
          20.49766,
          54.69553
        ],
        [
          20.49762,
          54.69555
        ],
        [
          20.49757,
          54.69556
        ],
        [
          20.49753,
          54.69558
        ],
        [
          20.4973199,
          54.69563
        ],
        [
          20.4972499,
          54.6956699
        ],
        [
          20.4972,
          54.69568
        ],
        [
          20.49716,
          54.6956999
        ],
        [
          20.49711,
          54.69571
        ],
        [
          20.49706,
          54.6957299
        ],
        [
          20.49701,
          54.6957399
        ],
        [
          20.49681,
          54.69582
        ],
        [
          20.4966899,
          54.69586
        ],
        [
          20.49664,
          54.69588
        ],
        [
          20.4965899,
          54.69591
        ],
        [
          20.4965299,
          54.69592
        ],
        [
          20.49642,
          54.6959599
        ],
        [
          20.4963699,
          54.6959699
        ],
        [
          20.4962999,
          54.69601
        ],
        [
          20.4962599,
          54.6960699
        ],
        [
          20.49622,
          54.6960999
        ],
        [
          20.4961399,
          54.69612
        ],
        [
          20.49608,
          54.69612
        ],
        [
          20.49605,
          54.69614
        ],
        [
          20.49605,
          54.69617
        ],
        [
          20.49599,
          54.6962299
        ],
        [
          20.49593,
          54.69624
        ],
        [
          20.49585,
          54.69628
        ],
        [
          20.49576,
          54.69631
        ],
        [
          20.4957,
          54.69632
        ],
        [
          20.4955099,
          54.69632
        ],
        [
          20.4954499,
          54.6963299
        ],
        [
          20.4953399,
          54.69637
        ],
        [
          20.4950899,
          54.69645
        ],
        [
          20.49503,
          54.69648
        ],
        [
          20.49497,
          54.6965
        ],
        [
          20.49491,
          54.6965299
        ],
        [
          20.4948499,
          54.69655
        ],
        [
          20.49474,
          54.6966
        ],
        [
          20.4945899,
          54.6966899
        ],
        [
          20.49454,
          54.69671
        ],
        [
          20.49445,
          54.69677
        ],
        [
          20.4943999,
          54.6967899
        ],
        [
          20.4943599,
          54.6968199
        ],
        [
          20.4942899,
          54.69686
        ],
        [
          20.49422,
          54.69694
        ],
        [
          20.4941699,
          54.6969499
        ],
        [
          20.49408,
          54.6969199
        ],
        [
          20.49405,
          54.6969
        ],
        [
          20.4939999,
          54.6968499
        ],
        [
          20.49395,
          54.69681
        ],
        [
          20.49388,
          54.69677
        ],
        [
          20.4938299,
          54.6967499
        ],
        [
          20.4938699,
          54.69681
        ],
        [
          20.49395,
          54.6968199
        ],
        [
          20.49404,
          54.69686
        ],
        [
          20.49412,
          54.6969199
        ],
        [
          20.49415,
          54.6969499
        ],
        [
          20.4941999,
          54.6969799
        ],
        [
          20.49428,
          54.6970199
        ],
        [
          20.4943299,
          54.6970499
        ],
        [
          20.4944299,
          54.6971
        ],
        [
          20.49447,
          54.69714
        ],
        [
          20.4946299,
          54.6970799
        ],
        [
          20.49477,
          54.6971199
        ],
        [
          20.4947899,
          54.69713
        ],
        [
          20.49491,
          54.69717
        ],
        [
          20.49497,
          54.6971799
        ],
        [
          20.4951,
          54.6973799
        ],
        [
          20.49514,
          54.6974
        ],
        [
          20.49517,
          54.6974
        ],
        [
          20.4952199,
          54.69742
        ],
        [
          20.4952499,
          54.69742
        ],
        [
          20.49537,
          54.69745
        ],
        [
          20.49552,
          54.6974799
        ],
        [
          20.49556,
          54.6975
        ],
        [
          20.4957,
          54.69753
        ],
        [
          20.49575,
          54.69755
        ],
        [
          20.49599,
          54.6976
        ],
        [
          20.4960299,
          54.6976
        ],
        [
          20.49608,
          54.6975799
        ],
        [
          20.4960999,
          54.69759
        ],
        [
          20.49619,
          54.6976
        ],
        [
          20.49628,
          54.69763
        ],
        [
          20.4963899,
          54.69765
        ],
        [
          20.49644,
          54.6976699
        ],
        [
          20.49655,
          54.69769
        ],
        [
          20.49668,
          54.6977099
        ],
        [
          20.49675,
          54.69773
        ],
        [
          20.49681,
          54.6977399
        ],
        [
          20.49687,
          54.69776
        ],
        [
          20.49693,
          54.6977699
        ],
        [
          20.4969899,
          54.69779
        ],
        [
          20.49704,
          54.6977999
        ],
        [
          20.4971499,
          54.69783
        ],
        [
          20.4972,
          54.69785
        ],
        [
          20.4972499,
          54.69786
        ],
        [
          20.4973,
          54.69788
        ],
        [
          20.4974199,
          54.6978999
        ],
        [
          20.4974799,
          54.6978999
        ],
        [
          20.49763,
          54.6979299
        ],
        [
          20.4978799,
          54.6979699
        ],
        [
          20.49795,
          54.69799
        ],
        [
          20.49802,
          54.6979999
        ],
        [
          20.49808,
          54.6979999
        ],
        [
          20.49826,
          54.6980299
        ],
        [
          20.49832,
          54.69805
        ],
        [
          20.49838,
          54.69806
        ],
        [
          20.49844,
          54.69808
        ],
        [
          20.49849,
          54.69811
        ],
        [
          20.49855,
          54.69812
        ],
        [
          20.49861,
          54.69814
        ],
        [
          20.4988,
          54.6981699
        ],
        [
          20.4988599,
          54.69819
        ],
        [
          20.49891,
          54.69819
        ],
        [
          20.49897,
          54.69821
        ],
        [
          20.4990199,
          54.69821
        ],
        [
          20.49907,
          54.69822
        ],
        [
          20.4991199,
          54.69824
        ],
        [
          20.49921,
          54.6982599
        ],
        [
          20.4992499,
          54.6982899
        ],
        [
          20.4993,
          54.6982999
        ],
        [
          20.49936,
          54.69832
        ],
        [
          20.49947,
          54.69834
        ],
        [
          20.4995199,
          54.69834
        ],
        [
          20.49956,
          54.6983299
        ],
        [
          20.4996099,
          54.6983299
        ],
        [
          20.4997,
          54.69835
        ],
        [
          20.4997399,
          54.69837
        ],
        [
          20.49986,
          54.6983899
        ],
        [
          20.49992,
          54.6983899
        ],
        [
          20.49999,
          54.6983999
        ],
        [
          20.50012,
          54.6983999
        ],
        [
          20.50018,
          54.69841
        ],
        [
          20.50025,
          54.69841
        ],
        [
          20.50032,
          54.69842
        ],
        [
          20.50051,
          54.69842
        ],
        [
          20.5005699,
          54.6984299
        ],
        [
          20.5006999,
          54.6984299
        ],
        [
          20.50082,
          54.69845
        ],
        [
          20.50088,
          54.69845
        ],
        [
          20.50107,
          54.69848
        ],
        [
          20.5011199,
          54.69848
        ],
        [
          20.5013,
          54.69851
        ],
        [
          20.50137,
          54.6985299
        ],
        [
          20.50143,
          54.69854
        ],
        [
          20.50154,
          54.69858
        ],
        [
          20.50179,
          54.6986199
        ],
        [
          20.5018499,
          54.69864
        ],
        [
          20.50209,
          54.69868
        ],
        [
          20.50225,
          54.69871
        ],
        [
          20.50233,
          54.6987199
        ],
        [
          20.5024099,
          54.6987499
        ],
        [
          20.50245,
          54.6987499
        ],
        [
          20.50252,
          54.6986899
        ],
        [
          20.50251,
          54.69868
        ],
        [
          20.5024399,
          54.6986899
        ],
        [
          20.5023999,
          54.6987199
        ],
        [
          20.5023999,
          54.69874
        ],
        [
          20.5023699,
          54.69877
        ],
        [
          20.50235,
          54.6988199
        ],
        [
          20.50238,
          54.69887
        ],
        [
          20.50245,
          54.6989
        ],
        [
          20.50255,
          54.69896
        ],
        [
          20.5025999,
          54.69901
        ],
        [
          20.5026299,
          54.69906
        ],
        [
          20.5026999,
          54.6991199
        ],
        [
          20.5027699,
          54.69911
        ],
        [
          20.50281,
          54.6990899
        ],
        [
          20.50297,
          54.6990899
        ],
        [
          20.50304,
          54.6991
        ],
        [
          20.50308,
          54.6990899
        ],
        [
          20.50315,
          54.6990899
        ],
        [
          20.5031899,
          54.6990799
        ],
        [
          20.50327,
          54.6990899
        ],
        [
          20.50333,
          54.6990899
        ],
        [
          20.50337,
          54.6991
        ],
        [
          20.5034199,
          54.69913
        ],
        [
          20.5034899,
          54.6991499
        ],
        [
          20.50357,
          54.6991199
        ],
        [
          20.50363,
          54.6991199
        ],
        [
          20.50367,
          54.69911
        ],
        [
          20.5037099,
          54.6991199
        ],
        [
          20.5038,
          54.6991199
        ],
        [
          20.50389,
          54.69914
        ],
        [
          20.5039499,
          54.69914
        ],
        [
          20.504,
          54.6991499
        ],
        [
          20.50406,
          54.6991499
        ],
        [
          20.5041099,
          54.69916
        ],
        [
          20.50416,
          54.69916
        ],
        [
          20.50422,
          54.69917
        ],
        [
          20.5042799,
          54.69917
        ],
        [
          20.50438,
          54.69919
        ],
        [
          20.5044399,
          54.69919
        ],
        [
          20.50462,
          54.6992199
        ],
        [
          20.50481,
          54.6992199
        ],
        [
          20.5048699,
          54.69923
        ],
        [
          20.50498,
          54.69923
        ],
        [
          20.50504,
          54.69924
        ],
        [
          20.50547,
          54.69924
        ],
        [
          20.50554,
          54.6992499
        ],
        [
          20.5056899,
          54.6992499
        ],
        [
          20.50584,
          54.69927
        ],
        [
          20.50599,
          54.69927
        ],
        [
          20.50606,
          54.6992799
        ],
        [
          20.5063,
          54.6992799
        ],
        [
          20.5063699,
          54.69929
        ],
        [
          20.50645,
          54.69929
        ],
        [
          20.5068699,
          54.6993499
        ],
        [
          20.5070599,
          54.6993499
        ],
        [
          20.5071299,
          54.69934
        ],
        [
          20.50725,
          54.69934
        ],
        [
          20.5074599,
          54.69937
        ],
        [
          20.5075899,
          54.69937
        ],
        [
          20.5076499,
          54.6993799
        ],
        [
          20.5077899,
          54.6993799
        ],
        [
          20.50786,
          54.69939
        ],
        [
          20.50833,
          54.69939
        ],
        [
          20.5084,
          54.6994
        ],
        [
          20.50846,
          54.6994
        ],
        [
          20.50852,
          54.6994099
        ],
        [
          20.5087699,
          54.6994099
        ],
        [
          20.50882,
          54.69942
        ],
        [
          20.5089999,
          54.69942
        ],
        [
          20.5090299,
          54.69943
        ],
        [
          20.50914,
          54.69943
        ],
        [
          20.5091699,
          54.6994399
        ],
        [
          20.50924,
          54.6994399
        ],
        [
          20.50922,
          54.6994499
        ],
        [
          20.5091599,
          54.6994499
        ],
        [
          20.50914,
          54.6994099
        ],
        [
          20.50914,
          54.69937
        ],
        [
          20.50918,
          54.6993199
        ],
        [
          20.5091699,
          54.69927
        ],
        [
          20.50914,
          54.6992499
        ],
        [
          20.50891,
          54.6992499
        ],
        [
          20.50882,
          54.69924
        ],
        [
          20.50875,
          54.6992
        ],
        [
          20.50873,
          54.69916
        ],
        [
          20.50872,
          54.6990899
        ],
        [
          20.50872,
          54.6989899
        ],
        [
          20.50875,
          54.69893
        ],
        [
          20.50879,
          54.6988899
        ],
        [
          20.5088099,
          54.69883
        ],
        [
          20.5088099,
          54.69867
        ],
        [
          20.50882,
          54.69864
        ],
        [
          20.5088099,
          54.69861
        ],
        [
          20.5088099,
          54.69845
        ],
        [
          20.5087699,
          54.69841
        ],
        [
          20.50875,
          54.69834
        ],
        [
          20.50875,
          54.6982899
        ],
        [
          20.50873,
          54.69825
        ],
        [
          20.50875,
          54.6981999
        ],
        [
          20.5087399,
          54.6981699
        ],
        [
          20.5087399,
          54.69805
        ],
        [
          20.50876,
          54.69801
        ],
        [
          20.50876,
          54.69798
        ],
        [
          20.5087999,
          54.69796
        ],
        [
          20.5088999,
          54.6979299
        ],
        [
          20.5089299,
          54.6979299
        ],
        [
          20.5090399,
          54.6978999
        ],
        [
          20.50918,
          54.69782
        ],
        [
          20.50928,
          54.69779
        ],
        [
          20.50931,
          54.6977699
        ],
        [
          20.50942,
          54.69772
        ],
        [
          20.5094299,
          54.6976999
        ],
        [
          20.50951,
          54.6976699
        ],
        [
          20.5095599,
          54.69766
        ],
        [
          20.5096599,
          54.69766
        ],
        [
          20.50967,
          54.69765
        ],
        [
          20.5097299,
          54.6976399
        ],
        [
          20.50965,
          54.6975799
        ],
        [
          20.5096,
          54.69749
        ],
        [
          20.5096199,
          54.69745
        ],
        [
          20.5096,
          54.69739
        ],
        [
          20.5096,
          54.69732
        ],
        [
          20.5096199,
          54.69727
        ],
        [
          20.50974,
          54.69722
        ],
        [
          20.51,
          54.69722
        ],
        [
          20.51004,
          54.6972099
        ],
        [
          20.51006,
          54.69719
        ],
        [
          20.5100799,
          54.69714
        ],
        [
          20.51007,
          54.6971199
        ],
        [
          20.51003,
          54.6971099
        ],
        [
          20.5098,
          54.6971099
        ],
        [
          20.50957,
          54.69709
        ],
        [
          20.50942,
          54.69709
        ],
        [
          20.50937,
          54.6971
        ],
        [
          20.5092299,
          54.6971
        ],
        [
          20.5091999,
          54.69709
        ],
        [
          20.5091999,
          54.6969199
        ],
        [
          20.50922,
          54.6968899
        ],
        [
          20.5092299,
          54.6968499
        ],
        [
          20.5092299,
          54.6967799
        ],
        [
          20.5092599,
          54.69671
        ],
        [
          20.50928,
          54.69668
        ],
        [
          20.5092999,
          54.69661
        ],
        [
          20.5092999,
          54.69657
        ],
        [
          20.5093299,
          54.69647
        ],
        [
          20.50941,
          54.69637
        ],
        [
          20.5094599,
          54.69622
        ],
        [
          20.5094999,
          54.6961599
        ],
        [
          20.5095599,
          54.69612
        ],
        [
          20.50951,
          54.6960999
        ],
        [
          20.50947,
          54.69594
        ],
        [
          20.50942,
          54.69594
        ],
        [
          20.50937,
          54.6959299
        ],
        [
          20.50935,
          54.69594
        ],
        [
          20.5092699,
          54.69594
        ],
        [
          20.50925,
          54.69591
        ],
        [
          20.5091999,
          54.6958699
        ],
        [
          20.5091999,
          54.69571
        ],
        [
          20.50919,
          54.69568
        ],
        [
          20.50919,
          54.69563
        ],
        [
          20.5091999,
          54.6955999
        ],
        [
          20.50919,
          54.69558
        ],
        [
          20.5091999,
          54.6954999
        ],
        [
          20.50919,
          54.6954799
        ],
        [
          20.5091999,
          54.69542
        ],
        [
          20.50921,
          54.6954
        ],
        [
          20.50922,
          54.6953399
        ],
        [
          20.50922,
          54.6952099
        ],
        [
          20.5092299,
          54.69519
        ],
        [
          20.50932,
          54.69516
        ],
        [
          20.5094299,
          54.69516
        ],
        [
          20.50944,
          54.69517
        ],
        [
          20.50947,
          54.6951499
        ],
        [
          20.50947,
          54.6950499
        ],
        [
          20.5094599,
          54.69504
        ],
        [
          20.50947,
          54.69499
        ],
        [
          20.5094999,
          54.6949499
        ],
        [
          20.50968,
          54.6949499
        ],
        [
          20.50971,
          54.69494
        ],
        [
          20.50977,
          54.69484
        ],
        [
          20.5098199,
          54.6948
        ],
        [
          20.50984,
          54.6947499
        ],
        [
          20.50984,
          54.6946499
        ],
        [
          20.5098599,
          54.6945499
        ],
        [
          20.5098599,
          54.6944899
        ],
        [
          20.5098499,
          54.6944499
        ],
        [
          20.5098499,
          54.69434
        ],
        [
          20.5098599,
          54.6943
        ],
        [
          20.5098599,
          54.6940999
        ],
        [
          20.50987,
          54.6940599
        ],
        [
          20.50988,
          54.69398
        ],
        [
          20.5098899,
          54.6938599
        ],
        [
          20.50988,
          54.6938299
        ],
        [
          20.50984,
          54.69381
        ],
        [
          20.5097899,
          54.6937999
        ],
        [
          20.5094899,
          54.6937999
        ],
        [
          20.5094299,
          54.69379
        ],
        [
          20.50918,
          54.69379
        ],
        [
          20.50912,
          54.6937999
        ],
        [
          20.50906,
          54.6937999
        ],
        [
          20.50899,
          54.69381
        ],
        [
          20.5089299,
          54.69381
        ],
        [
          20.5088699,
          54.69382
        ],
        [
          20.5087999,
          54.69382
        ],
        [
          20.5087399,
          54.6938299
        ],
        [
          20.5086,
          54.6938299
        ],
        [
          20.50853,
          54.69384
        ],
        [
          20.5084699,
          54.69384
        ],
        [
          20.5084099,
          54.69385
        ],
        [
          20.5082799,
          54.69385
        ],
        [
          20.5082199,
          54.6938599
        ],
        [
          20.50804,
          54.6938599
        ],
        [
          20.5079199,
          54.69388
        ],
        [
          20.5077899,
          54.69388
        ],
        [
          20.50767,
          54.6938999
        ],
        [
          20.50761,
          54.6938999
        ],
        [
          20.50755,
          54.69391
        ],
        [
          20.5072899,
          54.69391
        ],
        [
          20.5071899,
          54.69388
        ],
        [
          20.50715,
          54.69388
        ],
        [
          20.50708,
          54.6938599
        ],
        [
          20.50702,
          54.69385
        ],
        [
          20.50686,
          54.69385
        ],
        [
          20.5069599,
          54.69384
        ],
        [
          20.50701,
          54.69385
        ],
        [
          20.50705,
          54.6938299
        ],
        [
          20.50708,
          54.6937999
        ],
        [
          20.50715,
          54.69369
        ],
        [
          20.50722,
          54.69365
        ],
        [
          20.50727,
          54.6936399
        ],
        [
          20.50734,
          54.6935999
        ],
        [
          20.5074299,
          54.69356
        ],
        [
          20.5075199,
          54.6935099
        ],
        [
          20.50757,
          54.69349
        ],
        [
          20.5076599,
          54.6934399
        ],
        [
          20.5077599,
          54.6933999
        ],
        [
          20.50787,
          54.69335
        ],
        [
          20.50797,
          54.69329
        ],
        [
          20.5080799,
          54.69325
        ],
        [
          20.5081199,
          54.69322
        ],
        [
          20.50817,
          54.6932
        ],
        [
          20.5082199,
          54.6931699
        ],
        [
          20.50827,
          54.69315
        ],
        [
          20.50832,
          54.69312
        ],
        [
          20.5084099,
          54.6930799
        ],
        [
          20.50853,
          54.69302
        ],
        [
          20.50865,
          54.69299
        ],
        [
          20.5087099,
          54.6929799
        ],
        [
          20.50876,
          54.69296
        ],
        [
          20.50886,
          54.69296
        ],
        [
          20.50892,
          54.6929799
        ],
        [
          20.50902,
          54.693
        ],
        [
          20.50914,
          54.69302
        ],
        [
          20.5091999,
          54.6930399
        ],
        [
          20.5093299,
          54.6930399
        ],
        [
          20.5093899,
          54.69306
        ],
        [
          20.50961,
          54.6931
        ],
        [
          20.50968,
          54.69309
        ],
        [
          20.50974,
          54.69309
        ],
        [
          20.5098,
          54.6930799
        ],
        [
          20.51011,
          54.6930799
        ],
        [
          20.5101799,
          54.69307
        ],
        [
          20.5103,
          54.69307
        ],
        [
          20.51036,
          54.69306
        ],
        [
          20.51047,
          54.69306
        ],
        [
          20.51053,
          54.69307
        ],
        [
          20.5107099,
          54.69307
        ],
        [
          20.5107699,
          54.69306
        ],
        [
          20.5108399,
          54.69306
        ],
        [
          20.5109699,
          54.6930399
        ],
        [
          20.5111699,
          54.6929799
        ],
        [
          20.51124,
          54.69297
        ],
        [
          20.51135,
          54.69293
        ],
        [
          20.51141,
          54.69292
        ],
        [
          20.51148,
          54.6929
        ],
        [
          20.51154,
          54.69289
        ],
        [
          20.5115999,
          54.69287
        ],
        [
          20.5116599,
          54.69286
        ],
        [
          20.5117199,
          54.69284
        ],
        [
          20.5118299,
          54.6928199
        ],
        [
          20.5119,
          54.6928
        ],
        [
          20.51207,
          54.69277
        ],
        [
          20.5121199,
          54.6927499
        ],
        [
          20.51224,
          54.69273
        ],
        [
          20.5122799,
          54.6927
        ],
        [
          20.51237,
          54.6926499
        ],
        [
          20.51246,
          54.69261
        ],
        [
          20.5125099,
          54.6925799
        ],
        [
          20.51267,
          54.69251
        ],
        [
          20.5127799,
          54.6924499
        ],
        [
          20.51283,
          54.69243
        ],
        [
          20.5129399,
          54.69237
        ],
        [
          20.5129999,
          54.6923499
        ],
        [
          20.5131099,
          54.6923
        ],
        [
          20.51322,
          54.69224
        ],
        [
          20.5132699,
          54.6922199
        ],
        [
          20.51332,
          54.6921899
        ],
        [
          20.5133699,
          54.69217
        ],
        [
          20.5134299,
          54.6921599
        ],
        [
          20.51349,
          54.69214
        ],
        [
          20.5135599,
          54.69214
        ],
        [
          20.5136899,
          54.6921599
        ],
        [
          20.5137899,
          54.69221
        ],
        [
          20.5139899,
          54.69233
        ],
        [
          20.5141199,
          54.6924199
        ],
        [
          20.51417,
          54.69244
        ],
        [
          20.51427,
          54.6924599
        ],
        [
          20.51431,
          54.6924599
        ],
        [
          20.51434,
          54.69244
        ],
        [
          20.5143499,
          54.69241
        ],
        [
          20.5144199,
          54.69238
        ],
        [
          20.5144799,
          54.69237
        ],
        [
          20.51467,
          54.69231
        ],
        [
          20.5147499,
          54.6923
        ],
        [
          20.51482,
          54.69228
        ],
        [
          20.51503,
          54.69225
        ],
        [
          20.5152399,
          54.69225
        ],
        [
          20.5153399,
          54.69227
        ],
        [
          20.5154299,
          54.69231
        ],
        [
          20.51548,
          54.6923199
        ],
        [
          20.5155599,
          54.69237
        ],
        [
          20.5155999,
          54.6923899
        ],
        [
          20.51568,
          54.6924499
        ],
        [
          20.51572,
          54.69247
        ],
        [
          20.5157999,
          54.69253
        ],
        [
          20.51585,
          54.6925499
        ],
        [
          20.5159299,
          54.69261
        ],
        [
          20.51598,
          54.69263
        ],
        [
          20.5160199,
          54.69266
        ],
        [
          20.5161299,
          54.6927
        ],
        [
          20.51623,
          54.69276
        ],
        [
          20.51628,
          54.6927799
        ],
        [
          20.5163199,
          54.6928099
        ],
        [
          20.5164199,
          54.6928499
        ],
        [
          20.51654,
          54.69289
        ],
        [
          20.5166499,
          54.6929099
        ],
        [
          20.5167,
          54.6929099
        ],
        [
          20.5167499,
          54.6929
        ],
        [
          20.5168,
          54.6928799
        ],
        [
          20.5168499,
          54.69287
        ],
        [
          20.51693,
          54.69289
        ],
        [
          20.51696,
          54.6929099
        ],
        [
          20.5169799,
          54.69296
        ],
        [
          20.5169799,
          54.69299
        ],
        [
          20.517,
          54.6930099
        ],
        [
          20.5170399,
          54.69302
        ],
        [
          20.5170699,
          54.6930399
        ],
        [
          20.51715,
          54.69306
        ],
        [
          20.5171799,
          54.6930799
        ],
        [
          20.51722,
          54.69309
        ],
        [
          20.5173099,
          54.69313
        ],
        [
          20.5173999,
          54.69316
        ],
        [
          20.51745,
          54.6931699
        ],
        [
          20.5175399,
          54.6932099
        ],
        [
          20.51759,
          54.69322
        ],
        [
          20.5176399,
          54.6932399
        ],
        [
          20.51769,
          54.69325
        ],
        [
          20.51774,
          54.6932699
        ],
        [
          20.51779,
          54.6932799
        ],
        [
          20.51784,
          54.6933
        ],
        [
          20.5178999,
          54.6933
        ],
        [
          20.51818,
          54.69335
        ],
        [
          20.51824,
          54.69335
        ],
        [
          20.5182899,
          54.69336
        ],
        [
          20.51834,
          54.69338
        ],
        [
          20.5185799,
          54.69343
        ],
        [
          20.51863,
          54.69343
        ],
        [
          20.51873,
          54.69345
        ],
        [
          20.51877,
          54.6934699
        ],
        [
          20.51886,
          54.69349
        ],
        [
          20.5189099,
          54.6935099
        ],
        [
          20.5190499,
          54.6935399
        ],
        [
          20.5191099,
          54.6935399
        ],
        [
          20.5191499,
          54.69356
        ],
        [
          20.5192,
          54.6935699
        ],
        [
          20.51925,
          54.6935699
        ],
        [
          20.5193699,
          54.6935999
        ],
        [
          20.5194099,
          54.69362
        ],
        [
          20.5194399,
          54.6936699
        ],
        [
          20.5194099,
          54.69372
        ],
        [
          20.51939,
          54.69378
        ],
        [
          20.5193699,
          54.69382
        ],
        [
          20.5193399,
          54.69392
        ],
        [
          20.5193399,
          54.69405
        ],
        [
          20.5193099,
          54.6940899
        ],
        [
          20.5192699,
          54.69411
        ],
        [
          20.5192099,
          54.69411
        ],
        [
          20.51916,
          54.69412
        ],
        [
          20.5190399,
          54.69412
        ],
        [
          20.51899,
          54.6941299
        ],
        [
          20.51896,
          54.69415
        ],
        [
          20.51893,
          54.6942
        ],
        [
          20.5189099,
          54.6942199
        ],
        [
          20.51893,
          54.69428
        ],
        [
          20.5188099,
          54.6943
        ],
        [
          20.51864,
          54.6943
        ],
        [
          20.51861,
          54.69431
        ],
        [
          20.5182599,
          54.69431
        ],
        [
          20.51821,
          54.6943199
        ],
        [
          20.51805,
          54.6943199
        ],
        [
          20.5179999,
          54.6943299
        ],
        [
          20.51762,
          54.6943299
        ],
        [
          20.5175699,
          54.69434
        ],
        [
          20.51713,
          54.69434
        ],
        [
          20.5170799,
          54.69435
        ],
        [
          20.5170399,
          54.69434
        ],
        [
          20.51699,
          54.69435
        ],
        [
          20.51692,
          54.6943899
        ],
        [
          20.5169,
          54.69448
        ],
        [
          20.5169,
          54.6945499
        ],
        [
          20.51689,
          54.69461
        ],
        [
          20.5168399,
          54.6947
        ],
        [
          20.51679,
          54.69481
        ],
        [
          20.51679,
          54.69486
        ],
        [
          20.5167799,
          54.6948799
        ],
        [
          20.5167199,
          54.6949099
        ],
        [
          20.51669,
          54.69496
        ],
        [
          20.5165899,
          54.69497
        ],
        [
          20.51644,
          54.695
        ],
        [
          20.51638,
          54.695
        ],
        [
          20.5163499,
          54.69499
        ],
        [
          20.5158299,
          54.69499
        ],
        [
          20.5157999,
          54.6949799
        ],
        [
          20.51564,
          54.6949799
        ],
        [
          20.5155999,
          54.69494
        ],
        [
          20.5155999,
          54.6949199
        ],
        [
          20.51564,
          54.6949199
        ],
        [
          20.5157599,
          54.69489
        ],
        [
          20.51588,
          54.6949099
        ],
        [
          20.51605,
          54.6949099
        ],
        [
          20.5160899,
          54.6949199
        ],
        [
          20.5161599,
          54.6949199
        ],
        [
          20.51621,
          54.69493
        ],
        [
          20.5163,
          54.69493
        ],
        [
          20.51638,
          54.69494
        ],
        [
          20.51647,
          54.69496
        ],
        [
          20.5165499,
          54.69496
        ],
        [
          20.51663,
          54.69497
        ],
        [
          20.5167099,
          54.6950099
        ],
        [
          20.51676,
          54.6950499
        ],
        [
          20.51676,
          54.69509
        ],
        [
          20.51669,
          54.69512
        ],
        [
          20.51663,
          54.69512
        ],
        [
          20.5165799,
          54.6951499
        ],
        [
          20.51654,
          54.69519
        ],
        [
          20.5165199,
          54.69523
        ],
        [
          20.5165199,
          54.69526
        ],
        [
          20.5165,
          54.6952799
        ],
        [
          20.51647,
          54.6953699
        ],
        [
          20.51646,
          54.69543
        ],
        [
          20.5164499,
          54.69545
        ],
        [
          20.5164499,
          54.69578
        ],
        [
          20.51643,
          54.6958699
        ],
        [
          20.51643,
          54.69592
        ],
        [
          20.5164499,
          54.69595
        ],
        [
          20.5164499,
          54.69601
        ],
        [
          20.51644,
          54.6960699
        ],
        [
          20.5164,
          54.6961599
        ],
        [
          20.5164,
          54.69624
        ],
        [
          20.51637,
          54.69634
        ],
        [
          20.51638,
          54.6964
        ],
        [
          20.51637,
          54.6964299
        ],
        [
          20.51637,
          54.69648
        ],
        [
          20.5163499,
          54.6965299
        ],
        [
          20.51643,
          54.69674
        ],
        [
          20.51643,
          54.69703
        ],
        [
          20.5164199,
          54.69706
        ],
        [
          20.5164199,
          54.69714
        ],
        [
          20.51641,
          54.6971799
        ],
        [
          20.51637,
          54.6972499
        ],
        [
          20.51637,
          54.69729
        ],
        [
          20.5164199,
          54.6974
        ],
        [
          20.5164499,
          54.69743
        ],
        [
          20.51651,
          54.69755
        ],
        [
          20.5165499,
          54.6976399
        ],
        [
          20.5166099,
          54.69779
        ],
        [
          20.51664,
          54.6978399
        ],
        [
          20.5167,
          54.69798
        ],
        [
          20.5167199,
          54.69805
        ],
        [
          20.5167199,
          54.6980999
        ],
        [
          20.51674,
          54.69815
        ],
        [
          20.51676,
          54.69828
        ],
        [
          20.5168,
          54.6982699
        ],
        [
          20.5168799,
          54.6982899
        ],
        [
          20.51693,
          54.69838
        ],
        [
          20.5169799,
          54.69842
        ],
        [
          20.51696,
          54.69848
        ],
        [
          20.5169399,
          54.6985
        ],
        [
          20.5169499,
          54.69857
        ],
        [
          20.51696,
          54.6985899
        ],
        [
          20.5169499,
          54.6986199
        ],
        [
          20.51692,
          54.69865
        ],
        [
          20.5168499,
          54.6987
        ],
        [
          20.5168099,
          54.6987499
        ],
        [
          20.51676,
          54.69883
        ],
        [
          20.51674,
          54.6988899
        ],
        [
          20.51669,
          54.69894
        ],
        [
          20.51666,
          54.69896
        ],
        [
          20.5166099,
          54.69901
        ],
        [
          20.5165499,
          54.6991199
        ],
        [
          20.5164899,
          54.6991799
        ],
        [
          20.5164,
          54.69924
        ],
        [
          20.51628,
          54.6992799
        ],
        [
          20.5162499,
          54.6993
        ],
        [
          20.51621,
          54.6993099
        ],
        [
          20.51614,
          54.69934
        ],
        [
          20.5160899,
          54.6993499
        ],
        [
          20.51605,
          54.69937
        ],
        [
          20.51597,
          54.69939
        ],
        [
          20.5159299,
          54.6994099
        ],
        [
          20.51588,
          54.69942
        ],
        [
          20.51584,
          54.6994399
        ],
        [
          20.51575,
          54.69946
        ],
        [
          20.5156999,
          54.6994799
        ],
        [
          20.5155999,
          54.6994799
        ],
        [
          20.5155399,
          54.69947
        ],
        [
          20.5153699,
          54.69947
        ],
        [
          20.51532,
          54.6994799
        ],
        [
          20.51526,
          54.6994799
        ],
        [
          20.5151999,
          54.69949
        ],
        [
          20.5151399,
          54.69949
        ],
        [
          20.5150099,
          54.6995099
        ],
        [
          20.5149399,
          54.69953
        ],
        [
          20.5148799,
          54.6995399
        ],
        [
          20.5148099,
          54.69956
        ],
        [
          20.51466,
          54.6995799
        ],
        [
          20.51459,
          54.6996
        ],
        [
          20.5144499,
          54.69962
        ],
        [
          20.5143799,
          54.6996399
        ],
        [
          20.5143199,
          54.6996399
        ],
        [
          20.51418,
          54.69966
        ],
        [
          20.5141199,
          54.69966
        ],
        [
          20.5140499,
          54.6996699
        ],
        [
          20.5139599,
          54.6997099
        ],
        [
          20.51391,
          54.6997699
        ],
        [
          20.5138899,
          54.69983
        ],
        [
          20.5138899,
          54.7000299
        ],
        [
          20.51388,
          54.70006
        ],
        [
          20.5137899,
          54.70012
        ],
        [
          20.51375,
          54.70019
        ],
        [
          20.51367,
          54.70032
        ],
        [
          20.5136599,
          54.7003599
        ],
        [
          20.51364,
          54.70039
        ],
        [
          20.51361,
          54.7004899
        ],
        [
          20.51355,
          54.7005599
        ],
        [
          20.5134699,
          54.7006299
        ],
        [
          20.51344,
          54.70067
        ],
        [
          20.5133699,
          54.7007299
        ],
        [
          20.5133399,
          54.70077
        ],
        [
          20.5132299,
          54.7008599
        ],
        [
          20.5131999,
          54.7008899
        ],
        [
          20.51318,
          54.70093
        ],
        [
          20.5131699,
          54.701
        ],
        [
          20.5131699,
          54.7010599
        ],
        [
          20.51318,
          54.7010899
        ],
        [
          20.51322,
          54.70114
        ],
        [
          20.51322,
          54.70116
        ],
        [
          20.51328,
          54.70123
        ],
        [
          20.51328,
          54.70126
        ],
        [
          20.5132999,
          54.7013
        ],
        [
          20.5132999,
          54.70134
        ],
        [
          20.51332,
          54.70139
        ],
        [
          20.5133299,
          54.70149
        ],
        [
          20.51335,
          54.7015399
        ],
        [
          20.51335,
          54.70159
        ],
        [
          20.5133699,
          54.7016399
        ],
        [
          20.5133699,
          54.70172
        ],
        [
          20.51338,
          54.70175
        ],
        [
          20.51339,
          54.7018399
        ],
        [
          20.51341,
          54.7019099
        ],
        [
          20.51341,
          54.7019699
        ],
        [
          20.51342,
          54.70199
        ],
        [
          20.51342,
          54.70205
        ],
        [
          20.5134299,
          54.7020699
        ],
        [
          20.5134299,
          54.70221
        ],
        [
          20.51344,
          54.70225
        ],
        [
          20.5134699,
          54.7022999
        ],
        [
          20.5135299,
          54.7023299
        ],
        [
          20.51362,
          54.7023299
        ],
        [
          20.51367,
          54.7023399
        ],
        [
          20.51372,
          54.7023399
        ],
        [
          20.5137599,
          54.70235
        ],
        [
          20.5137999,
          54.7023399
        ],
        [
          20.51387,
          54.70231
        ],
        [
          20.5139599,
          54.70232
        ],
        [
          20.51395,
          54.70235
        ],
        [
          20.51388,
          54.70238
        ],
        [
          20.5138199,
          54.70239
        ],
        [
          20.51358,
          54.70239
        ],
        [
          20.51351,
          54.70241
        ],
        [
          20.5133299,
          54.70244
        ],
        [
          20.5132399,
          54.70244
        ],
        [
          20.5131399,
          54.70242
        ],
        [
          20.51308,
          54.70242
        ],
        [
          20.51302,
          54.70241
        ],
        [
          20.5128099,
          54.70241
        ],
        [
          20.5127399,
          54.7023999
        ],
        [
          20.51267,
          54.7023999
        ],
        [
          20.5125399,
          54.70238
        ],
        [
          20.51247,
          54.70236
        ],
        [
          20.5124,
          54.70235
        ],
        [
          20.51233,
          54.70236
        ],
        [
          20.51198,
          54.70236
        ],
        [
          20.5118899,
          54.7023699
        ],
        [
          20.51162,
          54.7023399
        ],
        [
          20.51128,
          54.7022999
        ],
        [
          20.5111999,
          54.7022999
        ],
        [
          20.51111,
          54.70229
        ],
        [
          20.5109399,
          54.70229
        ],
        [
          20.51086,
          54.70228
        ],
        [
          20.51062,
          54.70228
        ],
        [
          20.5105399,
          54.7022699
        ],
        [
          20.51046,
          54.7022699
        ],
        [
          20.5103799,
          54.70226
        ],
        [
          20.5103099,
          54.70226
        ],
        [
          20.51024,
          54.70225
        ],
        [
          20.50996,
          54.70225
        ],
        [
          20.50983,
          54.7022299
        ],
        [
          20.50977,
          54.7022299
        ],
        [
          20.50971,
          54.7022399
        ],
        [
          20.50967,
          54.70226
        ],
        [
          20.50965,
          54.7022999
        ],
        [
          20.50965,
          54.70236
        ],
        [
          20.5096599,
          54.7024299
        ],
        [
          20.50968,
          54.7024999
        ],
        [
          20.5096899,
          54.70258
        ],
        [
          20.5096899,
          54.70267
        ],
        [
          20.5097,
          54.70271
        ],
        [
          20.5097,
          54.7027999
        ],
        [
          20.50971,
          54.70284
        ],
        [
          20.5097199,
          54.7029599
        ],
        [
          20.5097299,
          54.703
        ],
        [
          20.5097299,
          54.70313
        ],
        [
          20.5097499,
          54.70321
        ],
        [
          20.5097499,
          54.7033199
        ],
        [
          20.50974,
          54.70336
        ],
        [
          20.50974,
          54.7036099
        ],
        [
          20.5097499,
          54.7036499
        ],
        [
          20.5097499,
          54.70373
        ],
        [
          20.5097599,
          54.70377
        ],
        [
          20.5097599,
          54.70386
        ],
        [
          20.50978,
          54.7039399
        ],
        [
          20.50978,
          54.70402
        ],
        [
          20.50983,
          54.7040999
        ],
        [
          20.50987,
          54.70418
        ],
        [
          20.5098899,
          54.70426
        ],
        [
          20.50991,
          54.70429
        ],
        [
          20.50993,
          54.70436
        ],
        [
          20.5099499,
          54.70439
        ],
        [
          20.5099799,
          54.70449
        ],
        [
          20.5099799,
          54.70458
        ],
        [
          20.5099899,
          54.70461
        ],
        [
          20.5099899,
          54.70468
        ],
        [
          20.50994,
          54.70474
        ],
        [
          20.50991,
          54.7047599
        ],
        [
          20.50988,
          54.7047999
        ],
        [
          20.51003,
          54.70487
        ],
        [
          20.5100199,
          54.7048899
        ],
        [
          20.5099799,
          54.70491
        ],
        [
          20.50991,
          54.70492
        ],
        [
          20.50984,
          54.70495
        ],
        [
          20.50978,
          54.70495
        ],
        [
          20.5097499,
          54.7049599
        ],
        [
          20.5096199,
          54.7049599
        ],
        [
          20.50955,
          54.70498
        ],
        [
          20.50947,
          54.70498
        ],
        [
          20.5093899,
          54.7049899
        ],
        [
          20.50935,
          54.705
        ],
        [
          20.5092999,
          54.705
        ],
        [
          20.5092599,
          54.70501
        ],
        [
          20.5091699,
          54.70501
        ],
        [
          20.5090699,
          54.7050299
        ],
        [
          20.50902,
          54.7050299
        ],
        [
          20.50898,
          54.70504
        ],
        [
          20.5089299,
          54.70504
        ],
        [
          20.50889,
          54.70505
        ],
        [
          20.5087999,
          54.70505
        ],
        [
          20.50876,
          54.7050599
        ],
        [
          20.5087099,
          54.7050599
        ],
        [
          20.50866,
          54.70507
        ],
        [
          20.5086099,
          54.70507
        ],
        [
          20.5084799,
          54.70504
        ],
        [
          20.50845,
          54.70501
        ],
        [
          20.50842,
          54.70495
        ],
        [
          20.50839,
          54.70492
        ],
        [
          20.5082099,
          54.70492
        ],
        [
          20.5081799,
          54.7048999
        ],
        [
          20.50813,
          54.7048899
        ],
        [
          20.50806,
          54.70485
        ],
        [
          20.5080199,
          54.70484
        ],
        [
          20.50797,
          54.7047899
        ],
        [
          20.5079799,
          54.70468
        ],
        [
          20.508,
          54.70464
        ],
        [
          20.50803,
          54.70454
        ],
        [
          20.5080499,
          54.7044999
        ],
        [
          20.5081,
          54.70432
        ],
        [
          20.5081,
          54.7042399
        ],
        [
          20.5080799,
          54.7041999
        ],
        [
          20.5080099,
          54.7041099
        ],
        [
          20.50796,
          54.7040699
        ],
        [
          20.5078799,
          54.70403
        ],
        [
          20.5077899,
          54.70403
        ],
        [
          20.50774,
          54.70402
        ],
        [
          20.50757,
          54.70402
        ],
        [
          20.5074899,
          54.7040099
        ],
        [
          20.5072999,
          54.7040099
        ],
        [
          20.5071899,
          54.70402
        ],
        [
          20.50639,
          54.70402
        ],
        [
          20.5063,
          54.70403
        ],
        [
          20.50622,
          54.70403
        ],
        [
          20.5061499,
          54.70405
        ],
        [
          20.5061099,
          54.7040799
        ],
        [
          20.50606,
          54.7040999
        ],
        [
          20.5060199,
          54.70413
        ],
        [
          20.5059799,
          54.7042099
        ],
        [
          20.5059499,
          54.70423
        ],
        [
          20.50597,
          54.7042699
        ],
        [
          20.5059499,
          54.7043399
        ],
        [
          20.50597,
          54.7043699
        ],
        [
          20.5059799,
          54.70441
        ],
        [
          20.5059799,
          54.70451
        ],
        [
          20.5060199,
          54.70458
        ],
        [
          20.50603,
          54.70462
        ],
        [
          20.5060499,
          54.70465
        ],
        [
          20.5060499,
          54.70469
        ],
        [
          20.50609,
          54.7047599
        ],
        [
          20.5061399,
          54.7048299
        ],
        [
          20.50619,
          54.7048899
        ],
        [
          20.50619,
          54.70491
        ],
        [
          20.50622,
          54.70495
        ],
        [
          20.5062399,
          54.70501
        ],
        [
          20.5063099,
          54.7050599
        ],
        [
          20.5063699,
          54.70514
        ],
        [
          20.5063799,
          54.70517
        ],
        [
          20.5064399,
          54.7052599
        ],
        [
          20.5064699,
          54.7052899
        ],
        [
          20.5064999,
          54.70534
        ],
        [
          20.50653,
          54.70537
        ],
        [
          20.5076,
          54.7076499
        ],
        [
          20.50763,
          54.70767
        ],
        [
          20.5076899,
          54.70776
        ],
        [
          20.5076899,
          54.7077799
        ],
        [
          20.5077199,
          54.7078099
        ],
        [
          20.50803,
          54.70836
        ],
        [
          20.50803,
          54.7083699
        ],
        [
          20.5092299,
          54.71056
        ],
        [
          20.50925,
          54.7105999
        ],
        [
          20.5093999,
          54.7109699
        ],
        [
          20.50942,
          54.7109999
        ],
        [
          20.50941,
          54.7110599
        ],
        [
          20.50941,
          54.71111
        ],
        [
          20.5095299,
          54.71127
        ],
        [
          20.50951,
          54.7112599
        ],
        [
          20.5093899,
          54.71114
        ],
        [
          20.5093899,
          54.71112
        ],
        [
          20.50932,
          54.71101
        ],
        [
          20.50929,
          54.7109699
        ],
        [
          20.5090399,
          54.70996
        ],
        [
          20.50899,
          54.7099
        ],
        [
          20.50895,
          54.70983
        ],
        [
          20.50892,
          54.70981
        ],
        [
          20.5088999,
          54.7097499
        ],
        [
          20.50882,
          54.70967
        ],
        [
          20.5088099,
          54.7096499
        ],
        [
          20.5087399,
          54.70961
        ],
        [
          20.50863,
          54.70958
        ],
        [
          20.5085799,
          54.7095499
        ],
        [
          20.50856,
          54.7094899
        ],
        [
          20.5085399,
          54.70948
        ],
        [
          20.5085,
          54.7094199
        ],
        [
          20.5084799,
          54.70941
        ],
        [
          20.5084399,
          54.70937
        ],
        [
          20.5084399,
          54.7093299
        ],
        [
          20.5084,
          54.70925
        ],
        [
          20.5083799,
          54.70922
        ],
        [
          20.50839,
          54.7091999
        ],
        [
          20.50908,
          54.70905
        ],
        [
          20.50912,
          54.70904
        ],
        [
          20.50918,
          54.70904
        ],
        [
          20.50957,
          54.70895
        ]
      ]
    ]
  }
}
