<?xml version="1.0" encoding="UTF-8"?>
<gpx xmlns="http://www.topografix.com/GPX/1/1" xmlns:xsi="http://www.w3.org/2001/XMLSchema-instance" xsi:schemaLocation="http://www.topografix.com/GPX/1/1 http://www.topografix.com/GPX/1/1/gpx.xsd" version="1.1" creator="gpx.py -- https://github.com/tkrajina/gpxpy">
  <rte>
    <name>bicycle 26.4 km</name>
    <rtept lat="55.735804" lon="37.589943">
    </rtept>
    <rtept lat="55.735802" lon="37.589940999999996">
    </rtept>
    <rtept lat="55.735866" lon="37.589783">
    </rtept>
    <rtept lat="55.735968" lon="37.589887">
    </rtept>
    <rtept lat="55.73628" lon="37.590185999999996">
    </rtept>
    <rtept lat="55.736317" lon="37.590225999999994">
    </rtept>
    <rtept lat="55.736497" lon="37.590427999999996">
    </rtept>
    <rtept lat="55.736127" lon="37.591505999999995">
    </rtept>
    <rtept lat="55.73604" lon="37.591857">
    </rtept>
    <rtept lat="55.735943000000006" lon="37.592158999999995">
    </rtept>
    <rtept lat="55.73586600000001" lon="37.592400999999995">
    </rtept>
    <rtept lat="55.73578400000001" lon="37.59266399999999">
    </rtept>
    <rtept lat="55.73574300000001" lon="37.59279199999999">
    </rtept>
    <rtept lat="55.735654000000004" lon="37.59307099999999">
    </rtept>
    <rtept lat="55.735627" lon="37.593164999999985">
    </rtept>
    <rtept lat="55.735483" lon="37.59300899999999">
    </rtept>
    <rtept lat="55.735398" lon="37.593268999999985">
    </rtept>
    <rtept lat="55.73536300000001" lon="37.59337799999999">
    </rtept>
    <rtept lat="55.735324000000006" lon="37.593460999999984">
    </rtept>
    <rtept lat="55.73530600000001" lon="37.593490999999986">
    </rtept>
    <rtept lat="55.73523600000001" lon="37.593555999999985">
    </rtept>
    <rtept lat="55.73522500000001" lon="37.593749999999986">
    </rtept>
    <rtept lat="55.73521900000001" lon="37.593865999999984">
    </rtept>
    <rtept lat="55.73521500000001" lon="37.593930999999984">
    </rtept>
    <rtept lat="55.73520900000001" lon="37.594028999999985">
    </rtept>
    <rtept lat="55.73520700000001" lon="37.594104999999985">
    </rtept>
    <rtept lat="55.73520400000001" lon="37.59416199999998">
    </rtept>
    <rtept lat="55.73525900000001" lon="37.59419099999998">
    </rtept>
    <rtept lat="55.73529000000001" lon="37.59420699999998">
    </rtept>
    <rtept lat="55.73531400000002" lon="37.594219999999986">
    </rtept>
    <rtept lat="55.73531900000002" lon="37.59422399999998">
    </rtept>
    <rtept lat="55.73532100000002" lon="37.594231999999984">
    </rtept>
    <rtept lat="55.73532200000002" lon="37.59423899999998">
    </rtept>
    <rtept lat="55.73531800000002" lon="37.59425099999998">
    </rtept>
    <rtept lat="55.73530700000002" lon="37.59427699999998">
    </rtept>
    <rtept lat="55.73523700000002" lon="37.594426999999975">
    </rtept>
    <rtept lat="55.73525100000002" lon="37.594448999999976">
    </rtept>
    <rtept lat="55.735258000000016" lon="37.594468999999975">
    </rtept>
    <rtept lat="55.73526000000002" lon="37.59449099999998">
    </rtept>
    <rtept lat="55.73526000000002" lon="37.594507999999976">
    </rtept>
    <rtept lat="55.73525600000002" lon="37.59452899999997">
    </rtept>
    <rtept lat="55.73468600000002" lon="37.596289999999975">
    </rtept>
    <rtept lat="55.73442400000002" lon="37.59707399999998">
    </rtept>
    <rtept lat="55.73441000000002" lon="37.59711799999998">
    </rtept>
    <rtept lat="55.73438400000002" lon="37.59719499999998">
    </rtept>
    <rtept lat="55.73434500000002" lon="37.59731599999998">
    </rtept>
    <rtept lat="55.73428600000002" lon="37.59749299999998">
    </rtept>
    <rtept lat="55.73423300000002" lon="37.59765399999998">
    </rtept>
    <rtept lat="55.73344400000002" lon="37.60012999999998">
    </rtept>
    <rtept lat="55.73343000000002" lon="37.600175999999976">
    </rtept>
    <rtept lat="55.73333700000002" lon="37.60046199999998">
    </rtept>
    <rtept lat="55.73330200000002" lon="37.600569999999976">
    </rtept>
    <rtept lat="55.733254000000024" lon="37.600719999999974">
    </rtept>
    <rtept lat="55.73322900000002" lon="37.600800999999976">
    </rtept>
    <rtept lat="55.732857000000024" lon="37.60200399999997">
    </rtept>
    <rtept lat="55.732282000000026" lon="37.60381699999997">
    </rtept>
    <rtept lat="55.732252000000024" lon="37.603902999999974">
    </rtept>
    <rtept lat="55.73224700000002" lon="37.60391499999997">
    </rtept>
    <rtept lat="55.732240000000026" lon="37.60392199999997">
    </rtept>
    <rtept lat="55.73223100000003" lon="37.60392399999997">
    </rtept>
    <rtept lat="55.73222200000003" lon="37.603919999999974">
    </rtept>
    <rtept lat="55.73220400000003" lon="37.60390099999997">
    </rtept>
    <rtept lat="55.73294100000003" lon="37.60154599999997">
    </rtept>
    <rtept lat="55.73305600000003" lon="37.60119199999997">
    </rtept>
    <rtept lat="55.73307000000003" lon="37.60112099999997">
    </rtept>
    <rtept lat="55.733038000000036" lon="37.60108799999997">
    </rtept>
    <rtept lat="55.733030000000035" lon="37.60107599999997">
    </rtept>
    <rtept lat="55.73302600000004" lon="37.60105799999997">
    </rtept>
    <rtept lat="55.73302900000004" lon="37.601040999999974">
    </rtept>
    <rtept lat="55.733050000000034" lon="37.60096099999998">
    </rtept>
    <rtept lat="55.73317000000004" lon="37.60055299999998">
    </rtept>
    <rtept lat="55.73318300000004" lon="37.60052199999998">
    </rtept>
    <rtept lat="55.73319900000004" lon="37.60050699999998">
    </rtept>
    <rtept lat="55.73321600000004" lon="37.60050599999998">
    </rtept>
    <rtept lat="55.73323500000004" lon="37.60051399999998">
    </rtept>
    <rtept lat="55.73325900000005" lon="37.60052799999998">
    </rtept>
    <rtept lat="55.733302000000045" lon="37.60056999999998">
    </rtept>
    <rtept lat="55.733398000000044" lon="37.60067199999998">
    </rtept>
    <rtept lat="55.73348400000005" lon="37.60075999999998">
    </rtept>
    <rtept lat="55.733555000000045" lon="37.60082899999998">
    </rtept>
    <rtept lat="55.733642000000046" lon="37.60091699999998">
    </rtept>
    <rtept lat="55.733668000000044" lon="37.60095099999998">
    </rtept>
    <rtept lat="55.73368600000004" lon="37.60098799999998">
    </rtept>
    <rtept lat="55.73369700000004" lon="37.60102999999998">
    </rtept>
    <rtept lat="55.73370400000004" lon="37.60107799999998">
    </rtept>
    <rtept lat="55.73370400000004" lon="37.60116999999998">
    </rtept>
    <rtept lat="55.73370700000004" lon="37.60121899999998">
    </rtept>
    <rtept lat="55.733733000000036" lon="37.60118599999998">
    </rtept>
    <rtept lat="55.733787000000035" lon="37.601130999999974">
    </rtept>
    <rtept lat="55.73388100000003" lon="37.60107499999997">
    </rtept>
    <rtept lat="55.73397700000003" lon="37.60102299999998">
    </rtept>
    <rtept lat="55.73402400000003" lon="37.600997999999976">
    </rtept>
    <rtept lat="55.73408700000003" lon="37.601127999999974">
    </rtept>
    <rtept lat="55.73414400000003" lon="37.60125599999997">
    </rtept>
    <rtept lat="55.734207000000026" lon="37.60140599999997">
    </rtept>
    <rtept lat="55.734390000000026" lon="37.60184799999997">
    </rtept>
    <rtept lat="55.734416000000024" lon="37.60190299999997">
    </rtept>
    <rtept lat="55.73445400000003" lon="37.60192299999997">
    </rtept>
    <rtept lat="55.734416000000024" lon="37.60190299999997">
    </rtept>
    <rtept lat="55.734441000000025" lon="37.601949999999974">
    </rtept>
    <rtept lat="55.734666000000026" lon="37.60230499999997">
    </rtept>
    <rtept lat="55.73490100000003" lon="37.60267699999997">
    </rtept>
    <rtept lat="55.73504200000003" lon="37.60290299999997">
    </rtept>
    <rtept lat="55.73508300000003" lon="37.60297399999997">
    </rtept>
    <rtept lat="55.73511600000003" lon="37.603036999999965">
    </rtept>
    <rtept lat="55.73514000000004" lon="37.603095999999965">
    </rtept>
    <rtept lat="55.735177000000036" lon="37.603196999999966">
    </rtept>
    <rtept lat="55.73523200000004" lon="37.60334999999996">
    </rtept>
    <rtept lat="55.73538300000004" lon="37.603765999999965">
    </rtept>
    <rtept lat="55.73540300000004" lon="37.603816999999964">
    </rtept>
    <rtept lat="55.73543100000004" lon="37.603880999999966">
    </rtept>
    <rtept lat="55.73585000000004" lon="37.60465699999997">
    </rtept>
    <rtept lat="55.73591500000004" lon="37.60478399999997">
    </rtept>
    <rtept lat="55.73596900000004" lon="37.60491199999996">
    </rtept>
    <rtept lat="55.73632300000004" lon="37.605467999999966">
    </rtept>
    <rtept lat="55.73645100000004" lon="37.605673999999965">
    </rtept>
    <rtept lat="55.73652100000004" lon="37.605816999999966">
    </rtept>
    <rtept lat="55.736688000000036" lon="37.606213999999966">
    </rtept>
    <rtept lat="55.73680900000004" lon="37.60649399999996">
    </rtept>
    <rtept lat="55.73682800000004" lon="37.60651699999996">
    </rtept>
    <rtept lat="55.73692600000004" lon="37.60664399999996">
    </rtept>
    <rtept lat="55.73716300000004" lon="37.60695299999996">
    </rtept>
    <rtept lat="55.73736000000004" lon="37.60721399999996">
    </rtept>
    <rtept lat="55.73753600000004" lon="37.60745199999997">
    </rtept>
    <rtept lat="55.73759600000004" lon="37.607536999999965">
    </rtept>
    <rtept lat="55.73764100000004" lon="37.607604999999964">
    </rtept>
    <rtept lat="55.73776200000004" lon="37.60780499999996">
    </rtept>
    <rtept lat="55.73780200000004" lon="37.60787399999997">
    </rtept>
    <rtept lat="55.737845000000036" lon="37.607964999999965">
    </rtept>
    <rtept lat="55.73804700000004" lon="37.60837499999997">
    </rtept>
    <rtept lat="55.73812500000004" lon="37.60854899999997">
    </rtept>
    <rtept lat="55.73814500000004" lon="37.60860399999997">
    </rtept>
    <rtept lat="55.73816500000004" lon="37.608664999999974">
    </rtept>
    <rtept lat="55.73821000000004" lon="37.608830999999974">
    </rtept>
    <rtept lat="55.73826000000004" lon="37.60902599999997">
    </rtept>
    <rtept lat="55.73832700000004" lon="37.60928999999997">
    </rtept>
    <rtept lat="55.73835000000004" lon="37.60936999999997">
    </rtept>
    <rtept lat="55.73837000000004" lon="37.60941899999997">
    </rtept>
    <rtept lat="55.73839500000004" lon="37.609472999999966">
    </rtept>
    <rtept lat="55.73852600000004" lon="37.60972299999997">
    </rtept>
    <rtept lat="55.73856100000004" lon="37.609796999999965">
    </rtept>
    <rtept lat="55.73861900000004" lon="37.609934999999965">
    </rtept>
    <rtept lat="55.73885600000004" lon="37.61049699999997">
    </rtept>
    <rtept lat="55.73888800000004" lon="37.61048999999997">
    </rtept>
    <rtept lat="55.73889900000004" lon="37.61048699999997">
    </rtept>
    <rtept lat="55.73891800000004" lon="37.61049199999997">
    </rtept>
    <rtept lat="55.73893500000004" lon="37.61050899999997">
    </rtept>
    <rtept lat="55.73903800000004" lon="37.61068099999997">
    </rtept>
    <rtept lat="55.73904700000004" lon="37.61065799999997">
    </rtept>
    <rtept lat="55.73905500000004" lon="37.61064499999997">
    </rtept>
    <rtept lat="55.739364000000045" lon="37.61000799999997">
    </rtept>
    <rtept lat="55.73938200000004" lon="37.60997999999997">
    </rtept>
    <rtept lat="55.73939600000004" lon="37.60995599999997">
    </rtept>
    <rtept lat="55.73940200000004" lon="37.60995599999997">
    </rtept>
    <rtept lat="55.73940900000004" lon="37.609959999999965">
    </rtept>
    <rtept lat="55.73949300000004" lon="37.610072999999964">
    </rtept>
    <rtept lat="55.739677000000036" lon="37.61028199999996">
    </rtept>
    <rtept lat="55.740116000000036" lon="37.61077699999996">
    </rtept>
    <rtept lat="55.740403000000036" lon="37.611099999999965">
    </rtept>
    <rtept lat="55.74043900000004" lon="37.61115799999997">
    </rtept>
    <rtept lat="55.74046900000004" lon="37.611220999999965">
    </rtept>
    <rtept lat="55.74096500000004" lon="37.61176499999996">
    </rtept>
    <rtept lat="55.741163000000036" lon="37.61197599999996">
    </rtept>
    <rtept lat="55.74156100000003" lon="37.612391999999964">
    </rtept>
    <rtept lat="55.741667000000035" lon="37.61251399999996">
    </rtept>
    <rtept lat="55.74183400000003" lon="37.612723999999965">
    </rtept>
    <rtept lat="55.74212700000003" lon="37.61308599999997">
    </rtept>
    <rtept lat="55.74233900000003" lon="37.61339199999997">
    </rtept>
    <rtept lat="55.74235600000003" lon="37.61341499999997">
    </rtept>
    <rtept lat="55.74255600000003" lon="37.61374999999997">
    </rtept>
    <rtept lat="55.74259300000003" lon="37.61382199999997">
    </rtept>
    <rtept lat="55.74268600000003" lon="37.61401399999997">
    </rtept>
    <rtept lat="55.74272400000003" lon="37.61410199999997">
    </rtept>
    <rtept lat="55.74297800000003" lon="37.61477399999997">
    </rtept>
    <rtept lat="55.74299400000003" lon="37.61481599999997">
    </rtept>
    <rtept lat="55.74301100000003" lon="37.61486399999997">
    </rtept>
    <rtept lat="55.74301300000003" lon="37.61487999999997">
    </rtept>
    <rtept lat="55.743010000000034" lon="37.61488799999997">
    </rtept>
    <rtept lat="55.74300000000003" lon="37.61490499999997">
    </rtept>
    <rtept lat="55.74298500000003" lon="37.61491899999997">
    </rtept>
    <rtept lat="55.742900000000034" lon="37.61497599999997">
    </rtept>
    <rtept lat="55.74249000000003" lon="37.61525099999997">
    </rtept>
    <rtept lat="55.742455000000035" lon="37.61526899999997">
    </rtept>
    <rtept lat="55.74240300000004" lon="37.61528499999997">
    </rtept>
    <rtept lat="55.74241600000004" lon="37.61532199999997">
    </rtept>
    <rtept lat="55.74247300000004" lon="37.61547899999997">
    </rtept>
    <rtept lat="55.74254500000004" lon="37.61568299999997">
    </rtept>
    <rtept lat="55.742581000000044" lon="37.615793999999966">
    </rtept>
    <rtept lat="55.74259300000004" lon="37.61583199999997">
    </rtept>
    <rtept lat="55.74263500000004" lon="37.61579799999997">
    </rtept>
    <rtept lat="55.742645000000046" lon="37.61578999999997">
    </rtept>
    <rtept lat="55.742676000000046" lon="37.61576799999997">
    </rtept>
    <rtept lat="55.743087000000045" lon="37.615481999999965">
    </rtept>
    <rtept lat="55.743166000000045" lon="37.61542699999996">
    </rtept>
    <rtept lat="55.74319800000004" lon="37.61540499999996">
    </rtept>
    <rtept lat="55.74322400000004" lon="37.61538899999996">
    </rtept>
    <rtept lat="55.74324600000004" lon="37.61538199999996">
    </rtept>
    <rtept lat="55.74326800000004" lon="37.61537899999996">
    </rtept>
    <rtept lat="55.743293000000044" lon="37.61538499999996">
    </rtept>
    <rtept lat="55.74331700000005" lon="37.61539699999996">
    </rtept>
    <rtept lat="55.74333300000005" lon="37.61541399999996">
    </rtept>
    <rtept lat="55.74338600000005" lon="37.61541099999996">
    </rtept>
    <rtept lat="55.74342300000005" lon="37.61540599999996">
    </rtept>
    <rtept lat="55.74346100000005" lon="37.61539399999996">
    </rtept>
    <rtept lat="55.743503000000054" lon="37.61535899999996">
    </rtept>
    <rtept lat="55.74357100000005" lon="37.61548599999996">
    </rtept>
    <rtept lat="55.743708000000055" lon="37.61574699999996">
    </rtept>
    <rtept lat="55.74401100000006" lon="37.61634399999996">
    </rtept>
    <rtept lat="55.74407300000006" lon="37.616469999999964">
    </rtept>
    <rtept lat="55.74404400000006" lon="37.616519999999966">
    </rtept>
    <rtept lat="55.74402300000006" lon="37.61655199999996">
    </rtept>
    <rtept lat="55.74399000000006" lon="37.616601999999965">
    </rtept>
    <rtept lat="55.74394900000006" lon="37.61674699999997">
    </rtept>
    <rtept lat="55.74397700000006" lon="37.61679699999997">
    </rtept>
    <rtept lat="55.74403500000006" lon="37.61690799999997">
    </rtept>
    <rtept lat="55.74409700000006" lon="37.617026999999965">
    </rtept>
    <rtept lat="55.74415300000006" lon="37.617141999999966">
    </rtept>
    <rtept lat="55.74420200000006" lon="37.617243999999964">
    </rtept>
    <rtept lat="55.74427200000006" lon="37.61739899999996">
    </rtept>
    <rtept lat="55.74431500000006" lon="37.61749299999996">
    </rtept>
    <rtept lat="55.744516000000054" lon="37.61796599999996">
    </rtept>
    <rtept lat="55.74453400000005" lon="37.61797999999996">
    </rtept>
    <rtept lat="55.744558000000055" lon="37.61796699999996">
    </rtept>
    <rtept lat="55.744575000000054" lon="37.61795599999996">
    </rtept>
    <rtept lat="55.74459300000005" lon="37.617970999999955">
    </rtept>
    <rtept lat="55.74462700000005" lon="37.618051999999956">
    </rtept>
    <rtept lat="55.74467400000005" lon="37.618170999999954">
    </rtept>
    <rtept lat="55.744727000000054" lon="37.61830199999996">
    </rtept>
    <rtept lat="55.74473300000005" lon="37.61831599999996">
    </rtept>
    <rtept lat="55.74473600000005" lon="37.61833299999996">
    </rtept>
    <rtept lat="55.744735000000055" lon="37.618352999999956">
    </rtept>
    <rtept lat="55.744721000000055" lon="37.618386999999956">
    </rtept>
    <rtept lat="55.744710000000055" lon="37.618429999999954">
    </rtept>
    <rtept lat="55.74471900000005" lon="37.618471999999954">
    </rtept>
    <rtept lat="55.74481300000005" lon="37.61869499999995">
    </rtept>
    <rtept lat="55.74499500000005" lon="37.61917899999995">
    </rtept>
    <rtept lat="55.74515400000005" lon="37.619627999999956">
    </rtept>
    <rtept lat="55.74517300000005" lon="37.61967999999995">
    </rtept>
    <rtept lat="55.74519000000005" lon="37.61973699999995">
    </rtept>
    <rtept lat="55.74527300000005" lon="37.62000899999995">
    </rtept>
    <rtept lat="55.74547300000005" lon="37.62066599999995">
    </rtept>
    <rtept lat="55.745569000000046" lon="37.62098399999995">
    </rtept>
    <rtept lat="55.74561300000005" lon="37.62130899999995">
    </rtept>
    <rtept lat="55.74566900000005" lon="37.62172699999995">
    </rtept>
    <rtept lat="55.74568000000005" lon="37.62209499999995">
    </rtept>
    <rtept lat="55.74575300000005" lon="37.62242399999995">
    </rtept>
    <rtept lat="55.74584600000005" lon="37.62288299999995">
    </rtept>
    <rtept lat="55.74587900000005" lon="37.62293599999995">
    </rtept>
    <rtept lat="55.74589100000005" lon="37.622962999999956">
    </rtept>
    <rtept lat="55.74592600000005" lon="37.62310899999996">
    </rtept>
    <rtept lat="55.74599600000005" lon="37.62345799999996">
    </rtept>
    <rtept lat="55.746073000000045" lon="37.623823999999956">
    </rtept>
    <rtept lat="55.746202000000046" lon="37.62438599999996">
    </rtept>
    <rtept lat="55.74621800000005" lon="37.62447799999996">
    </rtept>
    <rtept lat="55.746222000000046" lon="37.62450699999996">
    </rtept>
    <rtept lat="55.746236000000046" lon="37.62465099999996">
    </rtept>
    <rtept lat="55.74626300000005" lon="37.62490099999996">
    </rtept>
    <rtept lat="55.74627700000005" lon="37.62502999999996">
    </rtept>
    <rtept lat="55.74628000000005" lon="37.62506099999996">
    </rtept>
    <rtept lat="55.74630500000005" lon="37.62522499999996">
    </rtept>
    <rtept lat="55.74631600000005" lon="37.62536899999996">
    </rtept>
    <rtept lat="55.74640700000005" lon="37.62599899999996">
    </rtept>
    <rtept lat="55.74640900000005" lon="37.62601299999996">
    </rtept>
    <rtept lat="55.74642600000005" lon="37.62612799999996">
    </rtept>
    <rtept lat="55.74643600000005" lon="37.62620199999996">
    </rtept>
    <rtept lat="55.746441000000054" lon="37.62623799999996">
    </rtept>
    <rtept lat="55.74644200000005" lon="37.62650799999996">
    </rtept>
    <rtept lat="55.746438000000055" lon="37.62668199999996">
    </rtept>
    <rtept lat="55.746382000000054" lon="37.62759499999996">
    </rtept>
    <rtept lat="55.74636400000006" lon="37.627848999999955">
    </rtept>
    <rtept lat="55.74634600000006" lon="37.628042999999955">
    </rtept>
    <rtept lat="55.74632300000006" lon="37.62826999999996">
    </rtept>
    <rtept lat="55.74625500000006" lon="37.62882999999996">
    </rtept>
    <rtept lat="55.74614500000006" lon="37.62969699999996">
    </rtept>
    <rtept lat="55.74612600000006" lon="37.62984299999996">
    </rtept>
    <rtept lat="55.74602200000006" lon="37.630673999999956">
    </rtept>
    <rtept lat="55.74594200000006" lon="37.63130399999996">
    </rtept>
    <rtept lat="55.74596600000007" lon="37.631312999999956">
    </rtept>
    <rtept lat="55.74594200000006" lon="37.63130399999996">
    </rtept>
    <rtept lat="55.74583600000006" lon="37.63213999999996">
    </rtept>
    <rtept lat="55.74579700000006" lon="37.632404999999956">
    </rtept>
    <rtept lat="55.74576900000006" lon="37.63257299999996">
    </rtept>
    <rtept lat="55.74571800000006" lon="37.63285899999996">
    </rtept>
    <rtept lat="55.74566400000006" lon="37.63313599999996">
    </rtept>
    <rtept lat="55.745604000000064" lon="37.633420999999956">
    </rtept>
    <rtept lat="55.74548400000006" lon="37.63397399999995">
    </rtept>
    <rtept lat="55.74545400000006" lon="37.63410399999995">
    </rtept>
    <rtept lat="55.74541400000006" lon="37.63423899999995">
    </rtept>
    <rtept lat="55.74537500000006" lon="37.63436499999995">
    </rtept>
    <rtept lat="55.74532600000006" lon="37.63449499999995">
    </rtept>
    <rtept lat="55.745280000000065" lon="37.63460499999995">
    </rtept>
    <rtept lat="55.745210000000064" lon="37.63474899999995">
    </rtept>
    <rtept lat="55.74514100000006" lon="37.63487499999995">
    </rtept>
    <rtept lat="55.74494900000006" lon="37.63519299999995">
    </rtept>
    <rtept lat="55.74493200000006" lon="37.63521899999995">
    </rtept>
    <rtept lat="55.744928000000066" lon="37.63522299999995">
    </rtept>
    <rtept lat="55.744923000000064" lon="37.63522499999995">
    </rtept>
    <rtept lat="55.74491900000007" lon="37.63522199999995">
    </rtept>
    <rtept lat="55.744897000000066" lon="37.63519099999995">
    </rtept>
    <rtept lat="55.74464800000007" lon="37.634769999999946">
    </rtept>
    <rtept lat="55.744635000000066" lon="37.63474599999994">
    </rtept>
    <rtept lat="55.744627000000065" lon="37.63472699999994">
    </rtept>
    <rtept lat="55.74461700000006" lon="37.63474299999994">
    </rtept>
    <rtept lat="55.74460400000006" lon="37.63476099999994">
    </rtept>
    <rtept lat="55.74453900000006" lon="37.63487199999994">
    </rtept>
    <rtept lat="55.74452600000006" lon="37.63489199999994">
    </rtept>
    <rtept lat="55.74451700000006" lon="37.634903999999935">
    </rtept>
    <rtept lat="55.744504000000056" lon="37.634878999999934">
    </rtept>
    <rtept lat="55.744378000000054" lon="37.63507399999993">
    </rtept>
    <rtept lat="55.74430600000005" lon="37.635168999999934">
    </rtept>
    <rtept lat="55.74425600000005" lon="37.63522699999994">
    </rtept>
    <rtept lat="55.74403600000005" lon="37.635443999999936">
    </rtept>
    <rtept lat="55.74318300000005" lon="37.63626199999994">
    </rtept>
    <rtept lat="55.743078000000054" lon="37.63635799999994">
    </rtept>
    <rtept lat="55.74253600000005" lon="37.636856999999935">
    </rtept>
    <rtept lat="55.74225200000005" lon="37.637093999999934">
    </rtept>
    <rtept lat="55.74204100000005" lon="37.637247999999936">
    </rtept>
    <rtept lat="55.74171900000005" lon="37.63745199999993">
    </rtept>
    <rtept lat="55.74122400000005" lon="37.63775899999993">
    </rtept>
    <rtept lat="55.74110300000005" lon="37.63783499999993">
    </rtept>
    <rtept lat="55.740494000000055" lon="37.638213999999934">
    </rtept>
    <rtept lat="55.74029200000005" lon="37.638314999999935">
    </rtept>
    <rtept lat="55.740137000000054" lon="37.63837499999993">
    </rtept>
    <rtept lat="55.74001100000005" lon="37.63841199999993">
    </rtept>
    <rtept lat="55.73987900000005" lon="37.63844499999993">
    </rtept>
    <rtept lat="55.73985700000005" lon="37.63844799999993">
    </rtept>
    <rtept lat="55.73906700000005" lon="37.63858299999993">
    </rtept>
    <rtept lat="55.73859300000005" lon="37.638660999999935">
    </rtept>
    <rtept lat="55.73834500000005" lon="37.638722999999935">
    </rtept>
    <rtept lat="55.73817900000005" lon="37.63876899999993">
    </rtept>
    <rtept lat="55.738105000000054" lon="37.638792999999936">
    </rtept>
    <rtept lat="55.737767000000055" lon="37.638899999999936">
    </rtept>
    <rtept lat="55.73765600000006" lon="37.638941999999936">
    </rtept>
    <rtept lat="55.73761600000006" lon="37.63896899999994">
    </rtept>
    <rtept lat="55.73746500000006" lon="37.63902799999994">
    </rtept>
    <rtept lat="55.73713800000006" lon="37.639183999999936">
    </rtept>
    <rtept lat="55.73688400000006" lon="37.639324999999936">
    </rtept>
    <rtept lat="55.73683800000006" lon="37.63933799999994">
    </rtept>
    <rtept lat="55.73679300000006" lon="37.63936299999994">
    </rtept>
    <rtept lat="55.73669500000006" lon="37.639428999999936">
    </rtept>
    <rtept lat="55.73667000000006" lon="37.63944699999993">
    </rtept>
    <rtept lat="55.736663000000064" lon="37.639411999999936">
    </rtept>
    <rtept lat="55.73665800000006" lon="37.63938899999994">
    </rtept>
    <rtept lat="55.736651000000066" lon="37.639352999999936">
    </rtept>
    <rtept lat="55.73664200000007" lon="37.639305999999934">
    </rtept>
    <rtept lat="55.736536000000065" lon="37.639369999999936">
    </rtept>
    <rtept lat="55.73646700000006" lon="37.639411999999936">
    </rtept>
    <rtept lat="55.73634600000006" lon="37.63948499999994">
    </rtept>
    <rtept lat="55.73621500000006" lon="37.639563999999936">
    </rtept>
    <rtept lat="55.73592300000006" lon="37.63974599999994">
    </rtept>
    <rtept lat="55.73552300000006" lon="37.63999399999994">
    </rtept>
    <rtept lat="55.73535600000006" lon="37.64009699999994">
    </rtept>
    <rtept lat="55.73468800000006" lon="37.64051899999994">
    </rtept>
    <rtept lat="55.734620000000064" lon="37.64055599999994">
    </rtept>
    <rtept lat="55.734437000000064" lon="37.64068199999994">
    </rtept>
    <rtept lat="55.73415700000007" lon="37.64085699999994">
    </rtept>
    <rtept lat="55.734054000000064" lon="37.64092099999994">
    </rtept>
    <rtept lat="55.733885000000065" lon="37.64102599999994">
    </rtept>
    <rtept lat="55.733840000000065" lon="37.64105499999994">
    </rtept>
    <rtept lat="55.733722000000064" lon="37.641153999999936">
    </rtept>
    <rtept lat="55.73343900000006" lon="37.641320999999934">
    </rtept>
    <rtept lat="55.73341200000006" lon="37.641336999999936">
    </rtept>
    <rtept lat="55.73331800000006" lon="37.64109399999994">
    </rtept>
    <rtept lat="55.733269000000064" lon="37.64101599999994">
    </rtept>
    <rtept lat="55.733164000000066" lon="37.640821999999936">
    </rtept>
    <rtept lat="55.733077000000065" lon="37.640664999999935">
    </rtept>
    <rtept lat="55.733007000000065" lon="37.64053899999993">
    </rtept>
    <rtept lat="55.73294100000007" lon="37.64041299999993">
    </rtept>
    <rtept lat="55.73280600000007" lon="37.64010599999993">
    </rtept>
    <rtept lat="55.73278500000007" lon="37.64005899999993">
    </rtept>
    <rtept lat="55.73274400000007" lon="37.64000699999993">
    </rtept>
    <rtept lat="55.73261400000007" lon="37.63984199999993">
    </rtept>
    <rtept lat="55.73255400000007" lon="37.63973799999993">
    </rtept>
    <rtept lat="55.732505000000074" lon="37.63965099999993">
    </rtept>
    <rtept lat="55.732437000000075" lon="37.63955899999993">
    </rtept>
    <rtept lat="55.73243500000007" lon="37.639525999999925">
    </rtept>
    <rtept lat="55.732437000000075" lon="37.63955899999993">
    </rtept>
    <rtept lat="55.732505000000074" lon="37.63965099999993">
    </rtept>
    <rtept lat="55.73255400000007" lon="37.63973799999993">
    </rtept>
    <rtept lat="55.73261400000007" lon="37.63984199999993">
    </rtept>
    <rtept lat="55.73274400000007" lon="37.64000699999993">
    </rtept>
    <rtept lat="55.73278500000007" lon="37.64005899999993">
    </rtept>
    <rtept lat="55.73280600000007" lon="37.64010599999993">
    </rtept>
    <rtept lat="55.73294100000007" lon="37.64041299999993">
    </rtept>
    <rtept lat="55.733007000000065" lon="37.64053899999993">
    </rtept>
    <rtept lat="55.733077000000065" lon="37.640664999999935">
    </rtept>
    <rtept lat="55.733164000000066" lon="37.640821999999936">
    </rtept>
    <rtept lat="55.733269000000064" lon="37.64101599999994">
    </rtept>
    <rtept lat="55.73331800000006" lon="37.64109399999994">
    </rtept>
    <rtept lat="55.73341200000006" lon="37.641336999999936">
    </rtept>
    <rtept lat="55.733419000000055" lon="37.64137499999994">
    </rtept>
    <rtept lat="55.733439000000054" lon="37.64143299999994">
    </rtept>
    <rtept lat="55.733461000000055" lon="37.64148999999994">
    </rtept>
    <rtept lat="55.73346800000005" lon="37.64150499999994">
    </rtept>
    <rtept lat="55.73348500000005" lon="37.64153799999994">
    </rtept>
    <rtept lat="55.733737000000055" lon="37.64200999999994">
    </rtept>
    <rtept lat="55.73376600000005" lon="37.64205799999994">
    </rtept>
    <rtept lat="55.733793000000055" lon="37.642087999999944">
    </rtept>
    <rtept lat="55.73380300000006" lon="37.64210099999995">
    </rtept>
    <rtept lat="55.73382600000006" lon="37.642152999999944">
    </rtept>
    <rtept lat="55.73385600000006" lon="37.642219999999945">
    </rtept>
    <rtept lat="55.73386800000006" lon="37.642244999999946">
    </rtept>
    <rtept lat="55.73396800000006" lon="37.64241799999994">
    </rtept>
    <rtept lat="55.733992000000065" lon="37.64245499999994">
    </rtept>
    <rtept lat="55.73401500000006" lon="37.642484999999944">
    </rtept>
    <rtept lat="55.73403800000006" lon="37.64250799999994">
    </rtept>
    <rtept lat="55.73406300000006" lon="37.64252599999994">
    </rtept>
    <rtept lat="55.73410300000006" lon="37.64255499999994">
    </rtept>
    <rtept lat="55.73412900000006" lon="37.642572999999935">
    </rtept>
    <rtept lat="55.73414800000006" lon="37.64258899999994">
    </rtept>
    <rtept lat="55.73419900000006" lon="37.64263399999994">
    </rtept>
    <rtept lat="55.73432400000006" lon="37.64274399999994">
    </rtept>
    <rtept lat="55.73456300000006" lon="37.643000999999934">
    </rtept>
    <rtept lat="55.73461800000006" lon="37.643098999999935">
    </rtept>
    <rtept lat="55.734634000000064" lon="37.643132999999935">
    </rtept>
    <rtept lat="55.734645000000064" lon="37.643155999999934">
    </rtept>
    <rtept lat="55.73466900000007" lon="37.643211999999934">
    </rtept>
    <rtept lat="55.73468500000007" lon="37.64323299999993">
    </rtept>
    <rtept lat="55.73466100000007" lon="37.64327999999993">
    </rtept>
    <rtept lat="55.73462900000007" lon="37.64334799999993">
    </rtept>
    <rtept lat="55.73459200000007" lon="37.643416999999936">
    </rtept>
    <rtept lat="55.734571000000074" lon="37.64345799999994">
    </rtept>
    <rtept lat="55.73455800000007" lon="37.64348299999994">
    </rtept>
    <rtept lat="55.734509000000074" lon="37.643413999999936">
    </rtept>
    <rtept lat="55.73449600000007" lon="37.64340799999994">
    </rtept>
    <rtept lat="55.73449000000007" lon="37.643411999999934">
    </rtept>
    <rtept lat="55.73448500000007" lon="37.64342099999993">
    </rtept>
    <rtept lat="55.73448200000007" lon="37.643430999999936">
    </rtept>
    <rtept lat="55.73448100000007" lon="37.64344399999994">
    </rtept>
    <rtept lat="55.73448200000007" lon="37.64345499999994">
    </rtept>
    <rtept lat="55.734495000000074" lon="37.64348299999994">
    </rtept>
    <rtept lat="55.73579100000008" lon="37.645352999999936">
    </rtept>
    <rtept lat="55.73590900000008" lon="37.64551799999994">
    </rtept>
    <rtept lat="55.73592200000008" lon="37.64553499999994">
    </rtept>
    <rtept lat="55.73596600000008" lon="37.64559899999994">
    </rtept>
    <rtept lat="55.73607700000008" lon="37.64575799999994">
    </rtept>
    <rtept lat="55.73614500000008" lon="37.64585299999994">
    </rtept>
    <rtept lat="55.73620200000008" lon="37.645932999999935">
    </rtept>
    <rtept lat="55.736267000000076" lon="37.646031999999934">
    </rtept>
    <rtept lat="55.73633600000008" lon="37.64612899999993">
    </rtept>
    <rtept lat="55.73754900000008" lon="37.64787699999993">
    </rtept>
    <rtept lat="55.73761200000008" lon="37.64796899999993">
    </rtept>
    <rtept lat="55.73768700000008" lon="37.648077999999934">
    </rtept>
    <rtept lat="55.73775100000008" lon="37.648169999999936">
    </rtept>
    <rtept lat="55.737792000000084" lon="37.648229999999934">
    </rtept>
    <rtept lat="55.737916000000084" lon="37.64840899999994">
    </rtept>
    <rtept lat="55.73794500000008" lon="37.64844999999994">
    </rtept>
    <rtept lat="55.73798000000008" lon="37.64849899999994">
    </rtept>
    <rtept lat="55.73798200000008" lon="37.648502999999934">
    </rtept>
    <rtept lat="55.73801200000008" lon="37.64854399999994">
    </rtept>
    <rtept lat="55.73823000000008" lon="37.64885499999994">
    </rtept>
    <rtept lat="55.73867900000008" lon="37.649486999999944">
    </rtept>
    <rtept lat="55.73892800000008" lon="37.64985599999994">
    </rtept>
    <rtept lat="55.73911200000008" lon="37.650124999999946">
    </rtept>
    <rtept lat="55.73912800000008" lon="37.650147999999945">
    </rtept>
    <rtept lat="55.73914300000008" lon="37.65015999999994">
    </rtept>
    <rtept lat="55.73915700000008" lon="37.65016099999994">
    </rtept>
    <rtept lat="55.739169000000075" lon="37.650153999999944">
    </rtept>
    <rtept lat="55.73917900000008" lon="37.650133999999944">
    </rtept>
    <rtept lat="55.739197000000075" lon="37.65009499999994">
    </rtept>
    <rtept lat="55.73923800000008" lon="37.65001899999994">
    </rtept>
    <rtept lat="55.73925400000008" lon="37.64998099999994">
    </rtept>
    <rtept lat="55.73927300000008" lon="37.64993899999994">
    </rtept>
    <rtept lat="55.73929300000008" lon="37.64989199999994">
    </rtept>
    <rtept lat="55.73933600000008" lon="37.649793999999936">
    </rtept>
    <rtept lat="55.73952700000008" lon="37.65007799999994">
    </rtept>
    <rtept lat="55.73961200000008" lon="37.65020099999994">
    </rtept>
    <rtept lat="55.740103000000076" lon="37.65090599999994">
    </rtept>
    <rtept lat="55.74029900000008" lon="37.65118599999994">
    </rtept>
    <rtept lat="55.74040500000008" lon="37.65133799999994">
    </rtept>
    <rtept lat="55.74044100000008" lon="37.65141399999994">
    </rtept>
    <rtept lat="55.74045600000008" lon="37.651400999999936">
    </rtept>
    <rtept lat="55.74046700000008" lon="37.651426999999934">
    </rtept>
    <rtept lat="55.74050100000008" lon="37.651493999999936">
    </rtept>
    <rtept lat="55.74058000000008" lon="37.651659999999936">
    </rtept>
    <rtept lat="55.74063800000008" lon="37.65177699999994">
    </rtept>
    <rtept lat="55.740648000000085" lon="37.65179399999994">
    </rtept>
    <rtept lat="55.74066700000009" lon="37.65172599999994">
    </rtept>
    <rtept lat="55.74068300000009" lon="37.65168299999994">
    </rtept>
    <rtept lat="55.74071400000009" lon="37.65162999999994">
    </rtept>
    <rtept lat="55.74074400000009" lon="37.65159399999994">
    </rtept>
    <rtept lat="55.74071900000009" lon="37.65152699999994">
    </rtept>
    <rtept lat="55.74074400000009" lon="37.65159399999994">
    </rtept>
    <rtept lat="55.74074900000009" lon="37.65158799999994">
    </rtept>
    <rtept lat="55.741038000000096" lon="37.65130199999994">
    </rtept>
    <rtept lat="55.741280000000096" lon="37.651066999999934">
    </rtept>
    <rtept lat="55.7412930000001" lon="37.651057999999935">
    </rtept>
    <rtept lat="55.7413010000001" lon="37.65105699999994">
    </rtept>
    <rtept lat="55.7413090000001" lon="37.65105899999994">
    </rtept>
    <rtept lat="55.741350000000104" lon="37.65101899999994">
    </rtept>
    <rtept lat="55.741395000000104" lon="37.65097099999994">
    </rtept>
    <rtept lat="55.7417640000001" lon="37.65059199999994">
    </rtept>
    <rtept lat="55.7418800000001" lon="37.65047899999994">
    </rtept>
    <rtept lat="55.7420270000001" lon="37.65033999999994">
    </rtept>
    <rtept lat="55.7421620000001" lon="37.65020299999994">
    </rtept>
    <rtept lat="55.7421590000001" lon="37.65019299999994">
    </rtept>
    <rtept lat="55.7421330000001" lon="37.65011399999994">
    </rtept>
    <rtept lat="55.7421060000001" lon="37.65002999999994">
    </rtept>
    <rtept lat="55.7421000000001" lon="37.65000999999994">
    </rtept>
    <rtept lat="55.7421110000001" lon="37.65000099999994">
    </rtept>
    <rtept lat="55.7421420000001" lon="37.64997199999994">
    </rtept>
    <rtept lat="55.7421720000001" lon="37.64994799999994">
    </rtept>
    <rtept lat="55.74224100000011" lon="37.64989399999994">
    </rtept>
    <rtept lat="55.742295000000105" lon="37.64985799999994">
    </rtept>
    <rtept lat="55.7429690000001" lon="37.649309999999936">
    </rtept>
    <rtept lat="55.743711000000104" lon="37.64869799999994">
    </rtept>
    <rtept lat="55.743992000000105" lon="37.64846499999994">
    </rtept>
    <rtept lat="55.744029000000104" lon="37.648437999999935">
    </rtept>
    <rtept lat="55.74405900000011" lon="37.648414999999936">
    </rtept>
    <rtept lat="55.7440660000001" lon="37.64841099999994">
    </rtept>
    <rtept lat="55.7440940000001" lon="37.64839199999994">
    </rtept>
    <rtept lat="55.7441990000001" lon="37.648324999999936">
    </rtept>
    <rtept lat="55.7442150000001" lon="37.64831499999993">
    </rtept>
    <rtept lat="55.7442630000001" lon="37.64825899999993">
    </rtept>
    <rtept lat="55.744344000000105" lon="37.64810199999993">
    </rtept>
    <rtept lat="55.744440000000104" lon="37.64787299999993">
    </rtept>
    <rtept lat="55.7444660000001" lon="37.647812999999935">
    </rtept>
    <rtept lat="55.7444840000001" lon="37.64783699999994">
    </rtept>
    <rtept lat="55.7445270000001" lon="37.64788699999994">
    </rtept>
    <rtept lat="55.7445690000001" lon="37.64793699999994">
    </rtept>
    <rtept lat="55.7446830000001" lon="37.64767599999994">
    </rtept>
    <rtept lat="55.7447280000001" lon="37.64757599999994">
    </rtept>
    <rtept lat="55.7448560000001" lon="37.64733399999994">
    </rtept>
    <rtept lat="55.7448720000001" lon="37.647306999999934">
    </rtept>
    <rtept lat="55.7449360000001" lon="37.647199999999934">
    </rtept>
    <rtept lat="55.7450750000001" lon="37.646965999999935">
    </rtept>
    <rtept lat="55.7451690000001" lon="37.64684599999993">
    </rtept>
    <rtept lat="55.74526600000009" lon="37.64672899999993">
    </rtept>
    <rtept lat="55.74535100000009" lon="37.64663499999993">
    </rtept>
    <rtept lat="55.74541600000009" lon="37.64655299999993">
    </rtept>
    <rtept lat="55.745533000000094" lon="37.64641799999993">
    </rtept>
    <rtept lat="55.74555400000009" lon="37.646405999999935">
    </rtept>
    <rtept lat="55.74557300000009" lon="37.646394999999934">
    </rtept>
    <rtept lat="55.745603000000095" lon="37.64636299999994">
    </rtept>
    <rtept lat="55.745628000000096" lon="37.646332999999935">
    </rtept>
    <rtept lat="55.7456220000001" lon="37.64625899999994">
    </rtept>
    <rtept lat="55.745628000000096" lon="37.646332999999935">
    </rtept>
    <rtept lat="55.745634000000095" lon="37.64632499999993">
    </rtept>
    <rtept lat="55.7456980000001" lon="37.64656699999993">
    </rtept>
    <rtept lat="55.7459280000001" lon="37.647505999999936">
    </rtept>
    <rtept lat="55.7460720000001" lon="37.648037999999936">
    </rtept>
    <rtept lat="55.7461470000001" lon="37.647964999999935">
    </rtept>
    <rtept lat="55.7461630000001" lon="37.64801999999994">
    </rtept>
    <rtept lat="55.746176000000105" lon="37.64806199999994">
    </rtept>
    <rtept lat="55.7462050000001" lon="37.64814999999994">
    </rtept>
    <rtept lat="55.7462140000001" lon="37.648181999999935">
    </rtept>
    <rtept lat="55.7463670000001" lon="37.64801699999993">
    </rtept>
    <rtept lat="55.7467110000001" lon="37.64764899999993">
    </rtept>
    <rtept lat="55.746898000000094" lon="37.64746199999993">
    </rtept>
    <rtept lat="55.74718900000009" lon="37.64716799999994">
    </rtept>
    <rtept lat="55.74734900000009" lon="37.646993999999935">
    </rtept>
    <rtept lat="55.74751300000009" lon="37.64683499999994">
    </rtept>
    <rtept lat="55.74750000000009" lon="37.64679199999994">
    </rtept>
    <rtept lat="55.74751300000009" lon="37.64683499999994">
    </rtept>
    <rtept lat="55.74772900000009" lon="37.64662599999994">
    </rtept>
    <rtept lat="55.74775200000009" lon="37.646618999999944">
    </rtept>
    <rtept lat="55.74778600000009" lon="37.646623999999946">
    </rtept>
    <rtept lat="55.747810000000094" lon="37.646638999999944">
    </rtept>
    <rtept lat="55.74782200000009" lon="37.64665099999994">
    </rtept>
    <rtept lat="55.74785300000009" lon="37.64668299999994">
    </rtept>
    <rtept lat="55.74792900000009" lon="37.64680599999994">
    </rtept>
    <rtept lat="55.74801900000009" lon="37.64693899999994">
    </rtept>
    <rtept lat="55.748088000000095" lon="37.64699999999994">
    </rtept>
    <rtept lat="55.7481210000001" lon="37.64702799999994">
    </rtept>
    <rtept lat="55.748144000000096" lon="37.647043999999944">
    </rtept>
    <rtept lat="55.748161000000096" lon="37.647057999999944">
    </rtept>
    <rtept lat="55.748178000000095" lon="37.64707299999994">
    </rtept>
    <rtept lat="55.748195000000095" lon="37.64708699999994">
    </rtept>
    <rtept lat="55.748246000000094" lon="37.647127999999945">
    </rtept>
    <rtept lat="55.74829200000009" lon="37.647164999999944">
    </rtept>
    <rtept lat="55.74835700000009" lon="37.64721899999994">
    </rtept>
    <rtept lat="55.74836800000009" lon="37.647226999999944">
    </rtept>
    <rtept lat="55.74841000000009" lon="37.647259999999946">
    </rtept>
    <rtept lat="55.748451000000095" lon="37.64729299999995">
    </rtept>
    <rtept lat="55.7484750000001" lon="37.647310999999945">
    </rtept>
    <rtept lat="55.7484980000001" lon="37.647321999999946">
    </rtept>
    <rtept lat="55.7486530000001" lon="37.64735999999995">
    </rtept>
    <rtept lat="55.7487590000001" lon="37.64737999999995">
    </rtept>
    <rtept lat="55.748842000000096" lon="37.64739599999995">
    </rtept>
    <rtept lat="55.748839000000096" lon="37.64729199999995">
    </rtept>
    <rtept lat="55.7488380000001" lon="37.64725499999995">
    </rtept>
    <rtept lat="55.7488340000001" lon="37.64722099999995">
    </rtept>
    <rtept lat="55.7488260000001" lon="37.647174999999955">
    </rtept>
    <rtept lat="55.7488200000001" lon="37.64713699999995">
    </rtept>
    <rtept lat="55.7488080000001" lon="37.64706499999995">
    </rtept>
    <rtept lat="55.7488370000001" lon="37.647048999999946">
    </rtept>
    <rtept lat="55.7488650000001" lon="37.647032999999944">
    </rtept>
    <rtept lat="55.7488940000001" lon="37.647015999999944">
    </rtept>
    <rtept lat="55.7489650000001" lon="37.64697399999994">
    </rtept>
    <rtept lat="55.7490270000001" lon="37.64731299999994">
    </rtept>
    <rtept lat="55.749135000000095" lon="37.64786199999994">
    </rtept>
    <rtept lat="55.7492440000001" lon="37.64859999999994">
    </rtept>
    <rtept lat="55.7492370000001" lon="37.64846499999994">
    </rtept>
    <rtept lat="55.7492260000001" lon="37.648321999999936">
    </rtept>
    <rtept lat="55.7492070000001" lon="37.648147999999935">
    </rtept>
    <rtept lat="55.7491720000001" lon="37.647885999999936">
    </rtept>
    <rtept lat="55.7491330000001" lon="37.647638999999934">
    </rtept>
    <rtept lat="55.7487900000001" lon="37.64576299999993">
    </rtept>
    <rtept lat="55.7488010000001" lon="37.64575699999993">
    </rtept>
    <rtept lat="55.7487900000001" lon="37.64576299999993">
    </rtept>
    <rtept lat="55.7487700000001" lon="37.64565099999993">
    </rtept>
    <rtept lat="55.7491330000001" lon="37.64763899999993">
    </rtept>
    <rtept lat="55.7491720000001" lon="37.64788599999993">
    </rtept>
    <rtept lat="55.7492070000001" lon="37.64814799999993">
    </rtept>
    <rtept lat="55.7492260000001" lon="37.64832199999993">
    </rtept>
    <rtept lat="55.7492370000001" lon="37.64846499999993">
    </rtept>
    <rtept lat="55.7492440000001" lon="37.64859999999993">
    </rtept>
    <rtept lat="55.749135000000095" lon="37.64786199999993">
    </rtept>
    <rtept lat="55.7490270000001" lon="37.64731299999993">
    </rtept>
    <rtept lat="55.7489650000001" lon="37.646973999999936">
    </rtept>
    <rtept lat="55.7487960000001" lon="37.64597199999994">
    </rtept>
    <rtept lat="55.7487840000001" lon="37.645915999999936">
    </rtept>
    <rtept lat="55.7487720000001" lon="37.645873999999935">
    </rtept>
    <rtept lat="55.7487530000001" lon="37.645817999999935">
    </rtept>
    <rtept lat="55.7487160000001" lon="37.64574899999993">
    </rtept>
    <rtept lat="55.7487410000001" lon="37.64569599999993">
    </rtept>
    <rtept lat="55.7487520000001" lon="37.64567699999993">
    </rtept>
    <rtept lat="55.7487700000001" lon="37.64565099999993">
    </rtept>
    <rtept lat="55.7489840000001" lon="37.64532299999993">
    </rtept>
    <rtept lat="55.7489970000001" lon="37.645308999999926">
    </rtept>
    <rtept lat="55.749007000000105" lon="37.64530199999993">
    </rtept>
    <rtept lat="55.749021000000106" lon="37.64529399999993">
    </rtept>
    <rtept lat="55.749359000000105" lon="37.64711399999993">
    </rtept>
    <rtept lat="55.7493630000001" lon="37.64713299999993">
    </rtept>
    <rtept lat="55.749376000000105" lon="37.647317999999935">
    </rtept>
    <rtept lat="55.749413000000104" lon="37.647536999999936">
    </rtept>
    <rtept lat="55.749455000000104" lon="37.647840999999936">
    </rtept>
    <rtept lat="55.749486000000104" lon="37.64813599999994">
    </rtept>
    <rtept lat="55.74953000000011" lon="37.64863099999994">
    </rtept>
    <rtept lat="55.7495370000001" lon="37.64871499999994">
    </rtept>
    <rtept lat="55.7495690000001" lon="37.64912799999994">
    </rtept>
    <rtept lat="55.7496800000001" lon="37.65051499999994">
    </rtept>
    <rtept lat="55.7498770000001" lon="37.65298899999994">
    </rtept>
    <rtept lat="55.7499220000001" lon="37.65359999999994">
    </rtept>
    <rtept lat="55.7499330000001" lon="37.65371799999994">
    </rtept>
    <rtept lat="55.7500110000001" lon="37.65434599999994">
    </rtept>
    <rtept lat="55.7500990000001" lon="37.65494799999994">
    </rtept>
    <rtept lat="55.750145000000096" lon="37.65521199999994">
    </rtept>
    <rtept lat="55.750221000000096" lon="37.65560399999994">
    </rtept>
    <rtept lat="55.750258000000095" lon="37.65578699999994">
    </rtept>
    <rtept lat="55.75029300000009" lon="37.65598399999994">
    </rtept>
    <rtept lat="55.75032900000009" lon="37.65615399999994">
    </rtept>
    <rtept lat="55.75043100000009" lon="37.656613999999934">
    </rtept>
    <rtept lat="55.75050700000009" lon="37.657006999999936">
    </rtept>
    <rtept lat="55.75053900000009" lon="37.657192999999936">
    </rtept>
    <rtept lat="55.75056600000009" lon="37.657369999999936">
    </rtept>
    <rtept lat="55.75058700000009" lon="37.65757999999994">
    </rtept>
    <rtept lat="55.75060000000009" lon="37.65774899999994">
    </rtept>
    <rtept lat="55.75061200000009" lon="37.65794399999994">
    </rtept>
    <rtept lat="55.75061700000009" lon="37.65815099999994">
    </rtept>
    <rtept lat="55.75061500000009" lon="37.65837499999994">
    </rtept>
    <rtept lat="55.75058900000009" lon="37.65871299999994">
    </rtept>
    <rtept lat="55.75059100000009" lon="37.65876699999994">
    </rtept>
    <rtept lat="55.75060000000009" lon="37.658838999999944">
    </rtept>
    <rtept lat="55.75060100000009" lon="37.65886499999994">
    </rtept>
    <rtept lat="55.750599000000086" lon="37.65889099999994">
    </rtept>
    <rtept lat="55.75057200000008" lon="37.65919199999994">
    </rtept>
    <rtept lat="55.75054400000008" lon="37.65941499999994">
    </rtept>
    <rtept lat="55.750459000000085" lon="37.66006599999994">
    </rtept>
    <rtept lat="55.750355000000084" lon="37.66139299999994">
    </rtept>
    <rtept lat="55.750329000000086" lon="37.66168899999994">
    </rtept>
    <rtept lat="55.750296000000084" lon="37.661889999999936">
    </rtept>
    <rtept lat="55.750273000000085" lon="37.66200499999994">
    </rtept>
    <rtept lat="55.750248000000084" lon="37.662112999999934">
    </rtept>
    <rtept lat="55.750194000000086" lon="37.662311999999936">
    </rtept>
    <rtept lat="55.75012300000009" lon="37.66254199999994">
    </rtept>
    <rtept lat="55.75004100000009" lon="37.66276299999994">
    </rtept>
    <rtept lat="55.74994500000009" lon="37.66298599999994">
    </rtept>
    <rtept lat="55.74990500000009" lon="37.663068999999936">
    </rtept>
    <rtept lat="55.749839000000094" lon="37.663190999999934">
    </rtept>
    <rtept lat="55.74974700000009" lon="37.66334399999993">
    </rtept>
    <rtept lat="55.74963400000009" lon="37.66350299999993">
    </rtept>
    <rtept lat="55.74950500000009" lon="37.66366899999993">
    </rtept>
    <rtept lat="55.74890800000009" lon="37.664381999999925">
    </rtept>
    <rtept lat="55.74892900000009" lon="37.66443999999993">
    </rtept>
    <rtept lat="55.748947000000086" lon="37.664488999999925">
    </rtept>
    <rtept lat="55.748965000000084" lon="37.66453799999992">
    </rtept>
    <rtept lat="55.748987000000085" lon="37.66459699999992">
    </rtept>
    <rtept lat="55.74894100000009" lon="37.66473599999992">
    </rtept>
    <rtept lat="55.74887000000009" lon="37.66493599999992">
    </rtept>
    <rtept lat="55.74879900000009" lon="37.66512499999992">
    </rtept>
    <rtept lat="55.748702000000094" lon="37.665446999999915">
    </rtept>
    <rtept lat="55.74869100000009" lon="37.665491999999915">
    </rtept>
    <rtept lat="55.748687000000096" lon="37.66553299999992">
    </rtept>
    <rtept lat="55.7486840000001" lon="37.66556599999992">
    </rtept>
    <rtept lat="55.748685000000094" lon="37.66560299999992">
    </rtept>
    <rtept lat="55.74869100000009" lon="37.66562999999992">
    </rtept>
    <rtept lat="55.7486250000001" lon="37.66568399999992">
    </rtept>
    <rtept lat="55.748606000000095" lon="37.66570199999992">
    </rtept>
    <rtept lat="55.748600000000096" lon="37.66571499999992">
    </rtept>
    <rtept lat="55.748600000000096" lon="37.66572799999992">
    </rtept>
    <rtept lat="55.74862100000009" lon="37.66580399999992">
    </rtept>
    <rtept lat="55.748634000000095" lon="37.665853999999925">
    </rtept>
    <rtept lat="55.74863800000009" lon="37.665864999999926">
    </rtept>
    <rtept lat="55.74862900000009" lon="37.665881999999925">
    </rtept>
    <rtept lat="55.74863000000009" lon="37.665895999999925">
    </rtept>
    <rtept lat="55.74863600000009" lon="37.665932999999924">
    </rtept>
    <rtept lat="55.74865400000009" lon="37.66601299999992">
    </rtept>
    <rtept lat="55.74871900000009" lon="37.666267999999924">
    </rtept>
    <rtept lat="55.748798000000086" lon="37.666562999999925">
    </rtept>
    <rtept lat="55.74883000000008" lon="37.666689999999925">
    </rtept>
    <rtept lat="55.74883700000008" lon="37.666745999999925">
    </rtept>
    <rtept lat="55.74885400000008" lon="37.666801999999926">
    </rtept>
    <rtept lat="55.74886800000008" lon="37.666846999999926">
    </rtept>
    <rtept lat="55.74887700000008" lon="37.66687699999993">
    </rtept>
    <rtept lat="55.748850000000076" lon="37.66690199999993">
    </rtept>
    <rtept lat="55.74883800000008" lon="37.66692399999993">
    </rtept>
    <rtept lat="55.748836000000075" lon="37.66694199999993">
    </rtept>
    <rtept lat="55.74883800000008" lon="37.66696199999993">
    </rtept>
    <rtept lat="55.74884800000008" lon="37.666993999999924">
    </rtept>
    <rtept lat="55.74886300000008" lon="37.66703799999993">
    </rtept>
    <rtept lat="55.74889300000008" lon="37.667091999999926">
    </rtept>
    <rtept lat="55.74891900000008" lon="37.667136999999926">
    </rtept>
    <rtept lat="55.74899800000008" lon="37.66724599999993">
    </rtept>
    <rtept lat="55.74901800000008" lon="37.667271999999926">
    </rtept>
    <rtept lat="55.74906000000008" lon="37.66732999999993">
    </rtept>
    <rtept lat="55.749092000000076" lon="37.66737499999993">
    </rtept>
    <rtept lat="55.74911600000008" lon="37.66739899999993">
    </rtept>
    <rtept lat="55.74913500000008" lon="37.66740999999993">
    </rtept>
    <rtept lat="55.74914900000008" lon="37.66741299999993">
    </rtept>
    <rtept lat="55.749162000000084" lon="37.66741299999993">
    </rtept>
    <rtept lat="55.74917400000008" lon="37.66740699999993">
    </rtept>
    <rtept lat="55.74918800000008" lon="37.66739699999993">
    </rtept>
    <rtept lat="55.74920300000008" lon="37.66743799999993">
    </rtept>
    <rtept lat="55.74921800000008" lon="37.66748099999993">
    </rtept>
    <rtept lat="55.74922800000008" lon="37.667510999999934">
    </rtept>
    <rtept lat="55.74923500000008" lon="37.667529999999935">
    </rtept>
    <rtept lat="55.74925400000008" lon="37.66753099999993">
    </rtept>
    <rtept lat="55.74927700000008" lon="37.66753199999993">
    </rtept>
    <rtept lat="55.74930700000008" lon="37.66753199999993">
    </rtept>
    <rtept lat="55.74935300000008" lon="37.66753299999993">
    </rtept>
    <rtept lat="55.74937700000008" lon="37.667612999999925">
    </rtept>
    <rtept lat="55.74939500000008" lon="37.667660999999924">
    </rtept>
    <rtept lat="55.749413000000075" lon="37.667696999999926">
    </rtept>
    <rtept lat="55.749559000000076" lon="37.667910999999926">
    </rtept>
    <rtept lat="55.74967600000008" lon="37.66811499999992">
    </rtept>
    <rtept lat="55.74974600000008" lon="37.668234999999925">
    </rtept>
    <rtept lat="55.75012700000008" lon="37.66885199999992">
    </rtept>
    <rtept lat="55.75027000000008" lon="37.669084999999924">
    </rtept>
    <rtept lat="55.75039700000008" lon="37.66927499999993">
    </rtept>
    <rtept lat="55.750454000000076" lon="37.669348999999926">
    </rtept>
    <rtept lat="55.750634000000076" lon="37.66958499999993">
    </rtept>
    <rtept lat="55.750711000000074" lon="37.66968199999992">
    </rtept>
    <rtept lat="55.751037000000075" lon="37.67005199999992">
    </rtept>
    <rtept lat="55.751175000000075" lon="37.67020499999992">
    </rtept>
    <rtept lat="55.75126300000007" lon="37.67030799999992">
    </rtept>
    <rtept lat="55.75133600000007" lon="37.67040299999992">
    </rtept>
    <rtept lat="55.751448000000075" lon="37.67054399999992">
    </rtept>
    <rtept lat="55.75156500000008" lon="37.67068699999992">
    </rtept>
    <rtept lat="55.751901000000075" lon="37.67117399999992">
    </rtept>
    <rtept lat="55.75192400000007" lon="37.67120599999992">
    </rtept>
    <rtept lat="55.752199000000076" lon="37.67160999999992">
    </rtept>
    <rtept lat="55.752388000000074" lon="37.67187499999992">
    </rtept>
    <rtept lat="55.752427000000075" lon="37.67192099999992">
    </rtept>
    <rtept lat="55.75253000000008" lon="37.67204299999992">
    </rtept>
    <rtept lat="55.75256700000008" lon="37.672074999999914">
    </rtept>
    <rtept lat="55.75260600000008" lon="37.67209899999992">
    </rtept>
    <rtept lat="55.752604000000076" lon="37.67212999999992">
    </rtept>
    <rtept lat="55.752605000000074" lon="37.67215499999992">
    </rtept>
    <rtept lat="55.752610000000075" lon="37.67219299999992">
    </rtept>
    <rtept lat="55.752618000000076" lon="37.67222199999992">
    </rtept>
    <rtept lat="55.752636000000074" lon="37.67224699999992">
    </rtept>
    <rtept lat="55.752658000000075" lon="37.67226499999992">
    </rtept>
    <rtept lat="55.752672000000075" lon="37.67232999999992">
    </rtept>
    <rtept lat="55.752658000000075" lon="37.67226499999992">
    </rtept>
    <rtept lat="55.752678000000074" lon="37.67227899999992">
    </rtept>
    <rtept lat="55.752700000000075" lon="37.67229499999992">
    </rtept>
    <rtept lat="55.752717000000075" lon="37.67230199999992">
    </rtept>
    <rtept lat="55.752855000000075" lon="37.67111699999992">
    </rtept>
    <rtept lat="55.75288500000008" lon="37.67082099999992">
    </rtept>
    <rtept lat="55.752903000000074" lon="37.67068099999992">
    </rtept>
    <rtept lat="55.752987000000076" lon="37.669941999999914">
    </rtept>
    <rtept lat="55.75300200000007" lon="37.66982699999991">
    </rtept>
    <rtept lat="55.75300500000007" lon="37.669803999999914">
    </rtept>
    <rtept lat="55.75301900000007" lon="37.66969299999992">
    </rtept>
    <rtept lat="55.753029000000076" lon="37.66961399999992">
    </rtept>
    <rtept lat="55.753058000000074" lon="37.669378999999914">
    </rtept>
    <rtept lat="55.75306200000007" lon="37.669349999999916">
    </rtept>
    <rtept lat="55.75309400000007" lon="37.66916299999992">
    </rtept>
    <rtept lat="55.75309700000007" lon="37.66914599999992">
    </rtept>
    <rtept lat="55.75312200000007" lon="37.66900299999992">
    </rtept>
    <rtept lat="55.753182000000066" lon="37.66869599999992">
    </rtept>
    <rtept lat="55.75325200000007" lon="37.66835499999992">
    </rtept>
    <rtept lat="55.753304000000064" lon="37.66810099999992">
    </rtept>
    <rtept lat="55.75332500000006" lon="37.667998999999924">
    </rtept>
    <rtept lat="55.75337200000006" lon="37.66779099999992">
    </rtept>
    <rtept lat="55.75344500000006" lon="37.66746299999992">
    </rtept>
    <rtept lat="55.753481000000065" lon="37.66724899999992">
    </rtept>
    <rtept lat="55.75349700000007" lon="37.66716599999992">
    </rtept>
    <rtept lat="55.753546000000064" lon="37.66696899999992">
    </rtept>
    <rtept lat="55.75356100000006" lon="37.66692499999992">
    </rtept>
    <rtept lat="55.75358400000006" lon="37.66683699999992">
    </rtept>
    <rtept lat="55.75360200000006" lon="37.66676399999992">
    </rtept>
    <rtept lat="55.75375400000006" lon="37.666886999999925">
    </rtept>
    <rtept lat="55.754166000000055" lon="37.667221999999924">
    </rtept>
    <rtept lat="55.75473300000005" lon="37.667682999999926">
    </rtept>
    <rtept lat="55.75474800000005" lon="37.667696999999926">
    </rtept>
    <rtept lat="55.75479800000005" lon="37.667784999999924">
    </rtept>
    <rtept lat="55.75481700000005" lon="37.66780799999992">
    </rtept>
    <rtept lat="55.754946000000054" lon="37.666877999999926">
    </rtept>
    <rtept lat="55.75501400000005" lon="37.666340999999925">
    </rtept>
    <rtept lat="55.75502300000005" lon="37.66624999999993">
    </rtept>
    <rtept lat="55.75502400000005" lon="37.666193999999926">
    </rtept>
    <rtept lat="55.75501300000005" lon="37.665904999999924">
    </rtept>
    <rtept lat="55.75500600000005" lon="37.665718999999925">
    </rtept>
    <rtept lat="55.75495000000005" lon="37.66435799999992">
    </rtept>
    <rtept lat="55.75495200000005" lon="37.66418199999992">
    </rtept>
    <rtept lat="55.754954000000055" lon="37.664137999999916">
    </rtept>
    <rtept lat="55.75495600000006" lon="37.664129999999915">
    </rtept>
    <rtept lat="55.75497800000006" lon="37.66409799999992">
    </rtept>
    <rtept lat="55.754959000000056" lon="37.66408899999992">
    </rtept>
    <rtept lat="55.75483100000006" lon="37.66378699999992">
    </rtept>
    <rtept lat="55.75469100000006" lon="37.66345199999992">
    </rtept>
    <rtept lat="55.754647000000055" lon="37.66334599999992">
    </rtept>
    <rtept lat="55.754574000000055" lon="37.66317499999992">
    </rtept>
    <rtept lat="55.754554000000056" lon="37.663116999999914">
    </rtept>
    <rtept lat="55.75452700000005" lon="37.663068999999915">
    </rtept>
    <rtept lat="55.75430200000005" lon="37.662663999999914">
    </rtept>
    <rtept lat="55.754284000000055" lon="37.662713999999916">
    </rtept>
    <rtept lat="55.75428300000006" lon="37.662711999999914">
    </rtept>
    <rtept lat="55.754284000000055" lon="37.662713999999916">
    </rtept>
    <rtept lat="55.754273000000055" lon="37.66274599999991">
    </rtept>
    <rtept lat="55.75430200000005" lon="37.662663999999914">
    </rtept>
    <rtept lat="55.75433100000005" lon="37.66240599999991">
    </rtept>
    <rtept lat="55.75434300000005" lon="37.66229599999991">
    </rtept>
    <rtept lat="55.754364000000045" lon="37.66217499999991">
    </rtept>
    <rtept lat="55.754339000000044" lon="37.66216199999991">
    </rtept>
    <rtept lat="55.75445800000004" lon="37.66145599999991">
    </rtept>
    <rtept lat="55.75452100000004" lon="37.66107299999991">
    </rtept>
    <rtept lat="55.75453400000004" lon="37.66100199999991">
    </rtept>
    <rtept lat="55.75458200000004" lon="37.66071199999991">
    </rtept>
    <rtept lat="55.75461700000004" lon="37.66041899999991">
    </rtept>
    <rtept lat="55.75470900000004" lon="37.65964899999991">
    </rtept>
    <rtept lat="55.75472000000004" lon="37.65953999999991">
    </rtept>
    <rtept lat="55.75474100000004" lon="37.659194999999904">
    </rtept>
    <rtept lat="55.75481600000004" lon="37.6583519999999">
    </rtept>
    <rtept lat="55.75487000000004" lon="37.6577749999999">
    </rtept>
    <rtept lat="55.75487000000004" lon="37.657759999999904">
    </rtept>
    <rtept lat="55.75486500000004" lon="37.6577319999999">
    </rtept>
    <rtept lat="55.75486500000004" lon="37.6577189999999">
    </rtept>
    <rtept lat="55.75488200000004" lon="37.6575639999999">
    </rtept>
    <rtept lat="55.75489300000004" lon="37.657514999999904">
    </rtept>
    <rtept lat="55.754905000000036" lon="37.6575189999999">
    </rtept>
    <rtept lat="55.75492900000004" lon="37.6574929999999">
    </rtept>
    <rtept lat="55.755147000000036" lon="37.6575659999999">
    </rtept>
    <rtept lat="55.75515200000004" lon="37.65751399999991">
    </rtept>
    <rtept lat="55.75519700000004" lon="37.657533999999906">
    </rtept>
    <rtept lat="55.75519700000004" lon="37.65753299999991">
    </rtept>
    <rtept lat="55.75519700000004" lon="37.657533999999906">
    </rtept>
    <rtept lat="55.75556200000004" lon="37.65769399999991">
    </rtept>
    <rtept lat="55.75557000000004" lon="37.65769699999991">
    </rtept>
    <rtept lat="55.75560300000004" lon="37.657705999999905">
    </rtept>
    <rtept lat="55.755630000000046" lon="37.65771099999991">
    </rtept>
    <rtept lat="55.755642000000044" lon="37.657713999999906">
    </rtept>
    <rtept lat="55.75581800000005" lon="37.657767999999905">
    </rtept>
    <rtept lat="55.75588600000005" lon="37.6578029999999">
    </rtept>
    <rtept lat="55.75594700000005" lon="37.6578449999999">
    </rtept>
    <rtept lat="55.75598300000005" lon="37.6578429999999">
    </rtept>
    <rtept lat="55.75600800000005" lon="37.6578399999999">
    </rtept>
    <rtept lat="55.75603400000005" lon="37.6578379999999">
    </rtept>
    <rtept lat="55.75604400000005" lon="37.657838999999896">
    </rtept>
    <rtept lat="55.75613100000005" lon="37.657852999999896">
    </rtept>
    <rtept lat="55.756344000000055" lon="37.6578859999999">
    </rtept>
    <rtept lat="55.75651100000005" lon="37.657920999999895">
    </rtept>
    <rtept lat="55.756719000000054" lon="37.657993999999896">
    </rtept>
    <rtept lat="55.756997000000055" lon="37.658055999999895">
    </rtept>
    <rtept lat="55.75703300000006" lon="37.658061999999894">
    </rtept>
    <rtept lat="55.75721500000006" lon="37.65808799999989">
    </rtept>
    <rtept lat="55.75743100000006" lon="37.658100999999895">
    </rtept>
    <rtept lat="55.75762000000006" lon="37.6580779999999">
    </rtept>
    <rtept lat="55.75780900000006" lon="37.658075999999895">
    </rtept>
    <rtept lat="55.75791200000006" lon="37.65808499999989">
    </rtept>
    <rtept lat="55.75828200000006" lon="37.65811699999989">
    </rtept>
    <rtept lat="55.75832700000006" lon="37.65812099999989">
    </rtept>
    <rtept lat="55.758345000000055" lon="37.65812099999989">
    </rtept>
    <rtept lat="55.75843300000005" lon="37.65811199999989">
    </rtept>
    <rtept lat="55.758491000000056" lon="37.65810699999989">
    </rtept>
    <rtept lat="55.75851800000006" lon="37.65810399999989">
    </rtept>
    <rtept lat="55.758553000000056" lon="37.658101999999886">
    </rtept>
    <rtept lat="55.758702000000056" lon="37.65809799999989">
    </rtept>
    <rtept lat="55.759378000000055" lon="37.658067999999886">
    </rtept>
    <rtept lat="55.759679000000055" lon="37.658045999999885">
    </rtept>
    <rtept lat="55.759986000000055" lon="37.658023999999884">
    </rtept>
    <rtept lat="55.76004300000005" lon="37.65801999999989">
    </rtept>
    <rtept lat="55.76019800000005" lon="37.658008999999886">
    </rtept>
    <rtept lat="55.760211000000055" lon="37.65800799999989">
    </rtept>
    <rtept lat="55.760481000000055" lon="37.65798599999989">
    </rtept>
    <rtept lat="55.76053600000006" lon="37.65798299999989">
    </rtept>
    <rtept lat="55.76060700000006" lon="37.65797899999989">
    </rtept>
    <rtept lat="55.76070800000006" lon="37.657971999999894">
    </rtept>
    <rtept lat="55.760799000000056" lon="37.65796699999989">
    </rtept>
    <rtept lat="55.76101200000006" lon="37.65795399999989">
    </rtept>
    <rtept lat="55.761047000000055" lon="37.65794999999989">
    </rtept>
    <rtept lat="55.76108000000006" lon="37.657948999999896">
    </rtept>
    <rtept lat="55.761092000000055" lon="37.6579479999999">
    </rtept>
    <rtept lat="55.76114900000005" lon="37.6579429999999">
    </rtept>
    <rtept lat="55.76146500000005" lon="37.657872999999896">
    </rtept>
    <rtept lat="55.76200000000005" lon="37.6577229999999">
    </rtept>
    <rtept lat="55.76201300000005" lon="37.6577189999999">
    </rtept>
    <rtept lat="55.762035000000054" lon="37.6577099999999">
    </rtept>
    <rtept lat="55.762052000000054" lon="37.657702999999906">
    </rtept>
    <rtept lat="55.762063000000055" lon="37.657697999999904">
    </rtept>
    <rtept lat="55.76240200000005" lon="37.657530999999906">
    </rtept>
    <rtept lat="55.762744000000055" lon="37.65737799999991">
    </rtept>
    <rtept lat="55.762758000000055" lon="37.657381999999906">
    </rtept>
    <rtept lat="55.762775000000055" lon="37.657390999999905">
    </rtept>
    <rtept lat="55.762817000000055" lon="37.657365999999904">
    </rtept>
    <rtept lat="55.76286300000005" lon="37.65734799999991">
    </rtept>
    <rtept lat="55.76311200000005" lon="37.657182999999904">
    </rtept>
    <rtept lat="55.76337600000005" lon="37.657052999999905">
    </rtept>
    <rtept lat="55.76364800000005" lon="37.656917999999905">
    </rtept>
    <rtept lat="55.76373100000005" lon="37.65687799999991">
    </rtept>
    <rtept lat="55.76401700000005" lon="37.65674999999991">
    </rtept>
    <rtept lat="55.76406900000005" lon="37.65671999999991">
    </rtept>
    <rtept lat="55.76410600000005" lon="37.656675999999905">
    </rtept>
    <rtept lat="55.764138000000045" lon="37.6566399999999">
    </rtept>
    <rtept lat="55.764208000000046" lon="37.656560999999904">
    </rtept>
    <rtept lat="55.76425700000004" lon="37.65650899999991">
    </rtept>
    <rtept lat="55.76433100000004" lon="37.656509999999905">
    </rtept>
    <rtept lat="55.76436000000004" lon="37.6564909999999">
    </rtept>
    <rtept lat="55.764499000000036" lon="37.6562799999999">
    </rtept>
    <rtept lat="55.76464800000004" lon="37.6560359999999">
    </rtept>
    <rtept lat="55.764801000000034" lon="37.6557619999999">
    </rtept>
    <rtept lat="55.76575600000003" lon="37.654339999999905">
    </rtept>
    <rtept lat="55.76621800000003" lon="37.653613999999905">
    </rtept>
    <rtept lat="55.76627000000003" lon="37.65355699999991">
    </rtept>
    <rtept lat="55.76630600000003" lon="37.65351199999991">
    </rtept>
    <rtept lat="55.76638700000003" lon="37.653348999999906">
    </rtept>
    <rtept lat="55.76675300000003" lon="37.652803999999904">
    </rtept>
    <rtept lat="55.76704700000003" lon="37.652437999999904">
    </rtept>
    <rtept lat="55.76732400000002" lon="37.6520649999999">
    </rtept>
    <rtept lat="55.767999000000025" lon="37.6511539999999">
    </rtept>
    <rtept lat="55.76832100000002" lon="37.6507229999999">
    </rtept>
    <rtept lat="55.76858500000002" lon="37.6503579999999">
    </rtept>
    <rtept lat="55.768669000000024" lon="37.6502339999999">
    </rtept>
    <rtept lat="55.768674000000026" lon="37.6502289999999">
    </rtept>
    <rtept lat="55.768747000000026" lon="37.6501459999999">
    </rtept>
    <rtept lat="55.768674000000026" lon="37.6502289999999">
    </rtept>
    <rtept lat="55.768680000000025" lon="37.6502259999999">
    </rtept>
    <rtept lat="55.768685000000026" lon="37.650226999999894">
    </rtept>
    <rtept lat="55.768691000000025" lon="37.6502289999999">
    </rtept>
    <rtept lat="55.768697000000024" lon="37.65023599999989">
    </rtept>
    <rtept lat="55.76870400000002" lon="37.65024799999989">
    </rtept>
    <rtept lat="55.76871600000002" lon="37.65028499999989">
    </rtept>
    <rtept lat="55.76874100000002" lon="37.65026999999989">
    </rtept>
    <rtept lat="55.76876900000002" lon="37.65025399999989">
    </rtept>
    <rtept lat="55.768793000000024" lon="37.65025199999989">
    </rtept>
    <rtept lat="55.76881400000002" lon="37.650272999999885">
    </rtept>
    <rtept lat="55.76887300000002" lon="37.65039299999989">
    </rtept>
    <rtept lat="55.768883000000024" lon="37.65039599999989">
    </rtept>
    <rtept lat="55.768905000000025" lon="37.650401999999886">
    </rtept>
    <rtept lat="55.76893200000003" lon="37.650407999999885">
    </rtept>
    <rtept lat="55.76898300000003" lon="37.65043999999988">
    </rtept>
    <rtept lat="55.76900700000003" lon="37.65046499999988">
    </rtept>
    <rtept lat="55.76903500000003" lon="37.65049599999988">
    </rtept>
    <rtept lat="55.76915300000003" lon="37.65051699999988">
    </rtept>
    <rtept lat="55.76919800000003" lon="37.65055299999988">
    </rtept>
    <rtept lat="55.76943700000003" lon="37.650759999999885">
    </rtept>
    <rtept lat="55.76998300000003" lon="37.651215999999884">
    </rtept>
    <rtept lat="55.77002800000003" lon="37.651052999999884">
    </rtept>
    <rtept lat="55.770083000000035" lon="37.650846999999885">
    </rtept>
    <rtept lat="55.77009800000003" lon="37.650784999999885">
    </rtept>
    <rtept lat="55.769717000000036" lon="37.65045799999989">
    </rtept>
    <rtept lat="55.76959800000004" lon="37.650356999999886">
    </rtept>
    <rtept lat="55.76938900000004" lon="37.65017799999988">
    </rtept>
    <rtept lat="55.76900400000004" lon="37.64986399999988">
    </rtept>
    <rtept lat="55.768980000000035" lon="37.64983999999988">
    </rtept>
    <rtept lat="55.76895900000004" lon="37.64981399999988">
    </rtept>
    <rtept lat="55.76894200000004" lon="37.64978599999988">
    </rtept>
    <rtept lat="55.76893000000004" lon="37.649747999999875">
    </rtept>
    <rtept lat="55.76892500000004" lon="37.64970899999987">
    </rtept>
    <rtept lat="55.76892400000004" lon="37.64965999999988">
    </rtept>
    <rtept lat="55.76892800000004" lon="37.64961099999988">
    </rtept>
    <rtept lat="55.76893400000004" lon="37.649555999999876">
    </rtept>
    <rtept lat="55.76894400000004" lon="37.64950199999988">
    </rtept>
    <rtept lat="55.76895500000004" lon="37.649451999999876">
    </rtept>
    <rtept lat="55.76904900000004" lon="37.649074999999876">
    </rtept>
    <rtept lat="55.769095000000036" lon="37.64889299999987">
    </rtept>
    <rtept lat="55.76918700000004" lon="37.64852299999988">
    </rtept>
    <rtept lat="55.76926900000004" lon="37.64820199999988">
    </rtept>
    <rtept lat="55.769292000000036" lon="37.648148999999876">
    </rtept>
    <rtept lat="55.769303000000036" lon="37.64810899999988">
    </rtept>
    <rtept lat="55.76932400000003" lon="37.648038999999876">
    </rtept>
    <rtept lat="55.76963200000003" lon="37.64676899999988">
    </rtept>
    <rtept lat="55.76971300000003" lon="37.64648199999988">
    </rtept>
    <rtept lat="55.76974500000003" lon="37.64636399999988">
    </rtept>
    <rtept lat="55.76979000000003" lon="37.646170999999875">
    </rtept>
    <rtept lat="55.769794000000026" lon="37.646066999999874">
    </rtept>
    <rtept lat="55.76984300000002" lon="37.645877999999875">
    </rtept>
    <rtept lat="55.76996700000002" lon="37.645967999999876">
    </rtept>
    <rtept lat="55.76998500000002" lon="37.645973999999875">
    </rtept>
    <rtept lat="55.76999600000002" lon="37.64596399999987">
    </rtept>
    <rtept lat="55.77010700000002" lon="37.64559299999987">
    </rtept>
    <rtept lat="55.77037600000002" lon="37.64469199999987">
    </rtept>
    <rtept lat="55.77042600000002" lon="37.64449899999987">
    </rtept>
    <rtept lat="55.77058100000002" lon="37.64469899999987">
    </rtept>
    <rtept lat="55.770605000000025" lon="37.64472299999987">
    </rtept>
    <rtept lat="55.77071800000002" lon="37.64482199999987">
    </rtept>
    <rtept lat="55.770802000000025" lon="37.64495599999987">
    </rtept>
    <rtept lat="55.77082600000003" lon="37.64490299999987">
    </rtept>
    <rtept lat="55.77083500000003" lon="37.64488299999987">
    </rtept>
    <rtept lat="55.77084600000003" lon="37.64485499999987">
    </rtept>
    <rtept lat="55.77086800000003" lon="37.644802999999875">
    </rtept>
    <rtept lat="55.770897000000026" lon="37.64473099999987">
    </rtept>
    <rtept lat="55.770934000000025" lon="37.644645999999874">
    </rtept>
    <rtept lat="55.77098600000002" lon="37.644526999999876">
    </rtept>
    <rtept lat="55.77102600000002" lon="37.64443299999988">
    </rtept>
    <rtept lat="55.77107500000002" lon="37.64432299999988">
    </rtept>
    <rtept lat="55.77102600000002" lon="37.64426099999988">
    </rtept>
    <rtept lat="55.77100000000002" lon="37.64421499999988">
    </rtept>
    <rtept lat="55.77095900000002" lon="37.644137999999884">
    </rtept>
    <rtept lat="55.77096400000002" lon="37.644114999999886">
    </rtept>
    <rtept lat="55.77096200000002" lon="37.644081999999884">
    </rtept>
    <rtept lat="55.77095300000002" lon="37.64405699999988">
    </rtept>
    <rtept lat="55.77093700000002" lon="37.64403299999988">
    </rtept>
    <rtept lat="55.770676000000016" lon="37.64369699999988">
    </rtept>
    <rtept lat="55.77059300000002" lon="37.64358999999988">
    </rtept>
    <rtept lat="55.77057700000002" lon="37.64354799999988">
    </rtept>
    <rtept lat="55.770578000000015" lon="37.64349699999988">
    </rtept>
    <rtept lat="55.770586000000016" lon="37.643461999999886">
    </rtept>
    <rtept lat="55.77059900000002" lon="37.643413999999886">
    </rtept>
    <rtept lat="55.77075700000002" lon="37.64289799999989">
    </rtept>
    <rtept lat="55.770803000000015" lon="37.64274799999989">
    </rtept>
    <rtept lat="55.77084900000001" lon="37.64259699999989">
    </rtept>
    <rtept lat="55.77094200000001" lon="37.64232299999989">
    </rtept>
    <rtept lat="55.77101200000001" lon="37.64211799999989">
    </rtept>
    <rtept lat="55.77115400000001" lon="37.64167199999989">
    </rtept>
    <rtept lat="55.77126800000001" lon="37.6413019999999">
    </rtept>
    <rtept lat="55.77132800000001" lon="37.6410989999999">
    </rtept>
    <rtept lat="55.77143800000001" lon="37.6407299999999">
    </rtept>
    <rtept lat="55.77182300000001" lon="37.6394529999999">
    </rtept>
    <rtept lat="55.771915000000014" lon="37.6391569999999">
    </rtept>
    <rtept lat="55.771940000000015" lon="37.639075999999896">
    </rtept>
    <rtept lat="55.77202300000001" lon="37.63880699999989">
    </rtept>
    <rtept lat="55.77206900000001" lon="37.63864499999989">
    </rtept>
    <rtept lat="55.77207900000001" lon="37.63860799999989">
    </rtept>
    <rtept lat="55.772098000000014" lon="37.63854699999989">
    </rtept>
    <rtept lat="55.77211800000001" lon="37.63848499999989">
    </rtept>
    <rtept lat="55.772134000000015" lon="37.63840799999989">
    </rtept>
    <rtept lat="55.772249000000016" lon="37.63791399999989">
    </rtept>
    <rtept lat="55.772337000000014" lon="37.63749699999989">
    </rtept>
    <rtept lat="55.772345000000016" lon="37.63745699999989">
    </rtept>
    <rtept lat="55.77235800000002" lon="37.63738899999989">
    </rtept>
    <rtept lat="55.772370000000016" lon="37.63731399999989">
    </rtept>
    <rtept lat="55.77247600000002" lon="37.63671599999989">
    </rtept>
    <rtept lat="55.77259500000002" lon="37.636461999999895">
    </rtept>
    <rtept lat="55.772751000000014" lon="37.635026999999894">
    </rtept>
    <rtept lat="55.77290400000001" lon="37.633610999999895">
    </rtept>
    <rtept lat="55.77297400000001" lon="37.6330019999999">
    </rtept>
    <rtept lat="55.77296400000001" lon="37.6329989999999">
    </rtept>
    <rtept lat="55.77295700000001" lon="37.6329909999999">
    </rtept>
    <rtept lat="55.77295400000001" lon="37.632982999999896">
    </rtept>
    <rtept lat="55.772953000000015" lon="37.6329619999999">
    </rtept>
    <rtept lat="55.772959000000014" lon="37.6329019999999">
    </rtept>
    <rtept lat="55.77298600000002" lon="37.6326429999999">
    </rtept>
    <rtept lat="55.77298800000002" lon="37.6325089999999">
    </rtept>
    <rtept lat="55.77298900000002" lon="37.6324799999999">
    </rtept>
    <rtept lat="55.772992000000016" lon="37.6323469999999">
    </rtept>
    <rtept lat="55.772993000000014" lon="37.6322919999999">
    </rtept>
    <rtept lat="55.77299600000001" lon="37.6321689999999">
    </rtept>
    <rtept lat="55.773001000000015" lon="37.632020999999895">
    </rtept>
    <rtept lat="55.77302200000001" lon="37.631820999999896">
    </rtept>
    <rtept lat="55.77302500000001" lon="37.6317639999999">
    </rtept>
    <rtept lat="55.77302700000001" lon="37.631750999999895">
    </rtept>
    <rtept lat="55.77303300000001" lon="37.63174099999989">
    </rtept>
    <rtept lat="55.773038000000014" lon="37.63173899999989">
    </rtept>
    <rtept lat="55.77304800000002" lon="37.63174099999989">
    </rtept>
    <rtept lat="55.77312300000002" lon="37.63119599999989">
    </rtept>
    <rtept lat="55.77314800000002" lon="37.63119499999989">
    </rtept>
    <rtept lat="55.77319800000002" lon="37.631193999999894">
    </rtept>
    <rtept lat="55.77319800000002" lon="37.631243999999896">
    </rtept>
    <rtept lat="55.77319800000002" lon="37.631193999999894">
    </rtept>
    <rtept lat="55.77329400000002" lon="37.631190999999895">
    </rtept>
    <rtept lat="55.77314800000002" lon="37.63119499999989">
    </rtept>
    <rtept lat="55.77312300000002" lon="37.63119599999989">
    </rtept>
    <rtept lat="55.77321800000002" lon="37.63061899999989">
    </rtept>
    <rtept lat="55.77322200000002" lon="37.63058899999989">
    </rtept>
    <rtept lat="55.77323500000002" lon="37.63049599999989">
    </rtept>
    <rtept lat="55.77325500000002" lon="37.63037999999989">
    </rtept>
    <rtept lat="55.77327500000002" lon="37.630245999999886">
    </rtept>
    <rtept lat="55.77328800000002" lon="37.63020899999989">
    </rtept>
    <rtept lat="55.773405000000025" lon="37.63000799999989">
    </rtept>
    <rtept lat="55.77355600000003" lon="37.62893299999989">
    </rtept>
    <rtept lat="55.77355800000003" lon="37.62891099999989">
    </rtept>
    <rtept lat="55.77356300000003" lon="37.62885399999989">
    </rtept>
    <rtept lat="55.77357100000003" lon="37.62879599999989">
    </rtept>
    <rtept lat="55.773598000000035" lon="37.62865699999989">
    </rtept>
    <rtept lat="55.77365000000003" lon="37.62866799999989">
    </rtept>
    <rtept lat="55.77365500000003" lon="37.62862599999989">
    </rtept>
    <rtept lat="55.773739000000035" lon="37.62794199999989">
    </rtept>
    <rtept lat="55.773787000000034" lon="37.62755699999989">
    </rtept>
    <rtept lat="55.773826000000035" lon="37.62723699999989">
    </rtept>
    <rtept lat="55.77406600000003" lon="37.627299999999885">
    </rtept>
    <rtept lat="55.774127000000036" lon="37.627319999999884">
    </rtept>
    <rtept lat="55.774195000000034" lon="37.627341999999885">
    </rtept>
    <rtept lat="55.77428000000003" lon="37.62736899999989">
    </rtept>
    <rtept lat="55.77435600000003" lon="37.62739299999989">
    </rtept>
    <rtept lat="55.77454300000003" lon="37.62742599999989">
    </rtept>
    <rtept lat="55.77471500000003" lon="37.627455999999896">
    </rtept>
    <rtept lat="55.77474200000003" lon="37.6274639999999">
    </rtept>
    <rtept lat="55.77474900000003" lon="37.6273649999999">
    </rtept>
    <rtept lat="55.77475500000003" lon="37.6272979999999">
    </rtept>
    <rtept lat="55.77479300000003" lon="37.6273079999999">
    </rtept>
    <rtept lat="55.77482100000003" lon="37.6272909999999">
    </rtept>
    <rtept lat="55.77484600000003" lon="37.6268439999999">
    </rtept>
    <rtept lat="55.77486600000003" lon="37.6264899999999">
    </rtept>
    <rtept lat="55.77488400000003" lon="37.6261819999999">
    </rtept>
    <rtept lat="55.774888000000026" lon="37.6261129999999">
    </rtept>
    <rtept lat="55.77489600000003" lon="37.6257629999999">
    </rtept>
    <rtept lat="55.774905000000025" lon="37.6254049999999">
    </rtept>
    <rtept lat="55.77490300000002" lon="37.6253099999999">
    </rtept>
    <rtept lat="55.774900000000024" lon="37.6250499999999">
    </rtept>
    <rtept lat="55.77489600000003" lon="37.624834999999905">
    </rtept>
    <rtept lat="55.77495100000003" lon="37.6248359999999">
    </rtept>
    <rtept lat="55.77494400000003" lon="37.6244309999999">
    </rtept>
    <rtept lat="55.77493900000003" lon="37.624114999999904">
    </rtept>
    <rtept lat="55.774935000000035" lon="37.6240729999999">
    </rtept>
    <rtept lat="55.774932000000035" lon="37.6240349999999">
    </rtept>
    <rtept lat="55.774921000000035" lon="37.6239579999999">
    </rtept>
    <rtept lat="55.774898000000036" lon="37.623846999999905">
    </rtept>
    <rtept lat="55.774873000000035" lon="37.623720999999904">
    </rtept>
    <rtept lat="55.77491300000003" lon="37.623694999999906">
    </rtept>
    <rtept lat="55.774873000000035" lon="37.623720999999904">
    </rtept>
    <rtept lat="55.77478700000003" lon="37.6232939999999">
    </rtept>
    <rtept lat="55.774769000000035" lon="37.6231559999999">
    </rtept>
    <rtept lat="55.77476400000003" lon="37.6230969999999">
    </rtept>
    <rtept lat="55.77475700000004" lon="37.6230019999999">
    </rtept>
    <rtept lat="55.774752000000035" lon="37.6228519999999">
    </rtept>
    <rtept lat="55.774752000000035" lon="37.6228249999999">
    </rtept>
    <rtept lat="55.77475300000003" lon="37.6226959999999">
    </rtept>
    <rtept lat="55.774746000000036" lon="37.622561999999895">
    </rtept>
    <rtept lat="55.77473400000004" lon="37.622465999999896">
    </rtept>
    <rtept lat="55.77471400000004" lon="37.622325999999894">
    </rtept>
    <rtept lat="55.77466100000004" lon="37.622029999999896">
    </rtept>
    <rtept lat="55.774608000000036" lon="37.6220599999999">
    </rtept>
    <rtept lat="55.774586000000035" lon="37.621939999999896">
    </rtept>
    <rtept lat="55.77451500000004" lon="37.6216379999999">
    </rtept>
    <rtept lat="55.77448600000004" lon="37.6215329999999">
    </rtept>
    <rtept lat="55.77447700000004" lon="37.6215019999999">
    </rtept>
    <rtept lat="55.77439600000004" lon="37.6211889999999">
    </rtept>
    <rtept lat="55.77437000000004" lon="37.6210859999999">
    </rtept>
    <rtept lat="55.77401300000004" lon="37.621525999999896">
    </rtept>
    <rtept lat="55.77400900000004" lon="37.621466999999896">
    </rtept>
    <rtept lat="55.77399500000004" lon="37.6213839999999">
    </rtept>
    <rtept lat="55.773983000000044" lon="37.6213049999999">
    </rtept>
    <rtept lat="55.77396500000005" lon="37.6205599999999">
    </rtept>
    <rtept lat="55.77396200000005" lon="37.6204969999999">
    </rtept>
    <rtept lat="55.773954000000046" lon="37.6204529999999">
    </rtept>
    <rtept lat="55.773946000000045" lon="37.620405999999896">
    </rtept>
    <rtept lat="55.77394400000004" lon="37.620330999999894">
    </rtept>
    <rtept lat="55.77394400000004" lon="37.620279999999894">
    </rtept>
    <rtept lat="55.77394400000004" lon="37.6202139999999">
    </rtept>
    <rtept lat="55.773935000000044" lon="37.6201659999999">
    </rtept>
    <rtept lat="55.77394400000004" lon="37.6202139999999">
    </rtept>
    <rtept lat="55.77394200000004" lon="37.6201549999999">
    </rtept>
    <rtept lat="55.77393700000004" lon="37.619584999999894">
    </rtept>
    <rtept lat="55.77393400000004" lon="37.619536999999895">
    </rtept>
    <rtept lat="55.77391800000004" lon="37.619432999999894">
    </rtept>
    <rtept lat="55.773913000000036" lon="37.6193249999999">
    </rtept>
    <rtept lat="55.77390600000004" lon="37.619071999999896">
    </rtept>
    <rtept lat="55.77391100000004" lon="37.6190569999999">
    </rtept>
    <rtept lat="55.77391900000004" lon="37.6190479999999">
    </rtept>
    <rtept lat="55.77393000000004" lon="37.6190469999999">
    </rtept>
    <rtept lat="55.77392800000004" lon="37.619006999999904">
    </rtept>
    <rtept lat="55.77392700000004" lon="37.6189649999999">
    </rtept>
    <rtept lat="55.77392200000004" lon="37.6188439999999">
    </rtept>
    <rtept lat="55.773921000000044" lon="37.6188079999999">
    </rtept>
    <rtept lat="55.773921000000044" lon="37.6187879999999">
    </rtept>
    <rtept lat="55.773997000000044" lon="37.6184789999999">
    </rtept>
    <rtept lat="55.773974000000045" lon="37.6181279999999">
    </rtept>
    <rtept lat="55.77392800000005" lon="37.6177889999999">
    </rtept>
    <rtept lat="55.77386900000005" lon="37.617691999999906">
    </rtept>
    <rtept lat="55.77386000000005" lon="37.617458999999904">
    </rtept>
    <rtept lat="55.77385500000005" lon="37.6172989999999">
    </rtept>
    <rtept lat="55.773802000000046" lon="37.615997999999905">
    </rtept>
    <rtept lat="55.773785000000046" lon="37.615589999999905">
    </rtept>
    <rtept lat="55.77376700000005" lon="37.615175999999906">
    </rtept>
    <rtept lat="55.77376100000005" lon="37.614931999999904">
    </rtept>
    <rtept lat="55.77373700000005" lon="37.614058999999905">
    </rtept>
    <rtept lat="55.77377000000005" lon="37.61405199999991">
    </rtept>
    <rtept lat="55.77378000000005" lon="37.61404499999991">
    </rtept>
    <rtept lat="55.773790000000055" lon="37.61403099999991">
    </rtept>
    <rtept lat="55.77379500000006" lon="37.61401499999991">
    </rtept>
    <rtept lat="55.773798000000056" lon="37.61398899999991">
    </rtept>
    <rtept lat="55.77377700000006" lon="37.61348999999991">
    </rtept>
    <rtept lat="55.77377600000006" lon="37.61347099999991">
    </rtept>
    <rtept lat="55.77377000000006" lon="37.61339299999991">
    </rtept>
    <rtept lat="55.773718000000066" lon="37.61340099999991">
    </rtept>
    <rtept lat="55.77366000000006" lon="37.61202299999991">
    </rtept>
    <rtept lat="55.77359600000006" lon="37.61091699999991">
    </rtept>
    <rtept lat="55.77367500000006" lon="37.61089399999991">
    </rtept>
    <rtept lat="55.77368600000006" lon="37.61082099999991">
    </rtept>
    <rtept lat="55.77369400000006" lon="37.61074599999991">
    </rtept>
    <rtept lat="55.773688000000064" lon="37.61070099999991">
    </rtept>
    <rtept lat="55.77357900000006" lon="37.609589999999905">
    </rtept>
    <rtept lat="55.77355200000006" lon="37.6092949999999">
    </rtept>
    <rtept lat="55.77352000000006" lon="37.608984999999905">
    </rtept>
    <rtept lat="55.77351400000006" lon="37.608928999999904">
    </rtept>
    <rtept lat="55.77350400000006" lon="37.608869999999904">
    </rtept>
    <rtept lat="55.77348300000006" lon="37.6087579999999">
    </rtept>
    <rtept lat="55.773468000000065" lon="37.608660999999906">
    </rtept>
    <rtept lat="55.773527000000065" lon="37.608624999999904">
    </rtept>
    <rtept lat="55.773508000000064" lon="37.608458999999904">
    </rtept>
    <rtept lat="55.77345500000006" lon="37.60802999999991">
    </rtept>
    <rtept lat="55.773389000000066" lon="37.60750599999991">
    </rtept>
    <rtept lat="55.773319000000065" lon="37.60689199999991">
    </rtept>
    <rtept lat="55.773316000000065" lon="37.60683399999991">
    </rtept>
    <rtept lat="55.773310000000066" lon="37.60669499999991">
    </rtept>
    <rtept lat="55.773308000000064" lon="37.60663399999991">
    </rtept>
    <rtept lat="55.77330600000006" lon="37.60657399999991">
    </rtept>
    <rtept lat="55.773260000000064" lon="37.60616399999991">
    </rtept>
    <rtept lat="55.773156000000064" lon="37.605210999999905">
    </rtept>
    <rtept lat="55.773108000000065" lon="37.60472299999991">
    </rtept>
    <rtept lat="55.77310100000007" lon="37.604650999999905">
    </rtept>
    <rtept lat="55.77308700000007" lon="37.60449799999991">
    </rtept>
    <rtept lat="55.77307900000007" lon="37.604441999999906">
    </rtept>
    <rtept lat="55.77307600000007" lon="37.604419999999905">
    </rtept>
    <rtept lat="55.77306400000007" lon="37.604320999999906">
    </rtept>
    <rtept lat="55.77306300000007" lon="37.60431499999991">
    </rtept>
    <rtept lat="55.77305300000007" lon="37.60423499999991">
    </rtept>
    <rtept lat="55.77304500000007" lon="37.60416299999991">
    </rtept>
    <rtept lat="55.773040000000066" lon="37.604123999999906">
    </rtept>
    <rtept lat="55.77302700000006" lon="37.603994999999905">
    </rtept>
    <rtept lat="55.772933000000066" lon="37.603867999999906">
    </rtept>
    <rtept lat="55.772855000000064" lon="37.60346199999991">
    </rtept>
    <rtept lat="55.77273500000006" lon="37.602837999999906">
    </rtept>
    <rtept lat="55.77270600000006" lon="37.60268299999991">
    </rtept>
    <rtept lat="55.77268500000007" lon="37.602646999999905">
    </rtept>
    <rtept lat="55.77266100000006" lon="37.602604999999905">
    </rtept>
    <rtept lat="55.772643000000066" lon="37.60257299999991">
    </rtept>
    <rtept lat="55.77263700000007" lon="37.60256099999991">
    </rtept>
    <rtept lat="55.772593000000064" lon="37.60240999999991">
    </rtept>
    <rtept lat="55.772497000000065" lon="37.60215299999991">
    </rtept>
    <rtept lat="55.772492000000064" lon="37.60213699999991">
    </rtept>
    <rtept lat="55.77218300000006" lon="37.60113699999991">
    </rtept>
    <rtept lat="55.77216000000006" lon="37.60106099999991">
    </rtept>
    <rtept lat="55.77192200000006" lon="37.60022599999991">
    </rtept>
    <rtept lat="55.77175300000006" lon="37.59970999999991">
    </rtept>
    <rtept lat="55.77165400000006" lon="37.59939199999991">
    </rtept>
    <rtept lat="55.77149600000006" lon="37.59890299999991">
    </rtept>
    <rtept lat="55.77148800000006" lon="37.59882899999991">
    </rtept>
    <rtept lat="55.771453000000065" lon="37.59874499999991">
    </rtept>
    <rtept lat="55.77144900000007" lon="37.59873299999991">
    </rtept>
    <rtept lat="55.77142900000007" lon="37.59867799999991">
    </rtept>
    <rtept lat="55.77135100000007" lon="37.598447999999905">
    </rtept>
    <rtept lat="55.771205000000066" lon="37.5981029999999">
    </rtept>
    <rtept lat="55.771082000000064" lon="37.5978159999999">
    </rtept>
    <rtept lat="55.771022000000066" lon="37.597673999999905">
    </rtept>
    <rtept lat="55.77099300000007" lon="37.5976499999999">
    </rtept>
    <rtept lat="55.77098400000007" lon="37.5976299999999">
    </rtept>
    <rtept lat="55.77097700000007" lon="37.597614999999905">
    </rtept>
    <rtept lat="55.77096100000007" lon="37.59757999999991">
    </rtept>
    <rtept lat="55.77094400000007" lon="37.59755699999991">
    </rtept>
    <rtept lat="55.77092200000007" lon="37.59752499999991">
    </rtept>
    <rtept lat="55.77075800000007" lon="37.59713699999991">
    </rtept>
    <rtept lat="55.77067100000007" lon="37.59692299999991">
    </rtept>
    <rtept lat="55.77055000000007" lon="37.596631999999914">
    </rtept>
    <rtept lat="55.770532000000074" lon="37.596586999999914">
    </rtept>
    <rtept lat="55.770382000000076" lon="37.59616799999991">
    </rtept>
    <rtept lat="55.77043100000007" lon="37.59609799999991">
    </rtept>
    <rtept lat="55.770402000000075" lon="37.596048999999915">
    </rtept>
    <rtept lat="55.77034500000008" lon="37.595953999999914">
    </rtept>
    <rtept lat="55.770312000000075" lon="37.59589599999991">
    </rtept>
    <rtept lat="55.77025200000008" lon="37.595787999999914">
    </rtept>
    <rtept lat="55.77017300000008" lon="37.595649999999914">
    </rtept>
    <rtept lat="55.77010800000008" lon="37.59553199999991">
    </rtept>
    <rtept lat="55.77009100000008" lon="37.595499999999916">
    </rtept>
    <rtept lat="55.77003400000008" lon="37.595392999999916">
    </rtept>
    <rtept lat="55.77005400000008" lon="37.59535899999992">
    </rtept>
    <rtept lat="55.76999500000008" lon="37.59520399999992">
    </rtept>
    <rtept lat="55.76989200000008" lon="37.595015999999916">
    </rtept>
    <rtept lat="55.76977600000008" lon="37.59479899999992">
    </rtept>
    <rtept lat="55.76969100000008" lon="37.59465999999992">
    </rtept>
    <rtept lat="55.76967300000008" lon="37.59463099999992">
    </rtept>
    <rtept lat="55.769667000000084" lon="37.59461999999992">
    </rtept>
    <rtept lat="55.76964600000009" lon="37.59458299999992">
    </rtept>
    <rtept lat="55.769616000000084" lon="37.59453199999992">
    </rtept>
    <rtept lat="55.769588000000084" lon="37.594485999999925">
    </rtept>
    <rtept lat="55.769298000000084" lon="37.59395499999992">
    </rtept>
    <rtept lat="55.76916900000008" lon="37.594175999999926">
    </rtept>
    <rtept lat="55.769112000000085" lon="37.594063999999925">
    </rtept>
    <rtept lat="55.769078000000086" lon="37.59410399999992">
    </rtept>
    <rtept lat="55.76903800000009" lon="37.594086999999924">
    </rtept>
    <rtept lat="55.76895500000009" lon="37.59403999999992">
    </rtept>
    <rtept lat="55.76881200000009" lon="37.59429099999992">
    </rtept>
    <rtept lat="55.76876500000009" lon="37.59420899999992">
    </rtept>
    <rtept lat="55.768729000000086" lon="37.59414899999992">
    </rtept>
    <rtept lat="55.76870900000009" lon="37.59417499999992">
    </rtept>
    <rtept lat="55.76869200000009" lon="37.59418699999992">
    </rtept>
    <rtept lat="55.768676000000085" lon="37.59418199999992">
    </rtept>
    <rtept lat="55.76866100000009" lon="37.594168999999916">
    </rtept>
    <rtept lat="55.768451000000084" lon="37.59387299999992">
    </rtept>
    <rtept lat="55.768352000000085" lon="37.593732999999915">
    </rtept>
    <rtept lat="55.76812300000009" lon="37.59338599999992">
    </rtept>
    <rtept lat="55.76793200000009" lon="37.593130999999914">
    </rtept>
    <rtept lat="55.76746700000009" lon="37.59245599999991">
    </rtept>
    <rtept lat="55.76722800000009" lon="37.592114999999914">
    </rtept>
    <rtept lat="55.766756000000086" lon="37.591438999999916">
    </rtept>
    <rtept lat="55.766751000000085" lon="37.591450999999914">
    </rtept>
    <rtept lat="55.766756000000086" lon="37.591438999999916">
    </rtept>
    <rtept lat="55.76674700000009" lon="37.59142599999991">
    </rtept>
    <rtept lat="55.76629100000009" lon="37.59077699999991">
    </rtept>
    <rtept lat="55.76619700000009" lon="37.59063999999991">
    </rtept>
    <rtept lat="55.76609800000009" lon="37.59050999999991">
    </rtept>
    <rtept lat="55.76605000000009" lon="37.59044399999991">
    </rtept>
    <rtept lat="55.76602200000009" lon="37.59041399999991">
    </rtept>
    <rtept lat="55.76597800000009" lon="37.59035599999991">
    </rtept>
    <rtept lat="55.76589300000009" lon="37.590229999999906">
    </rtept>
    <rtept lat="55.76564000000009" lon="37.5898569999999">
    </rtept>
    <rtept lat="55.76550800000009" lon="37.5896579999999">
    </rtept>
    <rtept lat="55.76533600000009" lon="37.5894249999999">
    </rtept>
    <rtept lat="55.76526700000009" lon="37.5893209999999">
    </rtept>
    <rtept lat="55.76515600000009" lon="37.5891629999999">
    </rtept>
    <rtept lat="55.76485900000009" lon="37.5888009999999">
    </rtept>
    <rtept lat="55.76468900000009" lon="37.5885969999999">
    </rtept>
    <rtept lat="55.76449000000009" lon="37.5883869999999">
    </rtept>
    <rtept lat="55.76439900000009" lon="37.588286999999895">
    </rtept>
    <rtept lat="55.76420800000009" lon="37.5881029999999">
    </rtept>
    <rtept lat="55.76390400000009" lon="37.587810999999896">
    </rtept>
    <rtept lat="55.76386200000009" lon="37.587743999999894">
    </rtept>
    <rtept lat="55.76362500000009" lon="37.587534999999896">
    </rtept>
    <rtept lat="55.76358300000009" lon="37.5874979999999">
    </rtept>
    <rtept lat="55.76333500000009" lon="37.587304999999894">
    </rtept>
    <rtept lat="55.76316000000009" lon="37.587174999999895">
    </rtept>
    <rtept lat="55.76254700000009" lon="37.586718999999896">
    </rtept>
    <rtept lat="55.76233000000009" lon="37.586555999999895">
    </rtept>
    <rtept lat="55.76162600000009" lon="37.58602499999989">
    </rtept>
    <rtept lat="55.761034000000095" lon="37.58556699999989">
    </rtept>
    <rtept lat="55.76099300000009" lon="37.585534999999894">
    </rtept>
    <rtept lat="55.76096500000009" lon="37.58551299999989">
    </rtept>
    <rtept lat="55.76093200000009" lon="37.58548899999989">
    </rtept>
    <rtept lat="55.76047300000009" lon="37.585160999999886">
    </rtept>
    <rtept lat="55.76032000000009" lon="37.58507199999988">
    </rtept>
    <rtept lat="55.76011800000009" lon="37.58496299999988">
    </rtept>
    <rtept lat="55.759979000000094" lon="37.58487899999988">
    </rtept>
    <rtept lat="55.75989300000009" lon="37.58482699999988">
    </rtept>
    <rtept lat="55.75984200000009" lon="37.58479599999988">
    </rtept>
    <rtept lat="55.75978800000009" lon="37.584761999999884">
    </rtept>
    <rtept lat="55.759579000000095" lon="37.58464799999988">
    </rtept>
    <rtept lat="55.759213000000095" lon="37.58445699999988">
    </rtept>
    <rtept lat="55.759193000000096" lon="37.58444099999988">
    </rtept>
    <rtept lat="55.759137000000095" lon="37.584402999999874">
    </rtept>
    <rtept lat="55.75909900000009" lon="37.58437599999987">
    </rtept>
    <rtept lat="55.75906000000009" lon="37.58435299999987">
    </rtept>
    <rtept lat="55.75901800000009" lon="37.584326999999874">
    </rtept>
    <rtept lat="55.75896200000009" lon="37.58429499999988">
    </rtept>
    <rtept lat="55.75892700000009" lon="37.584281999999874">
    </rtept>
    <rtept lat="55.758538000000094" lon="37.584137999999875">
    </rtept>
    <rtept lat="55.7581120000001" lon="37.58395999999988">
    </rtept>
    <rtept lat="55.758045000000095" lon="37.58393699999988">
    </rtept>
    <rtept lat="55.7580190000001" lon="37.58392799999988">
    </rtept>
    <rtept lat="55.7579930000001" lon="37.58391499999988">
    </rtept>
    <rtept lat="55.7579640000001" lon="37.583903999999876">
    </rtept>
    <rtept lat="55.7579620000001" lon="37.58387699999987">
    </rtept>
    <rtept lat="55.7579590000001" lon="37.583864999999875">
    </rtept>
    <rtept lat="55.7579540000001" lon="37.58385799999988">
    </rtept>
    <rtept lat="55.757944000000094" lon="37.58385099999988">
    </rtept>
    <rtept lat="55.757400000000096" lon="37.58373299999988">
    </rtept>
    <rtept lat="55.757375000000096" lon="37.58372699999988">
    </rtept>
    <rtept lat="55.75733400000009" lon="37.583722999999885">
    </rtept>
    <rtept lat="55.75730700000009" lon="37.583716999999886">
    </rtept>
    <rtept lat="55.75727900000009" lon="37.58370799999989">
    </rtept>
    <rtept lat="55.757252000000086" lon="37.58369999999989">
    </rtept>
    <rtept lat="55.757171000000085" lon="37.58367699999989">
    </rtept>
    <rtept lat="55.75705700000008" lon="37.583643999999886">
    </rtept>
    <rtept lat="55.75683000000008" lon="37.583598999999886">
    </rtept>
    <rtept lat="55.756578000000076" lon="37.58354799999989">
    </rtept>
    <rtept lat="55.75629300000008" lon="37.583489999999884">
    </rtept>
    <rtept lat="55.756207000000074" lon="37.583469999999885">
    </rtept>
    <rtept lat="55.75593000000008" lon="37.58340399999989">
    </rtept>
    <rtept lat="55.75534200000008" lon="37.583297999999886">
    </rtept>
    <rtept lat="55.755318000000074" lon="37.58329399999989">
    </rtept>
    <rtept lat="55.75530200000007" lon="37.58329199999989">
    </rtept>
    <rtept lat="55.75526800000007" lon="37.58328799999989">
    </rtept>
    <rtept lat="55.75522900000007" lon="37.58328199999989">
    </rtept>
    <rtept lat="55.75517900000007" lon="37.58323099999989">
    </rtept>
    <rtept lat="55.75513600000007" lon="37.58318999999989">
    </rtept>
    <rtept lat="55.755101000000074" lon="37.58317299999989">
    </rtept>
    <rtept lat="55.755028000000074" lon="37.58315899999989">
    </rtept>
    <rtept lat="55.754932000000075" lon="37.583145999999886">
    </rtept>
    <rtept lat="55.754777000000075" lon="37.583123999999884">
    </rtept>
    <rtept lat="55.754718000000075" lon="37.58311599999988">
    </rtept>
    <rtept lat="55.75464700000008" lon="37.58310599999988">
    </rtept>
    <rtept lat="55.754575000000074" lon="37.58309599999988">
    </rtept>
    <rtept lat="55.75429500000008" lon="37.58305799999987">
    </rtept>
    <rtept lat="55.75416200000008" lon="37.58303899999987">
    </rtept>
    <rtept lat="55.75403500000008" lon="37.58302599999987">
    </rtept>
    <rtept lat="55.75340900000008" lon="37.58295899999987">
    </rtept>
    <rtept lat="55.753152000000085" lon="37.582925999999865">
    </rtept>
    <rtept lat="55.75314300000009" lon="37.58292799999987">
    </rtept>
    <rtept lat="55.75313300000008" lon="37.582931999999865">
    </rtept>
    <rtept lat="55.753087000000086" lon="37.582962999999864">
    </rtept>
    <rtept lat="55.75307700000008" lon="37.582967999999866">
    </rtept>
    <rtept lat="55.75306700000008" lon="37.58296899999986">
    </rtept>
    <rtept lat="55.75299500000008" lon="37.58295899999986">
    </rtept>
    <rtept lat="55.75297500000008" lon="37.58290599999986">
    </rtept>
    <rtept lat="55.752967000000076" lon="37.582895999999856">
    </rtept>
    <rtept lat="55.75295700000007" lon="37.582887999999855">
    </rtept>
    <rtept lat="55.75294700000007" lon="37.58288599999985">
    </rtept>
    <rtept lat="55.75284100000007" lon="37.582873999999855">
    </rtept>
    <rtept lat="55.75284300000007" lon="37.582828999999855">
    </rtept>
    <rtept lat="55.75284100000007" lon="37.582873999999855">
    </rtept>
    <rtept lat="55.75282900000007" lon="37.58287299999986">
    </rtept>
    <rtept lat="55.75281200000007" lon="37.58287199999986">
    </rtept>
    <rtept lat="55.75280600000007" lon="37.58285699999986">
    </rtept>
    <rtept lat="55.75280000000007" lon="37.582835999999865">
    </rtept>
    <rtept lat="55.75279800000007" lon="37.58259899999987">
    </rtept>
    <rtept lat="55.75280100000007" lon="37.58222099999987">
    </rtept>
    <rtept lat="55.75280300000007" lon="37.58207099999987">
    </rtept>
    <rtept lat="55.752802000000074" lon="37.58134599999987">
    </rtept>
    <rtept lat="55.752802000000074" lon="37.58053599999987">
    </rtept>
    <rtept lat="55.75280300000007" lon="37.578484999999866">
    </rtept>
    <rtept lat="55.75280300000007" lon="37.57847299999987">
    </rtept>
    <rtept lat="55.75280300000007" lon="37.57842699999987">
    </rtept>
    <rtept lat="55.75280100000007" lon="37.57837899999987">
    </rtept>
    <rtept lat="55.75280000000007" lon="37.578326999999874">
    </rtept>
    <rtept lat="55.75278600000007" lon="37.57721699999988">
    </rtept>
    <rtept lat="55.75277400000007" lon="37.57697099999988">
    </rtept>
    <rtept lat="55.75276400000007" lon="37.57673299999988">
    </rtept>
    <rtept lat="55.75276400000007" lon="37.576623999999875">
    </rtept>
    <rtept lat="55.75276400000007" lon="37.576265999999876">
    </rtept>
    <rtept lat="55.75276400000007" lon="37.576215999999874">
    </rtept>
    <rtept lat="55.75276500000007" lon="37.57577599999988">
    </rtept>
    <rtept lat="55.75276400000007" lon="37.575641999999874">
    </rtept>
    <rtept lat="55.75278600000007" lon="37.57550199999987">
    </rtept>
    <rtept lat="55.75282500000007" lon="37.57539199999987">
    </rtept>
    <rtept lat="55.75287700000007" lon="37.57530599999987">
    </rtept>
    <rtept lat="55.75294800000007" lon="37.57521199999987">
    </rtept>
    <rtept lat="55.75302100000007" lon="37.57516099999987">
    </rtept>
    <rtept lat="55.75308200000007" lon="37.57514499999987">
    </rtept>
    <rtept lat="55.75310400000007" lon="37.57515199999987">
    </rtept>
    <rtept lat="55.75313200000007" lon="37.575034999999865">
    </rtept>
    <rtept lat="55.753145000000075" lon="37.57499399999986">
    </rtept>
    <rtept lat="55.75316600000007" lon="37.57494099999986">
    </rtept>
    <rtept lat="55.75320800000007" lon="37.57483099999986">
    </rtept>
    <rtept lat="55.75323400000007" lon="37.57476399999986">
    </rtept>
    <rtept lat="55.75325000000007" lon="37.57472299999986">
    </rtept>
    <rtept lat="55.75325700000007" lon="37.57470499999986">
    </rtept>
    <rtept lat="55.75326300000007" lon="37.57466499999986">
    </rtept>
    <rtept lat="55.75328600000007" lon="37.57446999999986">
    </rtept>
    <rtept lat="55.753287000000064" lon="37.57428199999986">
    </rtept>
    <rtept lat="55.75329100000006" lon="37.57415299999986">
    </rtept>
    <rtept lat="55.75328800000006" lon="37.57411699999986">
    </rtept>
    <rtept lat="55.75328300000006" lon="37.574092999999856">
    </rtept>
    <rtept lat="55.75327700000006" lon="37.57406899999985">
    </rtept>
    <rtept lat="55.75326400000006" lon="37.574028999999854">
    </rtept>
    <rtept lat="55.75324400000006" lon="37.57388899999985">
    </rtept>
    <rtept lat="55.75324300000006" lon="37.573859999999854">
    </rtept>
    <rtept lat="55.75324300000006" lon="37.57383299999985">
    </rtept>
    <rtept lat="55.75324800000006" lon="37.573780999999855">
    </rtept>
    <rtept lat="55.75326000000006" lon="37.57373399999985">
    </rtept>
    <rtept lat="55.75327500000006" lon="37.573687999999855">
    </rtept>
    <rtept lat="55.75357200000006" lon="37.572910999999856">
    </rtept>
    <rtept lat="55.75377000000006" lon="37.572392999999856">
    </rtept>
    <rtept lat="55.75387400000006" lon="37.57209299999985">
    </rtept>
    <rtept lat="55.75397400000006" lon="37.571768999999854">
    </rtept>
    <rtept lat="55.75411900000007" lon="37.57127699999985">
    </rtept>
    <rtept lat="55.75423300000007" lon="37.57089499999985">
    </rtept>
    <rtept lat="55.75445000000007" lon="37.570144999999854">
    </rtept>
    <rtept lat="55.75444100000007" lon="37.57013699999985">
    </rtept>
    <rtept lat="55.75439000000007" lon="37.570093999999855">
    </rtept>
    <rtept lat="55.75432800000007" lon="37.57003599999985">
    </rtept>
    <rtept lat="55.75431400000007" lon="37.57002499999985">
    </rtept>
    <rtept lat="55.75413700000007" lon="37.56992699999985">
    </rtept>
    <rtept lat="55.75408200000007" lon="37.56988499999985">
    </rtept>
    <rtept lat="55.75400500000007" lon="37.56982599999985">
    </rtept>
    <rtept lat="55.75396500000007" lon="37.56979499999985">
    </rtept>
    <rtept lat="55.75392900000007" lon="37.56976599999985">
    </rtept>
    <rtept lat="55.75383300000007" lon="37.570113999999855">
    </rtept>
    <rtept lat="55.75383400000007" lon="37.57011499999985">
    </rtept>
    <rtept lat="55.75383300000007" lon="37.570113999999855">
    </rtept>
    <rtept lat="55.75376000000007" lon="37.57038199999985">
    </rtept>
    <rtept lat="55.75354900000007" lon="37.571041999999856">
    </rtept>
    <rtept lat="55.753393000000074" lon="37.57145999999986">
    </rtept>
    <rtept lat="55.753240000000076" lon="37.57184999999986">
    </rtept>
    <rtept lat="55.75309000000008" lon="37.572194999999866">
    </rtept>
    <rtept lat="55.752953000000076" lon="37.57249499999987">
    </rtept>
    <rtept lat="55.75254900000007" lon="37.57328599999987">
    </rtept>
    <rtept lat="55.752481000000074" lon="37.573396999999865">
    </rtept>
    <rtept lat="55.752374000000074" lon="37.573568999999864">
    </rtept>
    <rtept lat="55.75228300000008" lon="37.57371299999986">
    </rtept>
    <rtept lat="55.751935000000074" lon="37.57420299999986">
    </rtept>
    <rtept lat="55.75169400000007" lon="37.57448499999986">
    </rtept>
    <rtept lat="55.751465000000074" lon="37.57472199999986">
    </rtept>
    <rtept lat="55.75117300000007" lon="37.57499299999986">
    </rtept>
    <rtept lat="55.75088100000007" lon="37.575209999999856">
    </rtept>
    <rtept lat="55.75060200000007" lon="37.57537199999986">
    </rtept>
    <rtept lat="55.750438000000074" lon="37.57543999999986">
    </rtept>
    <rtept lat="55.750291000000075" lon="37.57549299999986">
    </rtept>
    <rtept lat="55.75005100000008" lon="37.57556899999986">
    </rtept>
    <rtept lat="55.74978300000008" lon="37.57563099999986">
    </rtept>
    <rtept lat="55.74960100000008" lon="37.57566999999986">
    </rtept>
    <rtept lat="55.749422000000074" lon="37.57569799999986">
    </rtept>
    <rtept lat="55.748239000000076" lon="37.57583799999986">
    </rtept>
    <rtept lat="55.747378000000076" lon="37.57582499999986">
    </rtept>
    <rtept lat="55.747122000000076" lon="37.57581399999986">
    </rtept>
    <rtept lat="55.74705000000007" lon="37.57581099999986">
    </rtept>
    <rtept lat="55.746838000000075" lon="37.57578999999986">
    </rtept>
    <rtept lat="55.74644300000008" lon="37.57575199999986">
    </rtept>
    <rtept lat="55.74590200000008" lon="37.57564599999986">
    </rtept>
    <rtept lat="55.74585600000008" lon="37.57563699999986">
    </rtept>
    <rtept lat="55.745630000000084" lon="37.57558599999986">
    </rtept>
    <rtept lat="55.74551900000009" lon="37.575558999999856">
    </rtept>
    <rtept lat="55.745416000000084" lon="37.57553499999985">
    </rtept>
    <rtept lat="55.74528800000009" lon="37.575505999999855">
    </rtept>
    <rtept lat="55.74523900000009" lon="37.57549399999986">
    </rtept>
    <rtept lat="55.74519800000009" lon="37.57547999999986">
    </rtept>
    <rtept lat="55.74514700000009" lon="37.57545399999986">
    </rtept>
    <rtept lat="55.74509400000009" lon="37.57541999999986">
    </rtept>
    <rtept lat="55.74504300000009" lon="37.575375999999856">
    </rtept>
    <rtept lat="55.744979000000086" lon="37.57531299999986">
    </rtept>
    <rtept lat="55.744819000000085" lon="37.57517699999986">
    </rtept>
    <rtept lat="55.744417000000084" lon="37.57486499999986">
    </rtept>
    <rtept lat="55.74397400000009" lon="37.57455399999986">
    </rtept>
    <rtept lat="55.74376800000009" lon="37.574382999999855">
    </rtept>
    <rtept lat="55.74274600000009" lon="37.57348899999985">
    </rtept>
    <rtept lat="55.74256300000009" lon="37.57332599999985">
    </rtept>
    <rtept lat="55.74186700000009" lon="37.57267999999985">
    </rtept>
    <rtept lat="55.74084200000009" lon="37.571788999999846">
    </rtept>
    <rtept lat="55.740821000000096" lon="37.57177099999985">
    </rtept>
    <rtept lat="55.740743000000094" lon="37.57170599999985">
    </rtept>
    <rtept lat="55.7398020000001" lon="37.57086199999985">
    </rtept>
    <rtept lat="55.7394390000001" lon="37.57055499999985">
    </rtept>
    <rtept lat="55.739133000000095" lon="37.57028399999985">
    </rtept>
    <rtept lat="55.738576000000094" lon="37.56978299999985">
    </rtept>
    <rtept lat="55.7385440000001" lon="37.56988199999985">
    </rtept>
    <rtept lat="55.7383270000001" lon="37.56968399999985">
    </rtept>
    <rtept lat="55.7380980000001" lon="37.569468999999856">
    </rtept>
    <rtept lat="55.737925000000104" lon="37.56929399999986">
    </rtept>
    <rtept lat="55.737697000000104" lon="37.56905699999986">
    </rtept>
    <rtept lat="55.7376270000001" lon="37.56902599999986">
    </rtept>
    <rtept lat="55.7375150000001" lon="37.56891499999986">
    </rtept>
    <rtept lat="55.7373460000001" lon="37.56873199999986">
    </rtept>
    <rtept lat="55.7372880000001" lon="37.56866799999986">
    </rtept>
    <rtept lat="55.7372010000001" lon="37.56854499999986">
    </rtept>
    <rtept lat="55.7368300000001" lon="37.568092999999855">
    </rtept>
    <rtept lat="55.736746000000096" lon="37.56796199999985">
    </rtept>
    <rtept lat="55.7366020000001" lon="37.56777399999985">
    </rtept>
    <rtept lat="55.7363770000001" lon="37.56747799999985">
    </rtept>
    <rtept lat="55.736335000000096" lon="37.567417999999854">
    </rtept>
    <rtept lat="55.7361400000001" lon="37.56714399999986">
    </rtept>
    <rtept lat="55.7359120000001" lon="37.56680299999986">
    </rtept>
    <rtept lat="55.7358550000001" lon="37.56671499999986">
    </rtept>
    <rtept lat="55.7357450000001" lon="37.56654599999986">
    </rtept>
    <rtept lat="55.7354670000001" lon="37.56610999999986">
    </rtept>
    <rtept lat="55.7353720000001" lon="37.56595999999986">
    </rtept>
    <rtept lat="55.735131000000095" lon="37.565567999999864">
    </rtept>
    <rtept lat="55.7348400000001" lon="37.565066999999864">
    </rtept>
    <rtept lat="55.7346310000001" lon="37.56467899999986">
    </rtept>
    <rtept lat="55.7344130000001" lon="37.56424899999986">
    </rtept>
    <rtept lat="55.7343540000001" lon="37.56417999999986">
    </rtept>
    <rtept lat="55.734274000000106" lon="37.56403099999986">
    </rtept>
    <rtept lat="55.73411300000011" lon="37.56370199999986">
    </rtept>
    <rtept lat="55.734105000000106" lon="37.56368399999986">
    </rtept>
    <rtept lat="55.733742000000106" lon="37.56289299999986">
    </rtept>
    <rtept lat="55.7336840000001" lon="37.56272699999986">
    </rtept>
    <rtept lat="55.7336310000001" lon="37.56261199999986">
    </rtept>
    <rtept lat="55.733408000000104" lon="37.56212599999986">
    </rtept>
    <rtept lat="55.7329160000001" lon="37.561062999999855">
    </rtept>
    <rtept lat="55.7329610000001" lon="37.56099899999985">
    </rtept>
    <rtept lat="55.732544000000104" lon="37.56009899999985">
    </rtept>
    <rtept lat="55.73247800000011" lon="37.55995599999985">
    </rtept>
    <rtept lat="55.73228900000011" lon="37.55956299999985">
    </rtept>
    <rtept lat="55.73221800000011" lon="37.55941599999985">
    </rtept>
    <rtept lat="55.73215300000011" lon="37.55930299999985">
    </rtept>
    <rtept lat="55.73203200000011" lon="37.55909299999985">
    </rtept>
    <rtept lat="55.73190800000011" lon="37.55888799999985">
    </rtept>
    <rtept lat="55.73184500000011" lon="37.55880899999985">
    </rtept>
    <rtept lat="55.731774000000115" lon="37.55868999999985">
    </rtept>
    <rtept lat="55.73159000000012" lon="37.55837199999985">
    </rtept>
    <rtept lat="55.73149200000012" lon="37.55820699999985">
    </rtept>
    <rtept lat="55.731358000000114" lon="37.55799299999985">
    </rtept>
    <rtept lat="55.73040700000011" lon="37.55646999999985">
    </rtept>
    <rtept lat="55.730277000000115" lon="37.55625799999985">
    </rtept>
    <rtept lat="55.73015500000012" lon="37.55604699999985">
    </rtept>
    <rtept lat="55.73010600000012" lon="37.55613799999985">
    </rtept>
    <rtept lat="55.73000800000012" lon="37.55596799999985">
    </rtept>
    <rtept lat="55.72987900000012" lon="37.55574799999985">
    </rtept>
    <rtept lat="55.72978000000012" lon="37.55556299999985">
    </rtept>
    <rtept lat="55.72964800000012" lon="37.55531499999985">
    </rtept>
    <rtept lat="55.72951500000012" lon="37.55504999999985">
    </rtept>
    <rtept lat="55.72937300000012" lon="37.55475799999985">
    </rtept>
    <rtept lat="55.729234000000126" lon="37.55445399999985">
    </rtept>
    <rtept lat="55.72907300000013" lon="37.55408599999985">
    </rtept>
    <rtept lat="55.72892100000013" lon="37.55371399999985">
    </rtept>
    <rtept lat="55.728767000000126" lon="37.55332799999985">
    </rtept>
    <rtept lat="55.728632000000125" lon="37.552963999999854">
    </rtept>
    <rtept lat="55.72852400000013" lon="37.552653999999855">
    </rtept>
    <rtept lat="55.728446000000126" lon="37.552414999999854">
    </rtept>
    <rtept lat="55.728323000000124" lon="37.55202499999985">
    </rtept>
    <rtept lat="55.728202000000124" lon="37.551623999999855">
    </rtept>
    <rtept lat="55.72806200000012" lon="37.55113499999985">
    </rtept>
    <rtept lat="55.727968000000125" lon="37.550793999999854">
    </rtept>
    <rtept lat="55.72789300000012" lon="37.550489999999854">
    </rtept>
    <rtept lat="55.72784800000012" lon="37.55029199999986">
    </rtept>
    <rtept lat="55.72783200000012" lon="37.55021199999986">
    </rtept>
    <rtept lat="55.72777200000012" lon="37.54990499999986">
    </rtept>
    <rtept lat="55.72773500000012" lon="37.54969999999986">
    </rtept>
    <rtept lat="55.727698000000125" lon="37.54947299999986">
    </rtept>
    <rtept lat="55.727670000000124" lon="37.54928399999986">
    </rtept>
    <rtept lat="55.72764800000012" lon="37.54915899999986">
    </rtept>
    <rtept lat="55.72768000000012" lon="37.549140999999864">
    </rtept>
    <rtept lat="55.72764800000012" lon="37.54915899999986">
    </rtept>
    <rtept lat="55.727642000000124" lon="37.54912099999986">
    </rtept>
    <rtept lat="55.727551000000126" lon="37.548710999999855">
    </rtept>
    <rtept lat="55.727642000000124" lon="37.54912099999986">
    </rtept>
    <rtept lat="55.727670000000124" lon="37.54928399999986">
    </rtept>
    <rtept lat="55.727698000000125" lon="37.54947299999986">
    </rtept>
    <rtept lat="55.727681000000125" lon="37.54948399999986">
    </rtept>
    <rtept lat="55.72765100000012" lon="37.549506999999856">
    </rtept>
    <rtept lat="55.72757600000012" lon="37.54956199999986">
    </rtept>
    <rtept lat="55.72753700000012" lon="37.54958999999986">
    </rtept>
    <rtept lat="55.72751800000012" lon="37.54960399999986">
    </rtept>
    <rtept lat="55.727505000000114" lon="37.54956399999986">
    </rtept>
    <rtept lat="55.72749000000012" lon="37.549534999999864">
    </rtept>
    <rtept lat="55.727468000000115" lon="37.549517999999864">
    </rtept>
    <rtept lat="55.72744500000012" lon="37.54951699999987">
    </rtept>
    <rtept lat="55.72742800000012" lon="37.549525999999865">
    </rtept>
    <rtept lat="55.727280000000114" lon="37.54963499999987">
    </rtept>
    <rtept lat="55.72684200000011" lon="37.55002799999987">
    </rtept>
    <rtept lat="55.72682000000011" lon="37.55005599999987">
    </rtept>
    <rtept lat="55.72675200000011" lon="37.55014999999987">
    </rtept>
    <rtept lat="55.72602700000011" lon="37.55081999999987">
    </rtept>
    <rtept lat="55.72585400000011" lon="37.55097999999987">
    </rtept>
    <rtept lat="55.72550600000011" lon="37.55130899999987">
    </rtept>
    <rtept lat="55.72534200000011" lon="37.55147799999987">
    </rtept>
    <rtept lat="55.72489100000011" lon="37.55197599999987">
    </rtept>
    <rtept lat="55.724609000000115" lon="37.55236199999987">
    </rtept>
    <rtept lat="55.724308000000114" lon="37.55281799999987">
    </rtept>
    <rtept lat="55.72403900000011" lon="37.55325099999987">
    </rtept>
    <rtept lat="55.72368500000011" lon="37.55393199999987">
    </rtept>
    <rtept lat="55.72341400000011" lon="37.554534999999866">
    </rtept>
    <rtept lat="55.723050000000114" lon="37.55543699999987">
    </rtept>
    <rtept lat="55.72305100000011" lon="37.55552299999987">
    </rtept>
    <rtept lat="55.72302400000011" lon="37.555617999999875">
    </rtept>
    <rtept lat="55.72297600000011" lon="37.555577999999876">
    </rtept>
    <rtept lat="55.72298400000011" lon="37.555549999999876">
    </rtept>
  </rte>


<rte>
    <name>bicycle 3.1 km</name>
    <rtept lat="55.723117" lon="37.555569">
    </rtept>
    <rtept lat="55.723115" lon="37.555575">
    </rtept>
    <rtept lat="55.7238" lon="37.556129999999996">
    </rtept>
    <rtept lat="55.723848999999994" lon="37.556171">
    </rtept>
    <rtept lat="55.72398" lon="37.556278999999996">
    </rtept>
    <rtept lat="55.724073999999995" lon="37.556354999999996">
    </rtept>
    <rtept lat="55.72432299999999" lon="37.556546">
    </rtept>
    <rtept lat="55.72436799999999" lon="37.556597">
    </rtept>
    <rtept lat="55.72444199999999" lon="37.556661">
    </rtept>
    <rtept lat="55.72445499999999" lon="37.556671">
    </rtept>
    <rtept lat="55.72447999999999" lon="37.556694">
    </rtept>
    <rtept lat="55.72458799999999" lon="37.556792">
    </rtept>
    <rtept lat="55.72479299999999" lon="37.556994">
    </rtept>
    <rtept lat="55.72491099999999" lon="37.557109000000004">
    </rtept>
    <rtept lat="55.72522399999999" lon="37.557447">
    </rtept>
    <rtept lat="55.72634999999999" lon="37.558724000000005">
    </rtept>
    <rtept lat="55.72636599999999" lon="37.558749000000006">
    </rtept>
    <rtept lat="55.726381999999994" lon="37.558786000000005">
    </rtept>
    <rtept lat="55.726392" lon="37.558829">
    </rtept>
    <rtept lat="55.726448999999995" lon="37.558893000000005">
    </rtept>
    <rtept lat="55.726507" lon="37.558958000000004">
    </rtept>
    <rtept lat="55.726532" lon="37.55899">
    </rtept>
    <rtept lat="55.726645" lon="37.559135000000005">
    </rtept>
    <rtept lat="55.726673999999996" lon="37.559174000000006">
    </rtept>
    <rtept lat="55.72672599999999" lon="37.55925200000001">
    </rtept>
    <rtept lat="55.72677799999999" lon="37.55933900000001">
    </rtept>
    <rtept lat="55.726902999999986" lon="37.55957500000001">
    </rtept>
    <rtept lat="55.72692799999999" lon="37.55962300000001">
    </rtept>
    <rtept lat="55.72695499999999" lon="37.559672000000006">
    </rtept>
    <rtept lat="55.72733199999999" lon="37.56037700000001">
    </rtept>
    <rtept lat="55.72736499999999" lon="37.56042400000001">
    </rtept>
    <rtept lat="55.72739699999999" lon="37.56045800000001">
    </rtept>
    <rtept lat="55.72742499999999" lon="37.56047800000001">
    </rtept>
    <rtept lat="55.72745599999999" lon="37.56055700000001">
    </rtept>
    <rtept lat="55.72747099999999" lon="37.56060500000001">
    </rtept>
    <rtept lat="55.72748099999999" lon="37.56063300000001">
    </rtept>
    <rtept lat="55.72747899999999" lon="37.56068700000001">
    </rtept>
    <rtept lat="55.72751499999999" lon="37.56077400000001">
    </rtept>
    <rtept lat="55.72757699999999" lon="37.56087900000001">
    </rtept>
    <rtept lat="55.72772699999999" lon="37.561249000000004">
    </rtept>
    <rtept lat="55.72784499999999" lon="37.561523">
    </rtept>
    <rtept lat="55.72802699999999" lon="37.561945">
    </rtept>
    <rtept lat="55.72839699999999" lon="37.562798">
    </rtept>
    <rtept lat="55.72841099999999" lon="37.562835">
    </rtept>
    <rtept lat="55.72839699999999" lon="37.562858">
    </rtept>
    <rtept lat="55.728357999999986" lon="37.562919">
    </rtept>
    <rtept lat="55.72831399999998" lon="37.562981">
    </rtept>
    <rtept lat="55.728270999999985" lon="37.563036000000004">
    </rtept>
    <rtept lat="55.728242999999985" lon="37.563082">
    </rtept>
    <rtept lat="55.728248999999984" lon="37.563095000000004">
    </rtept>
    <rtept lat="55.72834799999998" lon="37.563321">
    </rtept>
    <rtept lat="55.728557999999985" lon="37.563805">
    </rtept>
    <rtept lat="55.72896499999999" lon="37.564751">
    </rtept>
    <rtept lat="55.72903499999999" lon="37.564913000000004">
    </rtept>
    <rtept lat="55.72914099999999" lon="37.56515400000001">
    </rtept>
    <rtept lat="55.72920899999999" lon="37.56530800000001">
    </rtept>
    <rtept lat="55.72927299999999" lon="37.56545200000001">
    </rtept>
    <rtept lat="55.72958499999999" lon="37.56616600000001">
    </rtept>
    <rtept lat="55.730017999999994" lon="37.56716400000001">
    </rtept>
    <rtept lat="55.73005499999999" lon="37.56724900000001">
    </rtept>
    <rtept lat="55.73012299999999" lon="37.56740500000001">
    </rtept>
    <rtept lat="55.73018799999999" lon="37.56731800000001">
    </rtept>
    <rtept lat="55.73021099999999" lon="37.56728700000001">
    </rtept>
    <rtept lat="55.73023499999999" lon="37.56725800000001">
    </rtept>
    <rtept lat="55.730273999999994" lon="37.56720000000001">
    </rtept>
    <rtept lat="55.73029" lon="37.567176">
    </rtept>
    <rtept lat="55.730349999999994" lon="37.567309">
    </rtept>
    <rtept lat="55.73037599999999" lon="37.567371">
    </rtept>
    <rtept lat="55.730886999999996" lon="37.568554">
    </rtept>
    <rtept lat="55.730934999999995" lon="37.568663">
    </rtept>
    <rtept lat="55.730976999999996" lon="37.568759">
    </rtept>
    <rtept lat="55.731471" lon="37.569909">
    </rtept>
    <rtept lat="55.731578999999996" lon="37.57016">
    </rtept>
    <rtept lat="55.731621" lon="37.570261">
    </rtept>
    <rtept lat="55.731711" lon="37.570465">
    </rtept>
    <rtept lat="55.732219" lon="37.571622">
    </rtept>
    <rtept lat="55.732233" lon="37.571692999999996">
    </rtept>
    <rtept lat="55.732283" lon="37.57181">
    </rtept>
    <rtept lat="55.732325" lon="37.571874">
    </rtept>
    <rtept lat="55.732592000000004" lon="37.572508">
    </rtept>
    <rtept lat="55.732687000000006" lon="37.572714">
    </rtept>
    <rtept lat="55.73273100000001" lon="37.572790999999995">
    </rtept>
    <rtept lat="55.73278100000001" lon="37.572843999999996">
    </rtept>
    <rtept lat="55.73283300000001" lon="37.572889999999994">
    </rtept>
    <rtept lat="55.732879000000004" lon="37.572922999999996">
    </rtept>
    <rtept lat="55.732961" lon="37.572976">
    </rtept>
    <rtept lat="55.733136" lon="37.573071">
    </rtept>
    <rtept lat="55.733129000000005" lon="37.573114">
    </rtept>
    <rtept lat="55.733118000000005" lon="37.573167999999995">
    </rtept>
    <rtept lat="55.73310300000001" lon="37.57326499999999">
    </rtept>
    <rtept lat="55.73309700000001" lon="37.57329899999999">
    </rtept>
    <rtept lat="55.733087000000005" lon="37.57334699999999">
    </rtept>
    <rtept lat="55.733064000000006" lon="37.57342299999999">
    </rtept>
    <rtept lat="55.733047000000006" lon="37.57347499999999">
    </rtept>
    <rtept lat="55.73303000000001" lon="37.573520999999985">
    </rtept>
    <rtept lat="55.733889000000005" lon="37.575479999999985">
    </rtept>
    <rtept lat="55.734833" lon="37.577618999999984">
    </rtept>
    <rtept lat="55.734866000000004" lon="37.57769099999999">
    </rtept>
    <rtept lat="55.73579900000001" lon="37.57973699999999">
    </rtept>
    <rtept lat="55.73587100000001" lon="37.579897999999986">
    </rtept>
    <rtept lat="55.73584600000001" lon="37.579928999999986">
    </rtept>
    <rtept lat="55.735808000000006" lon="37.579982999999984">
    </rtept>
    <rtept lat="55.735763000000006" lon="37.58004599999998">
    </rtept>
    <rtept lat="55.73573400000001" lon="37.580086999999985">
    </rtept>
    <rtept lat="55.73570200000001" lon="37.58013099999999">
    </rtept>
    <rtept lat="55.73599000000001" lon="37.580758999999986">
    </rtept>
    <rtept lat="55.736101000000005" lon="37.58100599999999">
    </rtept>
    <rtept lat="55.736174000000005" lon="37.581158999999985">
    </rtept>
    <rtept lat="55.73637900000001" lon="37.581603999999984">
    </rtept>
    <rtept lat="55.736512000000005" lon="37.581895999999986">
    </rtept>
    <rtept lat="55.736732" lon="37.58237599999999">
    </rtept>
    <rtept lat="55.736753" lon="37.58246199999999">
    </rtept>
    <rtept lat="55.736796" lon="37.58263399999999">
    </rtept>
    <rtept lat="55.736835" lon="37.582798999999994">
    </rtept>
    <rtept lat="55.737491" lon="37.58410799999999">
    </rtept>
    <rtept lat="55.73751" lon="37.584146999999994">
    </rtept>
    <rtept lat="55.737542" lon="37.584213999999996">
    </rtept>
    <rtept lat="55.737576" lon="37.584284">
    </rtept>
    <rtept lat="55.737598" lon="37.584329999999994">
    </rtept>
    <rtept lat="55.737693" lon="37.584537999999995">
    </rtept>
    <rtept lat="55.738106" lon="37.58545899999999">
    </rtept>
    <rtept lat="55.738134" lon="37.58552099999999">
    </rtept>
    <rtept lat="55.73816" lon="37.58557799999999">
    </rtept>
    <rtept lat="55.738182" lon="37.58562599999999">
    </rtept>
    <rtept lat="55.738351" lon="37.585998999999994">
    </rtept>
    <rtept lat="55.738357" lon="37.58599099999999">
    </rtept>
    <rtept lat="55.738351" lon="37.585998999999994">
    </rtept>
    <rtept lat="55.738354" lon="37.58600599999999">
    </rtept>
    <rtept lat="55.738262" lon="37.58615299999999">
    </rtept>
    <rtept lat="55.738109" lon="37.58643999999999">
    </rtept>
    <rtept lat="55.737867" lon="37.58697099999999">
    </rtept>
    <rtept lat="55.737646" lon="37.58745599999999">
    </rtept>
    <rtept lat="55.737193" lon="37.58854099999999">
    </rtept>
    <rtept lat="55.736959" lon="37.58912399999999">
    </rtept>
    <rtept lat="55.736826" lon="37.58947599999999">
    </rtept>
    <rtept lat="55.736802" lon="37.58954999999999">
    </rtept>
    <rtept lat="55.736787" lon="37.58959299999999">
    </rtept>
    <rtept lat="55.736497" lon="37.59042799999999">
    </rtept>
    <rtept lat="55.736317" lon="37.59022599999999">
    </rtept>
    <rtept lat="55.73628" lon="37.59018599999999">
    </rtept>
    <rtept lat="55.735968" lon="37.58988699999999">
    </rtept>
    <rtept lat="55.735866" lon="37.58978299999999">
    </rtept>
    <rtept lat="55.735801" lon="37.58994499999999">
    </rtept>
    <rtept lat="55.735833" lon="37.589985999999996">
    </rtept>
  </rte>


</gpx>