<?xml version="1.0" encoding="UTF-8"?>
<gpx version="1.1" creator="Route Map" xmlns="http://www.topografix.com/GPX/1/1">
  <trk>
    <name>5 утра. Домодедово. Свиблово</name>
    <trkseg>
      <trkpt lat="55.79352" lon="37.63831">
        <ele>0</ele>
      </trkpt>
      <trkpt lat="55.79355" lon="37.63827">
        <ele>0</ele>
      </trkpt>
      <trkpt lat="55.7935699" lon="37.6382299">
        <ele>0</ele>
      </trkpt>
      <trkpt lat="55.7935899" lon="37.6381999">
        <ele>0</ele>
      </trkpt>
      <trkpt lat="55.79361" lon="37.6381699">
        <ele>0</ele>
      </trkpt>
      <trkpt lat="55.7936299" lon="37.63814">
        <ele>0</ele>
      </trkpt>
      <trkpt lat="55.79365" lon="37.6380999">
        <ele>0</ele>
      </trkpt>
      <trkpt lat="55.79365" lon="37.6380599">
        <ele>0</ele>
      </trkpt>
      <trkpt lat="55.79365" lon="37.63802">
        <ele>0</ele>
      </trkpt>
      <trkpt lat="55.7936299" lon="37.6379699">
        <ele>0</ele>
      </trkpt>
      <trkpt lat="55.79361" lon="37.63792">
        <ele>0</ele>
      </trkpt>
      <trkpt lat="55.79358" lon="37.63789">
        <ele>0</ele>
      </trkpt>
      <trkpt lat="55.79354" lon="37.6378699">
        <ele>0</ele>
      </trkpt>
      <trkpt lat="55.79349" lon="37.6378699">
        <ele>0</ele>
      </trkpt>
      <trkpt lat="55.79345" lon="37.63789">
        <ele>0</ele>
      </trkpt>
      <trkpt lat="55.79341" lon="37.63791">
        <ele>0</ele>
      </trkpt>
      <trkpt lat="55.79336" lon="37.63791">
        <ele>0</ele>
      </trkpt>
      <trkpt lat="55.79332" lon="37.63791">
        <ele>0</ele>
      </trkpt>
      <trkpt lat="55.7932699" lon="37.6378999">
        <ele>0</ele>
      </trkpt>
      <trkpt lat="55.79322" lon="37.63788">
        <ele>0</ele>
      </trkpt>
      <trkpt lat="55.79318" lon="37.63786">
        <ele>0</ele>
      </trkpt>
      <trkpt lat="55.79313" lon="37.6378399">
        <ele>0</ele>
      </trkpt>
      <trkpt lat="55.79308" lon="37.6378299">
        <ele>0</ele>
      </trkpt>
      <trkpt lat="55.79303" lon="37.63782">
        <ele>0</ele>
      </trkpt>
      <trkpt lat="55.79298" lon="37.63781">
        <ele>0</ele>
      </trkpt>
      <trkpt lat="55.7929399" lon="37.63779">
        <ele>0</ele>
      </trkpt>
      <trkpt lat="55.79292" lon="37.6377399">
        <ele>0</ele>
      </trkpt>
      <trkpt lat="55.7929" lon="37.63768">
        <ele>0</ele>
      </trkpt>
      <trkpt lat="55.7928699" lon="37.6376399">
        <ele>0</ele>
      </trkpt>
      <trkpt lat="55.7928399" lon="37.63762">
        <ele>0</ele>
      </trkpt>
      <trkpt lat="55.7928099" lon="37.63758">
        <ele>0</ele>
      </trkpt>
      <trkpt lat="55.7928" lon="37.6374699">
        <ele>0</ele>
      </trkpt>
      <trkpt lat="55.7928" lon="37.6374699">
        <ele>0</ele>
      </trkpt>
      <trkpt lat="55.7928" lon="37.6374099">
        <ele>0</ele>
      </trkpt>
      <trkpt lat="55.7928" lon="37.6373399">
        <ele>0</ele>
      </trkpt>
      <trkpt lat="55.79279" lon="37.63726">
        <ele>0</ele>
      </trkpt>
      <trkpt lat="55.79279" lon="37.63719">
        <ele>0</ele>
      </trkpt>
      <trkpt lat="55.7927799" lon="37.6371">
        <ele>0</ele>
      </trkpt>
      <trkpt lat="55.7927699" lon="37.6370199">
        <ele>0</ele>
      </trkpt>
      <trkpt lat="55.7927699" lon="37.63693">
        <ele>0</ele>
      </trkpt>
      <trkpt lat="55.7927699" lon="37.63684">
        <ele>0</ele>
      </trkpt>
      <trkpt lat="55.7927699" lon="37.6367499">
        <ele>0</ele>
      </trkpt>
      <trkpt lat="55.79276" lon="37.6366499">
        <ele>0</ele>
      </trkpt>
      <trkpt lat="55.79275" lon="37.6365499">
        <ele>0</ele>
      </trkpt>
      <trkpt lat="55.7927399" lon="37.6364599">
        <ele>0</ele>
      </trkpt>
      <trkpt lat="55.79272" lon="37.6363599">
        <ele>0</ele>
      </trkpt>
      <trkpt lat="55.79272" lon="37.63625">
        <ele>0</ele>
      </trkpt>
      <trkpt lat="55.7927099" lon="37.63615">
        <ele>0</ele>
      </trkpt>
      <trkpt lat="55.7927" lon="37.6360599">
        <ele>0</ele>
      </trkpt>
      <trkpt lat="55.79269" lon="37.6359699">
        <ele>0</ele>
      </trkpt>
      <trkpt lat="55.79267" lon="37.63589">
        <ele>0</ele>
      </trkpt>
      <trkpt lat="55.7926499" lon="37.63582">
        <ele>0</ele>
      </trkpt>
      <trkpt lat="55.79262" lon="37.63576">
        <ele>0</ele>
      </trkpt>
      <trkpt lat="55.79259" lon="37.63569">
        <ele>0</ele>
      </trkpt>
      <trkpt lat="55.7925799" lon="37.63562">
        <ele>0</ele>
      </trkpt>
      <trkpt lat="55.7925799" lon="37.63553">
        <ele>0</ele>
      </trkpt>
      <trkpt lat="55.7925799" lon="37.63545">
        <ele>0</ele>
      </trkpt>
      <trkpt lat="55.7925799" lon="37.63529">
        <ele>0</ele>
      </trkpt>
      <trkpt lat="55.7925799" lon="37.6352099">
        <ele>0</ele>
      </trkpt>
      <trkpt lat="55.7925799" lon="37.63513">
        <ele>0</ele>
      </trkpt>
      <trkpt lat="55.7925799" lon="37.63513">
        <ele>0</ele>
      </trkpt>
      <trkpt lat="55.7925799" lon="37.63506">
        <ele>0</ele>
      </trkpt>
      <trkpt lat="55.7925799" lon="37.6350099">
        <ele>0</ele>
      </trkpt>
      <trkpt lat="55.79256" lon="37.63499">
        <ele>0</ele>
      </trkpt>
      <trkpt lat="55.79252" lon="37.63499">
        <ele>0</ele>
      </trkpt>
      <trkpt lat="55.79247" lon="37.63499">
        <ele>0</ele>
      </trkpt>
      <trkpt lat="55.7924199" lon="37.635">
        <ele>0</ele>
      </trkpt>
      <trkpt lat="55.79237" lon="37.6350099">
        <ele>0</ele>
      </trkpt>
      <trkpt lat="55.7923099" lon="37.6350099">
        <ele>0</ele>
      </trkpt>
      <trkpt lat="55.79226" lon="37.6350099">
        <ele>0</ele>
      </trkpt>
      <trkpt lat="55.79221" lon="37.6350099">
        <ele>0</ele>
      </trkpt>
      <trkpt lat="55.79217" lon="37.6350099">
        <ele>0</ele>
      </trkpt>
      <trkpt lat="55.7921199" lon="37.6350099">
        <ele>0</ele>
      </trkpt>
      <trkpt lat="55.7920199" lon="37.63497">
        <ele>0</ele>
      </trkpt>
      <trkpt lat="55.79197" lon="37.63493">
        <ele>0</ele>
      </trkpt>
      <trkpt lat="55.7919199" lon="37.6348799">
        <ele>0</ele>
      </trkpt>
      <trkpt lat="55.79187" lon="37.6348199">
        <ele>0</ele>
      </trkpt>
      <trkpt lat="55.7918199" lon="37.63474">
        <ele>0</ele>
      </trkpt>
      <trkpt lat="55.7914899" lon="37.6325799">
        <ele>0</ele>
      </trkpt>
      <trkpt lat="55.7914999" lon="37.6326499">
        <ele>0</ele>
      </trkpt>
      <trkpt lat="55.7914999" lon="37.63266">
        <ele>0</ele>
      </trkpt>
      <trkpt lat="55.7914999" lon="37.63267">
        <ele>0</ele>
      </trkpt>
      <trkpt lat="55.7914999" lon="37.63269">
        <ele>0</ele>
      </trkpt>
      <trkpt lat="55.7914999" lon="37.6327099">
        <ele>0</ele>
      </trkpt>
      <trkpt lat="55.7914999" lon="37.63274">
        <ele>0</ele>
      </trkpt>
      <trkpt lat="55.7914899" lon="37.6327799">
        <ele>0</ele>
      </trkpt>
      <trkpt lat="55.79148" lon="37.63279">
        <ele>0</ele>
      </trkpt>
      <trkpt lat="55.7914599" lon="37.6328">
        <ele>0</ele>
      </trkpt>
      <trkpt lat="55.79145" lon="37.6328199">
        <ele>0</ele>
      </trkpt>
      <trkpt lat="55.7914299" lon="37.6328499">
        <ele>0</ele>
      </trkpt>
      <trkpt lat="55.79141" lon="37.63287">
        <ele>0</ele>
      </trkpt>
      <trkpt lat="55.79138" lon="37.63289">
        <ele>0</ele>
      </trkpt>
      <trkpt lat="55.79135" lon="37.63289">
        <ele>0</ele>
      </trkpt>
      <trkpt lat="55.79131" lon="37.63289">
        <ele>0</ele>
      </trkpt>
      <trkpt lat="55.79128" lon="37.63289">
        <ele>0</ele>
      </trkpt>
      <trkpt lat="55.79124" lon="37.6328799">
        <ele>0</ele>
      </trkpt>
      <trkpt lat="55.7911999" lon="37.63287">
        <ele>0</ele>
      </trkpt>
      <trkpt lat="55.7911699" lon="37.63287">
        <ele>0</ele>
      </trkpt>
      <trkpt lat="55.7911399" lon="37.63287">
        <ele>0</ele>
      </trkpt>
      <trkpt lat="55.79109" lon="37.63289">
        <ele>0</ele>
      </trkpt>
      <trkpt lat="55.79105" lon="37.6329099">
        <ele>0</ele>
      </trkpt>
      <trkpt lat="55.79101" lon="37.6329099">
        <ele>0</ele>
      </trkpt>
      <trkpt lat="55.79096" lon="37.6329">
        <ele>0</ele>
      </trkpt>
      <trkpt lat="55.79092" lon="37.6329099">
        <ele>0</ele>
      </trkpt>
      <trkpt lat="55.7908699" lon="37.63292">
        <ele>0</ele>
      </trkpt>
      <trkpt lat="55.79082" lon="37.63293">
        <ele>0</ele>
      </trkpt>
      <trkpt lat="55.7907699" lon="37.6329399">
        <ele>0</ele>
      </trkpt>
      <trkpt lat="55.79072" lon="37.6329499">
        <ele>0</ele>
      </trkpt>
      <trkpt lat="55.7906699" lon="37.63296">
        <ele>0</ele>
      </trkpt>
      <trkpt lat="55.79062" lon="37.63297">
        <ele>0</ele>
      </trkpt>
      <trkpt lat="55.7905699" lon="37.63297">
        <ele>0</ele>
      </trkpt>
      <trkpt lat="55.79053" lon="37.6329799">
        <ele>0</ele>
      </trkpt>
      <trkpt lat="55.79049" lon="37.6329799">
        <ele>0</ele>
      </trkpt>
      <trkpt lat="55.7904499" lon="37.633">
        <ele>0</ele>
      </trkpt>
      <trkpt lat="55.79042" lon="37.6330099">
        <ele>0</ele>
      </trkpt>
      <trkpt lat="55.79042" lon="37.6330099">
        <ele>0</ele>
      </trkpt>
      <trkpt lat="55.79042" lon="37.6330099">
        <ele>0</ele>
      </trkpt>
      <trkpt lat="55.79042" lon="37.6330099">
        <ele>0</ele>
      </trkpt>
      <trkpt lat="55.79039" lon="37.6330399">
        <ele>0</ele>
      </trkpt>
      <trkpt lat="55.79037" lon="37.6330499">
        <ele>0</ele>
      </trkpt>
      <trkpt lat="55.79036" lon="37.63306">
        <ele>0</ele>
      </trkpt>
      <trkpt lat="55.79034" lon="37.6330699">
        <ele>0</ele>
      </trkpt>
      <trkpt lat="55.7903199" lon="37.6330799">
        <ele>0</ele>
      </trkpt>
      <trkpt lat="55.7903099" lon="37.6330799">
        <ele>0</ele>
      </trkpt>
      <trkpt lat="55.7903" lon="37.6330799">
        <ele>0</ele>
      </trkpt>
      <trkpt lat="55.7902799" lon="37.63309">
        <ele>0</ele>
      </trkpt>
      <trkpt lat="55.79027" lon="37.63309">
        <ele>0</ele>
      </trkpt>
      <trkpt lat="55.79019" lon="37.6331099">
        <ele>0</ele>
      </trkpt>
      <trkpt lat="55.79017" lon="37.63313">
        <ele>0</ele>
      </trkpt>
      <trkpt lat="55.7901499" lon="37.63315">
        <ele>0</ele>
      </trkpt>
      <trkpt lat="55.79013" lon="37.6332">
        <ele>0</ele>
      </trkpt>
      <trkpt lat="55.79011" lon="37.63326">
        <ele>0</ele>
      </trkpt>
      <trkpt lat="55.7900899" lon="37.63332">
        <ele>0</ele>
      </trkpt>
      <trkpt lat="55.79007" lon="37.6333999">
        <ele>0</ele>
      </trkpt>
      <trkpt lat="55.7900499" lon="37.63348">
        <ele>0</ele>
      </trkpt>
      <trkpt lat="55.7900499" lon="37.6335699">
        <ele>0</ele>
      </trkpt>
      <trkpt lat="55.79004" lon="37.63366">
        <ele>0</ele>
      </trkpt>
      <trkpt lat="55.79004" lon="37.63375">
        <ele>0</ele>
      </trkpt>
      <trkpt lat="55.79004" lon="37.63385">
        <ele>0</ele>
      </trkpt>
      <trkpt lat="55.79003" lon="37.63395">
        <ele>0</ele>
      </trkpt>
      <trkpt lat="55.79003" lon="37.63405">
        <ele>0</ele>
      </trkpt>
      <trkpt lat="55.79003" lon="37.63414">
        <ele>0</ele>
      </trkpt>
      <trkpt lat="55.7900199" lon="37.63424">
        <ele>0</ele>
      </trkpt>
      <trkpt lat="55.7900199" lon="37.6343199">
        <ele>0</ele>
      </trkpt>
      <trkpt lat="55.79003" lon="37.6344">
        <ele>0</ele>
      </trkpt>
      <trkpt lat="55.79003" lon="37.6344599">
        <ele>0</ele>
      </trkpt>
      <trkpt lat="55.79003" lon="37.6345">
        <ele>0</ele>
      </trkpt>
      <trkpt lat="55.79001" lon="37.63453">
        <ele>0</ele>
      </trkpt>
      <trkpt lat="55.7899899" lon="37.63454">
        <ele>0</ele>
      </trkpt>
      <trkpt lat="55.78996" lon="37.6345599">
        <ele>0</ele>
      </trkpt>
      <trkpt lat="55.78993" lon="37.6345599">
        <ele>0</ele>
      </trkpt>
      <trkpt lat="55.7898899" lon="37.6345599">
        <ele>0</ele>
      </trkpt>
      <trkpt lat="55.7898599" lon="37.6345599">
        <ele>0</ele>
      </trkpt>
      <trkpt lat="55.7898199" lon="37.6345599">
        <ele>0</ele>
      </trkpt>
      <trkpt lat="55.78978" lon="37.6345499">
        <ele>0</ele>
      </trkpt>
      <trkpt lat="55.78974" lon="37.63454">
        <ele>0</ele>
      </trkpt>
      <trkpt lat="55.7897" lon="37.63454">
        <ele>0</ele>
      </trkpt>
      <trkpt lat="55.7896199" lon="37.6345199">
        <ele>0</ele>
      </trkpt>
      <trkpt lat="55.7896199" lon="37.6345199">
        <ele>0</ele>
      </trkpt>
      <trkpt lat="55.7895899" lon="37.6344899">
        <ele>0</ele>
      </trkpt>
      <trkpt lat="55.78955" lon="37.6344599">
        <ele>0</ele>
      </trkpt>
      <trkpt lat="55.78951" lon="37.63443">
        <ele>0</ele>
      </trkpt>
      <trkpt lat="55.7894599" lon="37.63441">
        <ele>0</ele>
      </trkpt>
      <trkpt lat="55.78941" lon="37.6343899">
        <ele>0</ele>
      </trkpt>
      <trkpt lat="55.7893599" lon="37.63438">
        <ele>0</ele>
      </trkpt>
      <trkpt lat="55.78931" lon="37.63437">
        <ele>0</ele>
      </trkpt>
      <trkpt lat="55.7892599" lon="37.63437">
        <ele>0</ele>
      </trkpt>
      <trkpt lat="55.78921" lon="37.63437">
        <ele>0</ele>
      </trkpt>
      <trkpt lat="55.7891599" lon="37.63438">
        <ele>0</ele>
      </trkpt>
      <trkpt lat="55.78911" lon="37.63438">
        <ele>0</ele>
      </trkpt>
      <trkpt lat="55.78906" lon="37.63438">
        <ele>0</ele>
      </trkpt>
      <trkpt lat="55.78901" lon="37.63438">
        <ele>0</ele>
      </trkpt>
      <trkpt lat="55.78896" lon="37.6343899">
        <ele>0</ele>
      </trkpt>
      <trkpt lat="55.78892" lon="37.6343899">
        <ele>0</ele>
      </trkpt>
      <trkpt lat="55.7888699" lon="37.6343899">
        <ele>0</ele>
      </trkpt>
      <trkpt lat="55.78882" lon="37.6343899">
        <ele>0</ele>
      </trkpt>
      <trkpt lat="55.78876" lon="37.6343899">
        <ele>0</ele>
      </trkpt>
      <trkpt lat="55.7886999" lon="37.6343899">
        <ele>0</ele>
      </trkpt>
      <trkpt lat="55.78865" lon="37.6343899">
        <ele>0</ele>
      </trkpt>
      <trkpt lat="55.78859" lon="37.6343899">
        <ele>0</ele>
      </trkpt>
      <trkpt lat="55.78853" lon="37.6343899">
        <ele>0</ele>
      </trkpt>
      <trkpt lat="55.78842" lon="37.6343899">
        <ele>0</ele>
      </trkpt>
      <trkpt lat="55.78837" lon="37.63438">
        <ele>0</ele>
      </trkpt>
      <trkpt lat="55.7883099" lon="37.6343899">
        <ele>0</ele>
      </trkpt>
      <trkpt lat="55.7882499" lon="37.63438">
        <ele>0</ele>
      </trkpt>
      <trkpt lat="55.78819" lon="37.6343899">
        <ele>0</ele>
      </trkpt>
      <trkpt lat="55.78819" lon="37.6343899">
        <ele>0</ele>
      </trkpt>
      <trkpt lat="55.78813" lon="37.6343899">
        <ele>0</ele>
      </trkpt>
      <trkpt lat="55.7880799" lon="37.6343899">
        <ele>0</ele>
      </trkpt>
      <trkpt lat="55.7880199" lon="37.63438">
        <ele>0</ele>
      </trkpt>
      <trkpt lat="55.78797" lon="37.63438">
        <ele>0</ele>
      </trkpt>
      <trkpt lat="55.78791" lon="37.6343899">
        <ele>0</ele>
      </trkpt>
      <trkpt lat="55.7878499" lon="37.6343899">
        <ele>0</ele>
      </trkpt>
      <trkpt lat="55.7878" lon="37.6344">
        <ele>0</ele>
      </trkpt>
      <trkpt lat="55.78774" lon="37.6344">
        <ele>0</ele>
      </trkpt>
      <trkpt lat="55.78768" lon="37.63441">
        <ele>0</ele>
      </trkpt>
      <trkpt lat="55.7876199" lon="37.6344199">
        <ele>0</ele>
      </trkpt>
      <trkpt lat="55.7875599" lon="37.6344199">
        <ele>0</ele>
      </trkpt>
      <trkpt lat="55.7875" lon="37.63441">
        <ele>0</ele>
      </trkpt>
      <trkpt lat="55.78745" lon="37.6344">
        <ele>0</ele>
      </trkpt>
      <trkpt lat="55.7873899" lon="37.6344">
        <ele>0</ele>
      </trkpt>
      <trkpt lat="55.78734" lon="37.6344">
        <ele>0</ele>
      </trkpt>
      <trkpt lat="55.78728" lon="37.6344">
        <ele>0</ele>
      </trkpt>
      <trkpt lat="55.78722" lon="37.63441">
        <ele>0</ele>
      </trkpt>
      <trkpt lat="55.7871599" lon="37.6344199">
        <ele>0</ele>
      </trkpt>
      <trkpt lat="55.7870999" lon="37.6344199">
        <ele>0</ele>
      </trkpt>
      <trkpt lat="55.7870299" lon="37.63443">
        <ele>0</ele>
      </trkpt>
      <trkpt lat="55.7869699" lon="37.63444">
        <ele>0</ele>
      </trkpt>
      <trkpt lat="55.78691" lon="37.6344599">
        <ele>0</ele>
      </trkpt>
      <trkpt lat="55.78686" lon="37.6344899">
        <ele>0</ele>
      </trkpt>
      <trkpt lat="55.78681" lon="37.63451">
        <ele>0</ele>
      </trkpt>
      <trkpt lat="55.7867399" lon="37.63453">
        <ele>0</ele>
      </trkpt>
      <trkpt lat="55.78663" lon="37.63453">
        <ele>0</ele>
      </trkpt>
      <trkpt lat="55.78663" lon="37.63453">
        <ele>0</ele>
      </trkpt>
      <trkpt lat="55.7865699" lon="37.63453">
        <ele>0</ele>
      </trkpt>
      <trkpt lat="55.7865099" lon="37.63453">
        <ele>0</ele>
      </trkpt>
      <trkpt lat="55.78645" lon="37.6345499">
        <ele>0</ele>
      </trkpt>
      <trkpt lat="55.78639" lon="37.6345599">
        <ele>0</ele>
      </trkpt>
      <trkpt lat="55.7863399" lon="37.63457">
        <ele>0</ele>
      </trkpt>
      <trkpt lat="55.78629" lon="37.6345799">
        <ele>0</ele>
      </trkpt>
      <trkpt lat="55.7862399" lon="37.6345799">
        <ele>0</ele>
      </trkpt>
      <trkpt lat="55.78619" lon="37.6345899">
        <ele>0</ele>
      </trkpt>
      <trkpt lat="55.7861499" lon="37.6346">
        <ele>0</ele>
      </trkpt>
      <trkpt lat="55.78609" lon="37.63461">
        <ele>0</ele>
      </trkpt>
      <trkpt lat="55.78604" lon="37.63461">
        <ele>0</ele>
      </trkpt>
      <trkpt lat="55.78599" lon="37.63461">
        <ele>0</ele>
      </trkpt>
      <trkpt lat="55.78593" lon="37.6346199">
        <ele>0</ele>
      </trkpt>
      <trkpt lat="55.7858799" lon="37.63464">
        <ele>0</ele>
      </trkpt>
      <trkpt lat="55.78583" lon="37.6346499">
        <ele>0</ele>
      </trkpt>
      <trkpt lat="55.78577" lon="37.63466">
        <ele>0</ele>
      </trkpt>
      <trkpt lat="55.7857199" lon="37.63466">
        <ele>0</ele>
      </trkpt>
      <trkpt lat="55.78567" lon="37.63466">
        <ele>0</ele>
      </trkpt>
      <trkpt lat="55.7856199" lon="37.63466">
        <ele>0</ele>
      </trkpt>
      <trkpt lat="55.7855599" lon="37.63466">
        <ele>0</ele>
      </trkpt>
      <trkpt lat="55.78551" lon="37.6346499">
        <ele>0</ele>
      </trkpt>
      <trkpt lat="55.7854499" lon="37.63464">
        <ele>0</ele>
      </trkpt>
      <trkpt lat="55.7853899" lon="37.6346499">
        <ele>0</ele>
      </trkpt>
      <trkpt lat="55.7853299" lon="37.63464">
        <ele>0</ele>
      </trkpt>
      <trkpt lat="55.78527" lon="37.63464">
        <ele>0</ele>
      </trkpt>
      <trkpt lat="55.78521" lon="37.63464">
        <ele>0</ele>
      </trkpt>
      <trkpt lat="55.78515" lon="37.63464">
        <ele>0</ele>
      </trkpt>
      <trkpt lat="55.7850899" lon="37.63463">
        <ele>0</ele>
      </trkpt>
      <trkpt lat="55.7850299" lon="37.63463">
        <ele>0</ele>
      </trkpt>
      <trkpt lat="55.7849699" lon="37.63463">
        <ele>0</ele>
      </trkpt>
      <trkpt lat="55.78491" lon="37.63464">
        <ele>0</ele>
      </trkpt>
      <trkpt lat="55.78485" lon="37.63464">
        <ele>0</ele>
      </trkpt>
      <trkpt lat="55.78479" lon="37.63464">
        <ele>0</ele>
      </trkpt>
      <trkpt lat="55.7847299" lon="37.63464">
        <ele>0</ele>
      </trkpt>
      <trkpt lat="55.7846699" lon="37.6346199">
        <ele>0</ele>
      </trkpt>
      <trkpt lat="55.78462" lon="37.63461">
        <ele>0</ele>
      </trkpt>
      <trkpt lat="55.78455" lon="37.6345899">
        <ele>0</ele>
      </trkpt>
      <trkpt lat="55.78449" lon="37.63457">
        <ele>0</ele>
      </trkpt>
      <trkpt lat="55.78443" lon="37.6345599">
        <ele>0</ele>
      </trkpt>
      <trkpt lat="55.7843699" lon="37.63453">
        <ele>0</ele>
      </trkpt>
      <trkpt lat="55.7843099" lon="37.63451">
        <ele>0</ele>
      </trkpt>
      <trkpt lat="55.78425" lon="37.6345">
        <ele>0</ele>
      </trkpt>
      <trkpt lat="55.7841799" lon="37.6344899">
        <ele>0</ele>
      </trkpt>
      <trkpt lat="55.78412" lon="37.63448">
        <ele>0</ele>
      </trkpt>
      <trkpt lat="55.784" lon="37.63448">
        <ele>0</ele>
      </trkpt>
      <trkpt lat="55.784" lon="37.63448">
        <ele>0</ele>
      </trkpt>
      <trkpt lat="55.7838799" lon="37.6344899">
        <ele>0</ele>
      </trkpt>
      <trkpt lat="55.7838799" lon="37.6344899">
        <ele>0</ele>
      </trkpt>
      <trkpt lat="55.78383" lon="37.63447">
        <ele>0</ele>
      </trkpt>
      <trkpt lat="55.78379" lon="37.6344599">
        <ele>0</ele>
      </trkpt>
      <trkpt lat="55.7837499" lon="37.63444">
        <ele>0</ele>
      </trkpt>
      <trkpt lat="55.7837099" lon="37.63443">
        <ele>0</ele>
      </trkpt>
      <trkpt lat="55.78367" lon="37.6344199">
        <ele>0</ele>
      </trkpt>
      <trkpt lat="55.7836199" lon="37.6344">
        <ele>0</ele>
      </trkpt>
      <trkpt lat="55.7835799" lon="37.63438">
        <ele>0</ele>
      </trkpt>
      <trkpt lat="55.78353" lon="37.63434">
        <ele>0</ele>
      </trkpt>
      <trkpt lat="55.7834899" lon="37.6343199">
        <ele>0</ele>
      </trkpt>
      <trkpt lat="55.78344" lon="37.6342899">
        <ele>0</ele>
      </trkpt>
      <trkpt lat="55.7833899" lon="37.63428">
        <ele>0</ele>
      </trkpt>
      <trkpt lat="55.78334" lon="37.63427">
        <ele>0</ele>
      </trkpt>
      <trkpt lat="55.78328" lon="37.63425">
        <ele>0</ele>
      </trkpt>
      <trkpt lat="55.7832299" lon="37.6342299">
        <ele>0</ele>
      </trkpt>
      <trkpt lat="55.78317" lon="37.63421">
        <ele>0</ele>
      </trkpt>
      <trkpt lat="55.7831199" lon="37.6342">
        <ele>0</ele>
      </trkpt>
      <trkpt lat="55.7830599" lon="37.63418">
        <ele>0</ele>
      </trkpt>
      <trkpt lat="55.7829999" lon="37.63417">
        <ele>0</ele>
      </trkpt>
      <trkpt lat="55.78295" lon="37.63415">
        <ele>0</ele>
      </trkpt>
      <trkpt lat="55.7828899" lon="37.6341299">
        <ele>0</ele>
      </trkpt>
      <trkpt lat="55.7828299" lon="37.63412">
        <ele>0</ele>
      </trkpt>
      <trkpt lat="55.7826999" lon="37.63412">
        <ele>0</ele>
      </trkpt>
      <trkpt lat="55.78264" lon="37.6340899">
        <ele>0</ele>
      </trkpt>
      <trkpt lat="55.78258" lon="37.63407">
        <ele>0</ele>
      </trkpt>
      <trkpt lat="55.7825299" lon="37.6340299">
        <ele>0</ele>
      </trkpt>
      <trkpt lat="55.7825299" lon="37.6340299">
        <ele>0</ele>
      </trkpt>
      <trkpt lat="55.78246" lon="37.63402">
        <ele>0</ele>
      </trkpt>
      <trkpt lat="55.78239" lon="37.63401">
        <ele>0</ele>
      </trkpt>
      <trkpt lat="55.78233" lon="37.6339999">
        <ele>0</ele>
      </trkpt>
      <trkpt lat="55.7822699" lon="37.6339899">
        <ele>0</ele>
      </trkpt>
      <trkpt lat="55.7822099" lon="37.63398">
        <ele>0</ele>
      </trkpt>
      <trkpt lat="55.78216" lon="37.63397">
        <ele>0</ele>
      </trkpt>
      <trkpt lat="55.7821" lon="37.63395">
        <ele>0</ele>
      </trkpt>
      <trkpt lat="55.78205" lon="37.6339299">
        <ele>0</ele>
      </trkpt>
      <trkpt lat="55.782" lon="37.6338999">
        <ele>0</ele>
      </trkpt>
      <trkpt lat="55.7819499" lon="37.63388">
        <ele>0</ele>
      </trkpt>
      <trkpt lat="55.78189" lon="37.6338599">
        <ele>0</ele>
      </trkpt>
      <trkpt lat="55.7818399" lon="37.6338299">
        <ele>0</ele>
      </trkpt>
      <trkpt lat="55.78177" lon="37.63382">
        <ele>0</ele>
      </trkpt>
      <trkpt lat="55.7817199" lon="37.63381">
        <ele>0</ele>
      </trkpt>
      <trkpt lat="55.78166" lon="37.6337999">
        <ele>0</ele>
      </trkpt>
      <trkpt lat="55.7816" lon="37.63379">
        <ele>0</ele>
      </trkpt>
      <trkpt lat="55.78154" lon="37.6337699">
        <ele>0</ele>
      </trkpt>
      <trkpt lat="55.7814799" lon="37.6337699">
        <ele>0</ele>
      </trkpt>
      <trkpt lat="55.7814199" lon="37.6337699">
        <ele>0</ele>
      </trkpt>
      <trkpt lat="55.7813499" lon="37.63379">
        <ele>0</ele>
      </trkpt>
      <trkpt lat="55.7812499" lon="37.6337699">
        <ele>0</ele>
      </trkpt>
      <trkpt lat="55.78121" lon="37.63374">
        <ele>0</ele>
      </trkpt>
      <trkpt lat="55.7811499" lon="37.63374">
        <ele>0</ele>
      </trkpt>
      <trkpt lat="55.7811" lon="37.63375">
        <ele>0</ele>
      </trkpt>
      <trkpt lat="55.78104" lon="37.63375">
        <ele>0</ele>
      </trkpt>
      <trkpt lat="55.78098" lon="37.6337299">
        <ele>0</ele>
      </trkpt>
      <trkpt lat="55.78098" lon="37.6337299">
        <ele>0</ele>
      </trkpt>
      <trkpt lat="55.7809299" lon="37.63371">
        <ele>0</ele>
      </trkpt>
      <trkpt lat="55.78087" lon="37.6336999">
        <ele>0</ele>
      </trkpt>
      <trkpt lat="55.7807999" lon="37.6336999">
        <ele>0</ele>
      </trkpt>
      <trkpt lat="55.78074" lon="37.63369">
        <ele>0</ele>
      </trkpt>
      <trkpt lat="55.7806899" lon="37.63366">
        <ele>0</ele>
      </trkpt>
      <trkpt lat="55.78064" lon="37.6335999">
        <ele>0</ele>
      </trkpt>
      <trkpt lat="55.78059" lon="37.63356">
        <ele>0</ele>
      </trkpt>
      <trkpt lat="55.78054" lon="37.6335299">
        <ele>0</ele>
      </trkpt>
      <trkpt lat="55.7804999" lon="37.63349">
        <ele>0</ele>
      </trkpt>
      <trkpt lat="55.78045" lon="37.6334699">
        <ele>0</ele>
      </trkpt>
      <trkpt lat="55.78045" lon="37.6334699">
        <ele>0</ele>
      </trkpt>
      <trkpt lat="55.7803699" lon="37.63339">
        <ele>0</ele>
      </trkpt>
      <trkpt lat="55.7803299" lon="37.63335">
        <ele>0</ele>
      </trkpt>
      <trkpt lat="55.7802999" lon="37.6332999">
        <ele>0</ele>
      </trkpt>
      <trkpt lat="55.7802699" lon="37.63325">
        <ele>0</ele>
      </trkpt>
      <trkpt lat="55.7802399" lon="37.63319">
        <ele>0</ele>
      </trkpt>
      <trkpt lat="55.7802099" lon="37.6331399">
        <ele>0</ele>
      </trkpt>
      <trkpt lat="55.7801699" lon="37.63309">
        <ele>0</ele>
      </trkpt>
      <trkpt lat="55.78013" lon="37.6330699">
        <ele>0</ele>
      </trkpt>
      <trkpt lat="55.78009" lon="37.63303">
        <ele>0</ele>
      </trkpt>
      <trkpt lat="55.78003" lon="37.6329499">
        <ele>0</ele>
      </trkpt>
      <trkpt lat="55.78" lon="37.6329099">
        <ele>0</ele>
      </trkpt>
      <trkpt lat="55.7799699" lon="37.6328499">
        <ele>0</ele>
      </trkpt>
      <trkpt lat="55.7799399" lon="37.6328099">
        <ele>0</ele>
      </trkpt>
      <trkpt lat="55.7799" lon="37.63279">
        <ele>0</ele>
      </trkpt>
      <trkpt lat="55.7799" lon="37.63279">
        <ele>0</ele>
      </trkpt>
      <trkpt lat="55.7798699" lon="37.63276">
        <ele>0</ele>
      </trkpt>
      <trkpt lat="55.7798399" lon="37.6327199">
        <ele>0</ele>
      </trkpt>
      <trkpt lat="55.7798099" lon="37.63269">
        <ele>0</ele>
      </trkpt>
      <trkpt lat="55.77977" lon="37.6326499">
        <ele>0</ele>
      </trkpt>
      <trkpt lat="55.77973" lon="37.63261">
        <ele>0</ele>
      </trkpt>
      <trkpt lat="55.77969" lon="37.6325799">
        <ele>0</ele>
      </trkpt>
      <trkpt lat="55.77967" lon="37.63257">
        <ele>0</ele>
      </trkpt>
      <trkpt lat="55.7796399" lon="37.63254">
        <ele>0</ele>
      </trkpt>
      <trkpt lat="55.77963" lon="37.63253">
        <ele>0</ele>
      </trkpt>
      <trkpt lat="55.7797799" lon="37.63241">
        <ele>0</ele>
      </trkpt>
      <trkpt lat="55.77979" lon="37.63243">
        <ele>0</ele>
      </trkpt>
      <trkpt lat="55.77979" lon="37.63243">
        <ele>0</ele>
      </trkpt>
      <trkpt lat="55.7797799" lon="37.6324199">
        <ele>0</ele>
      </trkpt>
      <trkpt lat="55.77977" lon="37.6324199">
        <ele>0</ele>
      </trkpt>
      <trkpt lat="55.77976" lon="37.63241">
        <ele>0</ele>
      </trkpt>
      <trkpt lat="55.7797399" lon="37.6324">
        <ele>0</ele>
      </trkpt>
      <trkpt lat="55.7797099" lon="37.6323899">
        <ele>0</ele>
      </trkpt>
      <trkpt lat="55.77966" lon="37.63237">
        <ele>0</ele>
      </trkpt>
      <trkpt lat="55.77963" lon="37.6323499">
        <ele>0</ele>
      </trkpt>
      <trkpt lat="55.7796" lon="37.63234">
        <ele>0</ele>
      </trkpt>
      <trkpt lat="55.77957" lon="37.63234">
        <ele>0</ele>
      </trkpt>
      <trkpt lat="55.77953" lon="37.63233">
        <ele>0</ele>
      </trkpt>
      <trkpt lat="55.7795" lon="37.63233">
        <ele>0</ele>
      </trkpt>
      <trkpt lat="55.7795" lon="37.63233">
        <ele>0</ele>
      </trkpt>
      <trkpt lat="55.77946" lon="37.6323199">
        <ele>0</ele>
      </trkpt>
      <trkpt lat="55.77946" lon="37.6323199">
        <ele>0</ele>
      </trkpt>
      <trkpt lat="55.77939" lon="37.63231">
        <ele>0</ele>
      </trkpt>
      <trkpt lat="55.77936" lon="37.6323199">
        <ele>0</ele>
      </trkpt>
      <trkpt lat="55.77933" lon="37.63233">
        <ele>0</ele>
      </trkpt>
      <trkpt lat="55.7793" lon="37.63233">
        <ele>0</ele>
      </trkpt>
      <trkpt lat="55.77926" lon="37.6323199">
        <ele>0</ele>
      </trkpt>
      <trkpt lat="55.77923" lon="37.63233">
        <ele>0</ele>
      </trkpt>
      <trkpt lat="55.7791899" lon="37.63234">
        <ele>0</ele>
      </trkpt>
      <trkpt lat="55.7791499" lon="37.6323499">
        <ele>0</ele>
      </trkpt>
      <trkpt lat="55.77911" lon="37.6323599">
        <ele>0</ele>
      </trkpt>
      <trkpt lat="55.77907" lon="37.6323599">
        <ele>0</ele>
      </trkpt>
      <trkpt lat="55.77903" lon="37.6323499">
        <ele>0</ele>
      </trkpt>
      <trkpt lat="55.7789899" lon="37.6323499">
        <ele>0</ele>
      </trkpt>
      <trkpt lat="55.7789499" lon="37.63234">
        <ele>0</ele>
      </trkpt>
      <trkpt lat="55.7789499" lon="37.63234">
        <ele>0</ele>
      </trkpt>
      <trkpt lat="55.77887" lon="37.63234">
        <ele>0</ele>
      </trkpt>
      <trkpt lat="55.77884" lon="37.63233">
        <ele>0</ele>
      </trkpt>
      <trkpt lat="55.7788" lon="37.63233">
        <ele>0</ele>
      </trkpt>
      <trkpt lat="55.7787599" lon="37.6323199">
        <ele>0</ele>
      </trkpt>
      <trkpt lat="55.7787299" lon="37.63233">
        <ele>0</ele>
      </trkpt>
      <trkpt lat="55.7786599" lon="37.63231">
        <ele>0</ele>
      </trkpt>
      <trkpt lat="55.7786599" lon="37.63231">
        <ele>0</ele>
      </trkpt>
      <trkpt lat="55.7786299" lon="37.63231">
        <ele>0</ele>
      </trkpt>
      <trkpt lat="55.7785999" lon="37.6323">
        <ele>0</ele>
      </trkpt>
      <trkpt lat="55.77857" lon="37.6323">
        <ele>0</ele>
      </trkpt>
      <trkpt lat="55.77854" lon="37.6323">
        <ele>0</ele>
      </trkpt>
      <trkpt lat="55.77852" lon="37.6323">
        <ele>0</ele>
      </trkpt>
      <trkpt lat="55.77849" lon="37.6322899">
        <ele>0</ele>
      </trkpt>
      <trkpt lat="55.7784699" lon="37.6322899">
        <ele>0</ele>
      </trkpt>
      <trkpt lat="55.77845" lon="37.6322899">
        <ele>0</ele>
      </trkpt>
      <trkpt lat="55.77841" lon="37.6322899">
        <ele>0</ele>
      </trkpt>
      <trkpt lat="55.77839" lon="37.63228">
        <ele>0</ele>
      </trkpt>
      <trkpt lat="55.7783599" lon="37.6322899">
        <ele>0</ele>
      </trkpt>
      <trkpt lat="55.7783299" lon="37.6323">
        <ele>0</ele>
      </trkpt>
      <trkpt lat="55.77829" lon="37.6323">
        <ele>0</ele>
      </trkpt>
      <trkpt lat="55.7782699" lon="37.6323">
        <ele>0</ele>
      </trkpt>
      <trkpt lat="55.7782299" lon="37.6323">
        <ele>0</ele>
      </trkpt>
      <trkpt lat="55.7781999" lon="37.6323">
        <ele>0</ele>
      </trkpt>
      <trkpt lat="55.77816" lon="37.6323">
        <ele>0</ele>
      </trkpt>
      <trkpt lat="55.77812" lon="37.6323">
        <ele>0</ele>
      </trkpt>
      <trkpt lat="55.77805" lon="37.6322899">
        <ele>0</ele>
      </trkpt>
      <trkpt lat="55.77805" lon="37.6322899">
        <ele>0</ele>
      </trkpt>
      <trkpt lat="55.7779699" lon="37.63228">
        <ele>0</ele>
      </trkpt>
      <trkpt lat="55.7779699" lon="37.63228">
        <ele>0</ele>
      </trkpt>
      <trkpt lat="55.77793" lon="37.63227">
        <ele>0</ele>
      </trkpt>
      <trkpt lat="55.77789" lon="37.63227">
        <ele>0</ele>
      </trkpt>
      <trkpt lat="55.77785" lon="37.63227">
        <ele>0</ele>
      </trkpt>
      <trkpt lat="55.7778099" lon="37.6322599">
        <ele>0</ele>
      </trkpt>
      <trkpt lat="55.7777699" lon="37.6322499">
        <ele>0</ele>
      </trkpt>
      <trkpt lat="55.77772" lon="37.6322499">
        <ele>0</ele>
      </trkpt>
      <trkpt lat="55.7776799" lon="37.63224">
        <ele>0</ele>
      </trkpt>
      <trkpt lat="55.77763" lon="37.63224">
        <ele>0</ele>
      </trkpt>
      <trkpt lat="55.77759" lon="37.6322199">
        <ele>0</ele>
      </trkpt>
      <trkpt lat="55.7775499" lon="37.63221">
        <ele>0</ele>
      </trkpt>
      <trkpt lat="55.7775099" lon="37.6322">
        <ele>0</ele>
      </trkpt>
      <trkpt lat="55.77747" lon="37.6322">
        <ele>0</ele>
      </trkpt>
      <trkpt lat="55.77743" lon="37.6321899">
        <ele>0</ele>
      </trkpt>
      <trkpt lat="55.77739" lon="37.6321899">
        <ele>0</ele>
      </trkpt>
      <trkpt lat="55.7773499" lon="37.6321899">
        <ele>0</ele>
      </trkpt>
      <trkpt lat="55.7773099" lon="37.6321899">
        <ele>0</ele>
      </trkpt>
      <trkpt lat="55.77727" lon="37.63218">
        <ele>0</ele>
      </trkpt>
      <trkpt lat="55.77723" lon="37.63218">
        <ele>0</ele>
      </trkpt>
      <trkpt lat="55.77723" lon="37.63218">
        <ele>0</ele>
      </trkpt>
      <trkpt lat="55.77714" lon="37.6321599">
        <ele>0</ele>
      </trkpt>
      <trkpt lat="55.77704" lon="37.63214">
        <ele>0</ele>
      </trkpt>
      <trkpt lat="55.7769899" lon="37.63214">
        <ele>0</ele>
      </trkpt>
      <trkpt lat="55.7769499" lon="37.6321299">
        <ele>0</ele>
      </trkpt>
      <trkpt lat="55.7769499" lon="37.6321299">
        <ele>0</ele>
      </trkpt>
      <trkpt lat="55.77691" lon="37.6321199">
        <ele>0</ele>
      </trkpt>
      <trkpt lat="55.7768599" lon="37.63211">
        <ele>0</ele>
      </trkpt>
      <trkpt lat="55.77681" lon="37.6321">
        <ele>0</ele>
      </trkpt>
      <trkpt lat="55.77678" lon="37.63208">
        <ele>0</ele>
      </trkpt>
      <trkpt lat="55.7767299" lon="37.63207">
        <ele>0</ele>
      </trkpt>
      <trkpt lat="55.7766899" lon="37.63207">
        <ele>0</ele>
      </trkpt>
      <trkpt lat="55.77664" lon="37.6320599">
        <ele>0</ele>
      </trkpt>
      <trkpt lat="55.77658" lon="37.63208">
        <ele>0</ele>
      </trkpt>
      <trkpt lat="55.7765299" lon="37.63208">
        <ele>0</ele>
      </trkpt>
      <trkpt lat="55.77648" lon="37.63208">
        <ele>0</ele>
      </trkpt>
      <trkpt lat="55.77648" lon="37.63208">
        <ele>0</ele>
      </trkpt>
      <trkpt lat="55.77638" lon="37.63208">
        <ele>0</ele>
      </trkpt>
      <trkpt lat="55.77632" lon="37.6320899">
        <ele>0</ele>
      </trkpt>
      <trkpt lat="55.7762699" lon="37.63208">
        <ele>0</ele>
      </trkpt>
      <trkpt lat="55.77622" lon="37.63208">
        <ele>0</ele>
      </trkpt>
      <trkpt lat="55.7761599" lon="37.63208">
        <ele>0</ele>
      </trkpt>
      <trkpt lat="55.77611" lon="37.63207">
        <ele>0</ele>
      </trkpt>
      <trkpt lat="55.77611" lon="37.63207">
        <ele>0</ele>
      </trkpt>
      <trkpt lat="55.77596" lon="37.63205">
        <ele>0</ele>
      </trkpt>
      <trkpt lat="55.7759099" lon="37.6320299">
        <ele>0</ele>
      </trkpt>
      <trkpt lat="55.77586" lon="37.6320199">
        <ele>0</ele>
      </trkpt>
      <trkpt lat="55.7758099" lon="37.6320199">
        <ele>0</ele>
      </trkpt>
      <trkpt lat="55.7758099" lon="37.6320199">
        <ele>0</ele>
      </trkpt>
      <trkpt lat="55.77576" lon="37.6320299">
        <ele>0</ele>
      </trkpt>
      <trkpt lat="55.7757099" lon="37.6320299">
        <ele>0</ele>
      </trkpt>
      <trkpt lat="55.77566" lon="37.6320299">
        <ele>0</ele>
      </trkpt>
      <trkpt lat="55.77562" lon="37.63204">
        <ele>0</ele>
      </trkpt>
      <trkpt lat="55.7755799" lon="37.63204">
        <ele>0</ele>
      </trkpt>
      <trkpt lat="55.77553" lon="37.63204">
        <ele>0</ele>
      </trkpt>
      <trkpt lat="55.77549" lon="37.63204">
        <ele>0</ele>
      </trkpt>
      <trkpt lat="55.77546" lon="37.63205">
        <ele>0</ele>
      </trkpt>
      <trkpt lat="55.77542" lon="37.6320599">
        <ele>0</ele>
      </trkpt>
      <trkpt lat="55.77539" lon="37.6320599">
        <ele>0</ele>
      </trkpt>
      <trkpt lat="55.77539" lon="37.6320599">
        <ele>0</ele>
      </trkpt>
      <trkpt lat="55.77532" lon="37.63205">
        <ele>0</ele>
      </trkpt>
      <trkpt lat="55.77529" lon="37.63205">
        <ele>0</ele>
      </trkpt>
      <trkpt lat="55.7752499" lon="37.63205">
        <ele>0</ele>
      </trkpt>
      <trkpt lat="55.7752199" lon="37.6320599">
        <ele>0</ele>
      </trkpt>
      <trkpt lat="55.7752199" lon="37.6320599">
        <ele>0</ele>
      </trkpt>
      <trkpt lat="55.77513" lon="37.6320599">
        <ele>0</ele>
      </trkpt>
      <trkpt lat="55.77509" lon="37.6320599">
        <ele>0</ele>
      </trkpt>
      <trkpt lat="55.77504" lon="37.6320599">
        <ele>0</ele>
      </trkpt>
      <trkpt lat="55.775" lon="37.63207">
        <ele>0</ele>
      </trkpt>
      <trkpt lat="55.7749499" lon="37.63208">
        <ele>0</ele>
      </trkpt>
      <trkpt lat="55.7748499" lon="37.63207">
        <ele>0</ele>
      </trkpt>
      <trkpt lat="55.7748" lon="37.63208">
        <ele>0</ele>
      </trkpt>
      <trkpt lat="55.7747499" lon="37.63208">
        <ele>0</ele>
      </trkpt>
      <trkpt lat="55.7747499" lon="37.63208">
        <ele>0</ele>
      </trkpt>
      <trkpt lat="55.77471" lon="37.63208">
        <ele>0</ele>
      </trkpt>
      <trkpt lat="55.7746599" lon="37.63207">
        <ele>0</ele>
      </trkpt>
      <trkpt lat="55.77461" lon="37.63207">
        <ele>0</ele>
      </trkpt>
      <trkpt lat="55.7745599" lon="37.63207">
        <ele>0</ele>
      </trkpt>
      <trkpt lat="55.77451" lon="37.6320599">
        <ele>0</ele>
      </trkpt>
      <trkpt lat="55.7744599" lon="37.63207">
        <ele>0</ele>
      </trkpt>
      <trkpt lat="55.77441" lon="37.63208">
        <ele>0</ele>
      </trkpt>
      <trkpt lat="55.7743599" lon="37.6320899">
        <ele>0</ele>
      </trkpt>
      <trkpt lat="55.77431" lon="37.6320899">
        <ele>0</ele>
      </trkpt>
      <trkpt lat="55.7742599" lon="37.6321">
        <ele>0</ele>
      </trkpt>
      <trkpt lat="55.77422" lon="37.6321">
        <ele>0</ele>
      </trkpt>
      <trkpt lat="55.7741699" lon="37.63211">
        <ele>0</ele>
      </trkpt>
      <trkpt lat="55.77412" lon="37.63211">
        <ele>0</ele>
      </trkpt>
      <trkpt lat="55.77408" lon="37.63211">
        <ele>0</ele>
      </trkpt>
      <trkpt lat="55.77404" lon="37.6321">
        <ele>0</ele>
      </trkpt>
      <trkpt lat="55.7739999" lon="37.63208">
        <ele>0</ele>
      </trkpt>
      <trkpt lat="55.77396" lon="37.63207">
        <ele>0</ele>
      </trkpt>
      <trkpt lat="55.77392" lon="37.6320599">
        <ele>0</ele>
      </trkpt>
      <trkpt lat="55.7738699" lon="37.63205">
        <ele>0</ele>
      </trkpt>
      <trkpt lat="55.77378" lon="37.63205">
        <ele>0</ele>
      </trkpt>
      <trkpt lat="55.7737399" lon="37.63204">
        <ele>0</ele>
      </trkpt>
      <trkpt lat="55.7736999" lon="37.6320299">
        <ele>0</ele>
      </trkpt>
      <trkpt lat="55.77366" lon="37.6320199">
        <ele>0</ele>
      </trkpt>
      <trkpt lat="55.77362" lon="37.63201">
        <ele>0</ele>
      </trkpt>
      <trkpt lat="55.77362" lon="37.63201">
        <ele>0</ele>
      </trkpt>
      <trkpt lat="55.77358" lon="37.63201">
        <ele>0</ele>
      </trkpt>
      <trkpt lat="55.77353" lon="37.632">
        <ele>0</ele>
      </trkpt>
      <trkpt lat="55.7735" lon="37.6319899">
        <ele>0</ele>
      </trkpt>
      <trkpt lat="55.77346" lon="37.63197">
        <ele>0</ele>
      </trkpt>
      <trkpt lat="55.77342" lon="37.6319599">
        <ele>0</ele>
      </trkpt>
      <trkpt lat="55.7733799" lon="37.63195">
        <ele>0</ele>
      </trkpt>
      <trkpt lat="55.7733499" lon="37.63194">
        <ele>0</ele>
      </trkpt>
      <trkpt lat="55.7733099" lon="37.6319299">
        <ele>0</ele>
      </trkpt>
      <trkpt lat="55.7732799" lon="37.6319299">
        <ele>0</ele>
      </trkpt>
      <trkpt lat="55.7732799" lon="37.6319299">
        <ele>0</ele>
      </trkpt>
      <trkpt lat="55.7732099" lon="37.63191">
        <ele>0</ele>
      </trkpt>
      <trkpt lat="55.7731799" lon="37.6318999">
        <ele>0</ele>
      </trkpt>
      <trkpt lat="55.7731499" lon="37.6318899">
        <ele>0</ele>
      </trkpt>
      <trkpt lat="55.7731499" lon="37.6318899">
        <ele>0</ele>
      </trkpt>
      <trkpt lat="55.7731" lon="37.63187">
        <ele>0</ele>
      </trkpt>
      <trkpt lat="55.7730799" lon="37.6318899">
        <ele>0</ele>
      </trkpt>
      <trkpt lat="55.7730799" lon="37.6318899">
        <ele>0</ele>
      </trkpt>
      <trkpt lat="55.7730799" lon="37.6318899">
        <ele>0</ele>
      </trkpt>
      <trkpt lat="55.7730799" lon="37.6318899">
        <ele>0</ele>
      </trkpt>
      <trkpt lat="55.7730799" lon="37.6318899">
        <ele>0</ele>
      </trkpt>
      <trkpt lat="55.7730799" lon="37.6318899">
        <ele>0</ele>
      </trkpt>
      <trkpt lat="55.7730799" lon="37.6318899">
        <ele>0</ele>
      </trkpt>
      <trkpt lat="55.7730499" lon="37.6319899">
        <ele>0</ele>
      </trkpt>
      <trkpt lat="55.7730499" lon="37.6319899">
        <ele>0</ele>
      </trkpt>
      <trkpt lat="55.7730499" lon="37.6319899">
        <ele>0</ele>
      </trkpt>
      <trkpt lat="55.7730499" lon="37.6319899">
        <ele>0</ele>
      </trkpt>
      <trkpt lat="55.77307" lon="37.63194">
        <ele>0</ele>
      </trkpt>
      <trkpt lat="55.7730799" lon="37.6319299">
        <ele>0</ele>
      </trkpt>
      <trkpt lat="55.7730799" lon="37.63191">
        <ele>0</ele>
      </trkpt>
      <trkpt lat="55.77307" lon="37.63192">
        <ele>0</ele>
      </trkpt>
      <trkpt lat="55.77307" lon="37.63192">
        <ele>0</ele>
      </trkpt>
      <trkpt lat="55.7730799" lon="37.6318999">
        <ele>0</ele>
      </trkpt>
      <trkpt lat="55.7730799" lon="37.6318999">
        <ele>0</ele>
      </trkpt>
      <trkpt lat="55.7730799" lon="37.6318999">
        <ele>0</ele>
      </trkpt>
      <trkpt lat="55.7731" lon="37.6318999">
        <ele>0</ele>
      </trkpt>
      <trkpt lat="55.7731" lon="37.63192">
        <ele>0</ele>
      </trkpt>
      <trkpt lat="55.7731" lon="37.63192">
        <ele>0</ele>
      </trkpt>
      <trkpt lat="55.7730499" lon="37.63208">
        <ele>0</ele>
      </trkpt>
      <trkpt lat="55.7730499" lon="37.63208">
        <ele>0</ele>
      </trkpt>
      <trkpt lat="55.7730499" lon="37.63214">
        <ele>0</ele>
      </trkpt>
      <trkpt lat="55.77304" lon="37.6321599">
        <ele>0</ele>
      </trkpt>
      <trkpt lat="55.77303" lon="37.63224">
        <ele>0</ele>
      </trkpt>
      <trkpt lat="55.7719699" lon="37.63218">
        <ele>0</ele>
      </trkpt>
      <trkpt lat="55.77195" lon="37.6321899">
        <ele>0</ele>
      </trkpt>
      <trkpt lat="55.77192" lon="37.6321899">
        <ele>0</ele>
      </trkpt>
      <trkpt lat="55.77189" lon="37.63221">
        <ele>0</ele>
      </trkpt>
      <trkpt lat="55.7718699" lon="37.63223">
        <ele>0</ele>
      </trkpt>
      <trkpt lat="55.7718399" lon="37.63223">
        <ele>0</ele>
      </trkpt>
      <trkpt lat="55.77181" lon="37.63224">
        <ele>0</ele>
      </trkpt>
      <trkpt lat="55.77178" lon="37.6322599">
        <ele>0</ele>
      </trkpt>
      <trkpt lat="55.77175" lon="37.63227">
        <ele>0</ele>
      </trkpt>
      <trkpt lat="55.77172" lon="37.6322899">
        <ele>0</ele>
      </trkpt>
      <trkpt lat="55.77168" lon="37.6323">
        <ele>0</ele>
      </trkpt>
      <trkpt lat="55.7716399" lon="37.63231">
        <ele>0</ele>
      </trkpt>
      <trkpt lat="55.7716099" lon="37.63233">
        <ele>0</ele>
      </trkpt>
      <trkpt lat="55.7715699" lon="37.6323499">
        <ele>0</ele>
      </trkpt>
      <trkpt lat="55.77153" lon="37.6323499">
        <ele>0</ele>
      </trkpt>
      <trkpt lat="55.77149" lon="37.6323599">
        <ele>0</ele>
      </trkpt>
      <trkpt lat="55.7714399" lon="37.63237">
        <ele>0</ele>
      </trkpt>
      <trkpt lat="55.77139" lon="37.63238">
        <ele>0</ele>
      </trkpt>
      <trkpt lat="55.77133" lon="37.6323899">
        <ele>0</ele>
      </trkpt>
      <trkpt lat="55.7712799" lon="37.6324">
        <ele>0</ele>
      </trkpt>
      <trkpt lat="55.7712099" lon="37.6324">
        <ele>0</ele>
      </trkpt>
      <trkpt lat="55.7711499" lon="37.6324">
        <ele>0</ele>
      </trkpt>
      <trkpt lat="55.77109" lon="37.63241">
        <ele>0</ele>
      </trkpt>
      <trkpt lat="55.77102" lon="37.6324199">
        <ele>0</ele>
      </trkpt>
      <trkpt lat="55.77096" lon="37.6324199">
        <ele>0</ele>
      </trkpt>
      <trkpt lat="55.7709" lon="37.63243">
        <ele>0</ele>
      </trkpt>
      <trkpt lat="55.77084" lon="37.63243">
        <ele>0</ele>
      </trkpt>
      <trkpt lat="55.7707799" lon="37.6324199">
        <ele>0</ele>
      </trkpt>
      <trkpt lat="55.7707199" lon="37.6324199">
        <ele>0</ele>
      </trkpt>
      <trkpt lat="55.77066" lon="37.6324199">
        <ele>0</ele>
      </trkpt>
      <trkpt lat="55.7706" lon="37.6324199">
        <ele>0</ele>
      </trkpt>
      <trkpt lat="55.7705" lon="37.63241">
        <ele>0</ele>
      </trkpt>
      <trkpt lat="55.7705" lon="37.63241">
        <ele>0</ele>
      </trkpt>
      <trkpt lat="55.7704599" lon="37.6324">
        <ele>0</ele>
      </trkpt>
      <trkpt lat="55.77041" lon="37.6323899">
        <ele>0</ele>
      </trkpt>
      <trkpt lat="55.7703599" lon="37.6323899">
        <ele>0</ele>
      </trkpt>
      <trkpt lat="55.77031" lon="37.6323899">
        <ele>0</ele>
      </trkpt>
      <trkpt lat="55.77027" lon="37.63238">
        <ele>0</ele>
      </trkpt>
      <trkpt lat="55.7702199" lon="37.63237">
        <ele>0</ele>
      </trkpt>
      <trkpt lat="55.77018" lon="37.6323499">
        <ele>0</ele>
      </trkpt>
      <trkpt lat="55.7701299" lon="37.63234">
        <ele>0</ele>
      </trkpt>
      <trkpt lat="55.77008" lon="37.6323199">
        <ele>0</ele>
      </trkpt>
      <trkpt lat="55.7700299" lon="37.63231">
        <ele>0</ele>
      </trkpt>
      <trkpt lat="55.76998" lon="37.6322899">
        <ele>0</ele>
      </trkpt>
      <trkpt lat="55.7699299" lon="37.63227">
        <ele>0</ele>
      </trkpt>
      <trkpt lat="55.76988" lon="37.6322599">
        <ele>0</ele>
      </trkpt>
      <trkpt lat="55.7698299" lon="37.63224">
        <ele>0</ele>
      </trkpt>
      <trkpt lat="55.76978" lon="37.6322199">
        <ele>0</ele>
      </trkpt>
      <trkpt lat="55.7697299" lon="37.6321899">
        <ele>0</ele>
      </trkpt>
      <trkpt lat="55.76968" lon="37.6321599">
        <ele>0</ele>
      </trkpt>
      <trkpt lat="55.7696299" lon="37.63214">
        <ele>0</ele>
      </trkpt>
      <trkpt lat="55.7695699" lon="37.63211">
        <ele>0</ele>
      </trkpt>
      <trkpt lat="55.76952" lon="37.6321">
        <ele>0</ele>
      </trkpt>
      <trkpt lat="55.76946" lon="37.63208">
        <ele>0</ele>
      </trkpt>
      <trkpt lat="55.7694099" lon="37.63205">
        <ele>0</ele>
      </trkpt>
      <trkpt lat="55.76935" lon="37.6320299">
        <ele>0</ele>
      </trkpt>
      <trkpt lat="55.76922" lon="37.632">
        <ele>0</ele>
      </trkpt>
      <trkpt lat="55.76916" lon="37.63198">
        <ele>0</ele>
      </trkpt>
      <trkpt lat="55.76916" lon="37.63198">
        <ele>0</ele>
      </trkpt>
      <trkpt lat="55.7691" lon="37.6319599">
        <ele>0</ele>
      </trkpt>
      <trkpt lat="55.76903" lon="37.63194">
        <ele>0</ele>
      </trkpt>
      <trkpt lat="55.76896" lon="37.6319299">
        <ele>0</ele>
      </trkpt>
      <trkpt lat="55.7689" lon="37.63192">
        <ele>0</ele>
      </trkpt>
      <trkpt lat="55.76883" lon="37.6318999">
        <ele>0</ele>
      </trkpt>
      <trkpt lat="55.76877" lon="37.6318899">
        <ele>0</ele>
      </trkpt>
      <trkpt lat="55.7687" lon="37.63188">
        <ele>0</ele>
      </trkpt>
      <trkpt lat="55.76863" lon="37.6318599">
        <ele>0</ele>
      </trkpt>
      <trkpt lat="55.76857" lon="37.63184">
        <ele>0</ele>
      </trkpt>
      <trkpt lat="55.7685" lon="37.6318299">
        <ele>0</ele>
      </trkpt>
      <trkpt lat="55.76844" lon="37.63181">
        <ele>0</ele>
      </trkpt>
      <trkpt lat="55.76837" lon="37.6317899">
        <ele>0</ele>
      </trkpt>
      <trkpt lat="55.76831" lon="37.63178">
        <ele>0</ele>
      </trkpt>
      <trkpt lat="55.76824" lon="37.63177">
        <ele>0</ele>
      </trkpt>
      <trkpt lat="55.76818" lon="37.63175">
        <ele>0</ele>
      </trkpt>
      <trkpt lat="55.76811" lon="37.6317299">
        <ele>0</ele>
      </trkpt>
      <trkpt lat="55.76805" lon="37.63172">
        <ele>0</ele>
      </trkpt>
      <trkpt lat="55.76798" lon="37.63171">
        <ele>0</ele>
      </trkpt>
      <trkpt lat="55.76792" lon="37.63169">
        <ele>0</ele>
      </trkpt>
      <trkpt lat="55.76785" lon="37.63168">
        <ele>0</ele>
      </trkpt>
      <trkpt lat="55.7677899" lon="37.6316599">
        <ele>0</ele>
      </trkpt>
      <trkpt lat="55.7676699" lon="37.6316299">
        <ele>0</ele>
      </trkpt>
      <trkpt lat="55.7676699" lon="37.6316299">
        <ele>0</ele>
      </trkpt>
      <trkpt lat="55.76755" lon="37.6315999">
        <ele>0</ele>
      </trkpt>
      <trkpt lat="55.76755" lon="37.6315999">
        <ele>0</ele>
      </trkpt>
      <trkpt lat="55.76749" lon="37.63158">
        <ele>0</ele>
      </trkpt>
      <trkpt lat="55.7674299" lon="37.6315699">
        <ele>0</ele>
      </trkpt>
      <trkpt lat="55.76736" lon="37.63155">
        <ele>0</ele>
      </trkpt>
      <trkpt lat="55.7672999" lon="37.6315299">
        <ele>0</ele>
      </trkpt>
      <trkpt lat="55.7672399" lon="37.63151">
        <ele>0</ele>
      </trkpt>
      <trkpt lat="55.76719" lon="37.6314999">
        <ele>0</ele>
      </trkpt>
      <trkpt lat="55.76713" lon="37.63148">
        <ele>0</ele>
      </trkpt>
      <trkpt lat="55.76709" lon="37.6314699">
        <ele>0</ele>
      </trkpt>
      <trkpt lat="55.76706" lon="37.63145">
        <ele>0</ele>
      </trkpt>
      <trkpt lat="55.76703" lon="37.6314399">
        <ele>0</ele>
      </trkpt>
      <trkpt lat="55.76702" lon="37.63142">
        <ele>0</ele>
      </trkpt>
      <trkpt lat="55.767" lon="37.63141">
        <ele>0</ele>
      </trkpt>
      <trkpt lat="55.76699" lon="37.6313999">
        <ele>0</ele>
      </trkpt>
      <trkpt lat="55.7669799" lon="37.6313999">
        <ele>0</ele>
      </trkpt>
      <trkpt lat="55.7669799" lon="37.6313999">
        <ele>0</ele>
      </trkpt>
      <trkpt lat="55.7669699" lon="37.6313999">
        <ele>0</ele>
      </trkpt>
      <trkpt lat="55.76693" lon="37.63142">
        <ele>0</ele>
      </trkpt>
      <trkpt lat="55.76692" lon="37.6313999">
        <ele>0</ele>
      </trkpt>
      <trkpt lat="55.7669" lon="37.6313999">
        <ele>0</ele>
      </trkpt>
      <trkpt lat="55.7668499" lon="37.63139">
        <ele>0</ele>
      </trkpt>
      <trkpt lat="55.76683" lon="37.6313699">
        <ele>0</ele>
      </trkpt>
      <trkpt lat="55.7668" lon="37.63136">
        <ele>0</ele>
      </trkpt>
      <trkpt lat="55.7668" lon="37.63136">
        <ele>0</ele>
      </trkpt>
      <trkpt lat="55.76677" lon="37.6313399">
        <ele>0</ele>
      </trkpt>
      <trkpt lat="55.76673" lon="37.6313299">
        <ele>0</ele>
      </trkpt>
      <trkpt lat="55.7667" lon="37.6313099">
        <ele>0</ele>
      </trkpt>
      <trkpt lat="55.76667" lon="37.6312999">
        <ele>0</ele>
      </trkpt>
      <trkpt lat="55.76663" lon="37.63129">
        <ele>0</ele>
      </trkpt>
      <trkpt lat="55.7666" lon="37.63128">
        <ele>0</ele>
      </trkpt>
      <trkpt lat="55.7665799" lon="37.63128">
        <ele>0</ele>
      </trkpt>
      <trkpt lat="55.7665499" lon="37.6312699">
        <ele>0</ele>
      </trkpt>
      <trkpt lat="55.76653" lon="37.6312699">
        <ele>0</ele>
      </trkpt>
      <trkpt lat="55.7665099" lon="37.63125">
        <ele>0</ele>
      </trkpt>
      <trkpt lat="55.7665" lon="37.6312399">
        <ele>0</ele>
      </trkpt>
      <trkpt lat="55.7665" lon="37.6312099">
        <ele>0</ele>
      </trkpt>
      <trkpt lat="55.7665" lon="37.63118">
        <ele>0</ele>
      </trkpt>
      <trkpt lat="55.7664799" lon="37.63116">
        <ele>0</ele>
      </trkpt>
      <trkpt lat="55.7664799" lon="37.63115">
        <ele>0</ele>
      </trkpt>
      <trkpt lat="55.76646" lon="37.6311399">
        <ele>0</ele>
      </trkpt>
      <trkpt lat="55.7664499" lon="37.6311399">
        <ele>0</ele>
      </trkpt>
      <trkpt lat="55.76644" lon="37.6311399">
        <ele>0</ele>
      </trkpt>
      <trkpt lat="55.7664199" lon="37.63115">
        <ele>0</ele>
      </trkpt>
      <trkpt lat="55.7664" lon="37.63116">
        <ele>0</ele>
      </trkpt>
      <trkpt lat="55.7663799" lon="37.63118">
        <ele>0</ele>
      </trkpt>
      <trkpt lat="55.7663799" lon="37.63118">
        <ele>0</ele>
      </trkpt>
      <trkpt lat="55.7663799" lon="37.63118">
        <ele>0</ele>
      </trkpt>
      <trkpt lat="55.7663799" lon="37.63118">
        <ele>0</ele>
      </trkpt>
      <trkpt lat="55.7663499" lon="37.6312399">
        <ele>0</ele>
      </trkpt>
      <trkpt lat="55.76634" lon="37.63129">
        <ele>0</ele>
      </trkpt>
      <trkpt lat="55.76634" lon="37.63136">
        <ele>0</ele>
      </trkpt>
      <trkpt lat="55.76634" lon="37.6313999">
        <ele>0</ele>
      </trkpt>
      <trkpt lat="55.76634" lon="37.6314699">
        <ele>0</ele>
      </trkpt>
      <trkpt lat="55.76634" lon="37.6315299">
        <ele>0</ele>
      </trkpt>
      <trkpt lat="55.76634" lon="37.63161">
        <ele>0</ele>
      </trkpt>
      <trkpt lat="55.76633" lon="37.6316999">
        <ele>0</ele>
      </trkpt>
      <trkpt lat="55.7663199" lon="37.63178">
        <ele>0</ele>
      </trkpt>
      <trkpt lat="55.76631" lon="37.63187">
        <ele>0</ele>
      </trkpt>
      <trkpt lat="55.76631" lon="37.63195">
        <ele>0</ele>
      </trkpt>
      <trkpt lat="55.7662899" lon="37.63205">
        <ele>0</ele>
      </trkpt>
      <trkpt lat="55.76627" lon="37.63214">
        <ele>0</ele>
      </trkpt>
      <trkpt lat="55.76627" lon="37.63224">
        <ele>0</ele>
      </trkpt>
      <trkpt lat="55.76626" lon="37.63234">
        <ele>0</ele>
      </trkpt>
      <trkpt lat="55.76626" lon="37.63244">
        <ele>0</ele>
      </trkpt>
      <trkpt lat="55.7662499" lon="37.63254">
        <ele>0</ele>
      </trkpt>
      <trkpt lat="55.76624" lon="37.63273">
        <ele>0</ele>
      </trkpt>
      <trkpt lat="55.76624" lon="37.63273">
        <ele>0</ele>
      </trkpt>
      <trkpt lat="55.76624" lon="37.63283">
        <ele>0</ele>
      </trkpt>
      <trkpt lat="55.76624" lon="37.6330099">
        <ele>0</ele>
      </trkpt>
      <trkpt lat="55.76623" lon="37.6331099">
        <ele>0</ele>
      </trkpt>
      <trkpt lat="55.76623" lon="37.6331099">
        <ele>0</ele>
      </trkpt>
      <trkpt lat="55.7662199" lon="37.63322">
        <ele>0</ele>
      </trkpt>
      <trkpt lat="55.76621" lon="37.63332">
        <ele>0</ele>
      </trkpt>
      <trkpt lat="55.7662" lon="37.63343">
        <ele>0</ele>
      </trkpt>
      <trkpt lat="55.7662" lon="37.6335299">
        <ele>0</ele>
      </trkpt>
      <trkpt lat="55.7662" lon="37.6336299">
        <ele>0</ele>
      </trkpt>
      <trkpt lat="55.7661899" lon="37.63372">
        <ele>0</ele>
      </trkpt>
      <trkpt lat="55.7661899" lon="37.63372">
        <ele>0</ele>
      </trkpt>
      <trkpt lat="55.76617" lon="37.6339299">
        <ele>0</ele>
      </trkpt>
      <trkpt lat="55.76617" lon="37.6339299">
        <ele>0</ele>
      </trkpt>
      <trkpt lat="55.76617" lon="37.6339299">
        <ele>0</ele>
      </trkpt>
      <trkpt lat="55.7661499" lon="37.6342299">
        <ele>0</ele>
      </trkpt>
      <trkpt lat="55.76614" lon="37.6343299">
        <ele>0</ele>
      </trkpt>
      <trkpt lat="55.7661199" lon="37.6344499">
        <ele>0</ele>
      </trkpt>
      <trkpt lat="55.7661199" lon="37.6344499">
        <ele>0</ele>
      </trkpt>
      <trkpt lat="55.7660899" lon="37.63467">
        <ele>0</ele>
      </trkpt>
      <trkpt lat="55.7660899" lon="37.63467">
        <ele>0</ele>
      </trkpt>
      <trkpt lat="55.7660899" lon="37.63467">
        <ele>0</ele>
      </trkpt>
      <trkpt lat="55.7660299" lon="37.6350099">
        <ele>0</ele>
      </trkpt>
      <trkpt lat="55.76597" lon="37.6352099">
        <ele>0</ele>
      </trkpt>
      <trkpt lat="55.76595" lon="37.6353">
        <ele>0</ele>
      </trkpt>
      <trkpt lat="55.7659199" lon="37.6354">
        <ele>0</ele>
      </trkpt>
      <trkpt lat="55.76588" lon="37.6355099">
        <ele>0</ele>
      </trkpt>
      <trkpt lat="55.76585" lon="37.6355999">
        <ele>0</ele>
      </trkpt>
      <trkpt lat="55.76582" lon="37.63569">
        <ele>0</ele>
      </trkpt>
      <trkpt lat="55.76582" lon="37.63569">
        <ele>0</ele>
      </trkpt>
      <trkpt lat="55.7657999" lon="37.6357699">
        <ele>0</ele>
      </trkpt>
      <trkpt lat="55.76577" lon="37.63585">
        <ele>0</ele>
      </trkpt>
      <trkpt lat="55.76574" lon="37.63594">
        <ele>0</ele>
      </trkpt>
      <trkpt lat="55.76571" lon="37.63602">
        <ele>0</ele>
      </trkpt>
      <trkpt lat="55.76568" lon="37.6360999">
        <ele>0</ele>
      </trkpt>
      <trkpt lat="55.7656299" lon="37.6361899">
        <ele>0</ele>
      </trkpt>
      <trkpt lat="55.76559" lon="37.63628">
        <ele>0</ele>
      </trkpt>
      <trkpt lat="55.76555" lon="37.63638">
        <ele>0</ele>
      </trkpt>
      <trkpt lat="55.76551" lon="37.63647">
        <ele>0</ele>
      </trkpt>
      <trkpt lat="55.7654699" lon="37.63657">
        <ele>0</ele>
      </trkpt>
      <trkpt lat="55.7654299" lon="37.6366499">
        <ele>0</ele>
      </trkpt>
      <trkpt lat="55.76539" lon="37.63674">
        <ele>0</ele>
      </trkpt>
      <trkpt lat="55.76535" lon="37.6368199">
        <ele>0</ele>
      </trkpt>
      <trkpt lat="55.76531" lon="37.63691">
        <ele>0</ele>
      </trkpt>
      <trkpt lat="55.76526" lon="37.6369799">
        <ele>0</ele>
      </trkpt>
      <trkpt lat="55.76521" lon="37.63704">
        <ele>0</ele>
      </trkpt>
      <trkpt lat="55.76516" lon="37.6370799">
        <ele>0</ele>
      </trkpt>
      <trkpt lat="55.7650999" lon="37.63709">
        <ele>0</ele>
      </trkpt>
      <trkpt lat="55.76505" lon="37.63709">
        <ele>0</ele>
      </trkpt>
      <trkpt lat="55.76492" lon="37.63703">
        <ele>0</ele>
      </trkpt>
      <trkpt lat="55.76486" lon="37.63699">
        <ele>0</ele>
      </trkpt>
      <trkpt lat="55.76479" lon="37.63694">
        <ele>0</ele>
      </trkpt>
      <trkpt lat="55.7647399" lon="37.63687">
        <ele>0</ele>
      </trkpt>
      <trkpt lat="55.7647399" lon="37.63687">
        <ele>0</ele>
      </trkpt>
      <trkpt lat="55.7647399" lon="37.63687">
        <ele>0</ele>
      </trkpt>
      <trkpt lat="55.7647399" lon="37.63687">
        <ele>0</ele>
      </trkpt>
      <trkpt lat="55.7647399" lon="37.63687">
        <ele>0</ele>
      </trkpt>
      <trkpt lat="55.7647399" lon="37.63687">
        <ele>0</ele>
      </trkpt>
      <trkpt lat="55.7647399" lon="37.63687">
        <ele>0</ele>
      </trkpt>
      <trkpt lat="55.7647399" lon="37.63687">
        <ele>0</ele>
      </trkpt>
      <trkpt lat="55.7647399" lon="37.63687">
        <ele>0</ele>
      </trkpt>
      <trkpt lat="55.7647399" lon="37.63687">
        <ele>0</ele>
      </trkpt>
      <trkpt lat="55.7647399" lon="37.63687">
        <ele>0</ele>
      </trkpt>
      <trkpt lat="55.7641199" lon="37.63628">
        <ele>0</ele>
      </trkpt>
      <trkpt lat="55.7640599" lon="37.63622">
        <ele>0</ele>
      </trkpt>
      <trkpt lat="55.7639899" lon="37.6361599">
        <ele>0</ele>
      </trkpt>
      <trkpt lat="55.76393" lon="37.63611">
        <ele>0</ele>
      </trkpt>
      <trkpt lat="55.7638599" lon="37.6360599">
        <ele>0</ele>
      </trkpt>
      <trkpt lat="55.7638599" lon="37.6360599">
        <ele>0</ele>
      </trkpt>
      <trkpt lat="55.7638599" lon="37.6360599">
        <ele>0</ele>
      </trkpt>
      <trkpt lat="55.7638599" lon="37.6360599">
        <ele>0</ele>
      </trkpt>
      <trkpt lat="55.76362" lon="37.6358299">
        <ele>0</ele>
      </trkpt>
      <trkpt lat="55.7634899" lon="37.63571">
        <ele>0</ele>
      </trkpt>
      <trkpt lat="55.76344" lon="37.63565">
        <ele>0</ele>
      </trkpt>
      <trkpt lat="55.7633699" lon="37.63559">
        <ele>0</ele>
      </trkpt>
      <trkpt lat="55.76331" lon="37.63552">
        <ele>0</ele>
      </trkpt>
      <trkpt lat="55.76325" lon="37.6354699">
        <ele>0</ele>
      </trkpt>
      <trkpt lat="55.76325" lon="37.6354699">
        <ele>0</ele>
      </trkpt>
      <trkpt lat="55.76325" lon="37.6354699">
        <ele>0</ele>
      </trkpt>
      <trkpt lat="55.76325" lon="37.6354699">
        <ele>0</ele>
      </trkpt>
      <trkpt lat="55.76325" lon="37.6354699">
        <ele>0</ele>
      </trkpt>
      <trkpt lat="55.76302" lon="37.6352">
        <ele>0</ele>
      </trkpt>
      <trkpt lat="55.76296" lon="37.63513">
        <ele>0</ele>
      </trkpt>
      <trkpt lat="55.7628999" lon="37.63506">
        <ele>0</ele>
      </trkpt>
      <trkpt lat="55.7628399" lon="37.6349799">
        <ele>0</ele>
      </trkpt>
      <trkpt lat="55.7627799" lon="37.6349199">
        <ele>0</ele>
      </trkpt>
      <trkpt lat="55.76272" lon="37.6348499">
        <ele>0</ele>
      </trkpt>
      <trkpt lat="55.76265" lon="37.6347799">
        <ele>0</ele>
      </trkpt>
      <trkpt lat="55.7626" lon="37.63471">
        <ele>0</ele>
      </trkpt>
      <trkpt lat="55.7626" lon="37.63471">
        <ele>0</ele>
      </trkpt>
      <trkpt lat="55.7626" lon="37.63471">
        <ele>0</ele>
      </trkpt>
      <trkpt lat="55.7626" lon="37.63471">
        <ele>0</ele>
      </trkpt>
      <trkpt lat="55.7626" lon="37.63471">
        <ele>0</ele>
      </trkpt>
      <trkpt lat="55.7626" lon="37.63471">
        <ele>0</ele>
      </trkpt>
      <trkpt lat="55.76227" lon="37.6343199">
        <ele>0</ele>
      </trkpt>
      <trkpt lat="55.76223" lon="37.6342199">
        <ele>0</ele>
      </trkpt>
      <trkpt lat="55.76223" lon="37.6342199">
        <ele>0</ele>
      </trkpt>
      <trkpt lat="55.76223" lon="37.6342199">
        <ele>0</ele>
      </trkpt>
      <trkpt lat="55.76223" lon="37.6342199">
        <ele>0</ele>
      </trkpt>
      <trkpt lat="55.76223" lon="37.6342199">
        <ele>0</ele>
      </trkpt>
      <trkpt lat="55.76223" lon="37.6342199">
        <ele>0</ele>
      </trkpt>
      <trkpt lat="55.76223" lon="37.6342199">
        <ele>0</ele>
      </trkpt>
      <trkpt lat="55.76223" lon="37.6342199">
        <ele>0</ele>
      </trkpt>
      <trkpt lat="55.76223" lon="37.6342199">
        <ele>0</ele>
      </trkpt>
      <trkpt lat="55.76223" lon="37.6342199">
        <ele>0</ele>
      </trkpt>
      <trkpt lat="55.76223" lon="37.6342199">
        <ele>0</ele>
      </trkpt>
      <trkpt lat="55.76223" lon="37.6342199">
        <ele>0</ele>
      </trkpt>
      <trkpt lat="55.76223" lon="37.6342199">
        <ele>0</ele>
      </trkpt>
      <trkpt lat="55.76223" lon="37.6342199">
        <ele>0</ele>
      </trkpt>
      <trkpt lat="55.76223" lon="37.6342199">
        <ele>0</ele>
      </trkpt>
      <trkpt lat="55.76223" lon="37.6342199">
        <ele>0</ele>
      </trkpt>
      <trkpt lat="55.76223" lon="37.6342199">
        <ele>0</ele>
      </trkpt>
      <trkpt lat="55.76223" lon="37.6342199">
        <ele>0</ele>
      </trkpt>
      <trkpt lat="55.76223" lon="37.6342199">
        <ele>0</ele>
      </trkpt>
      <trkpt lat="55.76223" lon="37.6342199">
        <ele>0</ele>
      </trkpt>
      <trkpt lat="55.76223" lon="37.6342199">
        <ele>0</ele>
      </trkpt>
      <trkpt lat="55.76223" lon="37.6342199">
        <ele>0</ele>
      </trkpt>
      <trkpt lat="55.76223" lon="37.6342199">
        <ele>0</ele>
      </trkpt>
      <trkpt lat="55.76223" lon="37.6342199">
        <ele>0</ele>
      </trkpt>
      <trkpt lat="55.76223" lon="37.6342199">
        <ele>0</ele>
      </trkpt>
      <trkpt lat="55.76223" lon="37.6342199">
        <ele>0</ele>
      </trkpt>
      <trkpt lat="55.76223" lon="37.6342199">
        <ele>0</ele>
      </trkpt>
      <trkpt lat="55.76223" lon="37.6342199">
        <ele>0</ele>
      </trkpt>
      <trkpt lat="55.76109" lon="37.63195">
        <ele>0</ele>
      </trkpt>
      <trkpt lat="55.76109" lon="37.63195">
        <ele>0</ele>
      </trkpt>
      <trkpt lat="55.7608699" lon="37.63162">
        <ele>0</ele>
      </trkpt>
      <trkpt lat="55.7608699" lon="37.63162">
        <ele>0</ele>
      </trkpt>
      <trkpt lat="55.7608699" lon="37.63162">
        <ele>0</ele>
      </trkpt>
      <trkpt lat="55.7608699" lon="37.63162">
        <ele>0</ele>
      </trkpt>
      <trkpt lat="55.7608699" lon="37.63162">
        <ele>0</ele>
      </trkpt>
      <trkpt lat="55.7608699" lon="37.63162">
        <ele>0</ele>
      </trkpt>
      <trkpt lat="55.7608699" lon="37.63162">
        <ele>0</ele>
      </trkpt>
      <trkpt lat="55.7608699" lon="37.63162">
        <ele>0</ele>
      </trkpt>
      <trkpt lat="55.7608699" lon="37.63162">
        <ele>0</ele>
      </trkpt>
      <trkpt lat="55.76042" lon="37.6310799">
        <ele>0</ele>
      </trkpt>
      <trkpt lat="55.76042" lon="37.6310799">
        <ele>0</ele>
      </trkpt>
      <trkpt lat="55.76033" lon="37.6309099">
        <ele>0</ele>
      </trkpt>
      <trkpt lat="55.76033" lon="37.6309099">
        <ele>0</ele>
      </trkpt>
      <trkpt lat="55.76033" lon="37.6309099">
        <ele>0</ele>
      </trkpt>
      <trkpt lat="55.76033" lon="37.6309099">
        <ele>0</ele>
      </trkpt>
      <trkpt lat="55.76033" lon="37.6309099">
        <ele>0</ele>
      </trkpt>
      <trkpt lat="55.76033" lon="37.6309099">
        <ele>0</ele>
      </trkpt>
      <trkpt lat="55.7601" lon="37.6303199">
        <ele>0</ele>
      </trkpt>
      <trkpt lat="55.7601" lon="37.6303199">
        <ele>0</ele>
      </trkpt>
      <trkpt lat="55.7601" lon="37.6303199">
        <ele>0</ele>
      </trkpt>
      <trkpt lat="55.7601" lon="37.6303199">
        <ele>0</ele>
      </trkpt>
      <trkpt lat="55.7601" lon="37.6303199">
        <ele>0</ele>
      </trkpt>
      <trkpt lat="55.7601" lon="37.6303199">
        <ele>0</ele>
      </trkpt>
      <trkpt lat="55.759979" lon="37.6295555">
        <ele>0</ele>
      </trkpt>
      <trkpt lat="55.7599033" lon="37.6290405">
        <ele>0</ele>
      </trkpt>
      <trkpt lat="55.7598126" lon="37.628488">
        <ele>0</ele>
      </trkpt>
      <trkpt lat="55.759746" lon="37.6281607">
        <ele>0</ele>
      </trkpt>
      <trkpt lat="55.7597975" lon="37.6279783">
        <ele>0</ele>
      </trkpt>
      <trkpt lat="55.7599517" lon="37.6279408">
        <ele>0</ele>
      </trkpt>
      <trkpt lat="55.7603843" lon="37.6271254">
        <ele>0</ele>
      </trkpt>
      <trkpt lat="55.7605355" lon="37.6269055">
        <ele>0</ele>
      </trkpt>
      <trkpt lat="55.7606081" lon="37.626546">
        <ele>0</ele>
      </trkpt>
      <trkpt lat="55.7605567" lon="37.6261705">
        <ele>0</ele>
      </trkpt>
      <trkpt lat="55.7605779" lon="37.6255214">
        <ele>0</ele>
      </trkpt>
      <trkpt lat="55.7606626" lon="37.6242769">
        <ele>0</ele>
      </trkpt>
      <trkpt lat="55.76072" lon="37.6235902">
        <ele>0</ele>
      </trkpt>
      <trkpt lat="55.7609197" lon="37.6206398">
        <ele>0</ele>
      </trkpt>
      <trkpt lat="55.7604962" lon="37.6208651">
        <ele>0</ele>
      </trkpt>
      <trkpt lat="55.7594224" lon="37.6214498">
        <ele>0</ele>
      </trkpt>
      <trkpt lat="55.7593014" lon="37.6214713">
        <ele>0</ele>
      </trkpt>
      <trkpt lat="55.7592258" lon="37.6210475">
        <ele>0</ele>
      </trkpt>
      <trkpt lat="55.759129" lon="37.6205164">
        <ele>0</ele>
      </trkpt>
      <trkpt lat="55.7591078" lon="37.6202643">
        <ele>0</ele>
      </trkpt>
      <trkpt lat="55.7589959" lon="37.6196635">
        <ele>0</ele>
      </trkpt>
      <trkpt lat="55.7589626" lon="37.6197547">
        <ele>0</ele>
      </trkpt>
      <trkpt lat="55.7586269" lon="37.6199585">
        <ele>0</ele>
      </trkpt>
      <trkpt lat="55.7585301" lon="37.6194865">
        <ele>0</ele>
      </trkpt>
      <trkpt lat="55.7583849" lon="37.6186013">
        <ele>0</ele>
      </trkpt>
      <trkpt lat="55.7581398" lon="37.6187247">
        <ele>0</ele>
      </trkpt>
      <trkpt lat="55.75755" lon="37.618891">
        <ele>0</ele>
      </trkpt>
      <trkpt lat="55.7572414" lon="37.618596">
        <ele>0</ele>
      </trkpt>
      <trkpt lat="55.7571265" lon="37.6186764">
        <ele>0</ele>
      </trkpt>
      <trkpt lat="55.7569329" lon="37.6186282">
        <ele>0</ele>
      </trkpt>
      <trkpt lat="55.7567423" lon="37.6183009">
        <ele>0</ele>
      </trkpt>
      <trkpt lat="55.7563884" lon="37.6178235">
        <ele>0</ele>
      </trkpt>
      <trkpt lat="55.7561917" lon="37.6174855">
        <ele>0</ele>
      </trkpt>
      <trkpt lat="55.7560405" lon="37.6172012">
        <ele>0</ele>
      </trkpt>
      <trkpt lat="55.7559346" lon="37.6166755">
        <ele>0</ele>
      </trkpt>
      <trkpt lat="55.7557501" lon="37.6163054">
        <ele>0</ele>
      </trkpt>
      <trkpt lat="55.7556502" lon="37.6159674">
        <ele>0</ele>
      </trkpt>
      <trkpt lat="55.7555141" lon="37.6157582">
        <ele>0</ele>
      </trkpt>
      <trkpt lat="55.7555595" lon="37.6155812">
        <ele>0</ele>
      </trkpt>
      <trkpt lat="55.7557531" lon="37.616418">
        <ele>0</ele>
      </trkpt>
      <trkpt lat="55.7559104" lon="37.6168096">
        <ele>0</ele>
      </trkpt>
      <trkpt lat="55.7561161" lon="37.6171905">
        <ele>0</ele>
      </trkpt>
      <trkpt lat="55.7561978" lon="37.6171047">
        <ele>0</ele>
      </trkpt>
      <trkpt lat="55.7563158" lon="37.6167667">
        <ele>0</ele>
      </trkpt>
      <trkpt lat="55.7564549" lon="37.6165414">
        <ele>0</ele>
      </trkpt>
      <trkpt lat="55.7566667" lon="37.6161069">
        <ele>0</ele>
      </trkpt>
      <trkpt lat="55.756942" lon="37.6155758">
        <ele>0</ele>
      </trkpt>
      <trkpt lat="55.7570206" lon="37.6152218">
        <ele>0</ele>
      </trkpt>
      <trkpt lat="55.7571325" lon="37.6148999">
        <ele>0</ele>
      </trkpt>
      <trkpt lat="55.7574744" lon="37.6141972">
        <ele>0</ele>
      </trkpt>
      <trkpt lat="55.7579644" lon="37.6133067">
        <ele>0</ele>
      </trkpt>
      <trkpt lat="55.7586995" lon="37.6125288">
        <ele>0</ele>
      </trkpt>
      <trkpt lat="55.7592651" lon="37.6119709">
        <ele>0</ele>
      </trkpt>
      <trkpt lat="55.7595041" lon="37.6125771">
        <ele>0</ele>
      </trkpt>
      <trkpt lat="55.75974" lon="37.6132047">
        <ele>0</ele>
      </trkpt>
      <trkpt lat="55.7598398" lon="37.6134139">
        <ele>0</ele>
      </trkpt>
      <trkpt lat="55.7599487" lon="37.6137573">
        <ele>0</ele>
      </trkpt>
      <trkpt lat="55.7596493" lon="37.61284">
        <ele>0</ele>
      </trkpt>
      <trkpt lat="55.759256" lon="37.6120407">
        <ele>0</ele>
      </trkpt>
      <trkpt lat="55.7590866" lon="37.6119548">
        <ele>0</ele>
      </trkpt>
      <trkpt lat="55.7588719" lon="37.6120889">
        <ele>0</ele>
      </trkpt>
      <trkpt lat="55.7585543" lon="37.6123411">
        <ele>0</ele>
      </trkpt>
      <trkpt lat="55.7583788" lon="37.6124162">
        <ele>0</ele>
      </trkpt>
      <trkpt lat="55.758043" lon="37.6116973">
        <ele>0</ele>
      </trkpt>
      <trkpt lat="55.7576498" lon="37.6111072">
        <ele>0</ele>
      </trkpt>
      <trkpt lat="55.75719" lon="37.6104045">
        <ele>0</ele>
      </trkpt>
      <trkpt lat="55.7566606" lon="37.6097983">
        <ele>0</ele>
      </trkpt>
      <trkpt lat="55.7562522" lon="37.6092726">
        <ele>0</ele>
      </trkpt>
      <trkpt lat="55.7557561" lon="37.608645">
        <ele>0</ele>
      </trkpt>
      <trkpt lat="55.755617" lon="37.609117">
        <ele>0</ele>
      </trkpt>
      <trkpt lat="55.7554264" lon="37.6095194">
        <ele>0</ele>
      </trkpt>
      <trkpt lat="55.755257" lon="37.6093531">
        <ele>0</ele>
      </trkpt>
      <trkpt lat="55.7546852" lon="37.608645">
        <ele>0</ele>
      </trkpt>
      <trkpt lat="55.7540469" lon="37.608189">
        <ele>0</ele>
      </trkpt>
      <trkpt lat="55.7533662" lon="37.6077759">
        <ele>0</ele>
      </trkpt>
      <trkpt lat="55.7527672" lon="37.6074165">
        <ele>0</ele>
      </trkpt>
      <trkpt lat="55.7526099" lon="37.6079852">
        <ele>0</ele>
      </trkpt>
      <trkpt lat="55.7524253" lon="37.6079315">
        <ele>0</ele>
      </trkpt>
      <trkpt lat="55.7517053" lon="37.6077384">
        <ele>0</ele>
      </trkpt>
      <trkpt lat="55.7509066" lon="37.6074648">
        <ele>0</ele>
      </trkpt>
      <trkpt lat="55.750014" lon="37.6069284">
        <ele>0</ele>
      </trkpt>
      <trkpt lat="55.7496812" lon="37.6067084">
        <ele>0</ele>
      </trkpt>
      <trkpt lat="55.7496479" lon="37.6069391">
        <ele>0</ele>
      </trkpt>
      <trkpt lat="55.7493635" lon="37.6078886">
        <ele>0</ele>
      </trkpt>
      <trkpt lat="55.7492455" lon="37.6083821">
        <ele>0</ele>
      </trkpt>
      <trkpt lat="55.7491336" lon="37.6086611">
        <ele>0</ele>
      </trkpt>
      <trkpt lat="55.7489641" lon="37.6089722">
        <ele>0</ele>
      </trkpt>
      <trkpt lat="55.7487342" lon="37.6098949">
        <ele>0</ele>
      </trkpt>
      <trkpt lat="55.7484982" lon="37.6106244">
        <ele>0</ele>
      </trkpt>
      <trkpt lat="55.7482652" lon="37.6108658">
        <ele>0</ele>
      </trkpt>
      <trkpt lat="55.7473666" lon="37.6116169">
        <ele>0</ele>
      </trkpt>
      <trkpt lat="55.7469248" lon="37.611987">
        <ele>0</ele>
      </trkpt>
      <trkpt lat="55.7460201" lon="37.6127273">
        <ele>0</ele>
      </trkpt>
      <trkpt lat="55.7446221" lon="37.6138646">
        <ele>0</ele>
      </trkpt>
      <trkpt lat="55.7438626" lon="37.614401">
        <ele>0</ele>
      </trkpt>
      <trkpt lat="55.7436386" lon="37.6147229">
        <ele>0</ele>
      </trkpt>
      <trkpt lat="55.7433784" lon="37.6151735">
        <ele>0</ele>
      </trkpt>
      <trkpt lat="55.742982" lon="37.6155222">
        <ele>0</ele>
      </trkpt>
      <trkpt lat="55.7425704" lon="37.6158333">
        <ele>0</ele>
      </trkpt>
      <trkpt lat="55.7428246" lon="37.6164127">
        <ele>0</ele>
      </trkpt>
      <trkpt lat="55.7433935" lon="37.6176733">
        <ele>0</ele>
      </trkpt>
      <trkpt lat="55.7444284" lon="37.6200336">
        <ele>0</ele>
      </trkpt>
      <trkpt lat="55.7450094" lon="37.6215142">
        <ele>0</ele>
      </trkpt>
      <trkpt lat="55.7454936" lon="37.6231128">
        <ele>0</ele>
      </trkpt>
      <trkpt lat="55.7456812" lon="37.6242715">
        <ele>0</ele>
      </trkpt>
      <trkpt lat="55.745312" lon="37.6244325">
        <ele>0</ele>
      </trkpt>
      <trkpt lat="55.7440835" lon="37.6248187">
        <ele>0</ele>
      </trkpt>
      <trkpt lat="55.7430486" lon="37.6249153">
        <ele>0</ele>
      </trkpt>
      <trkpt lat="55.7421861" lon="37.6249904">
        <ele>0</ele>
      </trkpt>
      <trkpt lat="55.7415445" lon="37.6249314">
        <ele>0</ele>
      </trkpt>
      <trkpt lat="55.7409938" lon="37.6249314">
        <ele>0</ele>
      </trkpt>
      <trkpt lat="55.7408969" lon="37.6249957">
        <ele>0</ele>
      </trkpt>
      <trkpt lat="55.7408939" lon="37.6252747">
        <ele>0</ele>
      </trkpt>
      <trkpt lat="55.7409151" lon="37.6254356">
        <ele>0</ele>
      </trkpt>
      <trkpt lat="55.7408727" lon="37.6248831">
        <ele>0</ele>
      </trkpt>
      <trkpt lat="55.7415445" lon="37.6250279">
        <ele>0</ele>
      </trkpt>
      <trkpt lat="55.7433844" lon="37.6250547">
        <ele>0</ele>
      </trkpt>
      <trkpt lat="55.7444768" lon="37.6248241">
        <ele>0</ele>
      </trkpt>
      <trkpt lat="55.7454361" lon="37.624529">
        <ele>0</ele>
      </trkpt>
      <trkpt lat="55.7458264" lon="37.6245934">
        <ele>0</ele>
      </trkpt>
      <trkpt lat="55.7462289" lon="37.6244754">
        <ele>0</ele>
      </trkpt>
      <trkpt lat="55.7462924" lon="37.6242018">
        <ele>0</ele>
      </trkpt>
      <trkpt lat="55.7461381" lon="37.6227963">
        <ele>0</ele>
      </trkpt>
      <trkpt lat="55.7459111" lon="37.6211977">
        <ele>0</ele>
      </trkpt>
      <trkpt lat="55.7457235" lon="37.6207417">
        <ele>0</ele>
      </trkpt>
      <trkpt lat="55.7454361" lon="37.6201356">
        <ele>0</ele>
      </trkpt>
      <trkpt lat="55.7452636" lon="37.6195562">
        <ele>0</ele>
      </trkpt>
      <trkpt lat="55.7451668" lon="37.6196474">
        <ele>0</ele>
      </trkpt>
      <trkpt lat="55.7453453" lon="37.6199156">
        <ele>0</ele>
      </trkpt>
      <trkpt lat="55.7456963" lon="37.6208812">
        <ele>0</ele>
      </trkpt>
      <trkpt lat="55.7458567" lon="37.6218897">
        <ele>0</ele>
      </trkpt>
      <trkpt lat="55.7460534" lon="37.6233918">
        <ele>0</ele>
      </trkpt>
      <trkpt lat="55.7462137" lon="37.6239711">
        <ele>0</ele>
      </trkpt>
      <trkpt lat="55.7462742" lon="37.624588">
        <ele>0</ele>
      </trkpt>
      <trkpt lat="55.7457326" lon="37.6246363">
        <ele>0</ele>
      </trkpt>
      <trkpt lat="55.7458143" lon="37.624867">
        <ele>0</ele>
      </trkpt>
      <trkpt lat="55.7459384" lon="37.6260793">
        <ele>0</ele>
      </trkpt>
      <trkpt lat="55.7459868" lon="37.626648">
        <ele>0</ele>
      </trkpt>
      <trkpt lat="55.7459747" lon="37.6274312">
        <ele>0</ele>
      </trkpt>
      <trkpt lat="55.7458385" lon="37.6288527">
        <ele>0</ele>
      </trkpt>
      <trkpt lat="55.7454845" lon="37.6314706">
        <ele>0</ele>
      </trkpt>
      <trkpt lat="55.7451305" lon="37.6331979">
        <ele>0</ele>
      </trkpt>
      <trkpt lat="55.7448854" lon="37.6340884">
        <ele>0</ele>
      </trkpt>
      <trkpt lat="55.7444587" lon="37.634818">
        <ele>0</ele>
      </trkpt>
      <trkpt lat="55.7440895" lon="37.6353598">
        <ele>0</ele>
      </trkpt>
      <trkpt lat="55.7425734" lon="37.6368189">
        <ele>0</ele>
      </trkpt>
      <trkpt lat="55.7421195" lon="37.6371247">
        <ele>0</ele>
      </trkpt>
      <trkpt lat="55.7412268" lon="37.6377201">
        <ele>0</ele>
      </trkpt>
      <trkpt lat="55.7403159" lon="37.6382405">
        <ele>0</ele>
      </trkpt>
      <trkpt lat="55.7396319" lon="37.6384175">
        <ele>0</ele>
      </trkpt>
      <trkpt lat="55.738948" lon="37.6385087">
        <ele>0</ele>
      </trkpt>
      <trkpt lat="55.7377525" lon="37.638852">
        <ele>0</ele>
      </trkpt>
      <trkpt lat="55.7368143" lon="37.6392973">
        <ele>0</ele>
      </trkpt>
      <trkpt lat="55.7359971" lon="37.6398069">
        <ele>0</ele>
      </trkpt>
    </trkseg>
    <trkseg>
      <trkpt lat="55.7359789" lon="37.6398069">
        <ele>0</ele>
      </trkpt>
      <trkpt lat="55.7348348" lon="37.6405418">
        <ele>0</ele>
      </trkpt>
      <trkpt lat="55.7339461" lon="37.6410968">
        <ele>0</ele>
      </trkpt>
      <trkpt lat="55.7334588" lon="37.6414079">
        <ele>0</ele>
      </trkpt>
      <trkpt lat="55.7329533" lon="37.6404584">
        <ele>0</ele>
      </trkpt>
      <trkpt lat="55.7325204" lon="37.6396591">
        <ele>0</ele>
      </trkpt>
      <trkpt lat="55.7322268" lon="37.640217">
        <ele>0</ele>
      </trkpt>
      <trkpt lat="55.7326748" lon="37.6408768">
        <ele>0</ele>
      </trkpt>
      <trkpt lat="55.7330411" lon="37.6415903">
        <ele>0</ele>
      </trkpt>
      <trkpt lat="55.7328625" lon="37.642175">
        <ele>0</ele>
      </trkpt>
      <trkpt lat="55.7320331" lon="37.6442188">
        <ele>0</ele>
      </trkpt>
      <trkpt lat="55.7316911" lon="37.6454419">
        <ele>0</ele>
      </trkpt>
      <trkpt lat="55.7314792" lon="37.646724">
        <ele>0</ele>
      </trkpt>
      <trkpt lat="55.7313369" lon="37.6473946">
        <ele>0</ele>
      </trkpt>
      <trkpt lat="55.731402" lon="37.6473678">
        <ele>0</ele>
      </trkpt>
      <trkpt lat="55.731296" lon="37.6481295">
        <ele>0</ele>
      </trkpt>
      <trkpt lat="55.7311613" lon="37.6490173">
        <ele>0</ele>
      </trkpt>
      <trkpt lat="55.7311084" lon="37.6492829">
        <ele>0</ele>
      </trkpt>
      <trkpt lat="55.7310085" lon="37.6494465">
        <ele>0</ele>
      </trkpt>
      <trkpt lat="55.7308374" lon="37.6496154">
        <ele>0</ele>
      </trkpt>
      <trkpt lat="55.7305529" lon="37.6500258">
        <ele>0</ele>
      </trkpt>
      <trkpt lat="55.7296054" lon="37.6515654">
        <ele>0</ele>
      </trkpt>
      <trkpt lat="55.7289606" lon="37.6525417">
        <ele>0</ele>
      </trkpt>
      <trkpt lat="55.7287305" lon="37.6529333">
        <ele>0</ele>
      </trkpt>
      <trkpt lat="55.728443" lon="37.653341">
        <ele>0</ele>
      </trkpt>
      <trkpt lat="55.728225" lon="37.6536736">
        <ele>0</ele>
      </trkpt>
      <trkpt lat="55.7280736" lon="37.6532981">
        <ele>0</ele>
      </trkpt>
      <trkpt lat="55.727674" lon="37.6521448">
        <ele>0</ele>
      </trkpt>
      <trkpt lat="55.7273773" lon="37.6517907">
        <ele>0</ele>
      </trkpt>
      <trkpt lat="55.7273259" lon="37.6513938">
        <ele>0</ele>
      </trkpt>
      <trkpt lat="55.7274833" lon="37.6512865">
        <ele>0</ele>
      </trkpt>
      <trkpt lat="55.727562" lon="37.6512811">
        <ele>0</ele>
      </trkpt>
      <trkpt lat="55.7281281" lon="37.6525954">
        <ele>0</ele>
      </trkpt>
      <trkpt lat="55.7288304" lon="37.6541886">
        <ele>0</ele>
      </trkpt>
      <trkpt lat="55.7294026" lon="37.6555995">
        <ele>0</ele>
      </trkpt>
      <trkpt lat="55.7295842" lon="37.656329">
        <ele>0</ele>
      </trkpt>
      <trkpt lat="55.7299232" lon="37.6578525">
        <ele>0</ele>
      </trkpt>
      <trkpt lat="55.7302139" lon="37.6592043">
        <ele>0</ele>
      </trkpt>
      <trkpt lat="55.7305045" lon="37.6604221">
        <ele>0</ele>
      </trkpt>
      <trkpt lat="55.730459" lon="37.6606688">
        <ele>0</ele>
      </trkpt>
      <trkpt lat="55.7306165" lon="37.661334">
        <ele>0</ele>
      </trkpt>
      <trkpt lat="55.7308405" lon="37.6621333">
        <ele>0</ele>
      </trkpt>
      <trkpt lat="55.7309071" lon="37.6624874">
        <ele>0</ele>
      </trkpt>
      <trkpt lat="55.7310675" lon="37.6634476">
        <ele>0</ele>
      </trkpt>
      <trkpt lat="55.7311976" lon="37.663984">
        <ele>0</ele>
      </trkpt>
      <trkpt lat="55.7312703" lon="37.6645795">
        <ele>0</ele>
      </trkpt>
      <trkpt lat="55.7314186" lon="37.6650677">
        <ele>0</ele>
      </trkpt>
      <trkpt lat="55.7315215" lon="37.6657704">
        <ele>0</ele>
      </trkpt>
      <trkpt lat="55.7316941" lon="37.6667843">
        <ele>0</ele>
      </trkpt>
      <trkpt lat="55.7318848" lon="37.6673422">
        <ele>0</ele>
      </trkpt>
      <trkpt lat="55.7320906" lon="37.667664">
        <ele>0</ele>
      </trkpt>
      <trkpt lat="55.7323751" lon="37.6678786">
        <ele>0</ele>
      </trkpt>
      <trkpt lat="55.7325416" lon="37.6679054">
        <ele>0</ele>
      </trkpt>
      <trkpt lat="55.7333407" lon="37.6688818">
        <ele>0</ele>
      </trkpt>
      <trkpt lat="55.7334103" lon="37.6690159">
        <ele>0</ele>
      </trkpt>
      <trkpt lat="55.7335677" lon="37.6691178">
        <ele>0</ele>
      </trkpt>
      <trkpt lat="55.7337826" lon="37.6693377">
        <ele>0</ele>
      </trkpt>
      <trkpt lat="55.7342276" lon="37.6698581">
        <ele>0</ele>
      </trkpt>
      <trkpt lat="55.7344455" lon="37.6700727">
        <ele>0</ele>
      </trkpt>
      <trkpt lat="55.7346907" lon="37.6703194">
        <ele>0</ele>
      </trkpt>
      <trkpt lat="55.7350872" lon="37.6707164">
        <ele>0</ele>
      </trkpt>
      <trkpt lat="55.7353081" lon="37.6709524">
        <ele>0</ele>
      </trkpt>
      <trkpt lat="55.7361223" lon="37.6714513">
        <ele>0</ele>
      </trkpt>
      <trkpt lat="55.7367216" lon="37.6720038">
        <ele>0</ele>
      </trkpt>
      <trkpt lat="55.7370273" lon="37.6722238">
        <ele>0</ele>
      </trkpt>
      <trkpt lat="55.7372179" lon="37.6724491">
        <ele>0</ele>
      </trkpt>
      <trkpt lat="55.7373693" lon="37.6725349">
        <ele>0</ele>
      </trkpt>
      <trkpt lat="55.7380684" lon="37.6729802">
        <ele>0</ele>
      </trkpt>
      <trkpt lat="55.7383983" lon="37.6732859">
        <ele>0</ele>
      </trkpt>
      <trkpt lat="55.7385859" lon="37.6736829">
        <ele>0</ele>
      </trkpt>
      <trkpt lat="55.7388129" lon="37.6737205">
        <ele>0</ele>
      </trkpt>
      <trkpt lat="55.739049" lon="37.6739297">
        <ele>0</ele>
      </trkpt>
      <trkpt lat="55.73917" lon="37.6739136">
        <ele>0</ele>
      </trkpt>
      <trkpt lat="55.739276" lon="37.6738707">
        <ele>0</ele>
      </trkpt>
      <trkpt lat="55.7398358" lon="37.6743535">
        <ele>0</ele>
      </trkpt>
      <trkpt lat="55.7403231" lon="37.6747987">
        <ele>0</ele>
      </trkpt>
      <trkpt lat="55.7406378" lon="37.6750455">
        <ele>0</ele>
      </trkpt>
      <trkpt lat="55.7407347" lon="37.6752976">
        <ele>0</ele>
      </trkpt>
      <trkpt lat="55.7410161" lon="37.6754317">
        <ele>0</ele>
      </trkpt>
      <trkpt lat="55.7413308" lon="37.6757053">
        <ele>0</ele>
      </trkpt>
      <trkpt lat="55.7423718" lon="37.6767138">
        <ele>0</ele>
      </trkpt>
      <trkpt lat="55.743437" lon="37.6776365">
        <ele>0</ele>
      </trkpt>
      <trkpt lat="55.7444175" lon="37.6785699">
        <ele>0</ele>
      </trkpt>
      <trkpt lat="55.744711" lon="37.6787845">
        <ele>0</ele>
      </trkpt>
      <trkpt lat="55.7449228" lon="37.6789937">
        <ele>0</ele>
      </trkpt>
      <trkpt lat="55.7460938" lon="37.6800612">
        <ele>0</ele>
      </trkpt>
      <trkpt lat="55.7462542" lon="37.6794175">
        <ele>0</ele>
      </trkpt>
      <trkpt lat="55.7463541" lon="37.6795945">
        <ele>0</ele>
      </trkpt>
      <trkpt lat="55.7465719" lon="37.6797286">
        <ele>0</ele>
      </trkpt>
      <trkpt lat="55.7467807" lon="37.6798091">
        <ele>0</ele>
      </trkpt>
      <trkpt lat="55.7468957" lon="37.6799646">
        <ele>0</ele>
      </trkpt>
      <trkpt lat="55.7469925" lon="37.6801041">
        <ele>0</ele>
      </trkpt>
      <trkpt lat="55.7469501" lon="37.6803402">
        <ele>0</ele>
      </trkpt>
      <trkpt lat="55.7469501" lon="37.6808873">
        <ele>0</ele>
      </trkpt>
      <trkpt lat="55.7468715" lon="37.6809517">
        <ele>0</ele>
      </trkpt>
      <trkpt lat="55.7467353" lon="37.6811287">
        <ele>0</ele>
      </trkpt>
      <trkpt lat="55.7466143" lon="37.6811931">
        <ele>0</ele>
      </trkpt>
      <trkpt lat="55.7464721" lon="37.6811663">
        <ele>0</ele>
      </trkpt>
      <trkpt lat="55.746233" lon="37.6813969">
        <ele>0</ele>
      </trkpt>
      <trkpt lat="55.7460908" lon="37.6815793">
        <ele>0</ele>
      </trkpt>
      <trkpt lat="55.745764" lon="37.6830063">
        <ele>0</ele>
      </trkpt>
      <trkpt lat="55.7453979" lon="37.6845995">
        <ele>0</ele>
      </trkpt>
      <trkpt lat="55.7451407" lon="37.6857904">
        <ele>0</ele>
      </trkpt>
      <trkpt lat="55.7449985" lon="37.6868096">
        <ele>0</ele>
      </trkpt>
      <trkpt lat="55.744941" lon="37.6873997">
        <ele>0</ele>
      </trkpt>
      <trkpt lat="55.7452587" lon="37.6874856">
        <ele>0</ele>
      </trkpt>
      <trkpt lat="55.7455734" lon="37.6875607">
        <ele>0</ele>
      </trkpt>
      <trkpt lat="55.7458306" lon="37.6879952">
        <ele>0</ele>
      </trkpt>
      <trkpt lat="55.7455613" lon="37.6885316">
        <ele>0</ele>
      </trkpt>
      <trkpt lat="55.7457731" lon="37.6880435">
        <ele>0</ele>
      </trkpt>
    </trkseg>
    <trkseg>
      <trkpt lat="55.6192899" lon="37.6683299">
        <ele>0</ele>
      </trkpt>
      <trkpt lat="55.61958" lon="37.6689199">
        <ele>0</ele>
      </trkpt>
      <trkpt lat="55.6199199" lon="37.6694799">
        <ele>0</ele>
      </trkpt>
      <trkpt lat="55.62011" lon="37.6698399">
        <ele>0</ele>
      </trkpt>
      <trkpt lat="55.6203099" lon="37.6701299">
        <ele>0</ele>
      </trkpt>
      <trkpt lat="55.62047" lon="37.6704699">
        <ele>0</ele>
      </trkpt>
      <trkpt lat="55.6203799" lon="37.67064">
        <ele>0</ele>
      </trkpt>
      <trkpt lat="55.62017" lon="37.6711499">
        <ele>0</ele>
      </trkpt>
      <trkpt lat="55.62004" lon="37.6713799">
        <ele>0</ele>
      </trkpt>
      <trkpt lat="55.61964" lon="37.6721999">
        <ele>0</ele>
      </trkpt>
      <trkpt lat="55.61938" lon="37.67229">
        <ele>0</ele>
      </trkpt>
      <trkpt lat="55.6190299" lon="37.6719399">
        <ele>0</ele>
      </trkpt>
      <trkpt lat="55.61892" lon="37.67196">
        <ele>0</ele>
      </trkpt>
      <trkpt lat="55.61868" lon="37.67216">
        <ele>0</ele>
      </trkpt>
      <trkpt lat="55.6186099" lon="37.6722999">
        <ele>0</ele>
      </trkpt>
      <trkpt lat="55.6182099" lon="37.67262">
        <ele>0</ele>
      </trkpt>
      <trkpt lat="55.61725" lon="37.67347">
        <ele>0</ele>
      </trkpt>
      <trkpt lat="55.6170599" lon="37.6735099">
        <ele>0</ele>
      </trkpt>
      <trkpt lat="55.61689" lon="37.6734899">
        <ele>0</ele>
      </trkpt>
      <trkpt lat="55.6167299" lon="37.6733799">
        <ele>0</ele>
      </trkpt>
      <trkpt lat="55.6165399" lon="37.67337">
        <ele>0</ele>
      </trkpt>
      <trkpt lat="55.6163699" lon="37.6737499">
        <ele>0</ele>
      </trkpt>
      <trkpt lat="55.6162799" lon="37.67389">
        <ele>0</ele>
      </trkpt>
      <trkpt lat="55.6161399" lon="37.6742399">
        <ele>0</ele>
      </trkpt>
      <trkpt lat="55.61599" lon="37.6743999">
        <ele>0</ele>
      </trkpt>
      <trkpt lat="55.61586" lon="37.6744399">
        <ele>0</ele>
      </trkpt>
      <trkpt lat="55.61527" lon="37.67442">
        <ele>0</ele>
      </trkpt>
      <trkpt lat="55.61475" lon="37.6743699">
        <ele>0</ele>
      </trkpt>
      <trkpt lat="55.61458" lon="37.6742699">
        <ele>0</ele>
      </trkpt>
      <trkpt lat="55.61433" lon="37.67392">
        <ele>0</ele>
      </trkpt>
      <trkpt lat="55.6142" lon="37.6736799">
        <ele>0</ele>
      </trkpt>
      <trkpt lat="55.6139499" lon="37.67336">
        <ele>0</ele>
      </trkpt>
      <trkpt lat="55.61384" lon="37.6731199">
        <ele>0</ele>
      </trkpt>
      <trkpt lat="55.6135799" lon="37.67277">
        <ele>0</ele>
      </trkpt>
      <trkpt lat="55.6134799" lon="37.67255">
        <ele>0</ele>
      </trkpt>
      <trkpt lat="55.61325" lon="37.6722299">
        <ele>0</ele>
      </trkpt>
      <trkpt lat="55.61301" lon="37.6718">
        <ele>0</ele>
      </trkpt>
      <trkpt lat="55.61285" lon="37.6716099">
        <ele>0</ele>
      </trkpt>
      <trkpt lat="55.61271" lon="37.6713199">
        <ele>0</ele>
      </trkpt>
      <trkpt lat="55.6126999" lon="37.6711899">
        <ele>0</ele>
      </trkpt>
      <trkpt lat="55.61308" lon="37.66985">
        <ele>0</ele>
      </trkpt>
      <trkpt lat="55.61315" lon="37.6694099">
        <ele>0</ele>
      </trkpt>
      <trkpt lat="55.61315" lon="37.66796">
        <ele>0</ele>
      </trkpt>
      <trkpt lat="55.61311" lon="37.66742">
        <ele>0</ele>
      </trkpt>
      <trkpt lat="55.6128899" lon="37.6665899">
        <ele>0</ele>
      </trkpt>
      <trkpt lat="55.61282" lon="37.6664199">
        <ele>0</ele>
      </trkpt>
      <trkpt lat="55.61265" lon="37.6658399">
        <ele>0</ele>
      </trkpt>
      <trkpt lat="55.61249" lon="37.66542">
        <ele>0</ele>
      </trkpt>
      <trkpt lat="55.61233" lon="37.66526">
        <ele>0</ele>
      </trkpt>
      <trkpt lat="55.61216" lon="37.66517">
        <ele>0</ele>
      </trkpt>
      <trkpt lat="55.61205" lon="37.66503">
        <ele>0</ele>
      </trkpt>
      <trkpt lat="55.6118399" lon="37.66486">
        <ele>0</ele>
      </trkpt>
      <trkpt lat="55.61153" lon="37.66454">
        <ele>0</ele>
      </trkpt>
      <trkpt lat="55.6113" lon="37.6644599">
        <ele>0</ele>
      </trkpt>
      <trkpt lat="55.61085" lon="37.6645199">
        <ele>0</ele>
      </trkpt>
      <trkpt lat="55.61041" lon="37.66463">
        <ele>0</ele>
      </trkpt>
      <trkpt lat="55.61022" lon="37.6647899">
        <ele>0</ele>
      </trkpt>
      <trkpt lat="55.60995" lon="37.6649099">
        <ele>0</ele>
      </trkpt>
      <trkpt lat="55.6096399" lon="37.6651399">
        <ele>0</ele>
      </trkpt>
      <trkpt lat="55.60936" lon="37.66542">
        <ele>0</ele>
      </trkpt>
      <trkpt lat="55.6092499" lon="37.66542">
        <ele>0</ele>
      </trkpt>
      <trkpt lat="55.6091799" lon="37.66526">
        <ele>0</ele>
      </trkpt>
      <trkpt lat="55.60914" lon="37.6649">
        <ele>0</ele>
      </trkpt>
      <trkpt lat="55.6091899" lon="37.6647899">
        <ele>0</ele>
      </trkpt>
      <trkpt lat="55.6094" lon="37.66464">
        <ele>0</ele>
      </trkpt>
      <trkpt lat="55.60976" lon="37.6642599">
        <ele>0</ele>
      </trkpt>
      <trkpt lat="55.6103999" lon="37.66368">
        <ele>0</ele>
      </trkpt>
      <trkpt lat="55.6099799" lon="37.6640899">
        <ele>0</ele>
      </trkpt>
      <trkpt lat="55.6097" lon="37.66431">
        <ele>0</ele>
      </trkpt>
      <trkpt lat="55.60946" lon="37.66457">
        <ele>0</ele>
      </trkpt>
      <trkpt lat="55.6092799" lon="37.6647">
        <ele>0</ele>
      </trkpt>
      <trkpt lat="55.60911" lon="37.6648899">
        <ele>0</ele>
      </trkpt>
      <trkpt lat="55.6090599" lon="37.6651199">
        <ele>0</ele>
      </trkpt>
      <trkpt lat="55.6091799" lon="37.66533">
        <ele>0</ele>
      </trkpt>
      <trkpt lat="55.60927" lon="37.66559">
        <ele>0</ele>
      </trkpt>
      <trkpt lat="55.6091899" lon="37.66566">
        <ele>0</ele>
      </trkpt>
      <trkpt lat="55.60891" lon="37.6656999">
        <ele>0</ele>
      </trkpt>
      <trkpt lat="55.6087299" lon="37.6658399">
        <ele>0</ele>
      </trkpt>
      <trkpt lat="55.60832" lon="37.66624">
        <ele>0</ele>
      </trkpt>
      <trkpt lat="55.60796" lon="37.66655">
        <ele>0</ele>
      </trkpt>
      <trkpt lat="55.60701" lon="37.66747">
        <ele>0</ele>
      </trkpt>
      <trkpt lat="55.6064899" lon="37.6679299">
        <ele>0</ele>
      </trkpt>
      <trkpt lat="55.60629" lon="37.66814">
        <ele>0</ele>
      </trkpt>
      <trkpt lat="55.6060299" lon="37.66834">
        <ele>0</ele>
      </trkpt>
      <trkpt lat="55.6059399" lon="37.66845">
        <ele>0</ele>
      </trkpt>
      <trkpt lat="55.60547" lon="37.66883">
        <ele>0</ele>
      </trkpt>
      <trkpt lat="55.60487" lon="37.6693799">
        <ele>0</ele>
      </trkpt>
      <trkpt lat="55.60455" lon="37.66969">
        <ele>0</ele>
      </trkpt>
      <trkpt lat="55.60418" lon="37.66996">
        <ele>0</ele>
      </trkpt>
      <trkpt lat="55.60389" lon="37.67021">
        <ele>0</ele>
      </trkpt>
      <trkpt lat="55.6034099" lon="37.67051">
        <ele>0</ele>
      </trkpt>
      <trkpt lat="55.60309" lon="37.67065">
        <ele>0</ele>
      </trkpt>
      <trkpt lat="55.60215" lon="37.67098">
        <ele>0</ele>
      </trkpt>
      <trkpt lat="55.60168" lon="37.67107">
        <ele>0</ele>
      </trkpt>
      <trkpt lat="55.60168" lon="37.67146">
        <ele>0</ele>
      </trkpt>
      <trkpt lat="55.60158" lon="37.6713799">
        <ele>0</ele>
      </trkpt>
      <trkpt lat="55.60054" lon="37.6716">
        <ele>0</ele>
      </trkpt>
      <trkpt lat="55.60002" lon="37.6717399">
        <ele>0</ele>
      </trkpt>
      <trkpt lat="55.59969" lon="37.6718">
        <ele>0</ele>
      </trkpt>
      <trkpt lat="55.59945" lon="37.67189">
        <ele>0</ele>
      </trkpt>
      <trkpt lat="55.5989499" lon="37.6719699">
        <ele>0</ele>
      </trkpt>
      <trkpt lat="55.59821" lon="37.6721699">
        <ele>0</ele>
      </trkpt>
      <trkpt lat="55.59784" lon="37.67232">
        <ele>0</ele>
      </trkpt>
      <trkpt lat="55.59719" lon="37.6724599">
        <ele>0</ele>
      </trkpt>
      <trkpt lat="55.5968499" lon="37.67274">
        <ele>0</ele>
      </trkpt>
      <trkpt lat="55.5964799" lon="37.6728299">
        <ele>0</ele>
      </trkpt>
      <trkpt lat="55.5965099" lon="37.67278">
        <ele>0</ele>
      </trkpt>
      <trkpt lat="55.59673" lon="37.6727899">
        <ele>0</ele>
      </trkpt>
      <trkpt lat="55.59679" lon="37.6728899">
        <ele>0</ele>
      </trkpt>
      <trkpt lat="55.59682" lon="37.67314">
        <ele>0</ele>
      </trkpt>
      <trkpt lat="55.59683" lon="37.674">
        <ele>0</ele>
      </trkpt>
      <trkpt lat="55.59686" lon="37.67413">
        <ele>0</ele>
      </trkpt>
      <trkpt lat="55.5968799" lon="37.6749599">
        <ele>0</ele>
      </trkpt>
      <trkpt lat="55.59687" lon="37.6756499">
        <ele>0</ele>
      </trkpt>
      <trkpt lat="55.59689" lon="37.67603">
        <ele>0</ele>
      </trkpt>
      <trkpt lat="55.5969" lon="37.6767699">
        <ele>0</ele>
      </trkpt>
      <trkpt lat="55.59686" lon="37.67704">
        <ele>0</ele>
      </trkpt>
      <trkpt lat="55.5968" lon="37.6771899">
        <ele>0</ele>
      </trkpt>
      <trkpt lat="55.59591" lon="37.67845">
        <ele>0</ele>
      </trkpt>
      <trkpt lat="55.59565" lon="37.67885">
        <ele>0</ele>
      </trkpt>
      <trkpt lat="55.5952299" lon="37.67941">
        <ele>0</ele>
      </trkpt>
      <trkpt lat="55.5951399" lon="37.6795899">
        <ele>0</ele>
      </trkpt>
      <trkpt lat="55.59509" lon="37.67981">
        <ele>0</ele>
      </trkpt>
      <trkpt lat="55.59506" lon="37.68102">
        <ele>0</ele>
      </trkpt>
      <trkpt lat="55.59506" lon="37.6816599">
        <ele>0</ele>
      </trkpt>
      <trkpt lat="55.5950399" lon="37.68193">
        <ele>0</ele>
      </trkpt>
      <trkpt lat="55.59493" lon="37.6822199">
        <ele>0</ele>
      </trkpt>
      <trkpt lat="55.5943199" lon="37.68311">
        <ele>0</ele>
      </trkpt>
      <trkpt lat="55.59414" lon="37.68324">
        <ele>0</ele>
      </trkpt>
      <trkpt lat="55.59393" lon="37.68325">
        <ele>0</ele>
      </trkpt>
      <trkpt lat="55.59378" lon="37.68309">
        <ele>0</ele>
      </trkpt>
      <trkpt lat="55.59354" lon="37.68316">
        <ele>0</ele>
      </trkpt>
      <trkpt lat="55.59345" lon="37.68312">
        <ele>0</ele>
      </trkpt>
      <trkpt lat="55.5930299" lon="37.68263">
        <ele>0</ele>
      </trkpt>
      <trkpt lat="55.59266" lon="37.68211">
        <ele>0</ele>
      </trkpt>
      <trkpt lat="55.5924099" lon="37.6818499">
        <ele>0</ele>
      </trkpt>
      <trkpt lat="55.5920799" lon="37.6816299">
        <ele>0</ele>
      </trkpt>
      <trkpt lat="55.59177" lon="37.6816299">
        <ele>0</ele>
      </trkpt>
      <trkpt lat="55.5915299" lon="37.68158">
        <ele>0</ele>
      </trkpt>
      <trkpt lat="55.59137" lon="37.68161">
        <ele>0</ele>
      </trkpt>
      <trkpt lat="55.59108" lon="37.6814899">
        <ele>0</ele>
      </trkpt>
      <trkpt lat="55.5906" lon="37.6811699">
        <ele>0</ele>
      </trkpt>
      <trkpt lat="55.5903099" lon="37.6809999">
        <ele>0</ele>
      </trkpt>
      <trkpt lat="55.59009" lon="37.6808299">
        <ele>0</ele>
      </trkpt>
      <trkpt lat="55.59" lon="37.6807099">
        <ele>0</ele>
      </trkpt>
      <trkpt lat="55.58994" lon="37.68082">
        <ele>0</ele>
      </trkpt>
      <trkpt lat="55.5896499" lon="37.6811599">
        <ele>0</ele>
      </trkpt>
      <trkpt lat="55.58928" lon="37.6815">
        <ele>0</ele>
      </trkpt>
      <trkpt lat="55.5889399" lon="37.6813999">
        <ele>0</ele>
      </trkpt>
      <trkpt lat="55.5888299" lon="37.68142">
        <ele>0</ele>
      </trkpt>
      <trkpt lat="55.58872" lon="37.6816299">
        <ele>0</ele>
      </trkpt>
      <trkpt lat="55.5885999" lon="37.68196">
        <ele>0</ele>
      </trkpt>
      <trkpt lat="55.5885399" lon="37.6822199">
        <ele>0</ele>
      </trkpt>
      <trkpt lat="55.5883799" lon="37.68273">
        <ele>0</ele>
      </trkpt>
      <trkpt lat="55.5882499" lon="37.68345">
        <ele>0</ele>
      </trkpt>
      <trkpt lat="55.58822" lon="37.68398">
        <ele>0</ele>
      </trkpt>
      <trkpt lat="55.58817" lon="37.6843199">
        <ele>0</ele>
      </trkpt>
      <trkpt lat="55.58796" lon="37.6849699">
        <ele>0</ele>
      </trkpt>
      <trkpt lat="55.5879099" lon="37.68562">
        <ele>0</ele>
      </trkpt>
      <trkpt lat="55.58783" lon="37.68578">
        <ele>0</ele>
      </trkpt>
      <trkpt lat="55.5876499" lon="37.68591">
        <ele>0</ele>
      </trkpt>
      <trkpt lat="55.58748" lon="37.68595">
        <ele>0</ele>
      </trkpt>
      <trkpt lat="55.58734" lon="37.68584">
        <ele>0</ele>
      </trkpt>
      <trkpt lat="55.5872899" lon="37.6856999">
        <ele>0</ele>
      </trkpt>
      <trkpt lat="55.5872599" lon="37.68538">
        <ele>0</ele>
      </trkpt>
      <trkpt lat="55.5873" lon="37.68496">
        <ele>0</ele>
      </trkpt>
      <trkpt lat="55.58728" lon="37.68482">
        <ele>0</ele>
      </trkpt>
      <trkpt lat="55.58682" lon="37.68421">
        <ele>0</ele>
      </trkpt>
      <trkpt lat="55.5861799" lon="37.6842199">
        <ele>0</ele>
      </trkpt>
      <trkpt lat="55.5861" lon="37.6844099">
        <ele>0</ele>
      </trkpt>
      <trkpt lat="55.58599" lon="37.68512">
        <ele>0</ele>
      </trkpt>
      <trkpt lat="55.5858099" lon="37.6878599">
        <ele>0</ele>
      </trkpt>
      <trkpt lat="55.58574" lon="37.6886099">
        <ele>0</ele>
      </trkpt>
      <trkpt lat="55.58561" lon="37.68873">
        <ele>0</ele>
      </trkpt>
      <trkpt lat="55.5855499" lon="37.6889099">
        <ele>0</ele>
      </trkpt>
      <trkpt lat="55.5855199" lon="37.6892099">
        <ele>0</ele>
      </trkpt>
      <trkpt lat="55.5851199" lon="37.6893399">
        <ele>0</ele>
      </trkpt>
      <trkpt lat="55.58492" lon="37.68948">
        <ele>0</ele>
      </trkpt>
      <trkpt lat="55.5843399" lon="37.6896599">
        <ele>0</ele>
      </trkpt>
      <trkpt lat="55.58428" lon="37.6897699">
        <ele>0</ele>
      </trkpt>
      <trkpt lat="55.5843099" lon="37.69027">
        <ele>0</ele>
      </trkpt>
      <trkpt lat="55.58428" lon="37.6906199">
        <ele>0</ele>
      </trkpt>
      <trkpt lat="55.5842099" lon="37.6908499">
        <ele>0</ele>
      </trkpt>
      <trkpt lat="55.5839399" lon="37.6909">
        <ele>0</ele>
      </trkpt>
      <trkpt lat="55.5837" lon="37.69112">
        <ele>0</ele>
      </trkpt>
      <trkpt lat="55.5832599" lon="37.69123">
        <ele>0</ele>
      </trkpt>
      <trkpt lat="55.58298" lon="37.69133">
        <ele>0</ele>
      </trkpt>
      <trkpt lat="55.5828299" lon="37.6913">
        <ele>0</ele>
      </trkpt>
      <trkpt lat="55.58268" lon="37.6913399">
        <ele>0</ele>
      </trkpt>
      <trkpt lat="55.58259" lon="37.69129">
        <ele>0</ele>
      </trkpt>
      <trkpt lat="55.5824699" lon="37.69103">
        <ele>0</ele>
      </trkpt>
      <trkpt lat="55.5822999" lon="37.69102">
        <ele>0</ele>
      </trkpt>
      <trkpt lat="55.58202" lon="37.6911499">
        <ele>0</ele>
      </trkpt>
      <trkpt lat="55.58193" lon="37.6911399">
        <ele>0</ele>
      </trkpt>
      <trkpt lat="55.58173" lon="37.6909799">
        <ele>0</ele>
      </trkpt>
      <trkpt lat="55.5814799" lon="37.6907">
        <ele>0</ele>
      </trkpt>
      <trkpt lat="55.5813499" lon="37.6904199">
        <ele>0</ele>
      </trkpt>
      <trkpt lat="55.58124" lon="37.69027">
        <ele>0</ele>
      </trkpt>
      <trkpt lat="55.58114" lon="37.69038">
        <ele>0</ele>
      </trkpt>
      <trkpt lat="55.58081" lon="37.6909">
        <ele>0</ele>
      </trkpt>
      <trkpt lat="55.58075" lon="37.69089">
        <ele>0</ele>
      </trkpt>
      <trkpt lat="55.5805899" lon="37.69054">
        <ele>0</ele>
      </trkpt>
      <trkpt lat="55.58051" lon="37.69064">
        <ele>0</ele>
      </trkpt>
      <trkpt lat="55.58042" lon="37.6914099">
        <ele>0</ele>
      </trkpt>
      <trkpt lat="55.58021" lon="37.6918599">
        <ele>0</ele>
      </trkpt>
      <trkpt lat="55.5801699" lon="37.69222">
        <ele>0</ele>
      </trkpt>
      <trkpt lat="55.5801399" lon="37.69281">
        <ele>0</ele>
      </trkpt>
      <trkpt lat="55.58003" lon="37.6931099">
        <ele>0</ele>
      </trkpt>
      <trkpt lat="55.5801099" lon="37.69375">
        <ele>0</ele>
      </trkpt>
      <trkpt lat="55.58009" lon="37.6940999">
        <ele>0</ele>
      </trkpt>
      <trkpt lat="55.57992" lon="37.6944899">
        <ele>0</ele>
      </trkpt>
      <trkpt lat="55.57946" lon="37.6950499">
        <ele>0</ele>
      </trkpt>
      <trkpt lat="55.5790199" lon="37.6955099">
        <ele>0</ele>
      </trkpt>
      <trkpt lat="55.57891" lon="37.69559">
        <ele>0</ele>
      </trkpt>
      <trkpt lat="55.57881" lon="37.69579">
        <ele>0</ele>
      </trkpt>
      <trkpt lat="55.57864" lon="37.6959999">
        <ele>0</ele>
      </trkpt>
      <trkpt lat="55.57854" lon="37.69596">
        <ele>0</ele>
      </trkpt>
      <trkpt lat="55.5784899" lon="37.6961599">
        <ele>0</ele>
      </trkpt>
      <trkpt lat="55.5782599" lon="37.6962299">
        <ele>0</ele>
      </trkpt>
      <trkpt lat="55.57805" lon="37.6961599">
        <ele>0</ele>
      </trkpt>
      <trkpt lat="55.57793" lon="37.6960699">
        <ele>0</ele>
      </trkpt>
      <trkpt lat="55.57778" lon="37.69582">
        <ele>0</ele>
      </trkpt>
      <trkpt lat="55.57729" lon="37.6953099">
        <ele>0</ele>
      </trkpt>
      <trkpt lat="55.57667" lon="37.69471">
        <ele>0</ele>
      </trkpt>
      <trkpt lat="55.57634" lon="37.69445">
        <ele>0</ele>
      </trkpt>
      <trkpt lat="55.5760299" lon="37.6941299">
        <ele>0</ele>
      </trkpt>
      <trkpt lat="55.57585" lon="37.6938999">
        <ele>0</ele>
      </trkpt>
      <trkpt lat="55.5755399" lon="37.6934099">
        <ele>0</ele>
      </trkpt>
      <trkpt lat="55.57526" lon="37.69304">
        <ele>0</ele>
      </trkpt>
      <trkpt lat="55.5750799" lon="37.69287">
        <ele>0</ele>
      </trkpt>
      <trkpt lat="55.5745499" lon="37.6926499">
        <ele>0</ele>
      </trkpt>
      <trkpt lat="55.57394" lon="37.6924599">
        <ele>0</ele>
      </trkpt>
      <trkpt lat="55.5732099" lon="37.6921599">
        <ele>0</ele>
      </trkpt>
      <trkpt lat="55.57306" lon="37.6921299">
        <ele>0</ele>
      </trkpt>
      <trkpt lat="55.57287" lon="37.69225">
        <ele>0</ele>
      </trkpt>
      <trkpt lat="55.57257" lon="37.69258">
        <ele>0</ele>
      </trkpt>
      <trkpt lat="55.5721899" lon="37.6927899">
        <ele>0</ele>
      </trkpt>
      <trkpt lat="55.57194" lon="37.69312">
        <ele>0</ele>
      </trkpt>
      <trkpt lat="55.5716399" lon="37.6933799">
        <ele>0</ele>
      </trkpt>
      <trkpt lat="55.5714399" lon="37.69345">
        <ele>0</ele>
      </trkpt>
      <trkpt lat="55.57136" lon="37.6933799">
        <ele>0</ele>
      </trkpt>
      <trkpt lat="55.5712799" lon="37.6934799">
        <ele>0</ele>
      </trkpt>
      <trkpt lat="55.5712799" lon="37.6936699">
        <ele>0</ele>
      </trkpt>
      <trkpt lat="55.5712" lon="37.6940699">
        <ele>0</ele>
      </trkpt>
      <trkpt lat="55.57112" lon="37.6940299">
        <ele>0</ele>
      </trkpt>
      <trkpt lat="55.57126" lon="37.6937399">
        <ele>0</ele>
      </trkpt>
      <trkpt lat="55.57123" lon="37.6932099">
        <ele>0</ele>
      </trkpt>
      <trkpt lat="55.57097" lon="37.6931799">
        <ele>0</ele>
      </trkpt>
      <trkpt lat="55.57079" lon="37.69323">
        <ele>0</ele>
      </trkpt>
      <trkpt lat="55.57064" lon="37.6933699">
        <ele>0</ele>
      </trkpt>
      <trkpt lat="55.5705" lon="37.6934099">
        <ele>0</ele>
      </trkpt>
      <trkpt lat="55.5703599" lon="37.6933099">
        <ele>0</ele>
      </trkpt>
      <trkpt lat="55.56991" lon="37.6935099">
        <ele>0</ele>
      </trkpt>
      <trkpt lat="55.56951" lon="37.69497">
        <ele>0</ele>
      </trkpt>
      <trkpt lat="55.5686799" lon="37.6959699">
        <ele>0</ele>
      </trkpt>
      <trkpt lat="55.56856" lon="37.6963599">
        <ele>0</ele>
      </trkpt>
      <trkpt lat="55.56837" lon="37.69658">
        <ele>0</ele>
      </trkpt>
      <trkpt lat="55.5682" lon="37.69655">
        <ele>0</ele>
      </trkpt>
      <trkpt lat="55.56798" lon="37.69635">
        <ele>0</ele>
      </trkpt>
      <trkpt lat="55.5676899" lon="37.69638">
        <ele>0</ele>
      </trkpt>
      <trkpt lat="55.56739" lon="37.6965299">
        <ele>0</ele>
      </trkpt>
      <trkpt lat="55.5671099" lon="37.69691">
        <ele>0</ele>
      </trkpt>
      <trkpt lat="55.5668399" lon="37.6976">
        <ele>0</ele>
      </trkpt>
      <trkpt lat="55.56646" lon="37.69884">
        <ele>0</ele>
      </trkpt>
      <trkpt lat="55.5662499" lon="37.69959">
        <ele>0</ele>
      </trkpt>
      <trkpt lat="55.5656899" lon="37.7014199">
        <ele>0</ele>
      </trkpt>
      <trkpt lat="55.56554" lon="37.7019399">
        <ele>0</ele>
      </trkpt>
      <trkpt lat="55.56539" lon="37.70225">
        <ele>0</ele>
      </trkpt>
      <trkpt lat="55.5652299" lon="37.7024699">
        <ele>0</ele>
      </trkpt>
      <trkpt lat="55.5645499" lon="37.70314">
        <ele>0</ele>
      </trkpt>
      <trkpt lat="55.5644" lon="37.7031599">
        <ele>0</ele>
      </trkpt>
      <trkpt lat="55.56391" lon="37.70367">
        <ele>0</ele>
      </trkpt>
      <trkpt lat="55.56367" lon="37.70387">
        <ele>0</ele>
      </trkpt>
      <trkpt lat="55.56329" lon="37.70425">
        <ele>0</ele>
      </trkpt>
      <trkpt lat="55.56305" lon="37.7044399">
        <ele>0</ele>
      </trkpt>
      <trkpt lat="55.56295" lon="37.70445">
        <ele>0</ele>
      </trkpt>
      <trkpt lat="55.5627999" lon="37.70465">
        <ele>0</ele>
      </trkpt>
      <trkpt lat="55.56262" lon="37.7047999">
        <ele>0</ele>
      </trkpt>
      <trkpt lat="55.56249" lon="37.70472">
        <ele>0</ele>
      </trkpt>
      <trkpt lat="55.56239" lon="37.7044699">
        <ele>0</ele>
      </trkpt>
      <trkpt lat="55.56207" lon="37.7046699">
        <ele>0</ele>
      </trkpt>
      <trkpt lat="55.56174" lon="37.70501">
        <ele>0</ele>
      </trkpt>
      <trkpt lat="55.5615599" lon="37.70514">
        <ele>0</ele>
      </trkpt>
      <trkpt lat="55.56141" lon="37.70514">
        <ele>0</ele>
      </trkpt>
      <trkpt lat="55.56125" lon="37.70501">
        <ele>0</ele>
      </trkpt>
      <trkpt lat="55.56104" lon="37.7044399">
        <ele>0</ele>
      </trkpt>
      <trkpt lat="55.5609699" lon="37.7044399">
        <ele>0</ele>
      </trkpt>
      <trkpt lat="55.56081" lon="37.7046399">
        <ele>0</ele>
      </trkpt>
      <trkpt lat="55.56076" lon="37.7049999">
        <ele>0</ele>
      </trkpt>
      <trkpt lat="55.56069" lon="37.70528">
        <ele>0</ele>
      </trkpt>
      <trkpt lat="55.5605" lon="37.7054899">
        <ele>0</ele>
      </trkpt>
      <trkpt lat="55.5602" lon="37.70566">
        <ele>0</ele>
      </trkpt>
      <trkpt lat="55.55993" lon="37.70517">
        <ele>0</ele>
      </trkpt>
      <trkpt lat="55.5596899" lon="37.70537">
        <ele>0</ele>
      </trkpt>
      <trkpt lat="55.5596499" lon="37.7054599">
        <ele>0</ele>
      </trkpt>
      <trkpt lat="55.5597199" lon="37.706">
        <ele>0</ele>
      </trkpt>
      <trkpt lat="55.5598499" lon="37.7064399">
        <ele>0</ele>
      </trkpt>
      <trkpt lat="55.55994" lon="37.7068699">
        <ele>0</ele>
      </trkpt>
      <trkpt lat="55.5598799" lon="37.70705">
        <ele>0</ele>
      </trkpt>
      <trkpt lat="55.5598199" lon="37.7074599">
        <ele>0</ele>
      </trkpt>
      <trkpt lat="55.55977" lon="37.7075599">
        <ele>0</ele>
      </trkpt>
      <trkpt lat="55.55958" lon="37.7076599">
        <ele>0</ele>
      </trkpt>
      <trkpt lat="55.55947" lon="37.7079">
        <ele>0</ele>
      </trkpt>
      <trkpt lat="55.55934" lon="37.70809">
        <ele>0</ele>
      </trkpt>
      <trkpt lat="55.55924" lon="37.7083799">
        <ele>0</ele>
      </trkpt>
      <trkpt lat="55.55888" lon="37.70822">
        <ele>0</ele>
      </trkpt>
      <trkpt lat="55.55878" lon="37.70823">
        <ele>0</ele>
      </trkpt>
      <trkpt lat="55.55866" lon="37.7080799">
        <ele>0</ele>
      </trkpt>
      <trkpt lat="55.5585099" lon="37.7081499">
        <ele>0</ele>
      </trkpt>
      <trkpt lat="55.5583699" lon="37.70843">
        <ele>0</ele>
      </trkpt>
      <trkpt lat="55.5582399" lon="37.7085">
        <ele>0</ele>
      </trkpt>
      <trkpt lat="55.55809" lon="37.7084099">
        <ele>0</ele>
      </trkpt>
      <trkpt lat="55.55789" lon="37.70845">
        <ele>0</ele>
      </trkpt>
      <trkpt lat="55.55784" lon="37.70856">
        <ele>0</ele>
      </trkpt>
      <trkpt lat="55.5573499" lon="37.70898">
        <ele>0</ele>
      </trkpt>
      <trkpt lat="55.55715" lon="37.70919">
        <ele>0</ele>
      </trkpt>
      <trkpt lat="55.5572" lon="37.70947">
        <ele>0</ele>
      </trkpt>
      <trkpt lat="55.55711" lon="37.70974">
        <ele>0</ele>
      </trkpt>
      <trkpt lat="55.5567599" lon="37.70983">
        <ele>0</ele>
      </trkpt>
      <trkpt lat="55.55652" lon="37.7096">
        <ele>0</ele>
      </trkpt>
      <trkpt lat="55.5561699" lon="37.7093599">
        <ele>0</ele>
      </trkpt>
      <trkpt lat="55.55577" lon="37.7091999">
        <ele>0</ele>
      </trkpt>
      <trkpt lat="55.55567" lon="37.70922">
        <ele>0</ele>
      </trkpt>
      <trkpt lat="55.5555799" lon="37.7090999">
        <ele>0</ele>
      </trkpt>
      <trkpt lat="55.55533" lon="37.70918">
        <ele>0</ele>
      </trkpt>
      <trkpt lat="55.5550599" lon="37.70921">
        <ele>0</ele>
      </trkpt>
      <trkpt lat="55.55497" lon="37.7091699">
        <ele>0</ele>
      </trkpt>
      <trkpt lat="55.5545699" lon="37.70882">
        <ele>0</ele>
      </trkpt>
      <trkpt lat="55.5542099" lon="37.70853">
        <ele>0</ele>
      </trkpt>
      <trkpt lat="55.55399" lon="37.7084">
        <ele>0</ele>
      </trkpt>
      <trkpt lat="55.55364" lon="37.70809">
        <ele>0</ele>
      </trkpt>
      <trkpt lat="55.55314" lon="37.70771">
        <ele>0</ele>
      </trkpt>
      <trkpt lat="55.5529199" lon="37.7075">
        <ele>0</ele>
      </trkpt>
      <trkpt lat="55.55267" lon="37.70731">
        <ele>0</ele>
      </trkpt>
      <trkpt lat="55.55232" lon="37.7069999">
        <ele>0</ele>
      </trkpt>
      <trkpt lat="55.55179" lon="37.7066099">
        <ele>0</ele>
      </trkpt>
      <trkpt lat="55.5516" lon="37.7064399">
        <ele>0</ele>
      </trkpt>
      <trkpt lat="55.55143" lon="37.70636">
        <ele>0</ele>
      </trkpt>
      <trkpt lat="55.55114" lon="37.70741">
        <ele>0</ele>
      </trkpt>
      <trkpt lat="55.5508199" lon="37.7087399">
        <ele>0</ele>
      </trkpt>
      <trkpt lat="55.55078" lon="37.70881">
        <ele>0</ele>
      </trkpt>
      <trkpt lat="55.55061" lon="37.70938">
        <ele>0</ele>
      </trkpt>
      <trkpt lat="55.5504899" lon="37.7099199">
        <ele>0</ele>
      </trkpt>
      <trkpt lat="55.5502699" lon="37.71072">
        <ele>0</ele>
      </trkpt>
      <trkpt lat="55.55021" lon="37.71089">
        <ele>0</ele>
      </trkpt>
      <trkpt lat="55.55006" lon="37.71158">
        <ele>0</ele>
      </trkpt>
      <trkpt lat="55.54966" lon="37.71298">
        <ele>0</ele>
      </trkpt>
      <trkpt lat="55.5494499" lon="37.71387">
        <ele>0</ele>
      </trkpt>
      <trkpt lat="55.5492499" lon="37.7144799">
        <ele>0</ele>
      </trkpt>
      <trkpt lat="55.5490199" lon="37.7146099">
        <ele>0</ele>
      </trkpt>
      <trkpt lat="55.54888" lon="37.7146">
        <ele>0</ele>
      </trkpt>
      <trkpt lat="55.54871" lon="37.7145">
        <ele>0</ele>
      </trkpt>
      <trkpt lat="55.54855" lon="37.71427">
        <ele>0</ele>
      </trkpt>
      <trkpt lat="55.54841" lon="37.71444">
        <ele>0</ele>
      </trkpt>
      <trkpt lat="55.5484299" lon="37.7145799">
        <ele>0</ele>
      </trkpt>
      <trkpt lat="55.54867" lon="37.7151699">
        <ele>0</ele>
      </trkpt>
      <trkpt lat="55.5487599" lon="37.71555">
        <ele>0</ele>
      </trkpt>
      <trkpt lat="55.5489" lon="37.7158899">
        <ele>0</ele>
      </trkpt>
      <trkpt lat="55.54887" lon="37.7161">
        <ele>0</ele>
      </trkpt>
      <trkpt lat="55.54841" lon="37.7167199">
        <ele>0</ele>
      </trkpt>
      <trkpt lat="55.54809" lon="37.7172099">
        <ele>0</ele>
      </trkpt>
      <trkpt lat="55.54788" lon="37.71746">
        <ele>0</ele>
      </trkpt>
      <trkpt lat="55.5473399" lon="37.71827">
        <ele>0</ele>
      </trkpt>
      <trkpt lat="55.5469" lon="37.7188199">
        <ele>0</ele>
      </trkpt>
      <trkpt lat="55.54677" lon="37.7188499">
        <ele>0</ele>
      </trkpt>
      <trkpt lat="55.5461999" lon="37.71946">
        <ele>0</ele>
      </trkpt>
      <trkpt lat="55.54556" lon="37.7197699">
        <ele>0</ele>
      </trkpt>
      <trkpt lat="55.5454699" lon="37.71965">
        <ele>0</ele>
      </trkpt>
      <trkpt lat="55.54513" lon="37.7196699">
        <ele>0</ele>
      </trkpt>
      <trkpt lat="55.545" lon="37.7197999">
        <ele>0</ele>
      </trkpt>
      <trkpt lat="55.5447" lon="37.7197999">
        <ele>0</ele>
      </trkpt>
      <trkpt lat="55.54457" lon="37.7198599">
        <ele>0</ele>
      </trkpt>
      <trkpt lat="55.5441899" lon="37.7198999">
        <ele>0</ele>
      </trkpt>
      <trkpt lat="55.54395" lon="37.71988">
        <ele>0</ele>
      </trkpt>
      <trkpt lat="55.5436299" lon="37.7198999">
        <ele>0</ele>
      </trkpt>
      <trkpt lat="55.5435999" lon="37.72025">
        <ele>0</ele>
      </trkpt>
      <trkpt lat="55.54345" lon="37.7203">
        <ele>0</ele>
      </trkpt>
      <trkpt lat="55.5428499" lon="37.7203199">
        <ele>0</ele>
      </trkpt>
      <trkpt lat="55.5424199" lon="37.7202599">
        <ele>0</ele>
      </trkpt>
      <trkpt lat="55.5422899" lon="37.7203">
        <ele>0</ele>
      </trkpt>
      <trkpt lat="55.5422499" lon="37.72058">
        <ele>0</ele>
      </trkpt>
      <trkpt lat="55.54215" lon="37.72057">
        <ele>0</ele>
      </trkpt>
      <trkpt lat="55.5421299" lon="37.72027">
        <ele>0</ele>
      </trkpt>
      <trkpt lat="55.54207" lon="37.72021">
        <ele>0</ele>
      </trkpt>
      <trkpt lat="55.54138" lon="37.7201999">
        <ele>0</ele>
      </trkpt>
      <trkpt lat="55.5410399" lon="37.72015">
        <ele>0</ele>
      </trkpt>
      <trkpt lat="55.54073" lon="37.72031">
        <ele>0</ele>
      </trkpt>
      <trkpt lat="55.54059" lon="37.72048">
        <ele>0</ele>
      </trkpt>
      <trkpt lat="55.5400199" lon="37.7208799">
        <ele>0</ele>
      </trkpt>
      <trkpt lat="55.53974" lon="37.7212">
        <ele>0</ele>
      </trkpt>
      <trkpt lat="55.5396599" lon="37.7214399">
        <ele>0</ele>
      </trkpt>
      <trkpt lat="55.53951" lon="37.72153">
        <ele>0</ele>
      </trkpt>
      <trkpt lat="55.53918" lon="37.72186">
        <ele>0</ele>
      </trkpt>
      <trkpt lat="55.53893" lon="37.7220599">
        <ele>0</ele>
      </trkpt>
      <trkpt lat="55.5387" lon="37.72232">
        <ele>0</ele>
      </trkpt>
      <trkpt lat="55.53839" lon="37.7226">
        <ele>0</ele>
      </trkpt>
      <trkpt lat="55.53826" lon="37.72278">
        <ele>0</ele>
      </trkpt>
      <trkpt lat="55.5381799" lon="37.7228">
        <ele>0</ele>
      </trkpt>
      <trkpt lat="55.5380599" lon="37.72267">
        <ele>0</ele>
      </trkpt>
      <trkpt lat="55.5377899" lon="37.7227599">
        <ele>0</ele>
      </trkpt>
      <trkpt lat="55.53734" lon="37.72306">
        <ele>0</ele>
      </trkpt>
      <trkpt lat="55.5372699" lon="37.72303">
        <ele>0</ele>
      </trkpt>
      <trkpt lat="55.5370699" lon="37.72232">
        <ele>0</ele>
      </trkpt>
      <trkpt lat="55.53682" lon="37.72163">
        <ele>0</ele>
      </trkpt>
      <trkpt lat="55.53663" lon="37.7209799">
        <ele>0</ele>
      </trkpt>
      <trkpt lat="55.5365399" lon="37.7209099">
        <ele>0</ele>
      </trkpt>
      <trkpt lat="55.5364" lon="37.7209199">
        <ele>0</ele>
      </trkpt>
      <trkpt lat="55.53627" lon="37.7204499">
        <ele>0</ele>
      </trkpt>
      <trkpt lat="55.53604" lon="37.7201899">
        <ele>0</ele>
      </trkpt>
      <trkpt lat="55.53598" lon="37.71988">
        <ele>0</ele>
      </trkpt>
      <trkpt lat="55.5359899" lon="37.71933">
        <ele>0</ele>
      </trkpt>
      <trkpt lat="55.5359599" lon="37.7191799">
        <ele>0</ele>
      </trkpt>
      <trkpt lat="55.5359899" lon="37.71873">
        <ele>0</ele>
      </trkpt>
      <trkpt lat="55.5359499" lon="37.7186799">
        <ele>0</ele>
      </trkpt>
      <trkpt lat="55.5352599" lon="37.7187">
        <ele>0</ele>
      </trkpt>
      <trkpt lat="55.5352299" lon="37.71861">
        <ele>0</ele>
      </trkpt>
      <trkpt lat="55.53529" lon="37.71841">
        <ele>0</ele>
      </trkpt>
      <trkpt lat="55.5352999" lon="37.7175999">
        <ele>0</ele>
      </trkpt>
      <trkpt lat="55.53524" lon="37.7170799">
        <ele>0</ele>
      </trkpt>
      <trkpt lat="55.53515" lon="37.717">
        <ele>0</ele>
      </trkpt>
      <trkpt lat="55.5347999" lon="37.71687">
        <ele>0</ele>
      </trkpt>
      <trkpt lat="55.5342799" lon="37.71679">
        <ele>0</ele>
      </trkpt>
      <trkpt lat="55.53417" lon="37.7168399">
        <ele>0</ele>
      </trkpt>
      <trkpt lat="55.5336499" lon="37.71679">
        <ele>0</ele>
      </trkpt>
      <trkpt lat="55.5335" lon="37.7168099">
        <ele>0</ele>
      </trkpt>
      <trkpt lat="55.5330599" lon="37.71677">
        <ele>0</ele>
      </trkpt>
      <trkpt lat="55.53222" lon="37.71676">
        <ele>0</ele>
      </trkpt>
      <trkpt lat="55.5320799" lon="37.71679">
        <ele>0</ele>
      </trkpt>
      <trkpt lat="55.53204" lon="37.7165799">
        <ele>0</ele>
      </trkpt>
      <trkpt lat="55.5319" lon="37.7167199">
        <ele>0</ele>
      </trkpt>
      <trkpt lat="55.5317499" lon="37.71656">
        <ele>0</ele>
      </trkpt>
      <trkpt lat="55.53163" lon="37.7165">
        <ele>0</ele>
      </trkpt>
      <trkpt lat="55.53124" lon="37.71651">
        <ele>0</ele>
      </trkpt>
      <trkpt lat="55.5310299" lon="37.71641">
        <ele>0</ele>
      </trkpt>
      <trkpt lat="55.53088" lon="37.71613">
        <ele>0</ele>
      </trkpt>
      <trkpt lat="55.53071" lon="37.7157299">
        <ele>0</ele>
      </trkpt>
      <trkpt lat="55.53048" lon="37.71535">
        <ele>0</ele>
      </trkpt>
      <trkpt lat="55.53012" lon="37.71559">
        <ele>0</ele>
      </trkpt>
      <trkpt lat="55.52953" lon="37.7160599">
        <ele>0</ele>
      </trkpt>
      <trkpt lat="55.5286999" lon="37.7168099">
        <ele>0</ele>
      </trkpt>
      <trkpt lat="55.52823" lon="37.7171999">
        <ele>0</ele>
      </trkpt>
      <trkpt lat="55.5278099" lon="37.71748">
        <ele>0</ele>
      </trkpt>
      <trkpt lat="55.52766" lon="37.71762">
        <ele>0</ele>
      </trkpt>
      <trkpt lat="55.5272899" lon="37.71779">
        <ele>0</ele>
      </trkpt>
      <trkpt lat="55.52701" lon="37.7179899">
        <ele>0</ele>
      </trkpt>
      <trkpt lat="55.52618" lon="37.71884">
        <ele>0</ele>
      </trkpt>
      <trkpt lat="55.52572" lon="37.71926">
        <ele>0</ele>
      </trkpt>
      <trkpt lat="55.52553" lon="37.71929">
        <ele>0</ele>
      </trkpt>
      <trkpt lat="55.5252499" lon="37.7190799">
        <ele>0</ele>
      </trkpt>
      <trkpt lat="55.5241999" lon="37.7182">
        <ele>0</ele>
      </trkpt>
      <trkpt lat="55.52408" lon="37.7181199">
        <ele>0</ele>
      </trkpt>
      <trkpt lat="55.52389" lon="37.71791">
        <ele>0</ele>
      </trkpt>
      <trkpt lat="55.5238699" lon="37.71801">
        <ele>0</ele>
      </trkpt>
      <trkpt lat="55.52353" lon="37.7188">
        <ele>0</ele>
      </trkpt>
      <trkpt lat="55.5230599" lon="37.72001">
        <ele>0</ele>
      </trkpt>
      <trkpt lat="55.52275" lon="37.72083">
        <ele>0</ele>
      </trkpt>
      <trkpt lat="55.5226299" lon="37.7209199">
        <ele>0</ele>
      </trkpt>
      <trkpt lat="55.5221699" lon="37.72063">
        <ele>0</ele>
      </trkpt>
      <trkpt lat="55.52188" lon="37.7205499">
        <ele>0</ele>
      </trkpt>
      <trkpt lat="55.52133" lon="37.72047">
        <ele>0</ele>
      </trkpt>
      <trkpt lat="55.52081" lon="37.72047">
        <ele>0</ele>
      </trkpt>
      <trkpt lat="55.52058" lon="37.7205199">
        <ele>0</ele>
      </trkpt>
      <trkpt lat="55.52031" lon="37.72077">
        <ele>0</ele>
      </trkpt>
      <trkpt lat="55.51995" lon="37.72126">
        <ele>0</ele>
      </trkpt>
      <trkpt lat="55.5197999" lon="37.7213699">
        <ele>0</ele>
      </trkpt>
      <trkpt lat="55.5193" lon="37.7213399">
        <ele>0</ele>
      </trkpt>
      <trkpt lat="55.5191499" lon="37.72142">
        <ele>0</ele>
      </trkpt>
      <trkpt lat="55.5190099" lon="37.7215699">
        <ele>0</ele>
      </trkpt>
      <trkpt lat="55.5188" lon="37.72194">
        <ele>0</ele>
      </trkpt>
      <trkpt lat="55.51868" lon="37.7224">
        <ele>0</ele>
      </trkpt>
      <trkpt lat="55.51868" lon="37.7226599">
        <ele>0</ele>
      </trkpt>
      <trkpt lat="55.5188199" lon="37.72327">
        <ele>0</ele>
      </trkpt>
      <trkpt lat="55.5190499" lon="37.72409">
        <ele>0</ele>
      </trkpt>
      <trkpt lat="55.51936" lon="37.72527">
        <ele>0</ele>
      </trkpt>
      <trkpt lat="55.5194799" lon="37.7256399">
        <ele>0</ele>
      </trkpt>
      <trkpt lat="55.5196099" lon="37.72624">
        <ele>0</ele>
      </trkpt>
      <trkpt lat="55.51969" lon="37.7266899">
        <ele>0</ele>
      </trkpt>
      <trkpt lat="55.51968" lon="37.7270499">
        <ele>0</ele>
      </trkpt>
      <trkpt lat="55.5196399" lon="37.7271799">
        <ele>0</ele>
      </trkpt>
      <trkpt lat="55.51927" lon="37.72763">
        <ele>0</ele>
      </trkpt>
      <trkpt lat="55.5191199" lon="37.72775">
        <ele>0</ele>
      </trkpt>
      <trkpt lat="55.51867" lon="37.72829">
        <ele>0</ele>
      </trkpt>
      <trkpt lat="55.51845" lon="37.7284999">
        <ele>0</ele>
      </trkpt>
      <trkpt lat="55.51821" lon="37.72868">
        <ele>0</ele>
      </trkpt>
      <trkpt lat="55.51763" lon="37.72917">
        <ele>0</ele>
      </trkpt>
      <trkpt lat="55.51743" lon="37.7292899">
        <ele>0</ele>
      </trkpt>
      <trkpt lat="55.51709" lon="37.72959">
        <ele>0</ele>
      </trkpt>
      <trkpt lat="55.51686" lon="37.7297499">
        <ele>0</ele>
      </trkpt>
      <trkpt lat="55.51667" lon="37.73005">
        <ele>0</ele>
      </trkpt>
      <trkpt lat="55.51631" lon="37.73042">
        <ele>0</ele>
      </trkpt>
      <trkpt lat="55.5160599" lon="37.73062">
        <ele>0</ele>
      </trkpt>
      <trkpt lat="55.51588" lon="37.7306699">
        <ele>0</ele>
      </trkpt>
      <trkpt lat="55.51559" lon="37.73098">
        <ele>0</ele>
      </trkpt>
      <trkpt lat="55.5151799" lon="37.73131">
        <ele>0</ele>
      </trkpt>
      <trkpt lat="55.51492" lon="37.7314">
        <ele>0</ele>
      </trkpt>
      <trkpt lat="55.5147" lon="37.7314">
        <ele>0</ele>
      </trkpt>
      <trkpt lat="55.5142" lon="37.73117">
        <ele>0</ele>
      </trkpt>
      <trkpt lat="55.5132999" lon="37.73087">
        <ele>0</ele>
      </trkpt>
      <trkpt lat="55.5130799" lon="37.7307599">
        <ele>0</ele>
      </trkpt>
      <trkpt lat="55.51286" lon="37.73084">
        <ele>0</ele>
      </trkpt>
      <trkpt lat="55.5125799" lon="37.73114">
        <ele>0</ele>
      </trkpt>
      <trkpt lat="55.51213" lon="37.7315799">
        <ele>0</ele>
      </trkpt>
      <trkpt lat="55.51201" lon="37.7315799">
        <ele>0</ele>
      </trkpt>
      <trkpt lat="55.5118999" lon="37.7314499">
        <ele>0</ele>
      </trkpt>
      <trkpt lat="55.5115699" lon="37.73117">
        <ele>0</ele>
      </trkpt>
      <trkpt lat="55.5112999" lon="37.73105">
        <ele>0</ele>
      </trkpt>
      <trkpt lat="55.5109799" lon="37.73101">
        <ele>0</ele>
      </trkpt>
      <trkpt lat="55.5107399" lon="37.73077">
        <ele>0</ele>
      </trkpt>
      <trkpt lat="55.5104799" lon="37.73035">
        <ele>0</ele>
      </trkpt>
      <trkpt lat="55.5103199" lon="37.73023">
        <ele>0</ele>
      </trkpt>
      <trkpt lat="55.5088399" lon="37.72986">
        <ele>0</ele>
      </trkpt>
      <trkpt lat="55.50856" lon="37.7298099">
        <ele>0</ele>
      </trkpt>
      <trkpt lat="55.5084" lon="37.7297">
        <ele>0</ele>
      </trkpt>
      <trkpt lat="55.5081499" lon="37.7296499">
        <ele>0</ele>
      </trkpt>
      <trkpt lat="55.5079" lon="37.72964">
        <ele>0</ele>
      </trkpt>
      <trkpt lat="55.50738" lon="37.72949">
        <ele>0</ele>
      </trkpt>
      <trkpt lat="55.5072599" lon="37.72963">
        <ele>0</ele>
      </trkpt>
      <trkpt lat="55.5070699" lon="37.73032">
        <ele>0</ele>
      </trkpt>
      <trkpt lat="55.50699" lon="37.73081">
        <ele>0</ele>
      </trkpt>
      <trkpt lat="55.50678" lon="37.7317499">
        <ele>0</ele>
      </trkpt>
      <trkpt lat="55.5065699" lon="37.7325999">
        <ele>0</ele>
      </trkpt>
      <trkpt lat="55.5065699" lon="37.7326999">
        <ele>0</ele>
      </trkpt>
      <trkpt lat="55.5063" lon="37.73377">
        <ele>0</ele>
      </trkpt>
      <trkpt lat="55.5062199" lon="37.73399">
        <ele>0</ele>
      </trkpt>
      <trkpt lat="55.50607" lon="37.73462">
        <ele>0</ele>
      </trkpt>
      <trkpt lat="55.506" lon="37.73507">
        <ele>0</ele>
      </trkpt>
      <trkpt lat="55.5057499" lon="37.73613">
        <ele>0</ele>
      </trkpt>
      <trkpt lat="55.5056199" lon="37.7367399">
        <ele>0</ele>
      </trkpt>
      <trkpt lat="55.50544" lon="37.73728">
        <ele>0</ele>
      </trkpt>
      <trkpt lat="55.5052299" lon="37.73883">
        <ele>0</ele>
      </trkpt>
      <trkpt lat="55.50521" lon="37.73921">
        <ele>0</ele>
      </trkpt>
      <trkpt lat="55.5052299" lon="37.7394599">
        <ele>0</ele>
      </trkpt>
      <trkpt lat="55.50512" lon="37.74007">
        <ele>0</ele>
      </trkpt>
      <trkpt lat="55.5050699" lon="37.7404399">
        <ele>0</ele>
      </trkpt>
      <trkpt lat="55.50504" lon="37.7408999">
        <ele>0</ele>
      </trkpt>
      <trkpt lat="55.50495" lon="37.74118">
        <ele>0</ele>
      </trkpt>
      <trkpt lat="55.50491" lon="37.7415299">
        <ele>0</ele>
      </trkpt>
      <trkpt lat="55.5048699" lon="37.74266">
        <ele>0</ele>
      </trkpt>
      <trkpt lat="55.50498" lon="37.74328">
        <ele>0</ele>
      </trkpt>
      <trkpt lat="55.50499" lon="37.74381">
        <ele>0</ele>
      </trkpt>
      <trkpt lat="55.50504" lon="37.74443">
        <ele>0</ele>
      </trkpt>
      <trkpt lat="55.5051299" lon="37.74505">
        <ele>0</ele>
      </trkpt>
      <trkpt lat="55.50527" lon="37.74515">
        <ele>0</ele>
      </trkpt>
      <trkpt lat="55.50548" lon="37.74618">
        <ele>0</ele>
      </trkpt>
      <trkpt lat="55.5055299" lon="37.74657">
        <ele>0</ele>
      </trkpt>
      <trkpt lat="55.50577" lon="37.74749">
        <ele>0</ele>
      </trkpt>
      <trkpt lat="55.5058" lon="37.7477599">
        <ele>0</ele>
      </trkpt>
      <trkpt lat="55.5058899" lon="37.7482199">
        <ele>0</ele>
      </trkpt>
      <trkpt lat="55.50591" lon="37.7486499">
        <ele>0</ele>
      </trkpt>
      <trkpt lat="55.50594" lon="37.7487799">
        <ele>0</ele>
      </trkpt>
      <trkpt lat="55.5059" lon="37.74958">
        <ele>0</ele>
      </trkpt>
      <trkpt lat="55.5058199" lon="37.7500699">
        <ele>0</ele>
      </trkpt>
      <trkpt lat="55.50565" lon="37.75021">
        <ele>0</ele>
      </trkpt>
      <trkpt lat="55.50558" lon="37.75038">
        <ele>0</ele>
      </trkpt>
      <trkpt lat="55.5053999" lon="37.75119">
        <ele>0</ele>
      </trkpt>
      <trkpt lat="55.50532" lon="37.75186">
        <ele>0</ele>
      </trkpt>
      <trkpt lat="55.5052599" lon="37.75224">
        <ele>0</ele>
      </trkpt>
      <trkpt lat="55.5053999" lon="37.75242">
        <ele>0</ele>
      </trkpt>
      <trkpt lat="55.50558" lon="37.75251">
        <ele>0</ele>
      </trkpt>
      <trkpt lat="55.50554" lon="37.7527">
        <ele>0</ele>
      </trkpt>
      <trkpt lat="55.5054299" lon="37.75293">
        <ele>0</ele>
      </trkpt>
      <trkpt lat="55.50504" lon="37.75271">
        <ele>0</ele>
      </trkpt>
      <trkpt lat="55.5048999" lon="37.7530799">
        <ele>0</ele>
      </trkpt>
      <trkpt lat="55.5046699" lon="37.75395">
        <ele>0</ele>
      </trkpt>
      <trkpt lat="55.5045699" lon="37.75464">
        <ele>0</ele>
      </trkpt>
      <trkpt lat="55.50456" lon="37.7548499">
        <ele>0</ele>
      </trkpt>
      <trkpt lat="55.5044799" lon="37.75497">
        <ele>0</ele>
      </trkpt>
      <trkpt lat="55.5043699" lon="37.75498">
        <ele>0</ele>
      </trkpt>
      <trkpt lat="55.5040099" lon="37.75481">
        <ele>0</ele>
      </trkpt>
      <trkpt lat="55.50357" lon="37.7546299">
        <ele>0</ele>
      </trkpt>
      <trkpt lat="55.5032899" lon="37.7545599">
        <ele>0</ele>
      </trkpt>
      <trkpt lat="55.5031899" lon="37.75464">
        <ele>0</ele>
      </trkpt>
      <trkpt lat="55.5030899" lon="37.7549">
        <ele>0</ele>
      </trkpt>
      <trkpt lat="55.50271" lon="37.75661">
        <ele>0</ele>
      </trkpt>
      <trkpt lat="55.50253" lon="37.7573199">
        <ele>0</ele>
      </trkpt>
      <trkpt lat="55.5024099" lon="37.7577099">
        <ele>0</ele>
      </trkpt>
      <trkpt lat="55.5023099" lon="37.75813">
        <ele>0</ele>
      </trkpt>
      <trkpt lat="55.5021499" lon="37.7582999">
        <ele>0</ele>
      </trkpt>
      <trkpt lat="55.5020499" lon="37.75872">
        <ele>0</ele>
      </trkpt>
      <trkpt lat="55.5020799" lon="37.75933">
        <ele>0</ele>
      </trkpt>
      <trkpt lat="55.5022799" lon="37.7594799">
        <ele>0</ele>
      </trkpt>
      <trkpt lat="55.5027299" lon="37.75964">
        <ele>0</ele>
      </trkpt>
      <trkpt lat="55.50298" lon="37.7597">
        <ele>0</ele>
      </trkpt>
      <trkpt lat="55.50312" lon="37.7597799">
        <ele>0</ele>
      </trkpt>
      <trkpt lat="55.5031599" lon="37.76006">
        <ele>0</ele>
      </trkpt>
      <trkpt lat="55.5030299" lon="37.7606999">
        <ele>0</ele>
      </trkpt>
      <trkpt lat="55.5030999" lon="37.7610299">
        <ele>0</ele>
      </trkpt>
      <trkpt lat="55.5032299" lon="37.76115">
        <ele>0</ele>
      </trkpt>
      <trkpt lat="55.50345" lon="37.7611599">
        <ele>0</ele>
      </trkpt>
      <trkpt lat="55.5039499" lon="37.7613899">
        <ele>0</ele>
      </trkpt>
      <trkpt lat="55.5040499" lon="37.7620499">
        <ele>0</ele>
      </trkpt>
      <trkpt lat="55.5045" lon="37.76456">
        <ele>0</ele>
      </trkpt>
      <trkpt lat="55.50449" lon="37.7647399">
        <ele>0</ele>
      </trkpt>
      <trkpt lat="55.5047399" lon="37.76492">
        <ele>0</ele>
      </trkpt>
      <trkpt lat="55.5048399" lon="37.76514">
        <ele>0</ele>
      </trkpt>
      <trkpt lat="55.5051599" lon="37.76532">
        <ele>0</ele>
      </trkpt>
      <trkpt lat="55.50567" lon="37.7656899">
        <ele>0</ele>
      </trkpt>
      <trkpt lat="55.50597" lon="37.76587">
        <ele>0</ele>
      </trkpt>
      <trkpt lat="55.5063099" lon="37.7662199">
        <ele>0</ele>
      </trkpt>
      <trkpt lat="55.50633" lon="37.7663499">
        <ele>0</ele>
      </trkpt>
      <trkpt lat="55.50593" lon="37.76696">
        <ele>0</ele>
      </trkpt>
      <trkpt lat="55.5058499" lon="37.76735">
        <ele>0</ele>
      </trkpt>
      <trkpt lat="55.50581" lon="37.7677">
        <ele>0</ele>
      </trkpt>
      <trkpt lat="55.5058" lon="37.7680499">
        <ele>0</ele>
      </trkpt>
      <trkpt lat="55.50573" lon="37.7686399">
        <ele>0</ele>
      </trkpt>
      <trkpt lat="55.5057599" lon="37.76912">
        <ele>0</ele>
      </trkpt>
      <trkpt lat="55.5058799" lon="37.76925">
        <ele>0</ele>
      </trkpt>
      <trkpt lat="55.50624" lon="37.7694899">
        <ele>0</ele>
      </trkpt>
      <trkpt lat="55.5064799" lon="37.7696899">
        <ele>0</ele>
      </trkpt>
      <trkpt lat="55.5066699" lon="37.7698">
        <ele>0</ele>
      </trkpt>
      <trkpt lat="55.50689" lon="37.7700199">
        <ele>0</ele>
      </trkpt>
      <trkpt lat="55.50755" lon="37.7705499">
        <ele>0</ele>
      </trkpt>
      <trkpt lat="55.5077599" lon="37.7706799">
        <ele>0</ele>
      </trkpt>
      <trkpt lat="55.50797" lon="37.77086">
        <ele>0</ele>
      </trkpt>
      <trkpt lat="55.50775" lon="37.77062">
        <ele>0</ele>
      </trkpt>
      <trkpt lat="55.5075599" lon="37.77059">
        <ele>0</ele>
      </trkpt>
      <trkpt lat="55.5075899" lon="37.7709799">
        <ele>0</ele>
      </trkpt>
      <trkpt lat="55.5078" lon="37.77135">
        <ele>0</ele>
      </trkpt>
      <trkpt lat="55.50806" lon="37.7726">
        <ele>0</ele>
      </trkpt>
      <trkpt lat="55.50814" lon="37.7731399">
        <ele>0</ele>
      </trkpt>
      <trkpt lat="55.50837" lon="37.7742199">
        <ele>0</ele>
      </trkpt>
      <trkpt lat="55.5084499" lon="37.7743199">
        <ele>0</ele>
      </trkpt>
      <trkpt lat="55.5088099" lon="37.77461">
        <ele>0</ele>
      </trkpt>
      <trkpt lat="55.5089699" lon="37.77477">
        <ele>0</ele>
      </trkpt>
      <trkpt lat="55.50921" lon="37.7749399">
        <ele>0</ele>
      </trkpt>
      <trkpt lat="55.5094599" lon="37.7751699">
        <ele>0</ele>
      </trkpt>
      <trkpt lat="55.50954" lon="37.7751799">
        <ele>0</ele>
      </trkpt>
      <trkpt lat="55.50995" lon="37.7755399">
        <ele>0</ele>
      </trkpt>
      <trkpt lat="55.5099899" lon="37.77566">
        <ele>0</ele>
      </trkpt>
      <trkpt lat="55.5103499" lon="37.7758699">
        <ele>0</ele>
      </trkpt>
      <trkpt lat="55.5105499" lon="37.77607">
        <ele>0</ele>
      </trkpt>
      <trkpt lat="55.51073" lon="37.77615">
        <ele>0</ele>
      </trkpt>
      <trkpt lat="55.51053" lon="37.77624">
        <ele>0</ele>
      </trkpt>
      <trkpt lat="55.5104499" lon="37.77661">
        <ele>0</ele>
      </trkpt>
      <trkpt lat="55.51036" lon="37.7768799">
        <ele>0</ele>
      </trkpt>
      <trkpt lat="55.51024" lon="37.7769099">
        <ele>0</ele>
      </trkpt>
      <trkpt lat="55.5097299" lon="37.7765899">
        <ele>0</ele>
      </trkpt>
      <trkpt lat="55.5095899" lon="37.77653">
        <ele>0</ele>
      </trkpt>
      <trkpt lat="55.50916" lon="37.7764199">
        <ele>0</ele>
      </trkpt>
      <trkpt lat="55.5090699" lon="37.77664">
        <ele>0</ele>
      </trkpt>
      <trkpt lat="55.5088999" lon="37.77674">
        <ele>0</ele>
      </trkpt>
      <trkpt lat="55.50883" lon="37.7765899">
        <ele>0</ele>
      </trkpt>
      <trkpt lat="55.5087799" lon="37.7769">
        <ele>0</ele>
      </trkpt>
      <trkpt lat="55.5087799" lon="37.77641">
        <ele>0</ele>
      </trkpt>
      <trkpt lat="55.5083499" lon="37.77712">
        <ele>0</ele>
      </trkpt>
      <trkpt lat="55.50847" lon="37.7772699">
        <ele>0</ele>
      </trkpt>
      <trkpt lat="55.50876" lon="37.77689">
        <ele>0</ele>
      </trkpt>
      <trkpt lat="55.5088099" lon="37.7767199">
        <ele>0</ele>
      </trkpt>
      <trkpt lat="55.5088" lon="37.77644">
        <ele>0</ele>
      </trkpt>
      <trkpt lat="55.5088699" lon="37.77663">
        <ele>0</ele>
      </trkpt>
      <trkpt lat="55.5089699" lon="37.77676">
        <ele>0</ele>
      </trkpt>
      <trkpt lat="55.50898" lon="37.7769499">
        <ele>0</ele>
      </trkpt>
      <trkpt lat="55.5088699" lon="37.77775">
        <ele>0</ele>
      </trkpt>
      <trkpt lat="55.5088399" lon="37.77815">
        <ele>0</ele>
      </trkpt>
      <trkpt lat="55.5088399" lon="37.77871">
        <ele>0</ele>
      </trkpt>
      <trkpt lat="55.50879" lon="37.7790099">
        <ele>0</ele>
      </trkpt>
      <trkpt lat="55.50876" lon="37.7794099">
        <ele>0</ele>
      </trkpt>
      <trkpt lat="55.5087" lon="37.77979">
        <ele>0</ele>
      </trkpt>
      <trkpt lat="55.50866" lon="37.7798299">
        <ele>0</ele>
      </trkpt>
      <trkpt lat="55.50846" lon="37.7796399">
        <ele>0</ele>
      </trkpt>
      <trkpt lat="55.5084099" lon="37.7795">
        <ele>0</ele>
      </trkpt>
      <trkpt lat="55.50844" lon="37.77916">
        <ele>0</ele>
      </trkpt>
      <trkpt lat="55.50829" lon="37.7790799">
        <ele>0</ele>
      </trkpt>
      <trkpt lat="55.5081899" lon="37.77943">
        <ele>0</ele>
      </trkpt>
      <trkpt lat="55.50813" lon="37.77986">
        <ele>0</ele>
      </trkpt>
      <trkpt lat="55.5081199" lon="37.7801699">
        <ele>0</ele>
      </trkpt>
      <trkpt lat="55.5080799" lon="37.78031">
        <ele>0</ele>
      </trkpt>
      <trkpt lat="55.5079499" lon="37.7816699">
        <ele>0</ele>
      </trkpt>
      <trkpt lat="55.5078599" lon="37.78175">
        <ele>0</ele>
      </trkpt>
      <trkpt lat="55.5074899" lon="37.78166">
        <ele>0</ele>
      </trkpt>
      <trkpt lat="55.5072299" lon="37.78156">
        <ele>0</ele>
      </trkpt>
      <trkpt lat="55.50695" lon="37.78156">
        <ele>0</ele>
      </trkpt>
      <trkpt lat="55.50683" lon="37.78146">
        <ele>0</ele>
      </trkpt>
      <trkpt lat="55.50643" lon="37.7812799">
        <ele>0</ele>
      </trkpt>
      <trkpt lat="55.5060799" lon="37.78104">
        <ele>0</ele>
      </trkpt>
      <trkpt lat="55.50581" lon="37.78094">
        <ele>0</ele>
      </trkpt>
      <trkpt lat="55.5053999" lon="37.78073">
        <ele>0</ele>
      </trkpt>
      <trkpt lat="55.50495" lon="37.7805599">
        <ele>0</ele>
      </trkpt>
      <trkpt lat="55.5043499" lon="37.78028">
        <ele>0</ele>
      </trkpt>
      <trkpt lat="55.50423" lon="37.78025">
        <ele>0</ele>
      </trkpt>
      <trkpt lat="55.5039199" lon="37.7802999">
        <ele>0</ele>
      </trkpt>
      <trkpt lat="55.50353" lon="37.78024">
        <ele>0</ele>
      </trkpt>
      <trkpt lat="55.50268" lon="37.78001">
        <ele>0</ele>
      </trkpt>
      <trkpt lat="55.50143" lon="37.7799699">
        <ele>0</ele>
      </trkpt>
      <trkpt lat="55.5008299" lon="37.7799699">
        <ele>0</ele>
      </trkpt>
      <trkpt lat="55.5004999" lon="37.7799999">
        <ele>0</ele>
      </trkpt>
      <trkpt lat="55.5000799" lon="37.7799999">
        <ele>0</ele>
      </trkpt>
      <trkpt lat="55.4999099" lon="37.78014">
        <ele>0</ele>
      </trkpt>
      <trkpt lat="55.49956" lon="37.78022">
        <ele>0</ele>
      </trkpt>
      <trkpt lat="55.4995199" lon="37.78035">
        <ele>0</ele>
      </trkpt>
      <trkpt lat="55.4995799" lon="37.78051">
        <ele>0</ele>
      </trkpt>
      <trkpt lat="55.49957" lon="37.7808199">
        <ele>0</ele>
      </trkpt>
      <trkpt lat="55.49938" lon="37.7824299">
        <ele>0</ele>
      </trkpt>
      <trkpt lat="55.4992599" lon="37.78323">
        <ele>0</ele>
      </trkpt>
      <trkpt lat="55.49904" lon="37.7838099">
        <ele>0</ele>
      </trkpt>
      <trkpt lat="55.49907" lon="37.7837799">
        <ele>0</ele>
      </trkpt>
      <trkpt lat="55.49904" lon="37.7844699">
        <ele>0</ele>
      </trkpt>
      <trkpt lat="55.49897" lon="37.78487">
        <ele>0</ele>
      </trkpt>
      <trkpt lat="55.4988899" lon="37.7849199">
        <ele>0</ele>
      </trkpt>
      <trkpt lat="55.4985699" lon="37.7848299">
        <ele>0</ele>
      </trkpt>
      <trkpt lat="55.4981" lon="37.78461">
        <ele>0</ele>
      </trkpt>
      <trkpt lat="55.49756" lon="37.7844599">
        <ele>0</ele>
      </trkpt>
      <trkpt lat="55.49727" lon="37.7843999">
        <ele>0</ele>
      </trkpt>
      <trkpt lat="55.4969199" lon="37.78444">
        <ele>0</ele>
      </trkpt>
      <trkpt lat="55.4965699" lon="37.78462">
        <ele>0</ele>
      </trkpt>
      <trkpt lat="55.49622" lon="37.78471">
        <ele>0</ele>
      </trkpt>
      <trkpt lat="55.4960999" lon="37.7848199">
        <ele>0</ele>
      </trkpt>
      <trkpt lat="55.49554" lon="37.78518">
        <ele>0</ele>
      </trkpt>
      <trkpt lat="55.49516" lon="37.7855099">
        <ele>0</ele>
      </trkpt>
      <trkpt lat="55.4945299" lon="37.78616">
        <ele>0</ele>
      </trkpt>
      <trkpt lat="55.49428" lon="37.7863399">
        <ele>0</ele>
      </trkpt>
      <trkpt lat="55.4938399" lon="37.78681">
        <ele>0</ele>
      </trkpt>
      <trkpt lat="55.49313" lon="37.7874199">
        <ele>0</ele>
      </trkpt>
      <trkpt lat="55.4925899" lon="37.7879099">
        <ele>0</ele>
      </trkpt>
      <trkpt lat="55.4923299" lon="37.78809">
        <ele>0</ele>
      </trkpt>
      <trkpt lat="55.49188" lon="37.7884699">
        <ele>0</ele>
      </trkpt>
      <trkpt lat="55.4913799" lon="37.7889299">
        <ele>0</ele>
      </trkpt>
      <trkpt lat="55.4912" lon="37.7890599">
        <ele>0</ele>
      </trkpt>
      <trkpt lat="55.49068" lon="37.78951">
        <ele>0</ele>
      </trkpt>
      <trkpt lat="55.49038" lon="37.7897499">
        <ele>0</ele>
      </trkpt>
      <trkpt lat="55.49025" lon="37.7897799">
        <ele>0</ele>
      </trkpt>
      <trkpt lat="55.4900699" lon="37.7892">
        <ele>0</ele>
      </trkpt>
      <trkpt lat="55.48955" lon="37.78789">
        <ele>0</ele>
      </trkpt>
      <trkpt lat="55.4894" lon="37.78764">
        <ele>0</ele>
      </trkpt>
      <trkpt lat="55.48926" lon="37.78759">
        <ele>0</ele>
      </trkpt>
      <trkpt lat="55.4890099" lon="37.78774">
        <ele>0</ele>
      </trkpt>
      <trkpt lat="55.48799" lon="37.7886299">
        <ele>0</ele>
      </trkpt>
      <trkpt lat="55.48748" lon="37.7890299">
        <ele>0</ele>
      </trkpt>
      <trkpt lat="55.48673" lon="37.7895499">
        <ele>0</ele>
      </trkpt>
      <trkpt lat="55.4862599" lon="37.7899399">
        <ele>0</ele>
      </trkpt>
      <trkpt lat="55.4852999" lon="37.79055">
        <ele>0</ele>
      </trkpt>
      <trkpt lat="55.4853099" lon="37.7903099">
        <ele>0</ele>
      </trkpt>
      <trkpt lat="55.48551" lon="37.7901">
        <ele>0</ele>
      </trkpt>
      <trkpt lat="55.4855699" lon="37.7902699">
        <ele>0</ele>
      </trkpt>
      <trkpt lat="55.48552" lon="37.79042">
        <ele>0</ele>
      </trkpt>
      <trkpt lat="55.48499" lon="37.79078">
        <ele>0</ele>
      </trkpt>
      <trkpt lat="55.48446" lon="37.7910999">
        <ele>0</ele>
      </trkpt>
      <trkpt lat="55.48387" lon="37.7914299">
        <ele>0</ele>
      </trkpt>
      <trkpt lat="55.48369" lon="37.7916899">
        <ele>0</ele>
      </trkpt>
      <trkpt lat="55.48361" lon="37.7916199">
        <ele>0</ele>
      </trkpt>
      <trkpt lat="55.48365" lon="37.79153">
        <ele>0</ele>
      </trkpt>
      <trkpt lat="55.4834999" lon="37.79095">
        <ele>0</ele>
      </trkpt>
      <trkpt lat="55.48336" lon="37.79068">
        <ele>0</ele>
      </trkpt>
      <trkpt lat="55.48319" lon="37.7904999">
        <ele>0</ele>
      </trkpt>
      <trkpt lat="55.48305" lon="37.79058">
        <ele>0</ele>
      </trkpt>
      <trkpt lat="55.4826399" lon="37.79104">
        <ele>0</ele>
      </trkpt>
      <trkpt lat="55.4824499" lon="37.79107">
        <ele>0</ele>
      </trkpt>
      <trkpt lat="55.4823499" lon="37.79095">
        <ele>0</ele>
      </trkpt>
      <trkpt lat="55.48226" lon="37.79065">
        <ele>0</ele>
      </trkpt>
      <trkpt lat="55.48214" lon="37.7904999">
        <ele>0</ele>
      </trkpt>
      <trkpt lat="55.48214" lon="37.7903099">
        <ele>0</ele>
      </trkpt>
      <trkpt lat="55.4818199" lon="37.7897799">
        <ele>0</ele>
      </trkpt>
      <trkpt lat="55.4814999" lon="37.7891899">
        <ele>0</ele>
      </trkpt>
      <trkpt lat="55.4813699" lon="37.78901">
        <ele>0</ele>
      </trkpt>
      <trkpt lat="55.4812699" lon="37.7887299">
        <ele>0</ele>
      </trkpt>
      <trkpt lat="55.4812399" lon="37.78835">
        <ele>0</ele>
      </trkpt>
      <trkpt lat="55.48125" lon="37.7879">
        <ele>0</ele>
      </trkpt>
      <trkpt lat="55.48119" lon="37.7876799">
        <ele>0</ele>
      </trkpt>
      <trkpt lat="55.48103" lon="37.78769">
        <ele>0</ele>
      </trkpt>
      <trkpt lat="55.4805499" lon="37.78806">
        <ele>0</ele>
      </trkpt>
      <trkpt lat="55.4803099" lon="37.78835">
        <ele>0</ele>
      </trkpt>
      <trkpt lat="55.47987" lon="37.78897">
        <ele>0</ele>
      </trkpt>
      <trkpt lat="55.47968" lon="37.7893199">
        <ele>0</ele>
      </trkpt>
      <trkpt lat="55.47934" lon="37.7900499">
        <ele>0</ele>
      </trkpt>
      <trkpt lat="55.4788999" lon="37.7908599">
        <ele>0</ele>
      </trkpt>
      <trkpt lat="55.4766999" lon="37.79386">
        <ele>0</ele>
      </trkpt>
      <trkpt lat="55.47616" lon="37.79456">
        <ele>0</ele>
      </trkpt>
      <trkpt lat="55.47603" lon="37.7948399">
        <ele>0</ele>
      </trkpt>
      <trkpt lat="55.47452" lon="37.7969699">
        <ele>0</ele>
      </trkpt>
      <trkpt lat="55.4742699" lon="37.79725">
        <ele>0</ele>
      </trkpt>
      <trkpt lat="55.47409" lon="37.7974999">
        <ele>0</ele>
      </trkpt>
      <trkpt lat="55.47374" lon="37.79787">
        <ele>0</ele>
      </trkpt>
      <trkpt lat="55.47344" lon="37.7984">
        <ele>0</ele>
      </trkpt>
      <trkpt lat="55.4732" lon="37.79869">
        <ele>0</ele>
      </trkpt>
      <trkpt lat="55.4733199" lon="37.79837">
        <ele>0</ele>
      </trkpt>
      <trkpt lat="55.47305" lon="37.79791">
        <ele>0</ele>
      </trkpt>
      <trkpt lat="55.47284" lon="37.7972699">
        <ele>0</ele>
      </trkpt>
      <trkpt lat="55.4725699" lon="37.79682">
        <ele>0</ele>
      </trkpt>
      <trkpt lat="55.47222" lon="37.79601">
        <ele>0</ele>
      </trkpt>
      <trkpt lat="55.4722099" lon="37.79614">
        <ele>0</ele>
      </trkpt>
      <trkpt lat="55.47242" lon="37.7963">
        <ele>0</ele>
      </trkpt>
      <trkpt lat="55.47298" lon="37.79682">
        <ele>0</ele>
      </trkpt>
      <trkpt lat="55.47311" lon="37.7970699">
        <ele>0</ele>
      </trkpt>
      <trkpt lat="55.47328" lon="37.79754">
        <ele>0</ele>
      </trkpt>
      <trkpt lat="55.47331" lon="37.7976899">
        <ele>0</ele>
      </trkpt>
      <trkpt lat="55.4733199" lon="37.79814">
        <ele>0</ele>
      </trkpt>
      <trkpt lat="55.47331" lon="37.79882">
        <ele>0</ele>
      </trkpt>
      <trkpt lat="55.4733599" lon="37.79919">
        <ele>0</ele>
      </trkpt>
      <trkpt lat="55.47327" lon="37.79951">
        <ele>0</ele>
      </trkpt>
      <trkpt lat="55.4679" lon="37.81173">
        <ele>0</ele>
      </trkpt>
      <trkpt lat="55.46739" lon="37.81221">
        <ele>0</ele>
      </trkpt>
      <trkpt lat="55.4668599" lon="37.81268">
        <ele>0</ele>
      </trkpt>
      <trkpt lat="55.4666599" lon="37.8127599">
        <ele>0</ele>
      </trkpt>
      <trkpt lat="55.46598" lon="37.8133499">
        <ele>0</ele>
      </trkpt>
      <trkpt lat="55.4657699" lon="37.8135099">
        <ele>0</ele>
      </trkpt>
      <trkpt lat="55.4653499" lon="37.81395">
        <ele>0</ele>
      </trkpt>
      <trkpt lat="55.4649" lon="37.81435">
        <ele>0</ele>
      </trkpt>
      <trkpt lat="55.4666299" lon="37.8181099">
        <ele>0</ele>
      </trkpt>
      <trkpt lat="55.46657" lon="37.8185099">
        <ele>0</ele>
      </trkpt>
      <trkpt lat="55.4666299" lon="37.8188599">
        <ele>0</ele>
      </trkpt>
      <trkpt lat="55.46654" lon="37.81944">
        <ele>0</ele>
      </trkpt>
      <trkpt lat="55.46697" lon="37.82171">
        <ele>0</ele>
      </trkpt>
      <trkpt lat="55.46691" lon="37.8222">
        <ele>0</ele>
      </trkpt>
      <trkpt lat="55.46687" lon="37.8223">
        <ele>0</ele>
      </trkpt>
      <trkpt lat="55.46662" lon="37.8237899">
        <ele>0</ele>
      </trkpt>
      <trkpt lat="55.46652" lon="37.8239199">
        <ele>0</ele>
      </trkpt>
      <trkpt lat="55.46626" lon="37.82394">
        <ele>0</ele>
      </trkpt>
      <trkpt lat="55.46552" lon="37.82344">
        <ele>0</ele>
      </trkpt>
      <trkpt lat="55.4652" lon="37.8230999">
        <ele>0</ele>
      </trkpt>
      <trkpt lat="55.46468" lon="37.82266">
        <ele>0</ele>
      </trkpt>
      <trkpt lat="55.4645599" lon="37.8226099">
        <ele>0</ele>
      </trkpt>
      <trkpt lat="55.46432" lon="37.8223799">
        <ele>0</ele>
      </trkpt>
      <trkpt lat="55.46422" lon="37.82223">
        <ele>0</ele>
      </trkpt>
      <trkpt lat="55.46375" lon="37.82177">
        <ele>0</ele>
      </trkpt>
      <trkpt lat="55.46365" lon="37.82161">
        <ele>0</ele>
      </trkpt>
      <trkpt lat="55.46359" lon="37.82134">
        <ele>0</ele>
      </trkpt>
      <trkpt lat="55.46359" lon="37.82111">
        <ele>0</ele>
      </trkpt>
      <trkpt lat="55.4630499" lon="37.82007">
        <ele>0</ele>
      </trkpt>
      <trkpt lat="55.46273" lon="37.82042">
        <ele>0</ele>
      </trkpt>
      <trkpt lat="55.4625599" lon="37.82079">
        <ele>0</ele>
      </trkpt>
      <trkpt lat="55.46232" lon="37.82138">
        <ele>0</ele>
      </trkpt>
      <trkpt lat="55.46215" lon="37.8215899">
        <ele>0</ele>
      </trkpt>
      <trkpt lat="55.46201" lon="37.82184">
        <ele>0</ele>
      </trkpt>
      <trkpt lat="55.4615099" lon="37.8225699">
        <ele>0</ele>
      </trkpt>
      <trkpt lat="55.4613799" lon="37.82288">
        <ele>0</ele>
      </trkpt>
      <trkpt lat="55.4611399" lon="37.82328">
        <ele>0</ele>
      </trkpt>
      <trkpt lat="55.46104" lon="37.8235299">
        <ele>0</ele>
      </trkpt>
      <trkpt lat="55.461" lon="37.8238199">
        <ele>0</ele>
      </trkpt>
      <trkpt lat="55.4611" lon="37.8242499">
        <ele>0</ele>
      </trkpt>
      <trkpt lat="55.46113" lon="37.8247099">
        <ele>0</ele>
      </trkpt>
      <trkpt lat="55.4611399" lon="37.82532">
        <ele>0</ele>
      </trkpt>
      <trkpt lat="55.4610799" lon="37.82594">
        <ele>0</ele>
      </trkpt>
      <trkpt lat="55.46106" lon="37.82637">
        <ele>0</ele>
      </trkpt>
      <trkpt lat="55.46113" lon="37.82652">
        <ele>0</ele>
      </trkpt>
      <trkpt lat="55.4611199" lon="37.8268099">
        <ele>0</ele>
      </trkpt>
      <trkpt lat="55.46119" lon="37.8272699">
        <ele>0</ele>
      </trkpt>
      <trkpt lat="55.4611" lon="37.8275599">
        <ele>0</ele>
      </trkpt>
      <trkpt lat="55.4611" lon="37.8277999">
        <ele>0</ele>
      </trkpt>
      <trkpt lat="55.46117" lon="37.82813">
        <ele>0</ele>
      </trkpt>
      <trkpt lat="55.4614" lon="37.8299899">
        <ele>0</ele>
      </trkpt>
      <trkpt lat="55.4614699" lon="37.8301199">
        <ele>0</ele>
      </trkpt>
      <trkpt lat="55.45735" lon="37.8432599">
        <ele>0</ele>
      </trkpt>
      <trkpt lat="55.4569399" lon="37.84373">
        <ele>0</ele>
      </trkpt>
      <trkpt lat="55.45656" lon="37.8442699">
        <ele>0</ele>
      </trkpt>
      <trkpt lat="55.4561899" lon="37.84468">
        <ele>0</ele>
      </trkpt>
      <trkpt lat="55.45582" lon="37.8450199">
        <ele>0</ele>
      </trkpt>
      <trkpt lat="55.45549" lon="37.8453899">
        <ele>0</ele>
      </trkpt>
      <trkpt lat="55.45499" lon="37.8462">
        <ele>0</ele>
      </trkpt>
      <trkpt lat="55.4547499" lon="37.8464699">
        <ele>0</ele>
      </trkpt>
      <trkpt lat="55.4548499" lon="37.8469899">
        <ele>0</ele>
      </trkpt>
      <trkpt lat="55.45489" lon="37.8466999">
        <ele>0</ele>
      </trkpt>
      <trkpt lat="55.45487" lon="37.84655">
        <ele>0</ele>
      </trkpt>
      <trkpt lat="55.45473" lon="37.8465999">
        <ele>0</ele>
      </trkpt>
      <trkpt lat="55.45427" lon="37.84708">
        <ele>0</ele>
      </trkpt>
      <trkpt lat="55.45408" lon="37.84738">
        <ele>0</ele>
      </trkpt>
      <trkpt lat="55.4536599" lon="37.8478799">
        <ele>0</ele>
      </trkpt>
      <trkpt lat="55.4535999" lon="37.84787">
        <ele>0</ele>
      </trkpt>
      <trkpt lat="55.45336" lon="37.8476199">
        <ele>0</ele>
      </trkpt>
      <trkpt lat="55.45319" lon="37.84758">
        <ele>0</ele>
      </trkpt>
      <trkpt lat="55.45286" lon="37.84777">
        <ele>0</ele>
      </trkpt>
      <trkpt lat="55.45226" lon="37.8483099">
        <ele>0</ele>
      </trkpt>
      <trkpt lat="55.45207" lon="37.84855">
        <ele>0</ele>
      </trkpt>
      <trkpt lat="55.4519" lon="37.84871">
        <ele>0</ele>
      </trkpt>
      <trkpt lat="55.4515899" lon="37.8488999">
        <ele>0</ele>
      </trkpt>
      <trkpt lat="55.45076" lon="37.8492999">
        <ele>0</ele>
      </trkpt>
      <trkpt lat="55.45052" lon="37.8493899">
        <ele>0</ele>
      </trkpt>
      <trkpt lat="55.45017" lon="37.8495899">
        <ele>0</ele>
      </trkpt>
      <trkpt lat="55.45" lon="37.84963">
        <ele>0</ele>
      </trkpt>
      <trkpt lat="55.4490699" lon="37.8496599">
        <ele>0</ele>
      </trkpt>
      <trkpt lat="55.44872" lon="37.8496899">
        <ele>0</ele>
      </trkpt>
      <trkpt lat="55.4477599" lon="37.8505">
        <ele>0</ele>
      </trkpt>
      <trkpt lat="55.4470999" lon="37.85112">
        <ele>0</ele>
      </trkpt>
      <trkpt lat="55.44698" lon="37.8511999">
        <ele>0</ele>
      </trkpt>
      <trkpt lat="55.4463099" lon="37.8518499">
        <ele>0</ele>
      </trkpt>
      <trkpt lat="55.4457899" lon="37.85226">
        <ele>0</ele>
      </trkpt>
      <trkpt lat="55.44504" lon="37.85292">
        <ele>0</ele>
      </trkpt>
      <trkpt lat="55.4446299" lon="37.8532599">
        <ele>0</ele>
      </trkpt>
      <trkpt lat="55.44397" lon="37.85387">
        <ele>0</ele>
      </trkpt>
      <trkpt lat="55.4435899" lon="37.8542799">
        <ele>0</ele>
      </trkpt>
      <trkpt lat="55.4434" lon="37.85456">
        <ele>0</ele>
      </trkpt>
      <trkpt lat="55.4431599" lon="37.85498">
        <ele>0</ele>
      </trkpt>
      <trkpt lat="55.44251" lon="37.8560199">
        <ele>0</ele>
      </trkpt>
      <trkpt lat="55.44239" lon="37.85624">
        <ele>0</ele>
      </trkpt>
      <trkpt lat="55.4413" lon="37.8579899">
        <ele>0</ele>
      </trkpt>
      <trkpt lat="55.44111" lon="37.85833">
        <ele>0</ele>
      </trkpt>
      <trkpt lat="55.4409299" lon="37.8586">
        <ele>0</ele>
      </trkpt>
      <trkpt lat="55.4406999" lon="37.85902">
        <ele>0</ele>
      </trkpt>
      <trkpt lat="55.44061" lon="37.85946">
        <ele>0</ele>
      </trkpt>
      <trkpt lat="55.44065" lon="37.85968">
        <ele>0</ele>
      </trkpt>
      <trkpt lat="55.4407899" lon="37.86002">
        <ele>0</ele>
      </trkpt>
      <trkpt lat="55.4409299" lon="37.8602299">
        <ele>0</ele>
      </trkpt>
      <trkpt lat="55.4410199" lon="37.8604599">
        <ele>0</ele>
      </trkpt>
      <trkpt lat="55.441" lon="37.8606799">
        <ele>0</ele>
      </trkpt>
      <trkpt lat="55.4407899" lon="37.86132">
        <ele>0</ele>
      </trkpt>
      <trkpt lat="55.44074" lon="37.8615699">
        <ele>0</ele>
      </trkpt>
      <trkpt lat="55.44064" lon="37.8616999">
        <ele>0</ele>
      </trkpt>
      <trkpt lat="55.4404699" lon="37.86165">
        <ele>0</ele>
      </trkpt>
      <trkpt lat="55.4400099" lon="37.8609799">
        <ele>0</ele>
      </trkpt>
      <trkpt lat="55.44006" lon="37.8611">
        <ele>0</ele>
      </trkpt>
      <trkpt lat="55.44032" lon="37.86148">
        <ele>0</ele>
      </trkpt>
      <trkpt lat="55.44013" lon="37.86181">
        <ele>0</ele>
      </trkpt>
      <trkpt lat="55.4399699" lon="37.8615999">
        <ele>0</ele>
      </trkpt>
      <trkpt lat="55.43976" lon="37.86125">
        <ele>0</ele>
      </trkpt>
      <trkpt lat="55.43914" lon="37.86047">
        <ele>0</ele>
      </trkpt>
      <trkpt lat="55.43898" lon="37.8609099">
        <ele>0</ele>
      </trkpt>
      <trkpt lat="55.4388299" lon="37.8612">
        <ele>0</ele>
      </trkpt>
      <trkpt lat="55.4388" lon="37.86133">
        <ele>0</ele>
      </trkpt>
      <trkpt lat="55.43891" lon="37.8616399">
        <ele>0</ele>
      </trkpt>
      <trkpt lat="55.43911" lon="37.8631499">
        <ele>0</ele>
      </trkpt>
      <trkpt lat="55.43898" lon="37.8632799">
        <ele>0</ele>
      </trkpt>
      <trkpt lat="55.43878" lon="37.8633699">
        <ele>0</ele>
      </trkpt>
      <trkpt lat="55.4384999" lon="37.8638299">
        <ele>0</ele>
      </trkpt>
      <trkpt lat="55.4384699" lon="37.86381">
        <ele>0</ele>
      </trkpt>
      <trkpt lat="55.43868" lon="37.86353">
        <ele>0</ele>
      </trkpt>
      <trkpt lat="55.43877" lon="37.86336">
        <ele>0</ele>
      </trkpt>
      <trkpt lat="55.43858" lon="37.8632499">
        <ele>0</ele>
      </trkpt>
      <trkpt lat="55.43838" lon="37.8634099">
        <ele>0</ele>
      </trkpt>
      <trkpt lat="55.43792" lon="37.86343">
        <ele>0</ele>
      </trkpt>
      <trkpt lat="55.4365299" lon="37.86555">
        <ele>0</ele>
      </trkpt>
      <trkpt lat="55.43609" lon="37.86619">
        <ele>0</ele>
      </trkpt>
      <trkpt lat="55.43596" lon="37.86645">
        <ele>0</ele>
      </trkpt>
      <trkpt lat="55.4355799" lon="37.86678">
        <ele>0</ele>
      </trkpt>
      <trkpt lat="55.43542" lon="37.8668499">
        <ele>0</ele>
      </trkpt>
      <trkpt lat="55.4352199" lon="37.86704">
        <ele>0</ele>
      </trkpt>
      <trkpt lat="55.43491" lon="37.8672199">
        <ele>0</ele>
      </trkpt>
      <trkpt lat="55.4348599" lon="37.86733">
        <ele>0</ele>
      </trkpt>
      <trkpt lat="55.4343999" lon="37.86763">
        <ele>0</ele>
      </trkpt>
      <trkpt lat="55.4337399" lon="37.86789">
        <ele>0</ele>
      </trkpt>
      <trkpt lat="55.43245" lon="37.86802">
        <ele>0</ele>
      </trkpt>
      <trkpt lat="55.4321899" lon="37.86719">
        <ele>0</ele>
      </trkpt>
      <trkpt lat="55.4320299" lon="37.86674">
        <ele>0</ele>
      </trkpt>
      <trkpt lat="55.43191" lon="37.86634">
        <ele>0</ele>
      </trkpt>
      <trkpt lat="55.4317699" lon="37.86599">
        <ele>0</ele>
      </trkpt>
      <trkpt lat="55.4315699" lon="37.86612">
        <ele>0</ele>
      </trkpt>
      <trkpt lat="55.43142" lon="37.86611">
        <ele>0</ele>
      </trkpt>
      <trkpt lat="55.43146" lon="37.86591">
        <ele>0</ele>
      </trkpt>
      <trkpt lat="55.43145" lon="37.86552">
        <ele>0</ele>
      </trkpt>
      <trkpt lat="55.4310399" lon="37.86404">
        <ele>0</ele>
      </trkpt>
      <trkpt lat="55.43083" lon="37.86346">
        <ele>0</ele>
      </trkpt>
      <trkpt lat="55.4306499" lon="37.86309">
        <ele>0</ele>
      </trkpt>
      <trkpt lat="55.43044" lon="37.86274">
        <ele>0</ele>
      </trkpt>
      <trkpt lat="55.43041" lon="37.86263">
        <ele>0</ele>
      </trkpt>
      <trkpt lat="55.4300599" lon="37.8620899">
        <ele>0</ele>
      </trkpt>
      <trkpt lat="55.43007" lon="37.86222">
        <ele>0</ele>
      </trkpt>
      <trkpt lat="55.4304599" lon="37.86284">
        <ele>0</ele>
      </trkpt>
      <trkpt lat="55.43067" lon="37.8632499">
        <ele>0</ele>
      </trkpt>
      <trkpt lat="55.4308799" lon="37.8637099">
        <ele>0</ele>
      </trkpt>
      <trkpt lat="55.4312" lon="37.8646899">
        <ele>0</ele>
      </trkpt>
      <trkpt lat="55.43139" lon="37.8654499">
        <ele>0</ele>
      </trkpt>
      <trkpt lat="55.4314399" lon="37.8658399">
        <ele>0</ele>
      </trkpt>
      <trkpt lat="55.43142" lon="37.8660999">
        <ele>0</ele>
      </trkpt>
      <trkpt lat="55.43146" lon="37.86614">
        <ele>0</ele>
      </trkpt>
      <trkpt lat="55.43163" lon="37.86606">
        <ele>0</ele>
      </trkpt>
      <trkpt lat="55.4318999" lon="37.86635">
        <ele>0</ele>
      </trkpt>
      <trkpt lat="55.4321999" lon="37.86726">
        <ele>0</ele>
      </trkpt>
      <trkpt lat="55.4326499" lon="37.86996">
        <ele>0</ele>
      </trkpt>
      <trkpt lat="55.43235" lon="37.87032">
        <ele>0</ele>
      </trkpt>
      <trkpt lat="55.43221" lon="37.87055">
        <ele>0</ele>
      </trkpt>
      <trkpt lat="55.43205" lon="37.8709199">
        <ele>0</ele>
      </trkpt>
      <trkpt lat="55.43192" lon="37.8713799">
        <ele>0</ele>
      </trkpt>
      <trkpt lat="55.4318299" lon="37.8719799">
        <ele>0</ele>
      </trkpt>
      <trkpt lat="55.4317399" lon="37.87225">
        <ele>0</ele>
      </trkpt>
      <trkpt lat="55.43102" lon="37.87315">
        <ele>0</ele>
      </trkpt>
      <trkpt lat="55.43093" lon="37.87331">
        <ele>0</ele>
      </trkpt>
      <trkpt lat="55.4306799" lon="37.87363">
        <ele>0</ele>
      </trkpt>
      <trkpt lat="55.43014" lon="37.8742399">
        <ele>0</ele>
      </trkpt>
      <trkpt lat="55.43012" lon="37.8744099">
        <ele>0</ele>
      </trkpt>
      <trkpt lat="55.42991" lon="37.87469">
        <ele>0</ele>
      </trkpt>
      <trkpt lat="55.42949" lon="37.8751899">
        <ele>0</ele>
      </trkpt>
      <trkpt lat="55.42938" lon="37.8752899">
        <ele>0</ele>
      </trkpt>
      <trkpt lat="55.42886" lon="37.8760099">
        <ele>0</ele>
      </trkpt>
      <trkpt lat="55.42879" lon="37.8760499">
        <ele>0</ele>
      </trkpt>
      <trkpt lat="55.42846" lon="37.8764">
        <ele>0</ele>
      </trkpt>
      <trkpt lat="55.4280299" lon="37.87694">
        <ele>0</ele>
      </trkpt>
      <trkpt lat="55.4277999" lon="37.87718">
        <ele>0</ele>
      </trkpt>
      <trkpt lat="55.42752" lon="37.8775599">
        <ele>0</ele>
      </trkpt>
      <trkpt lat="55.4272699" lon="37.8778199">
        <ele>0</ele>
      </trkpt>
      <trkpt lat="55.4266499" lon="37.8785799">
        <ele>0</ele>
      </trkpt>
      <trkpt lat="55.42656" lon="37.87878">
        <ele>0</ele>
      </trkpt>
      <trkpt lat="55.4261199" lon="37.87931">
        <ele>0</ele>
      </trkpt>
      <trkpt lat="55.4259599" lon="37.8796">
        <ele>0</ele>
      </trkpt>
      <trkpt lat="55.42597" lon="37.87981">
        <ele>0</ele>
      </trkpt>
      <trkpt lat="55.42614" lon="37.87958">
        <ele>0</ele>
      </trkpt>
      <trkpt lat="55.42624" lon="37.8798">
        <ele>0</ele>
      </trkpt>
      <trkpt lat="55.42643" lon="37.88039">
        <ele>0</ele>
      </trkpt>
      <trkpt lat="55.4265499" lon="37.8806">
        <ele>0</ele>
      </trkpt>
      <trkpt lat="55.4267499" lon="37.8810999">
        <ele>0</ele>
      </trkpt>
      <trkpt lat="55.42676" lon="37.8813899">
        <ele>0</ele>
      </trkpt>
      <trkpt lat="55.42687" lon="37.8817299">
        <ele>0</ele>
      </trkpt>
      <trkpt lat="55.42712" lon="37.88234">
        <ele>0</ele>
      </trkpt>
      <trkpt lat="55.42726" lon="37.8823099">
        <ele>0</ele>
      </trkpt>
      <trkpt lat="55.42761" lon="37.88197">
        <ele>0</ele>
      </trkpt>
      <trkpt lat="55.42775" lon="37.88177">
        <ele>0</ele>
      </trkpt>
      <trkpt lat="55.428" lon="37.88151">
        <ele>0</ele>
      </trkpt>
      <trkpt lat="55.42869" lon="37.8806699">
        <ele>0</ele>
      </trkpt>
      <trkpt lat="55.4290399" lon="37.8802199">
        <ele>0</ele>
      </trkpt>
      <trkpt lat="55.42948" lon="37.87974">
        <ele>0</ele>
      </trkpt>
      <trkpt lat="55.42966" lon="37.8797">
        <ele>0</ele>
      </trkpt>
      <trkpt lat="55.4297699" lon="37.88013">
        <ele>0</ele>
      </trkpt>
      <trkpt lat="55.42935" lon="37.88066">
        <ele>0</ele>
      </trkpt>
    </trkseg>
    <trkseg>
      <trkpt lat="55.8463499" lon="37.63956">
        <ele>0</ele>
      </trkpt>
      <trkpt lat="55.8463499" lon="37.6397999">
        <ele>0</ele>
      </trkpt>
      <trkpt lat="55.8463499" lon="37.6398099">
        <ele>0</ele>
      </trkpt>
      <trkpt lat="55.8463499" lon="37.6398399">
        <ele>0</ele>
      </trkpt>
      <trkpt lat="55.84636" lon="37.6398699">
        <ele>0</ele>
      </trkpt>
      <trkpt lat="55.8463799" lon="37.6399099">
        <ele>0</ele>
      </trkpt>
      <trkpt lat="55.8463799" lon="37.63995">
        <ele>0</ele>
      </trkpt>
      <trkpt lat="55.84639" lon="37.63998">
        <ele>0</ele>
      </trkpt>
      <trkpt lat="55.84639" lon="37.64002">
        <ele>0</ele>
      </trkpt>
      <trkpt lat="55.8464" lon="37.6400399">
        <ele>0</ele>
      </trkpt>
      <trkpt lat="55.8464099" lon="37.6400399">
        <ele>0</ele>
      </trkpt>
      <trkpt lat="55.84643" lon="37.64005">
        <ele>0</ele>
      </trkpt>
      <trkpt lat="55.8464399" lon="37.64005">
        <ele>0</ele>
      </trkpt>
      <trkpt lat="55.8464399" lon="37.6400699">
        <ele>0</ele>
      </trkpt>
      <trkpt lat="55.8464399" lon="37.64009">
        <ele>0</ele>
      </trkpt>
      <trkpt lat="55.8464399" lon="37.64011">
        <ele>0</ele>
      </trkpt>
      <trkpt lat="55.8464399" lon="37.64011">
        <ele>0</ele>
      </trkpt>
      <trkpt lat="55.84646" lon="37.64012">
        <ele>0</ele>
      </trkpt>
      <trkpt lat="55.8464799" lon="37.6401299">
        <ele>0</ele>
      </trkpt>
      <trkpt lat="55.84649" lon="37.6401399">
        <ele>0</ele>
      </trkpt>
      <trkpt lat="55.8465099" lon="37.64015">
        <ele>0</ele>
      </trkpt>
      <trkpt lat="55.84652" lon="37.6401599">
        <ele>0</ele>
      </trkpt>
      <trkpt lat="55.84653" lon="37.6401699">
        <ele>0</ele>
      </trkpt>
      <trkpt lat="55.8465399" lon="37.64019">
        <ele>0</ele>
      </trkpt>
      <trkpt lat="55.8465399" lon="37.64021">
        <ele>0</ele>
      </trkpt>
      <trkpt lat="55.8465399" lon="37.64022">
        <ele>0</ele>
      </trkpt>
      <trkpt lat="55.84655" lon="37.64024">
        <ele>0</ele>
      </trkpt>
      <trkpt lat="55.84655" lon="37.6402599">
        <ele>0</ele>
      </trkpt>
      <trkpt lat="55.84655" lon="37.6402699">
        <ele>0</ele>
      </trkpt>
      <trkpt lat="55.84656" lon="37.6402699">
        <ele>0</ele>
      </trkpt>
      <trkpt lat="55.8465699" lon="37.6402699">
        <ele>0</ele>
      </trkpt>
      <trkpt lat="55.8465799" lon="37.6402599">
        <ele>0</ele>
      </trkpt>
      <trkpt lat="55.84659" lon="37.6402599">
        <ele>0</ele>
      </trkpt>
      <trkpt lat="55.8466" lon="37.64025">
        <ele>0</ele>
      </trkpt>
      <trkpt lat="55.84662" lon="37.64024">
        <ele>0</ele>
      </trkpt>
      <trkpt lat="55.8466399" lon="37.6402299">
        <ele>0</ele>
      </trkpt>
      <trkpt lat="55.8466699" lon="37.64022">
        <ele>0</ele>
      </trkpt>
      <trkpt lat="55.8467" lon="37.64021">
        <ele>0</ele>
      </trkpt>
      <trkpt lat="55.84672" lon="37.6401999">
        <ele>0</ele>
      </trkpt>
      <trkpt lat="55.84675" lon="37.6401999">
        <ele>0</ele>
      </trkpt>
      <trkpt lat="55.84678" lon="37.6401999">
        <ele>0</ele>
      </trkpt>
      <trkpt lat="55.84682" lon="37.6401999">
        <ele>0</ele>
      </trkpt>
      <trkpt lat="55.84685" lon="37.6401999">
        <ele>0</ele>
      </trkpt>
      <trkpt lat="55.84688" lon="37.64021">
        <ele>0</ele>
      </trkpt>
      <trkpt lat="55.8468999" lon="37.6401999">
        <ele>0</ele>
      </trkpt>
      <trkpt lat="55.84693" lon="37.6401999">
        <ele>0</ele>
      </trkpt>
      <trkpt lat="55.84696" lon="37.6401999">
        <ele>0</ele>
      </trkpt>
      <trkpt lat="55.84699" lon="37.6401999">
        <ele>0</ele>
      </trkpt>
      <trkpt lat="55.84702" lon="37.64021">
        <ele>0</ele>
      </trkpt>
      <trkpt lat="55.84705" lon="37.64021">
        <ele>0</ele>
      </trkpt>
      <trkpt lat="55.84708" lon="37.64022">
        <ele>0</ele>
      </trkpt>
      <trkpt lat="55.8470999" lon="37.6402299">
        <ele>0</ele>
      </trkpt>
      <trkpt lat="55.8471299" lon="37.64024">
        <ele>0</ele>
      </trkpt>
      <trkpt lat="55.8471699" lon="37.64024">
        <ele>0</ele>
      </trkpt>
      <trkpt lat="55.8471999" lon="37.64025">
        <ele>0</ele>
      </trkpt>
      <trkpt lat="55.8472299" lon="37.6402599">
        <ele>0</ele>
      </trkpt>
      <trkpt lat="55.8472599" lon="37.6402699">
        <ele>0</ele>
      </trkpt>
      <trkpt lat="55.84728" lon="37.64028">
        <ele>0</ele>
      </trkpt>
      <trkpt lat="55.84728" lon="37.64028">
        <ele>0</ele>
      </trkpt>
      <trkpt lat="55.84728" lon="37.64028">
        <ele>0</ele>
      </trkpt>
      <trkpt lat="55.84728" lon="37.64028">
        <ele>0</ele>
      </trkpt>
      <trkpt lat="55.84728" lon="37.64028">
        <ele>0</ele>
      </trkpt>
      <trkpt lat="55.84732" lon="37.6402699">
        <ele>0</ele>
      </trkpt>
      <trkpt lat="55.84734" lon="37.6402699">
        <ele>0</ele>
      </trkpt>
      <trkpt lat="55.8473599" lon="37.64028">
        <ele>0</ele>
      </trkpt>
      <trkpt lat="55.84738" lon="37.64029">
        <ele>0</ele>
      </trkpt>
      <trkpt lat="55.84741" lon="37.6402999">
        <ele>0</ele>
      </trkpt>
      <trkpt lat="55.84742" lon="37.64031">
        <ele>0</ele>
      </trkpt>
      <trkpt lat="55.84745" lon="37.64032">
        <ele>0</ele>
      </trkpt>
      <trkpt lat="55.84747" lon="37.64032">
        <ele>0</ele>
      </trkpt>
      <trkpt lat="55.8474899" lon="37.6403299">
        <ele>0</ele>
      </trkpt>
      <trkpt lat="55.84751" lon="37.64034">
        <ele>0</ele>
      </trkpt>
      <trkpt lat="55.84754" lon="37.64035">
        <ele>0</ele>
      </trkpt>
      <trkpt lat="55.8475599" lon="37.6403599">
        <ele>0</ele>
      </trkpt>
      <trkpt lat="55.84758" lon="37.6403699">
        <ele>0</ele>
      </trkpt>
      <trkpt lat="55.8476" lon="37.6403899">
        <ele>0</ele>
      </trkpt>
      <trkpt lat="55.8476199" lon="37.64042">
        <ele>0</ele>
      </trkpt>
      <trkpt lat="55.84764" lon="37.64044">
        <ele>0</ele>
      </trkpt>
      <trkpt lat="55.8476599" lon="37.64047">
        <ele>0</ele>
      </trkpt>
      <trkpt lat="55.84768" lon="37.6404999">
        <ele>0</ele>
      </trkpt>
      <trkpt lat="55.8477" lon="37.64054">
        <ele>0</ele>
      </trkpt>
      <trkpt lat="55.8477199" lon="37.64057">
        <ele>0</ele>
      </trkpt>
      <trkpt lat="55.84774" lon="37.6406">
        <ele>0</ele>
      </trkpt>
      <trkpt lat="55.84777" lon="37.6406199">
        <ele>0</ele>
      </trkpt>
      <trkpt lat="55.8478" lon="37.64065">
        <ele>0</ele>
      </trkpt>
      <trkpt lat="55.84784" lon="37.64068">
        <ele>0</ele>
      </trkpt>
      <trkpt lat="55.84787" lon="37.6407199">
        <ele>0</ele>
      </trkpt>
      <trkpt lat="55.8479" lon="37.64075">
        <ele>0</ele>
      </trkpt>
      <trkpt lat="55.84793" lon="37.64078">
        <ele>0</ele>
      </trkpt>
      <trkpt lat="55.8479599" lon="37.6408">
        <ele>0</ele>
      </trkpt>
      <trkpt lat="55.8479899" lon="37.64084">
        <ele>0</ele>
      </trkpt>
      <trkpt lat="55.8480199" lon="37.64087">
        <ele>0</ele>
      </trkpt>
      <trkpt lat="55.84804" lon="37.6409">
        <ele>0</ele>
      </trkpt>
      <trkpt lat="55.84807" lon="37.6409199">
        <ele>0</ele>
      </trkpt>
      <trkpt lat="55.8480899" lon="37.64094">
        <ele>0</ele>
      </trkpt>
      <trkpt lat="55.8481199" lon="37.6409599">
        <ele>0</ele>
      </trkpt>
      <trkpt lat="55.84814" lon="37.64098">
        <ele>0</ele>
      </trkpt>
      <trkpt lat="55.84816" lon="37.64101">
        <ele>0</ele>
      </trkpt>
      <trkpt lat="55.84817" lon="37.64103">
        <ele>0</ele>
      </trkpt>
      <trkpt lat="55.8481899" lon="37.64104">
        <ele>0</ele>
      </trkpt>
      <trkpt lat="55.8482" lon="37.64106">
        <ele>0</ele>
      </trkpt>
      <trkpt lat="55.8482199" lon="37.64107">
        <ele>0</ele>
      </trkpt>
      <trkpt lat="55.84824" lon="37.6410899">
        <ele>0</ele>
      </trkpt>
      <trkpt lat="55.84826" lon="37.6411">
        <ele>0</ele>
      </trkpt>
      <trkpt lat="55.84827" lon="37.64111">
        <ele>0</ele>
      </trkpt>
      <trkpt lat="55.84829" lon="37.64113">
        <ele>0</ele>
      </trkpt>
      <trkpt lat="55.8483099" lon="37.64116">
        <ele>0</ele>
      </trkpt>
      <trkpt lat="55.8483199" lon="37.6411899">
        <ele>0</ele>
      </trkpt>
      <trkpt lat="55.84833" lon="37.64121">
        <ele>0</ele>
      </trkpt>
      <trkpt lat="55.84834" lon="37.64124">
        <ele>0</ele>
      </trkpt>
      <trkpt lat="55.84836" lon="37.6412499">
        <ele>0</ele>
      </trkpt>
      <trkpt lat="55.8483799" lon="37.6412499">
        <ele>0</ele>
      </trkpt>
      <trkpt lat="55.84839" lon="37.6412199">
        <ele>0</ele>
      </trkpt>
      <trkpt lat="55.8484099" lon="37.6411899">
        <ele>0</ele>
      </trkpt>
      <trkpt lat="55.84844" lon="37.64117">
        <ele>0</ele>
      </trkpt>
      <trkpt lat="55.8484499" lon="37.64114">
        <ele>0</ele>
      </trkpt>
      <trkpt lat="55.8484799" lon="37.6411199">
        <ele>0</ele>
      </trkpt>
      <trkpt lat="55.8485099" lon="37.64111">
        <ele>0</ele>
      </trkpt>
      <trkpt lat="55.8485499" lon="37.6411">
        <ele>0</ele>
      </trkpt>
      <trkpt lat="55.8485799" lon="37.6410899">
        <ele>0</ele>
      </trkpt>
      <trkpt lat="55.8486099" lon="37.6410799">
        <ele>0</ele>
      </trkpt>
      <trkpt lat="55.8486499" lon="37.6410499">
        <ele>0</ele>
      </trkpt>
      <trkpt lat="55.8486799" lon="37.6410199">
        <ele>0</ele>
      </trkpt>
      <trkpt lat="55.8487" lon="37.64098">
        <ele>0</ele>
      </trkpt>
      <trkpt lat="55.84873" lon="37.64094">
        <ele>0</ele>
      </trkpt>
      <trkpt lat="55.84876" lon="37.6409">
        <ele>0</ele>
      </trkpt>
      <trkpt lat="55.8487799" lon="37.6408499">
        <ele>0</ele>
      </trkpt>
      <trkpt lat="55.8488099" lon="37.64081">
        <ele>0</ele>
      </trkpt>
      <trkpt lat="55.84882" lon="37.6407599">
        <ele>0</ele>
      </trkpt>
      <trkpt lat="55.8488399" lon="37.6407">
        <ele>0</ele>
      </trkpt>
      <trkpt lat="55.84885" lon="37.64064">
        <ele>0</ele>
      </trkpt>
      <trkpt lat="55.84886" lon="37.64058">
        <ele>0</ele>
      </trkpt>
      <trkpt lat="55.84886" lon="37.64052">
        <ele>0</ele>
      </trkpt>
      <trkpt lat="55.84886" lon="37.6404599">
        <ele>0</ele>
      </trkpt>
      <trkpt lat="55.84886" lon="37.64041">
        <ele>0</ele>
      </trkpt>
      <trkpt lat="55.84886" lon="37.64035">
        <ele>0</ele>
      </trkpt>
      <trkpt lat="55.8488699" lon="37.6402999">
        <ele>0</ele>
      </trkpt>
      <trkpt lat="55.8488699" lon="37.64025">
        <ele>0</ele>
      </trkpt>
      <trkpt lat="55.8488699" lon="37.6401999">
        <ele>0</ele>
      </trkpt>
      <trkpt lat="55.8488799" lon="37.6401599">
        <ele>0</ele>
      </trkpt>
      <trkpt lat="55.8488799" lon="37.64011">
        <ele>0</ele>
      </trkpt>
      <trkpt lat="55.84889" lon="37.64008">
        <ele>0</ele>
      </trkpt>
      <trkpt lat="55.84889" lon="37.64008">
        <ele>0</ele>
      </trkpt>
      <trkpt lat="55.84889" lon="37.64008">
        <ele>0</ele>
      </trkpt>
      <trkpt lat="55.84889" lon="37.64008">
        <ele>0</ele>
      </trkpt>
      <trkpt lat="55.84889" lon="37.64008">
        <ele>0</ele>
      </trkpt>
      <trkpt lat="55.84889" lon="37.64008">
        <ele>0</ele>
      </trkpt>
      <trkpt lat="55.84889" lon="37.64008">
        <ele>0</ele>
      </trkpt>
      <trkpt lat="55.84889" lon="37.64008">
        <ele>0</ele>
      </trkpt>
      <trkpt lat="55.84886" lon="37.63988">
        <ele>0</ele>
      </trkpt>
      <trkpt lat="55.84886" lon="37.6398399">
        <ele>0</ele>
      </trkpt>
      <trkpt lat="55.84886" lon="37.63979">
        <ele>0</ele>
      </trkpt>
      <trkpt lat="55.84886" lon="37.63975">
        <ele>0</ele>
      </trkpt>
      <trkpt lat="55.84886" lon="37.6397099">
        <ele>0</ele>
      </trkpt>
      <trkpt lat="55.84885" lon="37.6396699">
        <ele>0</ele>
      </trkpt>
      <trkpt lat="55.84885" lon="37.6396399">
        <ele>0</ele>
      </trkpt>
      <trkpt lat="55.84885" lon="37.63962">
        <ele>0</ele>
      </trkpt>
      <trkpt lat="55.84885" lon="37.6396">
        <ele>0</ele>
      </trkpt>
      <trkpt lat="55.84885" lon="37.6395799">
        <ele>0</ele>
      </trkpt>
      <trkpt lat="55.84885" lon="37.6395799">
        <ele>0</ele>
      </trkpt>
      <trkpt lat="55.84885" lon="37.6395799">
        <ele>0</ele>
      </trkpt>
      <trkpt lat="55.84885" lon="37.63949">
        <ele>0</ele>
      </trkpt>
      <trkpt lat="55.84885" lon="37.6394499">
        <ele>0</ele>
      </trkpt>
      <trkpt lat="55.84886" lon="37.63942">
        <ele>0</ele>
      </trkpt>
      <trkpt lat="55.84886" lon="37.63937">
        <ele>0</ele>
      </trkpt>
      <trkpt lat="55.84886" lon="37.6393399">
        <ele>0</ele>
      </trkpt>
      <trkpt lat="55.84886" lon="37.6393">
        <ele>0</ele>
      </trkpt>
      <trkpt lat="55.84886" lon="37.63927">
        <ele>0</ele>
      </trkpt>
      <trkpt lat="55.8488699" lon="37.63923">
        <ele>0</ele>
      </trkpt>
      <trkpt lat="55.8488699" lon="37.63919">
        <ele>0</ele>
      </trkpt>
      <trkpt lat="55.8488799" lon="37.63914">
        <ele>0</ele>
      </trkpt>
      <trkpt lat="55.84889" lon="37.6390799">
        <ele>0</ele>
      </trkpt>
      <trkpt lat="55.84889" lon="37.63903">
        <ele>0</ele>
      </trkpt>
      <trkpt lat="55.8488999" lon="37.63897">
        <ele>0</ele>
      </trkpt>
      <trkpt lat="55.8489099" lon="37.6389199">
        <ele>0</ele>
      </trkpt>
      <trkpt lat="55.84892" lon="37.6388599">
        <ele>0</ele>
      </trkpt>
      <trkpt lat="55.84893" lon="37.63881">
        <ele>0</ele>
      </trkpt>
      <trkpt lat="55.8489399" lon="37.63874">
        <ele>0</ele>
      </trkpt>
      <trkpt lat="55.84895" lon="37.63868">
        <ele>0</ele>
      </trkpt>
      <trkpt lat="55.84896" lon="37.63861">
        <ele>0</ele>
      </trkpt>
      <trkpt lat="55.8489699" lon="37.6385599">
        <ele>0</ele>
      </trkpt>
      <trkpt lat="55.84899" lon="37.6384899">
        <ele>0</ele>
      </trkpt>
      <trkpt lat="55.84899" lon="37.63842">
        <ele>0</ele>
      </trkpt>
      <trkpt lat="55.84899" lon="37.63834">
        <ele>0</ele>
      </trkpt>
      <trkpt lat="55.84899" lon="37.6382599">
        <ele>0</ele>
      </trkpt>
      <trkpt lat="55.84899" lon="37.63818">
        <ele>0</ele>
      </trkpt>
      <trkpt lat="55.8489999" lon="37.63811">
        <ele>0</ele>
      </trkpt>
      <trkpt lat="55.8490099" lon="37.6380299">
        <ele>0</ele>
      </trkpt>
      <trkpt lat="55.84902" lon="37.63796">
        <ele>0</ele>
      </trkpt>
      <trkpt lat="55.84903" lon="37.63789">
        <ele>0</ele>
      </trkpt>
      <trkpt lat="55.8490399" lon="37.63785">
        <ele>0</ele>
      </trkpt>
      <trkpt lat="55.84906" lon="37.6378399">
        <ele>0</ele>
      </trkpt>
      <trkpt lat="55.84908" lon="37.63785">
        <ele>0</ele>
      </trkpt>
      <trkpt lat="55.8491299" lon="37.6378699">
        <ele>0</ele>
      </trkpt>
      <trkpt lat="55.8491699" lon="37.63788">
        <ele>0</ele>
      </trkpt>
      <trkpt lat="55.84921" lon="37.63789">
        <ele>0</ele>
      </trkpt>
      <trkpt lat="55.84926" lon="37.6378999">
        <ele>0</ele>
      </trkpt>
      <trkpt lat="55.84931" lon="37.63791">
        <ele>0</ele>
      </trkpt>
      <trkpt lat="55.8493599" lon="37.63792">
        <ele>0</ele>
      </trkpt>
      <trkpt lat="55.84941" lon="37.6379299">
        <ele>0</ele>
      </trkpt>
      <trkpt lat="55.84945" lon="37.6379399">
        <ele>0</ele>
      </trkpt>
      <trkpt lat="55.8494999" lon="37.63796">
        <ele>0</ele>
      </trkpt>
      <trkpt lat="55.84955" lon="37.6379699">
        <ele>0</ele>
      </trkpt>
      <trkpt lat="55.8495899" lon="37.63799">
        <ele>0</ele>
      </trkpt>
      <trkpt lat="55.8496299" lon="37.6379999">
        <ele>0</ele>
      </trkpt>
      <trkpt lat="55.8496599" lon="37.63801">
        <ele>0</ele>
      </trkpt>
      <trkpt lat="55.8496999" lon="37.63802">
        <ele>0</ele>
      </trkpt>
      <trkpt lat="55.84974" lon="37.6380299">
        <ele>0</ele>
      </trkpt>
      <trkpt lat="55.8497899" lon="37.63804">
        <ele>0</ele>
      </trkpt>
      <trkpt lat="55.8498299" lon="37.63804">
        <ele>0</ele>
      </trkpt>
      <trkpt lat="55.84988" lon="37.6380599">
        <ele>0</ele>
      </trkpt>
      <trkpt lat="55.8499199" lon="37.63808">
        <ele>0</ele>
      </trkpt>
      <trkpt lat="55.84997" lon="37.63809">
        <ele>0</ele>
      </trkpt>
      <trkpt lat="55.8500199" lon="37.63811">
        <ele>0</ele>
      </trkpt>
      <trkpt lat="55.8500599" lon="37.63812">
        <ele>0</ele>
      </trkpt>
      <trkpt lat="55.8501" lon="37.6381299">
        <ele>0</ele>
      </trkpt>
      <trkpt lat="55.8501499" lon="37.6381599">
        <ele>0</ele>
      </trkpt>
      <trkpt lat="55.8502" lon="37.6381699">
        <ele>0</ele>
      </trkpt>
      <trkpt lat="55.85024" lon="37.6381999">
        <ele>0</ele>
      </trkpt>
      <trkpt lat="55.8502899" lon="37.63821">
        <ele>0</ele>
      </trkpt>
      <trkpt lat="55.85033" lon="37.63822">
        <ele>0</ele>
      </trkpt>
      <trkpt lat="55.8503799" lon="37.6382299">
        <ele>0</ele>
      </trkpt>
      <trkpt lat="55.8504199" lon="37.6382299">
        <ele>0</ele>
      </trkpt>
      <trkpt lat="55.85046" lon="37.63824">
        <ele>0</ele>
      </trkpt>
      <trkpt lat="55.8505" lon="37.63824">
        <ele>0</ele>
      </trkpt>
      <trkpt lat="55.8505499" lon="37.6382599">
        <ele>0</ele>
      </trkpt>
      <trkpt lat="55.8505799" lon="37.63828">
        <ele>0</ele>
      </trkpt>
      <trkpt lat="55.85062" lon="37.6382899">
        <ele>0</ele>
      </trkpt>
      <trkpt lat="55.85066" lon="37.63831">
        <ele>0</ele>
      </trkpt>
      <trkpt lat="55.8507" lon="37.63832">
        <ele>0</ele>
      </trkpt>
      <trkpt lat="55.8507399" lon="37.63834">
        <ele>0</ele>
      </trkpt>
      <trkpt lat="55.85077" lon="37.6383599">
        <ele>0</ele>
      </trkpt>
      <trkpt lat="55.8508099" lon="37.63837">
        <ele>0</ele>
      </trkpt>
      <trkpt lat="55.8508399" lon="37.63837">
        <ele>0</ele>
      </trkpt>
      <trkpt lat="55.8508799" lon="37.63838">
        <ele>0</ele>
      </trkpt>
      <trkpt lat="55.8509099" lon="37.6383899">
        <ele>0</ele>
      </trkpt>
      <trkpt lat="55.85095" lon="37.63841">
        <ele>0</ele>
      </trkpt>
      <trkpt lat="55.85099" lon="37.63842">
        <ele>0</ele>
      </trkpt>
      <trkpt lat="55.85103" lon="37.63844">
        <ele>0</ele>
      </trkpt>
      <trkpt lat="55.85108" lon="37.63845">
        <ele>0</ele>
      </trkpt>
      <trkpt lat="55.8511099" lon="37.63847">
        <ele>0</ele>
      </trkpt>
      <trkpt lat="55.85116" lon="37.63848">
        <ele>0</ele>
      </trkpt>
      <trkpt lat="55.8511999" lon="37.6385">
        <ele>0</ele>
      </trkpt>
      <trkpt lat="55.85125" lon="37.6385199">
        <ele>0</ele>
      </trkpt>
      <trkpt lat="55.85129" lon="37.63854">
        <ele>0</ele>
      </trkpt>
      <trkpt lat="55.8513299" lon="37.6385599">
        <ele>0</ele>
      </trkpt>
      <trkpt lat="55.85138" lon="37.63857">
        <ele>0</ele>
      </trkpt>
      <trkpt lat="55.85142" lon="37.63858">
        <ele>0</ele>
      </trkpt>
      <trkpt lat="55.85146" lon="37.6385899">
        <ele>0</ele>
      </trkpt>
      <trkpt lat="55.8514999" lon="37.6386">
        <ele>0</ele>
      </trkpt>
      <trkpt lat="55.85154" lon="37.63861">
        <ele>0</ele>
      </trkpt>
      <trkpt lat="55.85158" lon="37.6386299">
        <ele>0</ele>
      </trkpt>
      <trkpt lat="55.85162" lon="37.6386499">
        <ele>0</ele>
      </trkpt>
      <trkpt lat="55.8516699" lon="37.63867">
        <ele>0</ele>
      </trkpt>
      <trkpt lat="55.85171" lon="37.63868">
        <ele>0</ele>
      </trkpt>
      <trkpt lat="55.85174" lon="37.6387">
        <ele>0</ele>
      </trkpt>
      <trkpt lat="55.85178" lon="37.6387199">
        <ele>0</ele>
      </trkpt>
      <trkpt lat="55.85182" lon="37.63874">
        <ele>0</ele>
      </trkpt>
      <trkpt lat="55.85185" lon="37.6387499">
        <ele>0</ele>
      </trkpt>
      <trkpt lat="55.8518899" lon="37.6387599">
        <ele>0</ele>
      </trkpt>
      <trkpt lat="55.8519299" lon="37.63877">
        <ele>0</ele>
      </trkpt>
      <trkpt lat="55.8519599" lon="37.63878">
        <ele>0</ele>
      </trkpt>
      <trkpt lat="55.852" lon="37.6387899">
        <ele>0</ele>
      </trkpt>
      <trkpt lat="55.8520299" lon="37.63881">
        <ele>0</ele>
      </trkpt>
      <trkpt lat="55.8520599" lon="37.63884">
        <ele>0</ele>
      </trkpt>
      <trkpt lat="55.85208" lon="37.6388599">
        <ele>0</ele>
      </trkpt>
      <trkpt lat="55.8520899" lon="37.6388799">
        <ele>0</ele>
      </trkpt>
      <trkpt lat="55.85211" lon="37.6389">
        <ele>0</ele>
      </trkpt>
      <trkpt lat="55.85211" lon="37.63891">
        <ele>0</ele>
      </trkpt>
      <trkpt lat="55.85211" lon="37.63891">
        <ele>0</ele>
      </trkpt>
      <trkpt lat="55.85211" lon="37.63891">
        <ele>0</ele>
      </trkpt>
      <trkpt lat="55.8521499" lon="37.6389499">
        <ele>0</ele>
      </trkpt>
      <trkpt lat="55.85217" lon="37.63897">
        <ele>0</ele>
      </trkpt>
      <trkpt lat="55.8521899" lon="37.6389899">
        <ele>0</ele>
      </trkpt>
      <trkpt lat="55.8522" lon="37.6390199">
        <ele>0</ele>
      </trkpt>
      <trkpt lat="55.85223" lon="37.6390499">
        <ele>0</ele>
      </trkpt>
      <trkpt lat="55.8522599" lon="37.6390799">
        <ele>0</ele>
      </trkpt>
      <trkpt lat="55.8522899" lon="37.6391">
        <ele>0</ele>
      </trkpt>
      <trkpt lat="55.8523199" lon="37.6391099">
        <ele>0</ele>
      </trkpt>
      <trkpt lat="55.8523499" lon="37.6391199">
        <ele>0</ele>
      </trkpt>
      <trkpt lat="55.8523799" lon="37.6391099">
        <ele>0</ele>
      </trkpt>
      <trkpt lat="55.8524" lon="37.6391">
        <ele>0</ele>
      </trkpt>
      <trkpt lat="55.8524199" lon="37.63906">
        <ele>0</ele>
      </trkpt>
      <trkpt lat="55.85243" lon="37.6390199">
        <ele>0</ele>
      </trkpt>
      <trkpt lat="55.85244" lon="37.63897">
        <ele>0</ele>
      </trkpt>
      <trkpt lat="55.8524499" lon="37.6389199">
        <ele>0</ele>
      </trkpt>
      <trkpt lat="55.85246" lon="37.6388599">
        <ele>0</ele>
      </trkpt>
      <trkpt lat="55.85246" lon="37.6387899">
        <ele>0</ele>
      </trkpt>
      <trkpt lat="55.85247" lon="37.6387199">
        <ele>0</ele>
      </trkpt>
      <trkpt lat="55.8524899" lon="37.6386499">
        <ele>0</ele>
      </trkpt>
      <trkpt lat="55.85251" lon="37.63858">
        <ele>0</ele>
      </trkpt>
      <trkpt lat="55.8525199" lon="37.6385">
        <ele>0</ele>
      </trkpt>
      <trkpt lat="55.85253" lon="37.63842">
        <ele>0</ele>
      </trkpt>
      <trkpt lat="55.85254" lon="37.63835">
        <ele>0</ele>
      </trkpt>
      <trkpt lat="55.85256" lon="37.63828">
        <ele>0</ele>
      </trkpt>
      <trkpt lat="55.8525799" lon="37.63821">
        <ele>0</ele>
      </trkpt>
      <trkpt lat="55.8526" lon="37.63814">
        <ele>0</ele>
      </trkpt>
      <trkpt lat="55.8526199" lon="37.6380699">
        <ele>0</ele>
      </trkpt>
      <trkpt lat="55.8526499" lon="37.6379999">
        <ele>0</ele>
      </trkpt>
      <trkpt lat="55.85267" lon="37.6379399">
        <ele>0</ele>
      </trkpt>
      <trkpt lat="55.85269" lon="37.63786">
        <ele>0</ele>
      </trkpt>
      <trkpt lat="55.8527199" lon="37.63779">
        <ele>0</ele>
      </trkpt>
      <trkpt lat="55.8527499" lon="37.63773">
        <ele>0</ele>
      </trkpt>
      <trkpt lat="55.8527799" lon="37.63766">
        <ele>0</ele>
      </trkpt>
      <trkpt lat="55.8528099" lon="37.63759">
        <ele>0</ele>
      </trkpt>
      <trkpt lat="55.85283" lon="37.63752">
        <ele>0</ele>
      </trkpt>
      <trkpt lat="55.85286" lon="37.63745">
        <ele>0</ele>
      </trkpt>
      <trkpt lat="55.8529" lon="37.6374">
        <ele>0</ele>
      </trkpt>
      <trkpt lat="55.8529399" lon="37.6373499">
        <ele>0</ele>
      </trkpt>
      <trkpt lat="55.85297" lon="37.6373">
        <ele>0</ele>
      </trkpt>
      <trkpt lat="55.8530099" lon="37.6372399">
        <ele>0</ele>
      </trkpt>
      <trkpt lat="55.8530399" lon="37.6371799">
        <ele>0</ele>
      </trkpt>
      <trkpt lat="55.8530699" lon="37.6371199">
        <ele>0</ele>
      </trkpt>
      <trkpt lat="55.8531" lon="37.63707">
        <ele>0</ele>
      </trkpt>
      <trkpt lat="55.85312" lon="37.637">
        <ele>0</ele>
      </trkpt>
      <trkpt lat="55.85315" lon="37.63694">
        <ele>0</ele>
      </trkpt>
      <trkpt lat="55.8531699" lon="37.6368799">
        <ele>0</ele>
      </trkpt>
      <trkpt lat="55.8531999" lon="37.63681">
        <ele>0</ele>
      </trkpt>
      <trkpt lat="55.85322" lon="37.63674">
        <ele>0</ele>
      </trkpt>
      <trkpt lat="55.85323" lon="37.6366599">
        <ele>0</ele>
      </trkpt>
      <trkpt lat="55.8532399" lon="37.6365899">
        <ele>0</ele>
      </trkpt>
      <trkpt lat="55.85326" lon="37.63651">
        <ele>0</ele>
      </trkpt>
      <trkpt lat="55.85329" lon="37.63647">
        <ele>0</ele>
      </trkpt>
      <trkpt lat="55.85333" lon="37.63644">
        <ele>0</ele>
      </trkpt>
      <trkpt lat="55.85338" lon="37.63644">
        <ele>0</ele>
      </trkpt>
      <trkpt lat="55.8534299" lon="37.6364599">
        <ele>0</ele>
      </trkpt>
      <trkpt lat="55.85348" lon="37.63648">
        <ele>0</ele>
      </trkpt>
      <trkpt lat="55.85352" lon="37.63653">
        <ele>0</ele>
      </trkpt>
      <trkpt lat="55.85356" lon="37.6365899">
        <ele>0</ele>
      </trkpt>
      <trkpt lat="55.8535999" lon="37.6366599">
        <ele>0</ele>
      </trkpt>
      <trkpt lat="55.85364" lon="37.63673">
        <ele>0</ele>
      </trkpt>
      <trkpt lat="55.8536699" lon="37.63681">
        <ele>0</ele>
      </trkpt>
      <trkpt lat="55.85371" lon="37.6368899">
        <ele>0</ele>
      </trkpt>
      <trkpt lat="55.85375" lon="37.63696">
        <ele>0</ele>
      </trkpt>
      <trkpt lat="55.8537999" lon="37.63704">
        <ele>0</ele>
      </trkpt>
      <trkpt lat="55.85384" lon="37.6371199">
        <ele>0</ele>
      </trkpt>
      <trkpt lat="55.85388" lon="37.6372">
        <ele>0</ele>
      </trkpt>
      <trkpt lat="55.8539299" lon="37.6372799">
        <ele>0</ele>
      </trkpt>
      <trkpt lat="55.85398" lon="37.63736">
        <ele>0</ele>
      </trkpt>
      <trkpt lat="55.8540299" lon="37.6374399">
        <ele>0</ele>
      </trkpt>
      <trkpt lat="55.85408" lon="37.63752">
        <ele>0</ele>
      </trkpt>
      <trkpt lat="55.85414" lon="37.6375999">
        <ele>0</ele>
      </trkpt>
      <trkpt lat="55.8541899" lon="37.63768">
        <ele>0</ele>
      </trkpt>
      <trkpt lat="55.85425" lon="37.63775">
        <ele>0</ele>
      </trkpt>
      <trkpt lat="55.85431" lon="37.63782">
        <ele>0</ele>
      </trkpt>
      <trkpt lat="55.8543599" lon="37.63788">
        <ele>0</ele>
      </trkpt>
      <trkpt lat="55.8544199" lon="37.63792">
        <ele>0</ele>
      </trkpt>
      <trkpt lat="55.8544799" lon="37.63795">
        <ele>0</ele>
      </trkpt>
      <trkpt lat="55.85454" lon="37.63798">
        <ele>0</ele>
      </trkpt>
      <trkpt lat="55.8546" lon="37.63801">
        <ele>0</ele>
      </trkpt>
      <trkpt lat="55.85466" lon="37.63804">
        <ele>0</ele>
      </trkpt>
      <trkpt lat="55.8547199" lon="37.6380599">
        <ele>0</ele>
      </trkpt>
      <trkpt lat="55.8547799" lon="37.63808">
        <ele>0</ele>
      </trkpt>
      <trkpt lat="55.85484" lon="37.63809">
        <ele>0</ele>
      </trkpt>
      <trkpt lat="55.8549099" lon="37.63811">
        <ele>0</ele>
      </trkpt>
      <trkpt lat="55.85496" lon="37.63812">
        <ele>0</ele>
      </trkpt>
      <trkpt lat="55.85502" lon="37.63814">
        <ele>0</ele>
      </trkpt>
      <trkpt lat="55.85507" lon="37.6381599">
        <ele>0</ele>
      </trkpt>
      <trkpt lat="55.85513" lon="37.63819">
        <ele>0</ele>
      </trkpt>
      <trkpt lat="55.85519" lon="37.63822">
        <ele>0</ele>
      </trkpt>
      <trkpt lat="55.8552399" lon="37.63824">
        <ele>0</ele>
      </trkpt>
      <trkpt lat="55.8553099" lon="37.63827">
        <ele>0</ele>
      </trkpt>
      <trkpt lat="55.85536" lon="37.63828">
        <ele>0</ele>
      </trkpt>
      <trkpt lat="55.85542" lon="37.63827">
        <ele>0</ele>
      </trkpt>
      <trkpt lat="55.85548" lon="37.6382299">
        <ele>0</ele>
      </trkpt>
      <trkpt lat="55.85553" lon="37.63818">
        <ele>0</ele>
      </trkpt>
      <trkpt lat="55.85558" lon="37.6380999">
        <ele>0</ele>
      </trkpt>
      <trkpt lat="55.8556299" lon="37.6380299">
        <ele>0</ele>
      </trkpt>
      <trkpt lat="55.85568" lon="37.6379699">
        <ele>0</ele>
      </trkpt>
      <trkpt lat="55.8557399" lon="37.63792">
        <ele>0</ele>
      </trkpt>
      <trkpt lat="55.8557999" lon="37.6378699">
        <ele>0</ele>
      </trkpt>
      <trkpt lat="55.8558699" lon="37.6378299">
        <ele>0</ele>
      </trkpt>
      <trkpt lat="55.8559299" lon="37.63781">
        <ele>0</ele>
      </trkpt>
      <trkpt lat="55.8559899" lon="37.63781">
        <ele>0</ele>
      </trkpt>
      <trkpt lat="55.85605" lon="37.63781">
        <ele>0</ele>
      </trkpt>
      <trkpt lat="55.85611" lon="37.63779">
        <ele>0</ele>
      </trkpt>
      <trkpt lat="55.85617" lon="37.6377699">
        <ele>0</ele>
      </trkpt>
      <trkpt lat="55.8562299" lon="37.6377399">
        <ele>0</ele>
      </trkpt>
      <trkpt lat="55.8562899" lon="37.6376999">
        <ele>0</ele>
      </trkpt>
      <trkpt lat="55.8563599" lon="37.63765">
        <ele>0</ele>
      </trkpt>
      <trkpt lat="55.8564199" lon="37.6375999">
        <ele>0</ele>
      </trkpt>
      <trkpt lat="55.85647" lon="37.63755">
        <ele>0</ele>
      </trkpt>
      <trkpt lat="55.8565199" lon="37.63749">
        <ele>0</ele>
      </trkpt>
      <trkpt lat="55.8565599" lon="37.6374099">
        <ele>0</ele>
      </trkpt>
      <trkpt lat="55.85661" lon="37.6373499">
        <ele>0</ele>
      </trkpt>
      <trkpt lat="55.85664" lon="37.63729">
        <ele>0</ele>
      </trkpt>
      <trkpt lat="55.8566799" lon="37.6372399">
        <ele>0</ele>
      </trkpt>
      <trkpt lat="55.85673" lon="37.63719">
        <ele>0</ele>
      </trkpt>
      <trkpt lat="55.85676" lon="37.6371399">
        <ele>0</ele>
      </trkpt>
      <trkpt lat="55.8568" lon="37.6371">
        <ele>0</ele>
      </trkpt>
      <trkpt lat="55.85684" lon="37.6370499">
        <ele>0</ele>
      </trkpt>
      <trkpt lat="55.85689" lon="37.63703">
        <ele>0</ele>
      </trkpt>
      <trkpt lat="55.85693" lon="37.63703">
        <ele>0</ele>
      </trkpt>
      <trkpt lat="55.85697" lon="37.63704">
        <ele>0</ele>
      </trkpt>
      <trkpt lat="55.8570099" lon="37.63704">
        <ele>0</ele>
      </trkpt>
      <trkpt lat="55.8570499" lon="37.6370499">
        <ele>0</ele>
      </trkpt>
      <trkpt lat="55.85709" lon="37.6370799">
        <ele>0</ele>
      </trkpt>
      <trkpt lat="55.85713" lon="37.6371199">
        <ele>0</ele>
      </trkpt>
      <trkpt lat="55.85716" lon="37.6371499">
        <ele>0</ele>
      </trkpt>
      <trkpt lat="55.8572099" lon="37.63717">
        <ele>0</ele>
      </trkpt>
      <trkpt lat="55.8572399" lon="37.6371799">
        <ele>0</ele>
      </trkpt>
      <trkpt lat="55.85729" lon="37.63719">
        <ele>0</ele>
      </trkpt>
      <trkpt lat="55.85732" lon="37.6372">
        <ele>0</ele>
      </trkpt>
      <trkpt lat="55.85736" lon="37.63722">
        <ele>0</ele>
      </trkpt>
      <trkpt lat="55.85739" lon="37.63723">
        <ele>0</ele>
      </trkpt>
      <trkpt lat="55.85742" lon="37.6372399">
        <ele>0</ele>
      </trkpt>
      <trkpt lat="55.85745" lon="37.6372499">
        <ele>0</ele>
      </trkpt>
      <trkpt lat="55.8574799" lon="37.63726">
        <ele>0</ele>
      </trkpt>
      <trkpt lat="55.8574999" lon="37.63727">
        <ele>0</ele>
      </trkpt>
      <trkpt lat="55.8574999" lon="37.63727">
        <ele>0</ele>
      </trkpt>
      <trkpt lat="55.8574999" lon="37.63727">
        <ele>0</ele>
      </trkpt>
      <trkpt lat="55.8574999" lon="37.63727">
        <ele>0</ele>
      </trkpt>
      <trkpt lat="55.8575099" lon="37.63733">
        <ele>0</ele>
      </trkpt>
      <trkpt lat="55.8574999" lon="37.63736">
        <ele>0</ele>
      </trkpt>
      <trkpt lat="55.85749" lon="37.63736">
        <ele>0</ele>
      </trkpt>
      <trkpt lat="55.8574699" lon="37.63736">
        <ele>0</ele>
      </trkpt>
      <trkpt lat="55.85745" lon="37.6373499">
        <ele>0</ele>
      </trkpt>
      <trkpt lat="55.85743" lon="37.6373399">
        <ele>0</ele>
      </trkpt>
      <trkpt lat="55.85742" lon="37.6373499">
        <ele>0</ele>
      </trkpt>
      <trkpt lat="55.8574" lon="37.63736">
        <ele>0</ele>
      </trkpt>
      <trkpt lat="55.8573699" lon="37.63736">
        <ele>0</ele>
      </trkpt>
      <trkpt lat="55.85735" lon="37.63736">
        <ele>0</ele>
      </trkpt>
      <trkpt lat="55.85733" lon="37.6373399">
        <ele>0</ele>
      </trkpt>
      <trkpt lat="55.8573099" lon="37.63733">
        <ele>0</ele>
      </trkpt>
      <trkpt lat="55.8573" lon="37.63733">
        <ele>0</ele>
      </trkpt>
      <trkpt lat="55.85729" lon="37.63733">
        <ele>0</ele>
      </trkpt>
      <trkpt lat="55.85729" lon="37.63733">
        <ele>0</ele>
      </trkpt>
      <trkpt lat="55.85735" lon="37.63727">
        <ele>0</ele>
      </trkpt>
      <trkpt lat="55.8573699" lon="37.63727">
        <ele>0</ele>
      </trkpt>
      <trkpt lat="55.85739" lon="37.63727">
        <ele>0</ele>
      </trkpt>
      <trkpt lat="55.85742" lon="37.6372799">
        <ele>0</ele>
      </trkpt>
      <trkpt lat="55.85743" lon="37.6373099">
        <ele>0</ele>
      </trkpt>
      <trkpt lat="55.85752" lon="37.6374">
        <ele>0</ele>
      </trkpt>
      <trkpt lat="55.85755" lon="37.63742">
        <ele>0</ele>
      </trkpt>
      <trkpt lat="55.85758" lon="37.6374399">
        <ele>0</ele>
      </trkpt>
      <trkpt lat="55.8576099" lon="37.6374699">
        <ele>0</ele>
      </trkpt>
      <trkpt lat="55.85765" lon="37.6375099">
        <ele>0</ele>
      </trkpt>
      <trkpt lat="55.8576699" lon="37.63756">
        <ele>0</ele>
      </trkpt>
      <trkpt lat="55.8576999" lon="37.6376099">
        <ele>0</ele>
      </trkpt>
      <trkpt lat="55.85772" lon="37.63766">
        <ele>0</ele>
      </trkpt>
      <trkpt lat="55.8577399" lon="37.6377099">
        <ele>0</ele>
      </trkpt>
      <trkpt lat="55.8577699" lon="37.63775">
        <ele>0</ele>
      </trkpt>
      <trkpt lat="55.8577999" lon="37.63778">
        <ele>0</ele>
      </trkpt>
      <trkpt lat="55.85782" lon="37.63781">
        <ele>0</ele>
      </trkpt>
      <trkpt lat="55.85785" lon="37.6378299">
        <ele>0</ele>
      </trkpt>
      <trkpt lat="55.8578699" lon="37.6378399">
        <ele>0</ele>
      </trkpt>
      <trkpt lat="55.8578999" lon="37.63786">
        <ele>0</ele>
      </trkpt>
      <trkpt lat="55.85792" lon="37.63789">
        <ele>0</ele>
      </trkpt>
      <trkpt lat="55.8579299" lon="37.6379399">
        <ele>0</ele>
      </trkpt>
      <trkpt lat="55.8579299" lon="37.6379999">
        <ele>0</ele>
      </trkpt>
      <trkpt lat="55.8579299" lon="37.63805">
        <ele>0</ele>
      </trkpt>
      <trkpt lat="55.85794" lon="37.63811">
        <ele>0</ele>
      </trkpt>
      <trkpt lat="55.85795" lon="37.6381699">
        <ele>0</ele>
      </trkpt>
      <trkpt lat="55.8579699" lon="37.63822">
        <ele>0</ele>
      </trkpt>
      <trkpt lat="55.85799" lon="37.63827">
        <ele>0</ele>
      </trkpt>
      <trkpt lat="55.85801" lon="37.63831">
        <ele>0</ele>
      </trkpt>
      <trkpt lat="55.8580299" lon="37.6383599">
        <ele>0</ele>
      </trkpt>
      <trkpt lat="55.85805" lon="37.6383999">
        <ele>0</ele>
      </trkpt>
      <trkpt lat="55.8580699" lon="37.6384299">
        <ele>0</ele>
      </trkpt>
      <trkpt lat="55.85809" lon="37.63845">
        <ele>0</ele>
      </trkpt>
      <trkpt lat="55.85812" lon="37.6384899">
        <ele>0</ele>
      </trkpt>
      <trkpt lat="55.85814" lon="37.63851">
        <ele>0</ele>
      </trkpt>
      <trkpt lat="55.85817" lon="37.63855">
        <ele>0</ele>
      </trkpt>
      <trkpt lat="55.85818" lon="37.6386">
        <ele>0</ele>
      </trkpt>
      <trkpt lat="55.85817" lon="37.6386599">
        <ele>0</ele>
      </trkpt>
      <trkpt lat="55.8581599" lon="37.6387199">
        <ele>0</ele>
      </trkpt>
      <trkpt lat="55.8581599" lon="37.6387899">
        <ele>0</ele>
      </trkpt>
      <trkpt lat="55.85815" lon="37.63887">
        <ele>0</ele>
      </trkpt>
      <trkpt lat="55.85814" lon="37.63894">
        <ele>0</ele>
      </trkpt>
      <trkpt lat="55.85814" lon="37.6390199">
        <ele>0</ele>
      </trkpt>
      <trkpt lat="55.85814" lon="37.6390799">
        <ele>0</ele>
      </trkpt>
      <trkpt lat="55.85814" lon="37.63916">
        <ele>0</ele>
      </trkpt>
      <trkpt lat="55.8581299" lon="37.6392099">
        <ele>0</ele>
      </trkpt>
      <trkpt lat="55.8580999" lon="37.63924">
        <ele>0</ele>
      </trkpt>
      <trkpt lat="55.85808" lon="37.63926">
        <ele>0</ele>
      </trkpt>
      <trkpt lat="55.8580599" lon="37.63929">
        <ele>0</ele>
      </trkpt>
      <trkpt lat="55.8580599" lon="37.63933">
        <ele>0</ele>
      </trkpt>
      <trkpt lat="55.8580599" lon="37.63937">
        <ele>0</ele>
      </trkpt>
      <trkpt lat="55.85804" lon="37.63943">
        <ele>0</ele>
      </trkpt>
      <trkpt lat="55.85804" lon="37.6394799">
        <ele>0</ele>
      </trkpt>
      <trkpt lat="55.8580299" lon="37.63953">
        <ele>0</ele>
      </trkpt>
      <trkpt lat="55.85802" lon="37.63959">
        <ele>0</ele>
      </trkpt>
      <trkpt lat="55.85801" lon="37.63965">
        <ele>0</ele>
      </trkpt>
      <trkpt lat="55.8579999" lon="37.6397099">
        <ele>0</ele>
      </trkpt>
      <trkpt lat="55.85799" lon="37.63976">
        <ele>0</ele>
      </trkpt>
      <trkpt lat="55.85799" lon="37.6398099">
        <ele>0</ele>
      </trkpt>
      <trkpt lat="55.85798" lon="37.6398399">
        <ele>0</ele>
      </trkpt>
      <trkpt lat="55.85798" lon="37.6398399">
        <ele>0</ele>
      </trkpt>
      <trkpt lat="55.85798" lon="37.6398399">
        <ele>0</ele>
      </trkpt>
      <trkpt lat="55.85798" lon="37.6398399">
        <ele>0</ele>
      </trkpt>
      <trkpt lat="55.85798" lon="37.6398399">
        <ele>0</ele>
      </trkpt>
      <trkpt lat="55.85798" lon="37.6398399">
        <ele>0</ele>
      </trkpt>
      <trkpt lat="55.8579599" lon="37.6397999">
        <ele>0</ele>
      </trkpt>
      <trkpt lat="55.85798" lon="37.63978">
        <ele>0</ele>
      </trkpt>
      <trkpt lat="55.85798" lon="37.63976">
        <ele>0</ele>
      </trkpt>
      <trkpt lat="55.85799" lon="37.63972">
        <ele>0</ele>
      </trkpt>
      <trkpt lat="55.85799" lon="37.6396799">
        <ele>0</ele>
      </trkpt>
      <trkpt lat="55.8579999" lon="37.63963">
        <ele>0</ele>
      </trkpt>
      <trkpt lat="55.8579999" lon="37.6395799">
        <ele>0</ele>
      </trkpt>
      <trkpt lat="55.85801" lon="37.6395399">
        <ele>0</ele>
      </trkpt>
      <trkpt lat="55.85802" lon="37.6395">
        <ele>0</ele>
      </trkpt>
      <trkpt lat="55.8580299" lon="37.63947">
        <ele>0</ele>
      </trkpt>
      <trkpt lat="55.85805" lon="37.63943">
        <ele>0</ele>
      </trkpt>
      <trkpt lat="55.8580599" lon="37.63939">
        <ele>0</ele>
      </trkpt>
      <trkpt lat="55.85808" lon="37.6393499">
        <ele>0</ele>
      </trkpt>
      <trkpt lat="55.85809" lon="37.6393099">
        <ele>0</ele>
      </trkpt>
      <trkpt lat="55.85812" lon="37.63929">
        <ele>0</ele>
      </trkpt>
      <trkpt lat="55.85815" lon="37.6392799">
        <ele>0</ele>
      </trkpt>
      <trkpt lat="55.85818" lon="37.63926">
        <ele>0</ele>
      </trkpt>
      <trkpt lat="55.85822" lon="37.63924">
        <ele>0</ele>
      </trkpt>
      <trkpt lat="55.85825" lon="37.63923">
        <ele>0</ele>
      </trkpt>
      <trkpt lat="55.8582899" lon="37.6392199">
        <ele>0</ele>
      </trkpt>
      <trkpt lat="55.85831" lon="37.6392199">
        <ele>0</ele>
      </trkpt>
      <trkpt lat="55.85834" lon="37.63923">
        <ele>0</ele>
      </trkpt>
      <trkpt lat="55.8583599" lon="37.63924">
        <ele>0</ele>
      </trkpt>
      <trkpt lat="55.85838" lon="37.63924">
        <ele>0</ele>
      </trkpt>
      <trkpt lat="55.8584" lon="37.6392499">
        <ele>0</ele>
      </trkpt>
      <trkpt lat="55.8584199" lon="37.6392499">
        <ele>0</ele>
      </trkpt>
      <trkpt lat="55.85844" lon="37.63924">
        <ele>0</ele>
      </trkpt>
      <trkpt lat="55.8584599" lon="37.63924">
        <ele>0</ele>
      </trkpt>
      <trkpt lat="55.85848" lon="37.63924">
        <ele>0</ele>
      </trkpt>
      <trkpt lat="55.85851" lon="37.6392499">
        <ele>0</ele>
      </trkpt>
      <trkpt lat="55.85855" lon="37.63926">
        <ele>0</ele>
      </trkpt>
      <trkpt lat="55.85858" lon="37.63927">
        <ele>0</ele>
      </trkpt>
      <trkpt lat="55.8586199" lon="37.63929">
        <ele>0</ele>
      </trkpt>
      <trkpt lat="55.8586599" lon="37.63929">
        <ele>0</ele>
      </trkpt>
      <trkpt lat="55.8587" lon="37.6392799">
        <ele>0</ele>
      </trkpt>
      <trkpt lat="55.85873" lon="37.63924">
        <ele>0</ele>
      </trkpt>
      <trkpt lat="55.8587599" lon="37.63919">
        <ele>0</ele>
      </trkpt>
      <trkpt lat="55.8587899" lon="37.63914">
        <ele>0</ele>
      </trkpt>
      <trkpt lat="55.85883" lon="37.6391099">
        <ele>0</ele>
      </trkpt>
      <trkpt lat="55.85887" lon="37.6391">
        <ele>0</ele>
      </trkpt>
      <trkpt lat="55.85891" lon="37.63909">
        <ele>0</ele>
      </trkpt>
      <trkpt lat="55.8589499" lon="37.6390799">
        <ele>0</ele>
      </trkpt>
      <trkpt lat="55.8589899" lon="37.63909">
        <ele>0</ele>
      </trkpt>
      <trkpt lat="55.85903" lon="37.6391">
        <ele>0</ele>
      </trkpt>
      <trkpt lat="55.85907" lon="37.6391">
        <ele>0</ele>
      </trkpt>
      <trkpt lat="55.8591" lon="37.6391099">
        <ele>0</ele>
      </trkpt>
      <trkpt lat="55.85914" lon="37.6391099">
        <ele>0</ele>
      </trkpt>
      <trkpt lat="55.85917" lon="37.6391099">
        <ele>0</ele>
      </trkpt>
      <trkpt lat="55.8592" lon="37.6391">
        <ele>0</ele>
      </trkpt>
      <trkpt lat="55.85923" lon="37.6390799">
        <ele>0</ele>
      </trkpt>
      <trkpt lat="55.8592499" lon="37.6390499">
        <ele>0</ele>
      </trkpt>
      <trkpt lat="55.8592499" lon="37.63901">
        <ele>0</ele>
      </trkpt>
      <trkpt lat="55.85926" lon="37.6389799">
        <ele>0</ele>
      </trkpt>
      <trkpt lat="55.85927" lon="37.63894">
        <ele>0</ele>
      </trkpt>
      <trkpt lat="55.85927" lon="37.6389">
        <ele>0</ele>
      </trkpt>
      <trkpt lat="55.8592799" lon="37.63887">
        <ele>0</ele>
      </trkpt>
      <trkpt lat="55.85929" lon="37.63884">
        <ele>0</ele>
      </trkpt>
      <trkpt lat="55.8593" lon="37.6388">
        <ele>0</ele>
      </trkpt>
      <trkpt lat="55.8593099" lon="37.63877">
        <ele>0</ele>
      </trkpt>
      <trkpt lat="55.85932" lon="37.63874">
        <ele>0</ele>
      </trkpt>
      <trkpt lat="55.8593099" lon="37.63871">
        <ele>0</ele>
      </trkpt>
      <trkpt lat="55.8593" lon="37.6386899">
        <ele>0</ele>
      </trkpt>
      <trkpt lat="55.85927" lon="37.63868">
        <ele>0</ele>
      </trkpt>
      <trkpt lat="55.8592499" lon="37.63868">
        <ele>0</ele>
      </trkpt>
      <trkpt lat="55.85922" lon="37.63867">
        <ele>0</ele>
      </trkpt>
      <trkpt lat="55.85919" lon="37.63867">
        <ele>0</ele>
      </trkpt>
      <trkpt lat="55.85916" lon="37.6386599">
        <ele>0</ele>
      </trkpt>
      <trkpt lat="55.85913" lon="37.6386599">
        <ele>0</ele>
      </trkpt>
      <trkpt lat="55.8591" lon="37.6386499">
        <ele>0</ele>
      </trkpt>
      <trkpt lat="55.85907" lon="37.6386499">
        <ele>0</ele>
      </trkpt>
      <trkpt lat="55.85904" lon="37.63864">
        <ele>0</ele>
      </trkpt>
      <trkpt lat="55.85903" lon="37.6386299">
        <ele>0</ele>
      </trkpt>
      <trkpt lat="55.8590099" lon="37.6386299">
        <ele>0</ele>
      </trkpt>
      <trkpt lat="55.8589899" lon="37.6386199">
        <ele>0</ele>
      </trkpt>
      <trkpt lat="55.8589799" lon="37.6386199">
        <ele>0</ele>
      </trkpt>
      <trkpt lat="55.85897" lon="37.6386199">
        <ele>0</ele>
      </trkpt>
      <trkpt lat="55.85896" lon="37.63861">
        <ele>0</ele>
      </trkpt>
      <trkpt lat="55.8589499" lon="37.63861">
        <ele>0</ele>
      </trkpt>
      <trkpt lat="55.85893" lon="37.6386">
        <ele>0</ele>
      </trkpt>
      <trkpt lat="55.8589199" lon="37.6386">
        <ele>0</ele>
      </trkpt>
      <trkpt lat="55.85891" lon="37.6386">
        <ele>0</ele>
      </trkpt>
      <trkpt lat="55.8589" lon="37.6385899">
        <ele>0</ele>
      </trkpt>
      <trkpt lat="55.8589" lon="37.6385899">
        <ele>0</ele>
      </trkpt>
      <trkpt lat="55.8589" lon="37.6385899">
        <ele>0</ele>
      </trkpt>
      <trkpt lat="55.8589" lon="37.6385899">
        <ele>0</ele>
      </trkpt>
      <trkpt lat="55.8589" lon="37.6385899">
        <ele>0</ele>
      </trkpt>
    </trkseg>
    <trkseg>
      <trkpt lat="55.8589" lon="37.6376099">
        <ele>0</ele>
      </trkpt>
      <trkpt lat="55.8589" lon="37.6376099">
        <ele>0</ele>
      </trkpt>
      <trkpt lat="55.8588499" lon="37.6375399">
        <ele>0</ele>
      </trkpt>
      <trkpt lat="55.8588199" lon="37.63752">
        <ele>0</ele>
      </trkpt>
      <trkpt lat="55.8587899" lon="37.6374699">
        <ele>0</ele>
      </trkpt>
      <trkpt lat="55.8587599" lon="37.63739">
        <ele>0</ele>
      </trkpt>
      <trkpt lat="55.8587199" lon="37.6373699">
        <ele>0</ele>
      </trkpt>
      <trkpt lat="55.8586599" lon="37.6373399">
        <ele>0</ele>
      </trkpt>
      <trkpt lat="55.85861" lon="37.6373399">
        <ele>0</ele>
      </trkpt>
      <trkpt lat="55.85854" lon="37.6373399">
        <ele>0</ele>
      </trkpt>
      <trkpt lat="55.8584899" lon="37.6373399">
        <ele>0</ele>
      </trkpt>
      <trkpt lat="55.8584299" lon="37.63733">
        <ele>0</ele>
      </trkpt>
      <trkpt lat="55.85838" lon="37.6373399">
        <ele>0</ele>
      </trkpt>
      <trkpt lat="55.85834" lon="37.63736">
        <ele>0</ele>
      </trkpt>
      <trkpt lat="55.85832" lon="37.6374">
        <ele>0</ele>
      </trkpt>
      <trkpt lat="55.8582999" lon="37.63745">
        <ele>0</ele>
      </trkpt>
      <trkpt lat="55.85828" lon="37.63752">
        <ele>0</ele>
      </trkpt>
      <trkpt lat="55.85825" lon="37.63758">
        <ele>0</ele>
      </trkpt>
      <trkpt lat="55.85824" lon="37.6376099">
        <ele>0</ele>
      </trkpt>
      <trkpt lat="55.8581899" lon="37.63762">
        <ele>0</ele>
      </trkpt>
      <trkpt lat="55.85814" lon="37.63762">
        <ele>0</ele>
      </trkpt>
      <trkpt lat="55.85809" lon="37.63762">
        <ele>0</ele>
      </trkpt>
      <trkpt lat="55.85804" lon="37.6376399">
        <ele>0</ele>
      </trkpt>
      <trkpt lat="55.8579999" lon="37.6376699">
        <ele>0</ele>
      </trkpt>
      <trkpt lat="55.85795" lon="37.6376999">
        <ele>0</ele>
      </trkpt>
      <trkpt lat="55.8578999" lon="37.6377099">
        <ele>0</ele>
      </trkpt>
      <trkpt lat="55.8578399" lon="37.6376999">
        <ele>0</ele>
      </trkpt>
      <trkpt lat="55.85779" lon="37.6376699">
        <ele>0</ele>
      </trkpt>
      <trkpt lat="55.8577399" lon="37.63762">
        <ele>0</ele>
      </trkpt>
      <trkpt lat="55.85772" lon="37.63755">
        <ele>0</ele>
      </trkpt>
      <trkpt lat="55.85768" lon="37.63749">
        <ele>0</ele>
      </trkpt>
      <trkpt lat="55.8576399" lon="37.6374399">
        <ele>0</ele>
      </trkpt>
      <trkpt lat="55.85759" lon="37.63739">
        <ele>0</ele>
      </trkpt>
      <trkpt lat="55.85753" lon="37.6373399">
        <ele>0</ele>
      </trkpt>
      <trkpt lat="55.8574699" lon="37.6373099">
        <ele>0</ele>
      </trkpt>
      <trkpt lat="55.85742" lon="37.63726">
        <ele>0</ele>
      </trkpt>
      <trkpt lat="55.8573699" lon="37.63722">
        <ele>0</ele>
      </trkpt>
      <trkpt lat="55.8573099" lon="37.6371799">
        <ele>0</ele>
      </trkpt>
      <trkpt lat="55.8572499" lon="37.6371399">
        <ele>0</ele>
      </trkpt>
      <trkpt lat="55.85719" lon="37.6371199">
        <ele>0</ele>
      </trkpt>
      <trkpt lat="55.8571399" lon="37.6371">
        <ele>0</ele>
      </trkpt>
      <trkpt lat="55.8570799" lon="37.63707">
        <ele>0</ele>
      </trkpt>
      <trkpt lat="55.85703" lon="37.63704">
        <ele>0</ele>
      </trkpt>
      <trkpt lat="55.85697" lon="37.6370199">
        <ele>0</ele>
      </trkpt>
      <trkpt lat="55.8569099" lon="37.6370099">
        <ele>0</ele>
      </trkpt>
      <trkpt lat="55.8568499" lon="37.63703">
        <ele>0</ele>
      </trkpt>
      <trkpt lat="55.8567899" lon="37.63707">
        <ele>0</ele>
      </trkpt>
      <trkpt lat="55.85674" lon="37.6371399">
        <ele>0</ele>
      </trkpt>
      <trkpt lat="55.8566899" lon="37.6372099">
        <ele>0</ele>
      </trkpt>
      <trkpt lat="55.85664" lon="37.63729">
        <ele>0</ele>
      </trkpt>
      <trkpt lat="55.8565899" lon="37.6373799">
        <ele>0</ele>
      </trkpt>
      <trkpt lat="55.85653" lon="37.63746">
        <ele>0</ele>
      </trkpt>
      <trkpt lat="55.85647" lon="37.63752">
        <ele>0</ele>
      </trkpt>
      <trkpt lat="55.8564" lon="37.63758">
        <ele>0</ele>
      </trkpt>
      <trkpt lat="55.8563199" lon="37.6376399">
        <ele>0</ele>
      </trkpt>
      <trkpt lat="55.85625" lon="37.63768">
        <ele>0</ele>
      </trkpt>
      <trkpt lat="55.85617" lon="37.63772">
        <ele>0</ele>
      </trkpt>
      <trkpt lat="55.85608" lon="37.6377399">
        <ele>0</ele>
      </trkpt>
      <trkpt lat="55.8559999" lon="37.63775">
        <ele>0</ele>
      </trkpt>
      <trkpt lat="55.85592" lon="37.63778">
        <ele>0</ele>
      </trkpt>
      <trkpt lat="55.85584" lon="37.6378299">
        <ele>0</ele>
      </trkpt>
      <trkpt lat="55.85576" lon="37.63791">
        <ele>0</ele>
      </trkpt>
      <trkpt lat="55.8556999" lon="37.63799">
        <ele>0</ele>
      </trkpt>
      <trkpt lat="55.8556299" lon="37.6380599">
        <ele>0</ele>
      </trkpt>
      <trkpt lat="55.8555699" lon="37.6381299">
        <ele>0</ele>
      </trkpt>
      <trkpt lat="55.85552" lon="37.63819">
        <ele>0</ele>
      </trkpt>
      <trkpt lat="55.85546" lon="37.63821">
        <ele>0</ele>
      </trkpt>
      <trkpt lat="55.8554099" lon="37.63822">
        <ele>0</ele>
      </trkpt>
      <trkpt lat="55.85535" lon="37.6381999">
        <ele>0</ele>
      </trkpt>
      <trkpt lat="55.85529" lon="37.63818">
        <ele>0</ele>
      </trkpt>
      <trkpt lat="55.85523" lon="37.6381599">
        <ele>0</ele>
      </trkpt>
      <trkpt lat="55.8551799" lon="37.6381599">
        <ele>0</ele>
      </trkpt>
      <trkpt lat="55.85512" lon="37.63814">
        <ele>0</ele>
      </trkpt>
      <trkpt lat="55.85493" lon="37.63809">
        <ele>0</ele>
      </trkpt>
      <trkpt lat="55.85486" lon="37.63808">
        <ele>0</ele>
      </trkpt>
      <trkpt lat="55.85479" lon="37.6380699">
        <ele>0</ele>
      </trkpt>
      <trkpt lat="55.85473" lon="37.63805">
        <ele>0</ele>
      </trkpt>
      <trkpt lat="55.85467" lon="37.6380299">
        <ele>0</ele>
      </trkpt>
      <trkpt lat="55.8546" lon="37.6379999">
        <ele>0</ele>
      </trkpt>
      <trkpt lat="55.85454" lon="37.6379699">
        <ele>0</ele>
      </trkpt>
      <trkpt lat="55.8544899" lon="37.6379399">
        <ele>0</ele>
      </trkpt>
      <trkpt lat="55.85443" lon="37.63792">
        <ele>0</ele>
      </trkpt>
      <trkpt lat="55.85438" lon="37.6378699">
        <ele>0</ele>
      </trkpt>
      <trkpt lat="55.85433" lon="37.63782">
        <ele>0</ele>
      </trkpt>
      <trkpt lat="55.85428" lon="37.63776">
        <ele>0</ele>
      </trkpt>
      <trkpt lat="55.8542299" lon="37.6376999">
        <ele>0</ele>
      </trkpt>
      <trkpt lat="55.8541899" lon="37.6376399">
        <ele>0</ele>
      </trkpt>
      <trkpt lat="55.85415" lon="37.63758">
        <ele>0</ele>
      </trkpt>
      <trkpt lat="55.8541" lon="37.63752">
        <ele>0</ele>
      </trkpt>
      <trkpt lat="55.8540599" lon="37.63745">
        <ele>0</ele>
      </trkpt>
      <trkpt lat="55.85402" lon="37.6373799">
        <ele>0</ele>
      </trkpt>
      <trkpt lat="55.8539899" lon="37.6373099">
        <ele>0</ele>
      </trkpt>
      <trkpt lat="55.85394" lon="37.63723">
        <ele>0</ele>
      </trkpt>
      <trkpt lat="55.8538999" lon="37.63716">
        <ele>0</ele>
      </trkpt>
      <trkpt lat="55.8538599" lon="37.63709">
        <ele>0</ele>
      </trkpt>
      <trkpt lat="55.85381" lon="37.6370099">
        <ele>0</ele>
      </trkpt>
      <trkpt lat="55.8537699" lon="37.6369499">
        <ele>0</ele>
      </trkpt>
      <trkpt lat="55.8537299" lon="37.6368799">
        <ele>0</ele>
      </trkpt>
      <trkpt lat="55.8536999" lon="37.6368">
        <ele>0</ele>
      </trkpt>
      <trkpt lat="55.8536699" lon="37.6367199">
        <ele>0</ele>
      </trkpt>
      <trkpt lat="55.8536299" lon="37.63664">
        <ele>0</ele>
      </trkpt>
      <trkpt lat="55.8535999" lon="37.63657">
        <ele>0</ele>
      </trkpt>
      <trkpt lat="55.85356" lon="37.6365">
        <ele>0</ele>
      </trkpt>
      <trkpt lat="55.85351" lon="37.63644">
        <ele>0</ele>
      </trkpt>
      <trkpt lat="55.85346" lon="37.6363899">
        <ele>0</ele>
      </trkpt>
      <trkpt lat="55.85342" lon="37.63634">
        <ele>0</ele>
      </trkpt>
      <trkpt lat="55.85338" lon="37.63628">
        <ele>0</ele>
      </trkpt>
      <trkpt lat="55.85333" lon="37.63622">
        <ele>0</ele>
      </trkpt>
      <trkpt lat="55.85329" lon="37.6361599">
        <ele>0</ele>
      </trkpt>
      <trkpt lat="55.85325" lon="37.6360999">
        <ele>0</ele>
      </trkpt>
      <trkpt lat="55.8531999" lon="37.63604">
        <ele>0</ele>
      </trkpt>
      <trkpt lat="55.85316" lon="37.63599">
        <ele>0</ele>
      </trkpt>
      <trkpt lat="55.85312" lon="37.6359599">
        <ele>0</ele>
      </trkpt>
      <trkpt lat="55.8530699" lon="37.6359299">
        <ele>0</ele>
      </trkpt>
      <trkpt lat="55.85303" lon="37.63591">
        <ele>0</ele>
      </trkpt>
      <trkpt lat="55.8529799" lon="37.63591">
        <ele>0</ele>
      </trkpt>
      <trkpt lat="55.85293" lon="37.63591">
        <ele>0</ele>
      </trkpt>
      <trkpt lat="55.8528799" lon="37.6358999">
        <ele>0</ele>
      </trkpt>
      <trkpt lat="55.85283" lon="37.63588">
        <ele>0</ele>
      </trkpt>
      <trkpt lat="55.85277" lon="37.63585">
        <ele>0</ele>
      </trkpt>
      <trkpt lat="55.85273" lon="37.63581">
        <ele>0</ele>
      </trkpt>
      <trkpt lat="55.85269" lon="37.63575">
        <ele>0</ele>
      </trkpt>
      <trkpt lat="55.8526799" lon="37.6356699">
        <ele>0</ele>
      </trkpt>
      <trkpt lat="55.8526799" lon="37.63559">
        <ele>0</ele>
      </trkpt>
      <trkpt lat="55.8526799" lon="37.6354999">
        <ele>0</ele>
      </trkpt>
      <trkpt lat="55.85267" lon="37.63543">
        <ele>0</ele>
      </trkpt>
      <trkpt lat="55.85264" lon="37.6353799">
        <ele>0</ele>
      </trkpt>
      <trkpt lat="55.85259" lon="37.6353399">
        <ele>0</ele>
      </trkpt>
      <trkpt lat="55.8525499" lon="37.63532">
        <ele>0</ele>
      </trkpt>
      <trkpt lat="55.8525" lon="37.6353">
        <ele>0</ele>
      </trkpt>
      <trkpt lat="55.8524499" lon="37.63529">
        <ele>0</ele>
      </trkpt>
      <trkpt lat="55.8524" lon="37.6352699">
        <ele>0</ele>
      </trkpt>
      <trkpt lat="55.85234" lon="37.6352399">
        <ele>0</ele>
      </trkpt>
      <trkpt lat="55.8522899" lon="37.63522">
        <ele>0</ele>
      </trkpt>
      <trkpt lat="55.85224" lon="37.6352">
        <ele>0</ele>
      </trkpt>
      <trkpt lat="55.85218" lon="37.6351799">
        <ele>0</ele>
      </trkpt>
      <trkpt lat="55.85213" lon="37.63517">
        <ele>0</ele>
      </trkpt>
      <trkpt lat="55.85208" lon="37.6351499">
        <ele>0</ele>
      </trkpt>
      <trkpt lat="55.8520199" lon="37.63512">
        <ele>0</ele>
      </trkpt>
      <trkpt lat="55.85197" lon="37.6351099">
        <ele>0</ele>
      </trkpt>
      <trkpt lat="55.85191" lon="37.63509">
        <ele>0</ele>
      </trkpt>
      <trkpt lat="55.85185" lon="37.63507">
        <ele>0</ele>
      </trkpt>
      <trkpt lat="55.8517899" lon="37.6350499">
        <ele>0</ele>
      </trkpt>
      <trkpt lat="55.8517299" lon="37.63503">
        <ele>0</ele>
      </trkpt>
      <trkpt lat="55.8516599" lon="37.6350099">
        <ele>0</ele>
      </trkpt>
      <trkpt lat="55.8515999" lon="37.63499">
        <ele>0</ele>
      </trkpt>
      <trkpt lat="55.8515299" lon="37.6349799">
        <ele>0</ele>
      </trkpt>
      <trkpt lat="55.85146" lon="37.63497">
        <ele>0</ele>
      </trkpt>
      <trkpt lat="55.8513999" lon="37.63496">
        <ele>0</ele>
      </trkpt>
      <trkpt lat="55.8513299" lon="37.63496">
        <ele>0</ele>
      </trkpt>
      <trkpt lat="55.8512699" lon="37.63494">
        <ele>0</ele>
      </trkpt>
      <trkpt lat="55.8511999" lon="37.63493">
        <ele>0</ele>
      </trkpt>
      <trkpt lat="55.8511399" lon="37.6349099">
        <ele>0</ele>
      </trkpt>
      <trkpt lat="55.8510699" lon="37.6348799">
        <ele>0</ele>
      </trkpt>
      <trkpt lat="55.8510099" lon="37.63486">
        <ele>0</ele>
      </trkpt>
      <trkpt lat="55.8509399" lon="37.6348199">
        <ele>0</ele>
      </trkpt>
      <trkpt lat="55.8508799" lon="37.6348">
        <ele>0</ele>
      </trkpt>
      <trkpt lat="55.8508099" lon="37.6347799">
        <ele>0</ele>
      </trkpt>
      <trkpt lat="55.8507399" lon="37.63477">
        <ele>0</ele>
      </trkpt>
      <trkpt lat="55.8506799" lon="37.63474">
        <ele>0</ele>
      </trkpt>
      <trkpt lat="55.85062" lon="37.6347199">
        <ele>0</ele>
      </trkpt>
      <trkpt lat="55.85056" lon="37.63471">
        <ele>0</ele>
      </trkpt>
      <trkpt lat="55.8505" lon="37.6346899">
        <ele>0</ele>
      </trkpt>
      <trkpt lat="55.85044" lon="37.6346799">
        <ele>0</ele>
      </trkpt>
      <trkpt lat="55.8503799" lon="37.63466">
        <ele>0</ele>
      </trkpt>
      <trkpt lat="55.8503199" lon="37.63464">
        <ele>0</ele>
      </trkpt>
      <trkpt lat="55.85026" lon="37.6346199">
        <ele>0</ele>
      </trkpt>
      <trkpt lat="55.8502" lon="37.6346">
        <ele>0</ele>
      </trkpt>
      <trkpt lat="55.85014" lon="37.6345899">
        <ele>0</ele>
      </trkpt>
      <trkpt lat="55.85008" lon="37.63457">
        <ele>0</ele>
      </trkpt>
      <trkpt lat="55.8500199" lon="37.6345499">
        <ele>0</ele>
      </trkpt>
      <trkpt lat="55.8499599" lon="37.63453">
        <ele>0</ele>
      </trkpt>
      <trkpt lat="55.8499" lon="37.6345199">
        <ele>0</ele>
      </trkpt>
      <trkpt lat="55.84984" lon="37.6345">
        <ele>0</ele>
      </trkpt>
      <trkpt lat="55.84978" lon="37.63448">
        <ele>0</ele>
      </trkpt>
      <trkpt lat="55.84972" lon="37.6344599">
        <ele>0</ele>
      </trkpt>
      <trkpt lat="55.84967" lon="37.6344599">
        <ele>0</ele>
      </trkpt>
      <trkpt lat="55.84961" lon="37.6344499">
        <ele>0</ele>
      </trkpt>
      <trkpt lat="55.8495599" lon="37.63443">
        <ele>0</ele>
      </trkpt>
      <trkpt lat="55.84951" lon="37.6344">
        <ele>0</ele>
      </trkpt>
      <trkpt lat="55.84945" lon="37.63438">
        <ele>0</ele>
      </trkpt>
      <trkpt lat="55.8493999" lon="37.6343499">
        <ele>0</ele>
      </trkpt>
      <trkpt lat="55.8493599" lon="37.6343">
        <ele>0</ele>
      </trkpt>
      <trkpt lat="55.84932" lon="37.63425">
        <ele>0</ele>
      </trkpt>
      <trkpt lat="55.8492699" lon="37.63421">
        <ele>0</ele>
      </trkpt>
      <trkpt lat="55.84922" lon="37.63418">
        <ele>0</ele>
      </trkpt>
      <trkpt lat="55.84916" lon="37.6341599">
        <ele>0</ele>
      </trkpt>
      <trkpt lat="55.8490999" lon="37.6341299">
        <ele>0</ele>
      </trkpt>
      <trkpt lat="55.84905" lon="37.63408">
        <ele>0</ele>
      </trkpt>
      <trkpt lat="55.84899" lon="37.6340299">
        <ele>0</ele>
      </trkpt>
      <trkpt lat="55.84893" lon="37.6339999">
        <ele>0</ele>
      </trkpt>
      <trkpt lat="55.84886" lon="37.6339999">
        <ele>0</ele>
      </trkpt>
      <trkpt lat="55.84879" lon="37.6339999">
        <ele>0</ele>
      </trkpt>
      <trkpt lat="55.8487099" lon="37.6339999">
        <ele>0</ele>
      </trkpt>
      <trkpt lat="55.8486399" lon="37.63404">
        <ele>0</ele>
      </trkpt>
      <trkpt lat="55.84857" lon="37.63408">
        <ele>0</ele>
      </trkpt>
      <trkpt lat="55.84849" lon="37.63412">
        <ele>0</ele>
      </trkpt>
      <trkpt lat="55.8484199" lon="37.6341599">
        <ele>0</ele>
      </trkpt>
      <trkpt lat="55.84834" lon="37.6342">
        <ele>0</ele>
      </trkpt>
      <trkpt lat="55.84827" lon="37.63425">
        <ele>0</ele>
      </trkpt>
      <trkpt lat="55.8482" lon="37.6343">
        <ele>0</ele>
      </trkpt>
      <trkpt lat="55.84813" lon="37.63434">
        <ele>0</ele>
      </trkpt>
      <trkpt lat="55.84806" lon="37.63438">
        <ele>0</ele>
      </trkpt>
      <trkpt lat="55.848" lon="37.63443">
        <ele>0</ele>
      </trkpt>
      <trkpt lat="55.84793" lon="37.6344499">
        <ele>0</ele>
      </trkpt>
      <trkpt lat="55.8478599" lon="37.63448">
        <ele>0</ele>
      </trkpt>
      <trkpt lat="55.8477899" lon="37.6345199">
        <ele>0</ele>
      </trkpt>
      <trkpt lat="55.8477299" lon="37.6345599">
        <ele>0</ele>
      </trkpt>
      <trkpt lat="55.84765" lon="37.6345899">
        <ele>0</ele>
      </trkpt>
      <trkpt lat="55.8475899" lon="37.63464">
        <ele>0</ele>
      </trkpt>
      <trkpt lat="55.84752" lon="37.63467">
        <ele>0</ele>
      </trkpt>
      <trkpt lat="55.84745" lon="37.63471">
        <ele>0</ele>
      </trkpt>
      <trkpt lat="55.84738" lon="37.6347499">
        <ele>0</ele>
      </trkpt>
      <trkpt lat="55.84731" lon="37.6347799">
        <ele>0</ele>
      </trkpt>
      <trkpt lat="55.84725" lon="37.6348099">
        <ele>0</ele>
      </trkpt>
      <trkpt lat="55.84718" lon="37.63484">
        <ele>0</ele>
      </trkpt>
      <trkpt lat="55.84712" lon="37.63487">
        <ele>0</ele>
      </trkpt>
      <trkpt lat="55.84706" lon="37.6349">
        <ele>0</ele>
      </trkpt>
      <trkpt lat="55.84699" lon="37.63493">
        <ele>0</ele>
      </trkpt>
      <trkpt lat="55.8469399" lon="37.63497">
        <ele>0</ele>
      </trkpt>
      <trkpt lat="55.84688" lon="37.63503">
        <ele>0</ele>
      </trkpt>
      <trkpt lat="55.84685" lon="37.6351">
        <ele>0</ele>
      </trkpt>
      <trkpt lat="55.8468099" lon="37.63516">
        <ele>0</ele>
      </trkpt>
      <trkpt lat="55.84678" lon="37.6352099">
        <ele>0</ele>
      </trkpt>
      <trkpt lat="55.84675" lon="37.63525">
        <ele>0</ele>
      </trkpt>
      <trkpt lat="55.84673" lon="37.63529">
        <ele>0</ele>
      </trkpt>
      <trkpt lat="55.84672" lon="37.63533">
        <ele>0</ele>
      </trkpt>
      <trkpt lat="55.8467099" lon="37.63535">
        <ele>0</ele>
      </trkpt>
      <trkpt lat="55.8467099" lon="37.6353799">
        <ele>0</ele>
      </trkpt>
      <trkpt lat="55.8467099" lon="37.6353799">
        <ele>0</ele>
      </trkpt>
      <trkpt lat="55.8467099" lon="37.6353799">
        <ele>0</ele>
      </trkpt>
      <trkpt lat="55.8467" lon="37.63536">
        <ele>0</ele>
      </trkpt>
      <trkpt lat="55.84665" lon="37.63536">
        <ele>0</ele>
      </trkpt>
      <trkpt lat="55.8466099" lon="37.6353699">
        <ele>0</ele>
      </trkpt>
      <trkpt lat="55.8465699" lon="37.6353699">
        <ele>0</ele>
      </trkpt>
      <trkpt lat="55.84653" lon="37.6353799">
        <ele>0</ele>
      </trkpt>
      <trkpt lat="55.8465" lon="37.6354">
        <ele>0</ele>
      </trkpt>
      <trkpt lat="55.84646" lon="37.63543">
        <ele>0</ele>
      </trkpt>
      <trkpt lat="55.8464399" lon="37.63546">
        <ele>0</ele>
      </trkpt>
      <trkpt lat="55.84642" lon="37.63549">
        <ele>0</ele>
      </trkpt>
      <trkpt lat="55.8464" lon="37.63552">
        <ele>0</ele>
      </trkpt>
      <trkpt lat="55.8464" lon="37.6355399">
        <ele>0</ele>
      </trkpt>
      <trkpt lat="55.8464099" lon="37.63552">
        <ele>0</ele>
      </trkpt>
      <trkpt lat="55.8464099" lon="37.63552">
        <ele>0</ele>
      </trkpt>
      <trkpt lat="55.8464099" lon="37.63552">
        <ele>0</ele>
      </trkpt>
      <trkpt lat="55.8464099" lon="37.63552">
        <ele>0</ele>
      </trkpt>
      <trkpt lat="55.84642" lon="37.63553">
        <ele>0</ele>
      </trkpt>
      <trkpt lat="55.84642" lon="37.63555">
        <ele>0</ele>
      </trkpt>
      <trkpt lat="55.84642" lon="37.63556">
        <ele>0</ele>
      </trkpt>
      <trkpt lat="55.84643" lon="37.63559">
        <ele>0</ele>
      </trkpt>
      <trkpt lat="55.84643" lon="37.63562">
        <ele>0</ele>
      </trkpt>
      <trkpt lat="55.84643" lon="37.6356699">
        <ele>0</ele>
      </trkpt>
      <trkpt lat="55.84643" lon="37.6357299">
        <ele>0</ele>
      </trkpt>
      <trkpt lat="55.84643" lon="37.63579">
        <ele>0</ele>
      </trkpt>
      <trkpt lat="55.84642" lon="37.63585">
        <ele>0</ele>
      </trkpt>
      <trkpt lat="55.8464099" lon="37.63591">
        <ele>0</ele>
      </trkpt>
      <trkpt lat="55.8464099" lon="37.63598">
        <ele>0</ele>
      </trkpt>
      <trkpt lat="55.8464" lon="37.6360699">
        <ele>0</ele>
      </trkpt>
      <trkpt lat="55.84639" lon="37.63614">
        <ele>0</ele>
      </trkpt>
      <trkpt lat="55.8463799" lon="37.63624">
        <ele>0</ele>
      </trkpt>
      <trkpt lat="55.84636" lon="37.63631">
        <ele>0</ele>
      </trkpt>
      <trkpt lat="55.84633" lon="37.6364">
        <ele>0</ele>
      </trkpt>
      <trkpt lat="55.8463099" lon="37.6365">
        <ele>0</ele>
      </trkpt>
      <trkpt lat="55.84627" lon="37.6366599">
        <ele>0</ele>
      </trkpt>
      <trkpt lat="55.84623" lon="37.6368">
        <ele>0</ele>
      </trkpt>
      <trkpt lat="55.8462199" lon="37.6369199">
        <ele>0</ele>
      </trkpt>
      <trkpt lat="55.8462099" lon="37.63703">
        <ele>0</ele>
      </trkpt>
      <trkpt lat="55.8462" lon="37.6371399">
        <ele>0</ele>
      </trkpt>
      <trkpt lat="55.8462" lon="37.6372499">
        <ele>0</ele>
      </trkpt>
      <trkpt lat="55.84619" lon="37.6373499">
        <ele>0</ele>
      </trkpt>
      <trkpt lat="55.8461799" lon="37.63746">
        <ele>0</ele>
      </trkpt>
      <trkpt lat="55.84617" lon="37.6375699">
        <ele>0</ele>
      </trkpt>
      <trkpt lat="55.84617" lon="37.63765">
        <ele>0</ele>
      </trkpt>
      <trkpt lat="55.84616" lon="37.63772">
        <ele>0</ele>
      </trkpt>
      <trkpt lat="55.8461499" lon="37.6377699">
        <ele>0</ele>
      </trkpt>
      <trkpt lat="55.84613" lon="37.63782">
        <ele>0</ele>
      </trkpt>
      <trkpt lat="55.8461199" lon="37.63786">
        <ele>0</ele>
      </trkpt>
      <trkpt lat="55.8461" lon="37.63792">
        <ele>0</ele>
      </trkpt>
      <trkpt lat="55.8460899" lon="37.63799">
        <ele>0</ele>
      </trkpt>
      <trkpt lat="55.8460799" lon="37.6380699">
        <ele>0</ele>
      </trkpt>
      <trkpt lat="55.84607" lon="37.6381299">
        <ele>0</ele>
      </trkpt>
      <trkpt lat="55.84606" lon="37.6381999">
        <ele>0</ele>
      </trkpt>
      <trkpt lat="55.8460499" lon="37.6382599">
        <ele>0</ele>
      </trkpt>
      <trkpt lat="55.84603" lon="37.63835">
        <ele>0</ele>
      </trkpt>
      <trkpt lat="55.84601" lon="37.63842">
        <ele>0</ele>
      </trkpt>
      <trkpt lat="55.8459899" lon="37.6384899">
        <ele>0</ele>
      </trkpt>
      <trkpt lat="55.84597" lon="37.6385599">
        <ele>0</ele>
      </trkpt>
      <trkpt lat="55.84596" lon="37.6386499">
        <ele>0</ele>
      </trkpt>
      <trkpt lat="55.8459499" lon="37.63874">
        <ele>0</ele>
      </trkpt>
      <trkpt lat="55.8459499" lon="37.63884">
        <ele>0</ele>
      </trkpt>
      <trkpt lat="55.84596" lon="37.6389499">
        <ele>0</ele>
      </trkpt>
      <trkpt lat="55.84597" lon="37.6390499">
        <ele>0</ele>
      </trkpt>
      <trkpt lat="55.8459799" lon="37.6391499">
        <ele>0</ele>
      </trkpt>
      <trkpt lat="55.8459799" lon="37.63924">
        <ele>0</ele>
      </trkpt>
      <trkpt lat="55.8459799" lon="37.63933">
        <ele>0</ele>
      </trkpt>
      <trkpt lat="55.8459799" lon="37.63942">
        <ele>0</ele>
      </trkpt>
      <trkpt lat="55.8459799" lon="37.6394499">
        <ele>0</ele>
      </trkpt>
      <trkpt lat="55.8459799" lon="37.6394799">
        <ele>0</ele>
      </trkpt>
      <trkpt lat="55.84597" lon="37.6395099">
        <ele>0</ele>
      </trkpt>
      <trkpt lat="55.84594" lon="37.63953">
        <ele>0</ele>
      </trkpt>
      <trkpt lat="55.84594" lon="37.6395399">
        <ele>0</ele>
      </trkpt>
      <trkpt lat="55.84593" lon="37.63953">
        <ele>0</ele>
      </trkpt>
      <trkpt lat="55.8459199" lon="37.63953">
        <ele>0</ele>
      </trkpt>
      <trkpt lat="55.84591" lon="37.63953">
        <ele>0</ele>
      </trkpt>
      <trkpt lat="55.8458899" lon="37.63952">
        <ele>0</ele>
      </trkpt>
      <trkpt lat="55.8458799" lon="37.6395099">
        <ele>0</ele>
      </trkpt>
      <trkpt lat="55.84587" lon="37.6395099">
        <ele>0</ele>
      </trkpt>
      <trkpt lat="55.8458499" lon="37.6395">
        <ele>0</ele>
      </trkpt>
      <trkpt lat="55.84583" lon="37.6395">
        <ele>0</ele>
      </trkpt>
      <trkpt lat="55.8458199" lon="37.6395099">
        <ele>0</ele>
      </trkpt>
      <trkpt lat="55.8457899" lon="37.6395099">
        <ele>0</ele>
      </trkpt>
    </trkseg>
    <trkseg>
      <trkpt lat="55.815594" lon="37.323256">
        <ele>0</ele>
      </trkpt>
      <trkpt lat="55.815624" lon="37.323176">
        <ele>0</ele>
      </trkpt>
      <trkpt lat="55.815512" lon="37.323041">
        <ele>0</ele>
      </trkpt>
      <trkpt lat="55.815187" lon="37.322632">
        <ele>0</ele>
      </trkpt>
      <trkpt lat="55.814884" lon="37.322239">
        <ele>0</ele>
      </trkpt>
      <trkpt lat="55.814846" lon="37.322172">
        <ele>0</ele>
      </trkpt>
      <trkpt lat="55.814749" lon="37.322038">
        <ele>0</ele>
      </trkpt>
      <trkpt lat="55.814573" lon="37.321847">
        <ele>0</ele>
      </trkpt>
      <trkpt lat="55.814423" lon="37.321683">
        <ele>0</ele>
      </trkpt>
      <trkpt lat="55.814162" lon="37.321374">
        <ele>0</ele>
      </trkpt>
      <trkpt lat="55.814062" lon="37.321256">
        <ele>0</ele>
      </trkpt>
      <trkpt lat="55.814015" lon="37.321188">
        <ele>0</ele>
      </trkpt>
      <trkpt lat="55.813931" lon="37.321067">
        <ele>0</ele>
      </trkpt>
      <trkpt lat="55.813909" lon="37.321012">
        <ele>0</ele>
      </trkpt>
      <trkpt lat="55.813892" lon="37.320797">
        <ele>0</ele>
      </trkpt>
      <trkpt lat="55.813876" lon="37.320736">
        <ele>0</ele>
      </trkpt>
      <trkpt lat="55.813849" lon="37.320706">
        <ele>0</ele>
      </trkpt>
      <trkpt lat="55.813816" lon="37.320696">
        <ele>0</ele>
      </trkpt>
      <trkpt lat="55.813729" lon="37.320697">
        <ele>0</ele>
      </trkpt>
      <trkpt lat="55.81369" lon="37.320697">
        <ele>0</ele>
      </trkpt>
      <trkpt lat="55.81367" lon="37.320689">
        <ele>0</ele>
      </trkpt>
      <trkpt lat="55.813636" lon="37.32066">
        <ele>0</ele>
      </trkpt>
      <trkpt lat="55.813595" lon="37.320619">
        <ele>0</ele>
      </trkpt>
      <trkpt lat="55.813548" lon="37.320545">
        <ele>0</ele>
      </trkpt>
      <trkpt lat="55.813396" lon="37.320364">
        <ele>0</ele>
      </trkpt>
      <trkpt lat="55.813351" lon="37.320423">
        <ele>0</ele>
      </trkpt>
      <trkpt lat="55.8132" lon="37.320232">
        <ele>0</ele>
      </trkpt>
      <trkpt lat="55.813235" lon="37.3202">
        <ele>0</ele>
      </trkpt>
      <trkpt lat="55.813212" lon="37.320149">
        <ele>0</ele>
      </trkpt>
      <trkpt lat="55.813156" lon="37.320069">
        <ele>0</ele>
      </trkpt>
      <trkpt lat="55.812736" lon="37.319551">
        <ele>0</ele>
      </trkpt>
      <trkpt lat="55.81248" lon="37.319231">
        <ele>0</ele>
      </trkpt>
      <trkpt lat="55.812471" lon="37.319189">
        <ele>0</ele>
      </trkpt>
      <trkpt lat="55.81248" lon="37.319231">
        <ele>0</ele>
      </trkpt>
      <trkpt lat="55.812321" lon="37.319035">
        <ele>0</ele>
      </trkpt>
      <trkpt lat="55.812296" lon="37.318993">
        <ele>0</ele>
      </trkpt>
      <trkpt lat="55.81227" lon="37.318939">
        <ele>0</ele>
      </trkpt>
      <trkpt lat="55.812248" lon="37.318879">
        <ele>0</ele>
      </trkpt>
      <trkpt lat="55.812228" lon="37.318818">
        <ele>0</ele>
      </trkpt>
      <trkpt lat="55.812205" lon="37.318717">
        <ele>0</ele>
      </trkpt>
      <trkpt lat="55.812178" lon="37.318543">
        <ele>0</ele>
      </trkpt>
      <trkpt lat="55.811991" lon="37.317178">
        <ele>0</ele>
      </trkpt>
      <trkpt lat="55.811951" lon="37.316924">
        <ele>0</ele>
      </trkpt>
      <trkpt lat="55.811917" lon="37.316787">
        <ele>0</ele>
      </trkpt>
      <trkpt lat="55.811896" lon="37.316632">
        <ele>0</ele>
      </trkpt>
      <trkpt lat="55.811893" lon="37.31653">
        <ele>0</ele>
      </trkpt>
      <trkpt lat="55.811733" lon="37.315318">
        <ele>0</ele>
      </trkpt>
      <trkpt lat="55.811726" lon="37.315241">
        <ele>0</ele>
      </trkpt>
      <trkpt lat="55.81172" lon="37.315107">
        <ele>0</ele>
      </trkpt>
      <trkpt lat="55.811725" lon="37.31492">
        <ele>0</ele>
      </trkpt>
      <trkpt lat="55.811738" lon="37.314724">
        <ele>0</ele>
      </trkpt>
      <trkpt lat="55.811771" lon="37.314333">
        <ele>0</ele>
      </trkpt>
      <trkpt lat="55.811797" lon="37.314035">
        <ele>0</ele>
      </trkpt>
      <trkpt lat="55.811824" lon="37.313741">
        <ele>0</ele>
      </trkpt>
      <trkpt lat="55.811848" lon="37.313484">
        <ele>0</ele>
      </trkpt>
      <trkpt lat="55.811853" lon="37.313415">
        <ele>0</ele>
      </trkpt>
      <trkpt lat="55.81191" lon="37.313431">
        <ele>0</ele>
      </trkpt>
      <trkpt lat="55.811959" lon="37.313442">
        <ele>0</ele>
      </trkpt>
      <trkpt lat="55.811965" lon="37.313343">
        <ele>0</ele>
      </trkpt>
      <trkpt lat="55.811993" lon="37.312461">
        <ele>0</ele>
      </trkpt>
      <trkpt lat="55.812013" lon="37.312025">
        <ele>0</ele>
      </trkpt>
      <trkpt lat="55.812021" lon="37.311998">
        <ele>0</ele>
      </trkpt>
      <trkpt lat="55.812038" lon="37.311969">
        <ele>0</ele>
      </trkpt>
      <trkpt lat="55.812048" lon="37.311871">
        <ele>0</ele>
      </trkpt>
      <trkpt lat="55.812101" lon="37.311195">
        <ele>0</ele>
      </trkpt>
      <trkpt lat="55.812113" lon="37.31108">
        <ele>0</ele>
      </trkpt>
      <trkpt lat="55.812141" lon="37.310864">
        <ele>0</ele>
      </trkpt>
      <trkpt lat="55.812166" lon="37.310652">
        <ele>0</ele>
      </trkpt>
      <trkpt lat="55.812199" lon="37.310402">
        <ele>0</ele>
      </trkpt>
      <trkpt lat="55.812205" lon="37.310361">
        <ele>0</ele>
      </trkpt>
      <trkpt lat="55.812212" lon="37.310326">
        <ele>0</ele>
      </trkpt>
      <trkpt lat="55.812366" lon="37.309697">
        <ele>0</ele>
      </trkpt>
      <trkpt lat="55.81241" lon="37.309516">
        <ele>0</ele>
      </trkpt>
      <trkpt lat="55.812768" lon="37.308484">
        <ele>0</ele>
      </trkpt>
      <trkpt lat="55.812867" lon="37.308255">
        <ele>0</ele>
      </trkpt>
      <trkpt lat="55.812921" lon="37.308145">
        <ele>0</ele>
      </trkpt>
      <trkpt lat="55.81294" lon="37.308106">
        <ele>0</ele>
      </trkpt>
      <trkpt lat="55.812958" lon="37.308105">
        <ele>0</ele>
      </trkpt>
      <trkpt lat="55.812966" lon="37.308001">
        <ele>0</ele>
      </trkpt>
      <trkpt lat="55.812988" lon="37.307952">
        <ele>0</ele>
      </trkpt>
      <trkpt lat="55.812999" lon="37.307929">
        <ele>0</ele>
      </trkpt>
      <trkpt lat="55.812971" lon="37.307888">
        <ele>0</ele>
      </trkpt>
      <trkpt lat="55.812931" lon="37.307825">
        <ele>0</ele>
      </trkpt>
      <trkpt lat="55.813285" lon="37.307103">
        <ele>0</ele>
      </trkpt>
      <trkpt lat="55.813383" lon="37.306905">
        <ele>0</ele>
      </trkpt>
      <trkpt lat="55.813435" lon="37.3068">
        <ele>0</ele>
      </trkpt>
      <trkpt lat="55.813472" lon="37.306726">
        <ele>0</ele>
      </trkpt>
      <trkpt lat="55.813544" lon="37.306583">
        <ele>0</ele>
      </trkpt>
      <trkpt lat="55.813562" lon="37.306548">
        <ele>0</ele>
      </trkpt>
      <trkpt lat="55.813709" lon="37.30625">
        <ele>0</ele>
      </trkpt>
      <trkpt lat="55.813917" lon="37.305824">
        <ele>0</ele>
      </trkpt>
      <trkpt lat="55.814006" lon="37.305642">
        <ele>0</ele>
      </trkpt>
      <trkpt lat="55.814045" lon="37.305562">
        <ele>0</ele>
      </trkpt>
      <trkpt lat="55.8141" lon="37.30545">
        <ele>0</ele>
      </trkpt>
      <trkpt lat="55.814222" lon="37.305199">
        <ele>0</ele>
      </trkpt>
      <trkpt lat="55.814228" lon="37.305183">
        <ele>0</ele>
      </trkpt>
      <trkpt lat="55.814228" lon="37.305175">
        <ele>0</ele>
      </trkpt>
      <trkpt lat="55.814228" lon="37.305167">
        <ele>0</ele>
      </trkpt>
      <trkpt lat="55.814221" lon="37.305154">
        <ele>0</ele>
      </trkpt>
      <trkpt lat="55.814015" lon="37.304826">
        <ele>0</ele>
      </trkpt>
      <trkpt lat="55.81405" lon="37.304758">
        <ele>0</ele>
      </trkpt>
      <trkpt lat="55.814043" lon="37.304748">
        <ele>0</ele>
      </trkpt>
      <trkpt lat="55.814029" lon="37.304725">
        <ele>0</ele>
      </trkpt>
      <trkpt lat="55.813984" lon="37.304812">
        <ele>0</ele>
      </trkpt>
      <trkpt lat="55.813908" lon="37.304677">
        <ele>0</ele>
      </trkpt>
      <trkpt lat="55.813895" lon="37.304655">
        <ele>0</ele>
      </trkpt>
      <trkpt lat="55.813841" lon="37.304758">
        <ele>0</ele>
      </trkpt>
      <trkpt lat="55.813827" lon="37.304735">
        <ele>0</ele>
      </trkpt>
      <trkpt lat="55.8139" lon="37.304594">
        <ele>0</ele>
      </trkpt>
      <trkpt lat="55.813914" lon="37.304527">
        <ele>0</ele>
      </trkpt>
      <trkpt lat="55.813934" lon="37.304486">
        <ele>0</ele>
      </trkpt>
      <trkpt lat="55.813964" lon="37.304429">
        <ele>0</ele>
      </trkpt>
      <trkpt lat="55.814" lon="37.304362">
        <ele>0</ele>
      </trkpt>
      <trkpt lat="55.814005" lon="37.304355">
        <ele>0</ele>
      </trkpt>
      <trkpt lat="55.814012" lon="37.304351">
        <ele>0</ele>
      </trkpt>
      <trkpt lat="55.81402" lon="37.304353">
        <ele>0</ele>
      </trkpt>
      <trkpt lat="55.814024" lon="37.304359">
        <ele>0</ele>
      </trkpt>
      <trkpt lat="55.81404" lon="37.304384">
        <ele>0</ele>
      </trkpt>
      <trkpt lat="55.814147" lon="37.304175">
        <ele>0</ele>
      </trkpt>
      <trkpt lat="55.814144" lon="37.30417">
        <ele>0</ele>
      </trkpt>
    </trkseg>
    <trkseg>
      <trkpt lat="55.81443" lon="37.30418">
        <ele>0</ele>
      </trkpt>
      <trkpt lat="55.814442" lon="37.304198">
        <ele>0</ele>
      </trkpt>
      <trkpt lat="55.814347" lon="37.304391">
        <ele>0</ele>
      </trkpt>
      <trkpt lat="55.814207" lon="37.304675">
        <ele>0</ele>
      </trkpt>
      <trkpt lat="55.814136" lon="37.304816">
        <ele>0</ele>
      </trkpt>
      <trkpt lat="55.814126" lon="37.304855">
        <ele>0</ele>
      </trkpt>
      <trkpt lat="55.814128" lon="37.304896">
        <ele>0</ele>
      </trkpt>
      <trkpt lat="55.814142" lon="37.304931">
        <ele>0</ele>
      </trkpt>
      <trkpt lat="55.814313" lon="37.305177">
        <ele>0</ele>
      </trkpt>
      <trkpt lat="55.814266" lon="37.305273">
        <ele>0</ele>
      </trkpt>
      <trkpt lat="55.814197" lon="37.305415">
        <ele>0</ele>
      </trkpt>
      <trkpt lat="55.814143" lon="37.305521">
        <ele>0</ele>
      </trkpt>
      <trkpt lat="55.814087" lon="37.305632">
        <ele>0</ele>
      </trkpt>
      <trkpt lat="55.813823" lon="37.306149">
        <ele>0</ele>
      </trkpt>
      <trkpt lat="55.813746" lon="37.306307">
        <ele>0</ele>
      </trkpt>
      <trkpt lat="55.813597" lon="37.306603">
        <ele>0</ele>
      </trkpt>
      <trkpt lat="55.81357" lon="37.306657">
        <ele>0</ele>
      </trkpt>
      <trkpt lat="55.813566" lon="37.306651">
        <ele>0</ele>
      </trkpt>
      <trkpt lat="55.81357" lon="37.306657">
        <ele>0</ele>
      </trkpt>
      <trkpt lat="55.813545" lon="37.306705">
        <ele>0</ele>
      </trkpt>
      <trkpt lat="55.813491" lon="37.306817">
        <ele>0</ele>
      </trkpt>
      <trkpt lat="55.813418" lon="37.306967">
        <ele>0</ele>
      </trkpt>
      <trkpt lat="55.813448" lon="37.307015">
        <ele>0</ele>
      </trkpt>
      <trkpt lat="55.813478" lon="37.307062">
        <ele>0</ele>
      </trkpt>
      <trkpt lat="55.813314" lon="37.307411">
        <ele>0</ele>
      </trkpt>
      <trkpt lat="55.81327" lon="37.307457">
        <ele>0</ele>
      </trkpt>
      <trkpt lat="55.813205" lon="37.307523">
        <ele>0</ele>
      </trkpt>
      <trkpt lat="55.812999" lon="37.307929">
        <ele>0</ele>
      </trkpt>
      <trkpt lat="55.812988" lon="37.307952">
        <ele>0</ele>
      </trkpt>
      <trkpt lat="55.812966" lon="37.308001">
        <ele>0</ele>
      </trkpt>
      <trkpt lat="55.812958" lon="37.308105">
        <ele>0</ele>
      </trkpt>
      <trkpt lat="55.81294" lon="37.308106">
        <ele>0</ele>
      </trkpt>
      <trkpt lat="55.812921" lon="37.308145">
        <ele>0</ele>
      </trkpt>
      <trkpt lat="55.812867" lon="37.308255">
        <ele>0</ele>
      </trkpt>
      <trkpt lat="55.812768" lon="37.308484">
        <ele>0</ele>
      </trkpt>
      <trkpt lat="55.81241" lon="37.309516">
        <ele>0</ele>
      </trkpt>
      <trkpt lat="55.812366" lon="37.309697">
        <ele>0</ele>
      </trkpt>
      <trkpt lat="55.812212" lon="37.310326">
        <ele>0</ele>
      </trkpt>
      <trkpt lat="55.812205" lon="37.310361">
        <ele>0</ele>
      </trkpt>
      <trkpt lat="55.812199" lon="37.310402">
        <ele>0</ele>
      </trkpt>
      <trkpt lat="55.812166" lon="37.310652">
        <ele>0</ele>
      </trkpt>
      <trkpt lat="55.812141" lon="37.310864">
        <ele>0</ele>
      </trkpt>
      <trkpt lat="55.812113" lon="37.31108">
        <ele>0</ele>
      </trkpt>
      <trkpt lat="55.812101" lon="37.311195">
        <ele>0</ele>
      </trkpt>
      <trkpt lat="55.812048" lon="37.311871">
        <ele>0</ele>
      </trkpt>
      <trkpt lat="55.812038" lon="37.311969">
        <ele>0</ele>
      </trkpt>
      <trkpt lat="55.812021" lon="37.311998">
        <ele>0</ele>
      </trkpt>
      <trkpt lat="55.812013" lon="37.312025">
        <ele>0</ele>
      </trkpt>
      <trkpt lat="55.811993" lon="37.312461">
        <ele>0</ele>
      </trkpt>
      <trkpt lat="55.811965" lon="37.313343">
        <ele>0</ele>
      </trkpt>
      <trkpt lat="55.811959" lon="37.313442">
        <ele>0</ele>
      </trkpt>
      <trkpt lat="55.81191" lon="37.313431">
        <ele>0</ele>
      </trkpt>
      <trkpt lat="55.811853" lon="37.313415">
        <ele>0</ele>
      </trkpt>
      <trkpt lat="55.811848" lon="37.313484">
        <ele>0</ele>
      </trkpt>
      <trkpt lat="55.811824" lon="37.313741">
        <ele>0</ele>
      </trkpt>
      <trkpt lat="55.811797" lon="37.314035">
        <ele>0</ele>
      </trkpt>
      <trkpt lat="55.811771" lon="37.314333">
        <ele>0</ele>
      </trkpt>
      <trkpt lat="55.811738" lon="37.314724">
        <ele>0</ele>
      </trkpt>
      <trkpt lat="55.811725" lon="37.31492">
        <ele>0</ele>
      </trkpt>
      <trkpt lat="55.81172" lon="37.315107">
        <ele>0</ele>
      </trkpt>
      <trkpt lat="55.811726" lon="37.315241">
        <ele>0</ele>
      </trkpt>
      <trkpt lat="55.811733" lon="37.315318">
        <ele>0</ele>
      </trkpt>
      <trkpt lat="55.811893" lon="37.31653">
        <ele>0</ele>
      </trkpt>
      <trkpt lat="55.811896" lon="37.316632">
        <ele>0</ele>
      </trkpt>
      <trkpt lat="55.811917" lon="37.316787">
        <ele>0</ele>
      </trkpt>
      <trkpt lat="55.811951" lon="37.316924">
        <ele>0</ele>
      </trkpt>
      <trkpt lat="55.811991" lon="37.317178">
        <ele>0</ele>
      </trkpt>
      <trkpt lat="55.812178" lon="37.318543">
        <ele>0</ele>
      </trkpt>
      <trkpt lat="55.812205" lon="37.318717">
        <ele>0</ele>
      </trkpt>
      <trkpt lat="55.812228" lon="37.318818">
        <ele>0</ele>
      </trkpt>
      <trkpt lat="55.812248" lon="37.318879">
        <ele>0</ele>
      </trkpt>
      <trkpt lat="55.81227" lon="37.318939">
        <ele>0</ele>
      </trkpt>
      <trkpt lat="55.812296" lon="37.318993">
        <ele>0</ele>
      </trkpt>
      <trkpt lat="55.812321" lon="37.319035">
        <ele>0</ele>
      </trkpt>
      <trkpt lat="55.812463" lon="37.31921">
        <ele>0</ele>
      </trkpt>
      <trkpt lat="55.812471" lon="37.319189">
        <ele>0</ele>
      </trkpt>
      <trkpt lat="55.812463" lon="37.31921">
        <ele>0</ele>
      </trkpt>
      <trkpt lat="55.81248" lon="37.319231">
        <ele>0</ele>
      </trkpt>
      <trkpt lat="55.812736" lon="37.319551">
        <ele>0</ele>
      </trkpt>
      <trkpt lat="55.813156" lon="37.320069">
        <ele>0</ele>
      </trkpt>
      <trkpt lat="55.813212" lon="37.320149">
        <ele>0</ele>
      </trkpt>
      <trkpt lat="55.813235" lon="37.3202">
        <ele>0</ele>
      </trkpt>
      <trkpt lat="55.8132" lon="37.320232">
        <ele>0</ele>
      </trkpt>
      <trkpt lat="55.813351" lon="37.320423">
        <ele>0</ele>
      </trkpt>
      <trkpt lat="55.813396" lon="37.320364">
        <ele>0</ele>
      </trkpt>
      <trkpt lat="55.813548" lon="37.320545">
        <ele>0</ele>
      </trkpt>
      <trkpt lat="55.813595" lon="37.320619">
        <ele>0</ele>
      </trkpt>
      <trkpt lat="55.813636" lon="37.32066">
        <ele>0</ele>
      </trkpt>
      <trkpt lat="55.81367" lon="37.320689">
        <ele>0</ele>
      </trkpt>
      <trkpt lat="55.81369" lon="37.320697">
        <ele>0</ele>
      </trkpt>
      <trkpt lat="55.813729" lon="37.320697">
        <ele>0</ele>
      </trkpt>
      <trkpt lat="55.813816" lon="37.320696">
        <ele>0</ele>
      </trkpt>
      <trkpt lat="55.813849" lon="37.320706">
        <ele>0</ele>
      </trkpt>
      <trkpt lat="55.813876" lon="37.320736">
        <ele>0</ele>
      </trkpt>
      <trkpt lat="55.813892" lon="37.320797">
        <ele>0</ele>
      </trkpt>
      <trkpt lat="55.813909" lon="37.321012">
        <ele>0</ele>
      </trkpt>
      <trkpt lat="55.813931" lon="37.321067">
        <ele>0</ele>
      </trkpt>
      <trkpt lat="55.814015" lon="37.321188">
        <ele>0</ele>
      </trkpt>
      <trkpt lat="55.814062" lon="37.321256">
        <ele>0</ele>
      </trkpt>
      <trkpt lat="55.814162" lon="37.321374">
        <ele>0</ele>
      </trkpt>
      <trkpt lat="55.814423" lon="37.321683">
        <ele>0</ele>
      </trkpt>
      <trkpt lat="55.814573" lon="37.321847">
        <ele>0</ele>
      </trkpt>
      <trkpt lat="55.814749" lon="37.322038">
        <ele>0</ele>
      </trkpt>
      <trkpt lat="55.814846" lon="37.322172">
        <ele>0</ele>
      </trkpt>
      <trkpt lat="55.814884" lon="37.322239">
        <ele>0</ele>
      </trkpt>
      <trkpt lat="55.815187" lon="37.322632">
        <ele>0</ele>
      </trkpt>
      <trkpt lat="55.815512" lon="37.323041">
        <ele>0</ele>
      </trkpt>
      <trkpt lat="55.815616" lon="37.323166">
        <ele>0</ele>
      </trkpt>
      <trkpt lat="55.815612" lon="37.323175">
        <ele>0</ele>
      </trkpt>
    </trkseg>
  </trk>
</gpx>
