<?xml version="1.0" encoding="UTF-8"?>
<gpx version="1.1" creator="Route Map" xmlns="http://www.topografix.com/GPX/1/1">
  <trk>
    <name>Москва-Сити</name>
    <trkseg>
      <trkpt lat="55.747881" lon="37.531479">
        <ele>0</ele>
      </trkpt>
      <trkpt lat="55.747886" lon="37.531526">
        <ele>0</ele>
      </trkpt>
      <trkpt lat="55.747782" lon="37.531562">
        <ele>0</ele>
      </trkpt>
      <trkpt lat="55.747383" lon="37.531683">
        <ele>0</ele>
      </trkpt>
      <trkpt lat="55.747291" lon="37.531711">
        <ele>0</ele>
      </trkpt>
      <trkpt lat="55.747245" lon="37.531706">
        <ele>0</ele>
      </trkpt>
      <trkpt lat="55.747225" lon="37.531622">
        <ele>0</ele>
      </trkpt>
      <trkpt lat="55.746673" lon="37.531737">
        <ele>0</ele>
      </trkpt>
      <trkpt lat="55.746674" lon="37.531762">
        <ele>0</ele>
      </trkpt>
      <trkpt lat="55.746673" lon="37.531737">
        <ele>0</ele>
      </trkpt>
      <trkpt lat="55.746693" lon="37.531961">
        <ele>0</ele>
      </trkpt>
      <trkpt lat="55.746701" lon="37.532033">
        <ele>0</ele>
      </trkpt>
      <trkpt lat="55.746718" lon="37.532187">
        <ele>0</ele>
      </trkpt>
      <trkpt lat="55.746756" lon="37.532507">
        <ele>0</ele>
      </trkpt>
      <trkpt lat="55.74678" lon="37.532756">
        <ele>0</ele>
      </trkpt>
      <trkpt lat="55.746804" lon="37.532989">
        <ele>0</ele>
      </trkpt>
      <trkpt lat="55.746827" lon="37.533257">
        <ele>0</ele>
      </trkpt>
      <trkpt lat="55.746848" lon="37.533527">
        <ele>0</ele>
      </trkpt>
      <trkpt lat="55.746789" lon="37.533542">
        <ele>0</ele>
      </trkpt>
      <trkpt lat="55.746829" lon="37.533943">
        <ele>0</ele>
      </trkpt>
      <trkpt lat="55.746772" lon="37.53403">
        <ele>0</ele>
      </trkpt>
      <trkpt lat="55.746719" lon="37.534117">
        <ele>0</ele>
      </trkpt>
      <trkpt lat="55.746588" lon="37.534349">
        <ele>0</ele>
      </trkpt>
      <trkpt lat="55.746624" lon="37.534433">
        <ele>0</ele>
      </trkpt>
      <trkpt lat="55.746646" lon="37.534482">
        <ele>0</ele>
      </trkpt>
      <trkpt lat="55.746658" lon="37.534508">
        <ele>0</ele>
      </trkpt>
      <trkpt lat="55.746649" lon="37.534535">
        <ele>0</ele>
      </trkpt>
      <trkpt lat="55.746645" lon="37.534563">
        <ele>0</ele>
      </trkpt>
      <trkpt lat="55.746648" lon="37.534582">
        <ele>0</ele>
      </trkpt>
      <trkpt lat="55.746654" lon="37.534596">
        <ele>0</ele>
      </trkpt>
      <trkpt lat="55.746656" lon="37.534613">
        <ele>0</ele>
      </trkpt>
      <trkpt lat="55.746656" lon="37.534621">
        <ele>0</ele>
      </trkpt>
      <trkpt lat="55.746652" lon="37.534635">
        <ele>0</ele>
      </trkpt>
      <trkpt lat="55.746618" lon="37.534701">
        <ele>0</ele>
      </trkpt>
      <trkpt lat="55.746575" lon="37.534781">
        <ele>0</ele>
      </trkpt>
      <trkpt lat="55.746562" lon="37.534804">
        <ele>0</ele>
      </trkpt>
      <trkpt lat="55.746552" lon="37.53483">
        <ele>0</ele>
      </trkpt>
      <trkpt lat="55.746517" lon="37.534922">
        <ele>0</ele>
      </trkpt>
      <trkpt lat="55.746486" lon="37.534995">
        <ele>0</ele>
      </trkpt>
      <trkpt lat="55.746461" lon="37.534992">
        <ele>0</ele>
      </trkpt>
      <trkpt lat="55.746427" lon="37.534999">
        <ele>0</ele>
      </trkpt>
      <trkpt lat="55.746384" lon="37.535038">
        <ele>0</ele>
      </trkpt>
      <trkpt lat="55.746348" lon="37.535091">
        <ele>0</ele>
      </trkpt>
      <trkpt lat="55.746314" lon="37.535189">
        <ele>0</ele>
      </trkpt>
      <trkpt lat="55.74626" lon="37.535358">
        <ele>0</ele>
      </trkpt>
      <trkpt lat="55.746237" lon="37.535477">
        <ele>0</ele>
      </trkpt>
      <trkpt lat="55.746223" lon="37.535517">
        <ele>0</ele>
      </trkpt>
      <trkpt lat="55.746198" lon="37.53559">
        <ele>0</ele>
      </trkpt>
      <trkpt lat="55.746193" lon="37.535603">
        <ele>0</ele>
      </trkpt>
      <trkpt lat="55.746184" lon="37.535636">
        <ele>0</ele>
      </trkpt>
      <trkpt lat="55.746174" lon="37.535674">
        <ele>0</ele>
      </trkpt>
      <trkpt lat="55.746151" lon="37.535673">
        <ele>0</ele>
      </trkpt>
      <trkpt lat="55.746132" lon="37.535675">
        <ele>0</ele>
      </trkpt>
      <trkpt lat="55.746109" lon="37.53569">
        <ele>0</ele>
      </trkpt>
      <trkpt lat="55.746034" lon="37.535764">
        <ele>0</ele>
      </trkpt>
      <trkpt lat="55.745991" lon="37.535818">
        <ele>0</ele>
      </trkpt>
      <trkpt lat="55.745951" lon="37.53588">
        <ele>0</ele>
      </trkpt>
      <trkpt lat="55.745918" lon="37.535959">
        <ele>0</ele>
      </trkpt>
      <trkpt lat="55.745888" lon="37.536041">
        <ele>0</ele>
      </trkpt>
      <trkpt lat="55.745871" lon="37.536127">
        <ele>0</ele>
      </trkpt>
      <trkpt lat="55.745862" lon="37.536188">
        <ele>0</ele>
      </trkpt>
      <trkpt lat="55.745856" lon="37.536256">
        <ele>0</ele>
      </trkpt>
      <trkpt lat="55.745857" lon="37.536343">
        <ele>0</ele>
      </trkpt>
      <trkpt lat="55.745879" lon="37.536476">
        <ele>0</ele>
      </trkpt>
      <trkpt lat="55.745904" lon="37.536589">
        <ele>0</ele>
      </trkpt>
      <trkpt lat="55.745945" lon="37.536907">
        <ele>0</ele>
      </trkpt>
      <trkpt lat="55.745999" lon="37.537293">
        <ele>0</ele>
      </trkpt>
      <trkpt lat="55.746033" lon="37.537504">
        <ele>0</ele>
      </trkpt>
      <trkpt lat="55.746083" lon="37.537794">
        <ele>0</ele>
      </trkpt>
      <trkpt lat="55.746093" lon="37.537788">
        <ele>0</ele>
      </trkpt>
      <trkpt lat="55.746083" lon="37.537794">
        <ele>0</ele>
      </trkpt>
      <trkpt lat="55.746093" lon="37.537854">
        <ele>0</ele>
      </trkpt>
      <trkpt lat="55.746096" lon="37.537874">
        <ele>0</ele>
      </trkpt>
      <trkpt lat="55.746105" lon="37.537914">
        <ele>0</ele>
      </trkpt>
      <trkpt lat="55.746111" lon="37.53795">
        <ele>0</ele>
      </trkpt>
      <trkpt lat="55.746135" lon="37.53808">
        <ele>0</ele>
      </trkpt>
      <trkpt lat="55.74616" lon="37.538208">
        <ele>0</ele>
      </trkpt>
      <trkpt lat="55.746176" lon="37.538296">
        <ele>0</ele>
      </trkpt>
      <trkpt lat="55.746195" lon="37.53839">
        <ele>0</ele>
      </trkpt>
      <trkpt lat="55.746199" lon="37.538408">
        <ele>0</ele>
      </trkpt>
      <trkpt lat="55.746208" lon="37.538476">
        <ele>0</ele>
      </trkpt>
      <trkpt lat="55.746227" lon="37.538566">
        <ele>0</ele>
      </trkpt>
      <trkpt lat="55.746253" lon="37.53869">
        <ele>0</ele>
      </trkpt>
      <trkpt lat="55.746291" lon="37.538802">
        <ele>0</ele>
      </trkpt>
      <trkpt lat="55.746301" lon="37.538852">
        <ele>0</ele>
      </trkpt>
      <trkpt lat="55.746312" lon="37.538898">
        <ele>0</ele>
      </trkpt>
      <trkpt lat="55.746457" lon="37.539461">
        <ele>0</ele>
      </trkpt>
      <trkpt lat="55.746465" lon="37.539498">
        <ele>0</ele>
      </trkpt>
      <trkpt lat="55.746475" lon="37.539539">
        <ele>0</ele>
      </trkpt>
      <trkpt lat="55.746496" lon="37.539619">
        <ele>0</ele>
      </trkpt>
      <trkpt lat="55.746528" lon="37.539752">
        <ele>0</ele>
      </trkpt>
      <trkpt lat="55.746639" lon="37.540218">
        <ele>0</ele>
      </trkpt>
      <trkpt lat="55.746653" lon="37.540271">
        <ele>0</ele>
      </trkpt>
      <trkpt lat="55.746668" lon="37.540324">
        <ele>0</ele>
      </trkpt>
      <trkpt lat="55.746721" lon="37.54055">
        <ele>0</ele>
      </trkpt>
      <trkpt lat="55.746739" lon="37.54061">
        <ele>0</ele>
      </trkpt>
      <trkpt lat="55.746765" lon="37.540695">
        <ele>0</ele>
      </trkpt>
      <trkpt lat="55.74679" lon="37.540784">
        <ele>0</ele>
      </trkpt>
      <trkpt lat="55.747192" lon="37.542002">
        <ele>0</ele>
      </trkpt>
      <trkpt lat="55.747205" lon="37.542025">
        <ele>0</ele>
      </trkpt>
      <trkpt lat="55.747225" lon="37.542037">
        <ele>0</ele>
      </trkpt>
      <trkpt lat="55.74723" lon="37.542053">
        <ele>0</ele>
      </trkpt>
      <trkpt lat="55.747247" lon="37.542102">
        <ele>0</ele>
      </trkpt>
      <trkpt lat="55.74729" lon="37.542225">
        <ele>0</ele>
      </trkpt>
      <trkpt lat="55.74731" lon="37.542283">
        <ele>0</ele>
      </trkpt>
      <trkpt lat="55.747326" lon="37.542326">
        <ele>0</ele>
      </trkpt>
      <trkpt lat="55.747357" lon="37.542419">
        <ele>0</ele>
      </trkpt>
      <trkpt lat="55.747324" lon="37.542455">
        <ele>0</ele>
      </trkpt>
      <trkpt lat="55.747282" lon="37.5425">
        <ele>0</ele>
      </trkpt>
      <trkpt lat="55.747197" lon="37.542592">
        <ele>0</ele>
      </trkpt>
      <trkpt lat="55.747141" lon="37.542652">
        <ele>0</ele>
      </trkpt>
      <trkpt lat="55.747131" lon="37.542663">
        <ele>0</ele>
      </trkpt>
      <trkpt lat="55.747287" lon="37.543096">
        <ele>0</ele>
      </trkpt>
      <trkpt lat="55.747211" lon="37.543185">
        <ele>0</ele>
      </trkpt>
      <trkpt lat="55.747206" lon="37.543199">
        <ele>0</ele>
      </trkpt>
      <trkpt lat="55.747206" lon="37.543216">
        <ele>0</ele>
      </trkpt>
      <trkpt lat="55.747212" lon="37.543235">
        <ele>0</ele>
      </trkpt>
      <trkpt lat="55.747352" lon="37.543557">
        <ele>0</ele>
      </trkpt>
      <trkpt lat="55.747578" lon="37.544049">
        <ele>0</ele>
      </trkpt>
      <trkpt lat="55.747776" lon="37.544474">
        <ele>0</ele>
      </trkpt>
      <trkpt lat="55.747785" lon="37.544496">
        <ele>0</ele>
      </trkpt>
      <trkpt lat="55.747826" lon="37.544587">
        <ele>0</ele>
      </trkpt>
      <trkpt lat="55.747845" lon="37.544622">
        <ele>0</ele>
      </trkpt>
      <trkpt lat="55.748153" lon="37.545319">
        <ele>0</ele>
      </trkpt>
      <trkpt lat="55.74816" lon="37.545332">
        <ele>0</ele>
      </trkpt>
      <trkpt lat="55.748177" lon="37.545355">
        <ele>0</ele>
      </trkpt>
      <trkpt lat="55.748289" lon="37.545474">
        <ele>0</ele>
      </trkpt>
      <trkpt lat="55.748403" lon="37.545704">
        <ele>0</ele>
      </trkpt>
      <trkpt lat="55.748696" lon="37.546297">
        <ele>0</ele>
      </trkpt>
      <trkpt lat="55.748864" lon="37.546637">
        <ele>0</ele>
      </trkpt>
      <trkpt lat="55.749023" lon="37.546958">
        <ele>0</ele>
      </trkpt>
      <trkpt lat="55.749213" lon="37.547344">
        <ele>0</ele>
      </trkpt>
      <trkpt lat="55.749234" lon="37.547386">
        <ele>0</ele>
      </trkpt>
      <trkpt lat="55.749257" lon="37.547349">
        <ele>0</ele>
      </trkpt>
      <trkpt lat="55.749234" lon="37.547386">
        <ele>0</ele>
      </trkpt>
      <trkpt lat="55.749243" lon="37.547405">
        <ele>0</ele>
      </trkpt>
      <trkpt lat="55.749254" lon="37.547437">
        <ele>0</ele>
      </trkpt>
      <trkpt lat="55.749333" lon="37.547715">
        <ele>0</ele>
      </trkpt>
      <trkpt lat="55.74934" lon="37.547731">
        <ele>0</ele>
      </trkpt>
      <trkpt lat="55.749625" lon="37.548317">
        <ele>0</ele>
      </trkpt>
      <trkpt lat="55.749708" lon="37.548484">
        <ele>0</ele>
      </trkpt>
      <trkpt lat="55.749838" lon="37.54874">
        <ele>0</ele>
      </trkpt>
      <trkpt lat="55.749977" lon="37.549">
        <ele>0</ele>
      </trkpt>
      <trkpt lat="55.750301" lon="37.549661">
        <ele>0</ele>
      </trkpt>
      <trkpt lat="55.750362" lon="37.549738">
        <ele>0</ele>
      </trkpt>
      <trkpt lat="55.750448" lon="37.549846">
        <ele>0</ele>
      </trkpt>
      <trkpt lat="55.750811" lon="37.550585">
        <ele>0</ele>
      </trkpt>
      <trkpt lat="55.750838" lon="37.55058">
        <ele>0</ele>
      </trkpt>
      <trkpt lat="55.750859" lon="37.550586">
        <ele>0</ele>
      </trkpt>
      <trkpt lat="55.750876" lon="37.550607">
        <ele>0</ele>
      </trkpt>
      <trkpt lat="55.75103" lon="37.550927">
        <ele>0</ele>
      </trkpt>
      <trkpt lat="55.751192" lon="37.551276">
        <ele>0</ele>
      </trkpt>
      <trkpt lat="55.751611" lon="37.552257">
        <ele>0</ele>
      </trkpt>
      <trkpt lat="55.751651" lon="37.552357">
        <ele>0</ele>
      </trkpt>
      <trkpt lat="55.751909" lon="37.553008">
        <ele>0</ele>
      </trkpt>
      <trkpt lat="55.751954" lon="37.553129">
        <ele>0</ele>
      </trkpt>
      <trkpt lat="55.752132" lon="37.553612">
        <ele>0</ele>
      </trkpt>
      <trkpt lat="55.752261" lon="37.553963">
        <ele>0</ele>
      </trkpt>
      <trkpt lat="55.752831" lon="37.555685">
        <ele>0</ele>
      </trkpt>
      <trkpt lat="55.752837" lon="37.555706">
        <ele>0</ele>
      </trkpt>
      <trkpt lat="55.75284" lon="37.555725">
        <ele>0</ele>
      </trkpt>
      <trkpt lat="55.752841" lon="37.555748">
        <ele>0</ele>
      </trkpt>
      <trkpt lat="55.752835" lon="37.555835">
        <ele>0</ele>
      </trkpt>
      <trkpt lat="55.752974" lon="37.556292">
        <ele>0</ele>
      </trkpt>
      <trkpt lat="55.753103" lon="37.556732">
        <ele>0</ele>
      </trkpt>
      <trkpt lat="55.753175" lon="37.556982">
        <ele>0</ele>
      </trkpt>
      <trkpt lat="55.753208" lon="37.557034">
        <ele>0</ele>
      </trkpt>
      <trkpt lat="55.753236" lon="37.557095">
        <ele>0</ele>
      </trkpt>
      <trkpt lat="55.75355" lon="37.558215">
        <ele>0</ele>
      </trkpt>
      <trkpt lat="55.753646" lon="37.558618">
        <ele>0</ele>
      </trkpt>
      <trkpt lat="55.753777" lon="37.559174">
        <ele>0</ele>
      </trkpt>
      <trkpt lat="55.753795" lon="37.559282">
        <ele>0</ele>
      </trkpt>
      <trkpt lat="55.753796" lon="37.559311">
        <ele>0</ele>
      </trkpt>
      <trkpt lat="55.753794" lon="37.559334">
        <ele>0</ele>
      </trkpt>
      <trkpt lat="55.753786" lon="37.559349">
        <ele>0</ele>
      </trkpt>
      <trkpt lat="55.753762" lon="37.559371">
        <ele>0</ele>
      </trkpt>
      <trkpt lat="55.753855" lon="37.559797">
        <ele>0</ele>
      </trkpt>
      <trkpt lat="55.753919" lon="37.560096">
        <ele>0</ele>
      </trkpt>
      <trkpt lat="55.753979" lon="37.560433">
        <ele>0</ele>
      </trkpt>
      <trkpt lat="55.754048" lon="37.560858">
        <ele>0</ele>
      </trkpt>
      <trkpt lat="55.754099" lon="37.561197">
        <ele>0</ele>
      </trkpt>
      <trkpt lat="55.754137" lon="37.561504">
        <ele>0</ele>
      </trkpt>
      <trkpt lat="55.754154" lon="37.561674">
        <ele>0</ele>
      </trkpt>
      <trkpt lat="55.754311" lon="37.563424">
        <ele>0</ele>
      </trkpt>
      <trkpt lat="55.754317" lon="37.563455">
        <ele>0</ele>
      </trkpt>
      <trkpt lat="55.754328" lon="37.56348">
        <ele>0</ele>
      </trkpt>
      <trkpt lat="55.754342" lon="37.563506">
        <ele>0</ele>
      </trkpt>
      <trkpt lat="55.754347" lon="37.563526">
        <ele>0</ele>
      </trkpt>
      <trkpt lat="55.754351" lon="37.563549">
        <ele>0</ele>
      </trkpt>
      <trkpt lat="55.754408" lon="37.564196">
        <ele>0</ele>
      </trkpt>
      <trkpt lat="55.754423" lon="37.564373">
        <ele>0</ele>
      </trkpt>
      <trkpt lat="55.754435" lon="37.564618">
        <ele>0</ele>
      </trkpt>
      <trkpt lat="55.754439" lon="37.565172">
        <ele>0</ele>
      </trkpt>
      <trkpt lat="55.75443" lon="37.565684">
        <ele>0</ele>
      </trkpt>
      <trkpt lat="55.754418" lon="37.566092">
        <ele>0</ele>
      </trkpt>
      <trkpt lat="55.754392" lon="37.566573">
        <ele>0</ele>
      </trkpt>
      <trkpt lat="55.754369" lon="37.566857">
        <ele>0</ele>
      </trkpt>
      <trkpt lat="55.754323" lon="37.567349">
        <ele>0</ele>
      </trkpt>
      <trkpt lat="55.75432" lon="37.567402">
        <ele>0</ele>
      </trkpt>
      <trkpt lat="55.754321" lon="37.567512">
        <ele>0</ele>
      </trkpt>
      <trkpt lat="55.754318" lon="37.567567">
        <ele>0</ele>
      </trkpt>
      <trkpt lat="55.754288" lon="37.567826">
        <ele>0</ele>
      </trkpt>
      <trkpt lat="55.754219" lon="37.568306">
        <ele>0</ele>
      </trkpt>
      <trkpt lat="55.754107" lon="37.568948">
        <ele>0</ele>
      </trkpt>
      <trkpt lat="55.754089" lon="37.569035">
        <ele>0</ele>
      </trkpt>
      <trkpt lat="55.754096" lon="37.56904">
        <ele>0</ele>
      </trkpt>
      <trkpt lat="55.754089" lon="37.569035">
        <ele>0</ele>
      </trkpt>
      <trkpt lat="55.754016" lon="37.569387">
        <ele>0</ele>
      </trkpt>
      <trkpt lat="55.753929" lon="37.569766">
        <ele>0</ele>
      </trkpt>
      <trkpt lat="55.75376" lon="37.570382">
        <ele>0</ele>
      </trkpt>
      <trkpt lat="55.753549" lon="37.571042">
        <ele>0</ele>
      </trkpt>
      <trkpt lat="55.753393" lon="37.57146">
        <ele>0</ele>
      </trkpt>
      <trkpt lat="55.75324" lon="37.57185">
        <ele>0</ele>
      </trkpt>
      <trkpt lat="55.75309" lon="37.572195">
        <ele>0</ele>
      </trkpt>
      <trkpt lat="55.752953" lon="37.572495">
        <ele>0</ele>
      </trkpt>
      <trkpt lat="55.752549" lon="37.573286">
        <ele>0</ele>
      </trkpt>
      <trkpt lat="55.752481" lon="37.573397">
        <ele>0</ele>
      </trkpt>
      <trkpt lat="55.752374" lon="37.573569">
        <ele>0</ele>
      </trkpt>
      <trkpt lat="55.752283" lon="37.573713">
        <ele>0</ele>
      </trkpt>
      <trkpt lat="55.751935" lon="37.574203">
        <ele>0</ele>
      </trkpt>
      <trkpt lat="55.751694" lon="37.574485">
        <ele>0</ele>
      </trkpt>
      <trkpt lat="55.751465" lon="37.574722">
        <ele>0</ele>
      </trkpt>
      <trkpt lat="55.751173" lon="37.574993">
        <ele>0</ele>
      </trkpt>
      <trkpt lat="55.750881" lon="37.57521">
        <ele>0</ele>
      </trkpt>
      <trkpt lat="55.750602" lon="37.575372">
        <ele>0</ele>
      </trkpt>
      <trkpt lat="55.750438" lon="37.57544">
        <ele>0</ele>
      </trkpt>
      <trkpt lat="55.750291" lon="37.575493">
        <ele>0</ele>
      </trkpt>
      <trkpt lat="55.750051" lon="37.575569">
        <ele>0</ele>
      </trkpt>
      <trkpt lat="55.749783" lon="37.575631">
        <ele>0</ele>
      </trkpt>
      <trkpt lat="55.749601" lon="37.57567">
        <ele>0</ele>
      </trkpt>
      <trkpt lat="55.749422" lon="37.575698">
        <ele>0</ele>
      </trkpt>
      <trkpt lat="55.748239" lon="37.575838">
        <ele>0</ele>
      </trkpt>
      <trkpt lat="55.747378" lon="37.575825">
        <ele>0</ele>
      </trkpt>
      <trkpt lat="55.747122" lon="37.575814">
        <ele>0</ele>
      </trkpt>
      <trkpt lat="55.74705" lon="37.575811">
        <ele>0</ele>
      </trkpt>
      <trkpt lat="55.746838" lon="37.57579">
        <ele>0</ele>
      </trkpt>
      <trkpt lat="55.746443" lon="37.575752">
        <ele>0</ele>
      </trkpt>
      <trkpt lat="55.745902" lon="37.575646">
        <ele>0</ele>
      </trkpt>
      <trkpt lat="55.745856" lon="37.575637">
        <ele>0</ele>
      </trkpt>
      <trkpt lat="55.74563" lon="37.575586">
        <ele>0</ele>
      </trkpt>
      <trkpt lat="55.745519" lon="37.575559">
        <ele>0</ele>
      </trkpt>
      <trkpt lat="55.745416" lon="37.575535">
        <ele>0</ele>
      </trkpt>
      <trkpt lat="55.745288" lon="37.575506">
        <ele>0</ele>
      </trkpt>
      <trkpt lat="55.745239" lon="37.575494">
        <ele>0</ele>
      </trkpt>
      <trkpt lat="55.745198" lon="37.57548">
        <ele>0</ele>
      </trkpt>
      <trkpt lat="55.745147" lon="37.575454">
        <ele>0</ele>
      </trkpt>
      <trkpt lat="55.745094" lon="37.57542">
        <ele>0</ele>
      </trkpt>
      <trkpt lat="55.745043" lon="37.575376">
        <ele>0</ele>
      </trkpt>
      <trkpt lat="55.744979" lon="37.575313">
        <ele>0</ele>
      </trkpt>
      <trkpt lat="55.744819" lon="37.575177">
        <ele>0</ele>
      </trkpt>
      <trkpt lat="55.744417" lon="37.574865">
        <ele>0</ele>
      </trkpt>
      <trkpt lat="55.744076" lon="37.574626">
        <ele>0</ele>
      </trkpt>
      <trkpt lat="55.744081" lon="37.574604">
        <ele>0</ele>
      </trkpt>
      <trkpt lat="55.744076" lon="37.574626">
        <ele>0</ele>
      </trkpt>
      <trkpt lat="55.743974" lon="37.574554">
        <ele>0</ele>
      </trkpt>
      <trkpt lat="55.743768" lon="37.574383">
        <ele>0</ele>
      </trkpt>
      <trkpt lat="55.742746" lon="37.573489">
        <ele>0</ele>
      </trkpt>
      <trkpt lat="55.742563" lon="37.573326">
        <ele>0</ele>
      </trkpt>
      <trkpt lat="55.741867" lon="37.57268">
        <ele>0</ele>
      </trkpt>
      <trkpt lat="55.740842" lon="37.571789">
        <ele>0</ele>
      </trkpt>
      <trkpt lat="55.740821" lon="37.571771">
        <ele>0</ele>
      </trkpt>
      <trkpt lat="55.740743" lon="37.571706">
        <ele>0</ele>
      </trkpt>
      <trkpt lat="55.739802" lon="37.570862">
        <ele>0</ele>
      </trkpt>
      <trkpt lat="55.739439" lon="37.570555">
        <ele>0</ele>
      </trkpt>
      <trkpt lat="55.739133" lon="37.570284">
        <ele>0</ele>
      </trkpt>
      <trkpt lat="55.738576" lon="37.569783">
        <ele>0</ele>
      </trkpt>
      <trkpt lat="55.738544" lon="37.569882">
        <ele>0</ele>
      </trkpt>
      <trkpt lat="55.738327" lon="37.569684">
        <ele>0</ele>
      </trkpt>
      <trkpt lat="55.738098" lon="37.569469">
        <ele>0</ele>
      </trkpt>
      <trkpt lat="55.737925" lon="37.569294">
        <ele>0</ele>
      </trkpt>
      <trkpt lat="55.737697" lon="37.569057">
        <ele>0</ele>
      </trkpt>
      <trkpt lat="55.737627" lon="37.569026">
        <ele>0</ele>
      </trkpt>
      <trkpt lat="55.737515" lon="37.568915">
        <ele>0</ele>
      </trkpt>
      <trkpt lat="55.737346" lon="37.568732">
        <ele>0</ele>
      </trkpt>
      <trkpt lat="55.737288" lon="37.568668">
        <ele>0</ele>
      </trkpt>
      <trkpt lat="55.737201" lon="37.568545">
        <ele>0</ele>
      </trkpt>
      <trkpt lat="55.73683" lon="37.568093">
        <ele>0</ele>
      </trkpt>
      <trkpt lat="55.736746" lon="37.567962">
        <ele>0</ele>
      </trkpt>
      <trkpt lat="55.736602" lon="37.567774">
        <ele>0</ele>
      </trkpt>
      <trkpt lat="55.736377" lon="37.567478">
        <ele>0</ele>
      </trkpt>
      <trkpt lat="55.736335" lon="37.567418">
        <ele>0</ele>
      </trkpt>
      <trkpt lat="55.73614" lon="37.567144">
        <ele>0</ele>
      </trkpt>
      <trkpt lat="55.735912" lon="37.566803">
        <ele>0</ele>
      </trkpt>
      <trkpt lat="55.735855" lon="37.566715">
        <ele>0</ele>
      </trkpt>
      <trkpt lat="55.735745" lon="37.566546">
        <ele>0</ele>
      </trkpt>
      <trkpt lat="55.735467" lon="37.56611">
        <ele>0</ele>
      </trkpt>
      <trkpt lat="55.735372" lon="37.56596">
        <ele>0</ele>
      </trkpt>
      <trkpt lat="55.735131" lon="37.565568">
        <ele>0</ele>
      </trkpt>
      <trkpt lat="55.73484" lon="37.565067">
        <ele>0</ele>
      </trkpt>
      <trkpt lat="55.734631" lon="37.564679">
        <ele>0</ele>
      </trkpt>
      <trkpt lat="55.734413" lon="37.564249">
        <ele>0</ele>
      </trkpt>
      <trkpt lat="55.734354" lon="37.56418">
        <ele>0</ele>
      </trkpt>
      <trkpt lat="55.734274" lon="37.564031">
        <ele>0</ele>
      </trkpt>
      <trkpt lat="55.734113" lon="37.563702">
        <ele>0</ele>
      </trkpt>
      <trkpt lat="55.734105" lon="37.563684">
        <ele>0</ele>
      </trkpt>
      <trkpt lat="55.733742" lon="37.562893">
        <ele>0</ele>
      </trkpt>
      <trkpt lat="55.733684" lon="37.562727">
        <ele>0</ele>
      </trkpt>
      <trkpt lat="55.733631" lon="37.562612">
        <ele>0</ele>
      </trkpt>
      <trkpt lat="55.733408" lon="37.562126">
        <ele>0</ele>
      </trkpt>
      <trkpt lat="55.733452" lon="37.562061">
        <ele>0</ele>
      </trkpt>
      <trkpt lat="55.732961" lon="37.560999">
        <ele>0</ele>
      </trkpt>
      <trkpt lat="55.732544" lon="37.560099">
        <ele>0</ele>
      </trkpt>
      <trkpt lat="55.732478" lon="37.559956">
        <ele>0</ele>
      </trkpt>
      <trkpt lat="55.732289" lon="37.559563">
        <ele>0</ele>
      </trkpt>
      <trkpt lat="55.732218" lon="37.559416">
        <ele>0</ele>
      </trkpt>
      <trkpt lat="55.732153" lon="37.559303">
        <ele>0</ele>
      </trkpt>
      <trkpt lat="55.732032" lon="37.559093">
        <ele>0</ele>
      </trkpt>
      <trkpt lat="55.731908" lon="37.558888">
        <ele>0</ele>
      </trkpt>
      <trkpt lat="55.731845" lon="37.558809">
        <ele>0</ele>
      </trkpt>
      <trkpt lat="55.731774" lon="37.55869">
        <ele>0</ele>
      </trkpt>
      <trkpt lat="55.73159" lon="37.558372">
        <ele>0</ele>
      </trkpt>
      <trkpt lat="55.731492" lon="37.558207">
        <ele>0</ele>
      </trkpt>
      <trkpt lat="55.731358" lon="37.557993">
        <ele>0</ele>
      </trkpt>
      <trkpt lat="55.730407" lon="37.55647">
        <ele>0</ele>
      </trkpt>
      <trkpt lat="55.730277" lon="37.556258">
        <ele>0</ele>
      </trkpt>
      <trkpt lat="55.730155" lon="37.556047">
        <ele>0</ele>
      </trkpt>
      <trkpt lat="55.730106" lon="37.556138">
        <ele>0</ele>
      </trkpt>
      <trkpt lat="55.730008" lon="37.555968">
        <ele>0</ele>
      </trkpt>
      <trkpt lat="55.729879" lon="37.555748">
        <ele>0</ele>
      </trkpt>
      <trkpt lat="55.72978" lon="37.555563">
        <ele>0</ele>
      </trkpt>
      <trkpt lat="55.729648" lon="37.555315">
        <ele>0</ele>
      </trkpt>
      <trkpt lat="55.729515" lon="37.55505">
        <ele>0</ele>
      </trkpt>
      <trkpt lat="55.729373" lon="37.554758">
        <ele>0</ele>
      </trkpt>
      <trkpt lat="55.729234" lon="37.554454">
        <ele>0</ele>
      </trkpt>
      <trkpt lat="55.729073" lon="37.554086">
        <ele>0</ele>
      </trkpt>
      <trkpt lat="55.728921" lon="37.553714">
        <ele>0</ele>
      </trkpt>
      <trkpt lat="55.728767" lon="37.553328">
        <ele>0</ele>
      </trkpt>
      <trkpt lat="55.728632" lon="37.552964">
        <ele>0</ele>
      </trkpt>
      <trkpt lat="55.728524" lon="37.552654">
        <ele>0</ele>
      </trkpt>
      <trkpt lat="55.728446" lon="37.552415">
        <ele>0</ele>
      </trkpt>
      <trkpt lat="55.728323" lon="37.552025">
        <ele>0</ele>
      </trkpt>
      <trkpt lat="55.728202" lon="37.551624">
        <ele>0</ele>
      </trkpt>
      <trkpt lat="55.728062" lon="37.551135">
        <ele>0</ele>
      </trkpt>
      <trkpt lat="55.727968" lon="37.550794">
        <ele>0</ele>
      </trkpt>
      <trkpt lat="55.727893" lon="37.55049">
        <ele>0</ele>
      </trkpt>
      <trkpt lat="55.727848" lon="37.550292">
        <ele>0</ele>
      </trkpt>
      <trkpt lat="55.727832" lon="37.550212">
        <ele>0</ele>
      </trkpt>
      <trkpt lat="55.727772" lon="37.549905">
        <ele>0</ele>
      </trkpt>
      <trkpt lat="55.727735" lon="37.5497">
        <ele>0</ele>
      </trkpt>
      <trkpt lat="55.727701" lon="37.54949">
        <ele>0</ele>
      </trkpt>
      <trkpt lat="55.727694" lon="37.549493">
        <ele>0</ele>
      </trkpt>
      <trkpt lat="55.727701" lon="37.54949">
        <ele>0</ele>
      </trkpt>
      <trkpt lat="55.727698" lon="37.549473">
        <ele>0</ele>
      </trkpt>
      <trkpt lat="55.727681" lon="37.549484">
        <ele>0</ele>
      </trkpt>
      <trkpt lat="55.727651" lon="37.549507">
        <ele>0</ele>
      </trkpt>
      <trkpt lat="55.727576" lon="37.549562">
        <ele>0</ele>
      </trkpt>
      <trkpt lat="55.727537" lon="37.54959">
        <ele>0</ele>
      </trkpt>
      <trkpt lat="55.727518" lon="37.549604">
        <ele>0</ele>
      </trkpt>
      <trkpt lat="55.727505" lon="37.549564">
        <ele>0</ele>
      </trkpt>
      <trkpt lat="55.72749" lon="37.549535">
        <ele>0</ele>
      </trkpt>
      <trkpt lat="55.727468" lon="37.549518">
        <ele>0</ele>
      </trkpt>
      <trkpt lat="55.727445" lon="37.549517">
        <ele>0</ele>
      </trkpt>
      <trkpt lat="55.727428" lon="37.549526">
        <ele>0</ele>
      </trkpt>
      <trkpt lat="55.727416" lon="37.549484">
        <ele>0</ele>
      </trkpt>
      <trkpt lat="55.727389" lon="37.549387">
        <ele>0</ele>
      </trkpt>
      <trkpt lat="55.727326" lon="37.549157">
        <ele>0</ele>
      </trkpt>
      <trkpt lat="55.727298" lon="37.549064">
        <ele>0</ele>
      </trkpt>
      <trkpt lat="55.727288" lon="37.549029">
        <ele>0</ele>
      </trkpt>
      <trkpt lat="55.727161" lon="37.549144">
        <ele>0</ele>
      </trkpt>
      <trkpt lat="55.727047" lon="37.549255">
        <ele>0</ele>
      </trkpt>
      <trkpt lat="55.726582" lon="37.549692">
        <ele>0</ele>
      </trkpt>
      <trkpt lat="55.726562" lon="37.549628">
        <ele>0</ele>
      </trkpt>
      <trkpt lat="55.726561" lon="37.549609">
        <ele>0</ele>
      </trkpt>
      <trkpt lat="55.726562" lon="37.549589">
        <ele>0</ele>
      </trkpt>
      <trkpt lat="55.726702" lon="37.549149">
        <ele>0</ele>
      </trkpt>
      <trkpt lat="55.72672" lon="37.54913">
        <ele>0</ele>
      </trkpt>
      <trkpt lat="55.726784" lon="37.549064">
        <ele>0</ele>
      </trkpt>
      <trkpt lat="55.726784" lon="37.549065">
        <ele>0</ele>
      </trkpt>
      <trkpt lat="55.726784" lon="37.549064">
        <ele>0</ele>
      </trkpt>
      <trkpt lat="55.726818" lon="37.549029">
        <ele>0</ele>
      </trkpt>
      <trkpt lat="55.726993" lon="37.54886">
        <ele>0</ele>
      </trkpt>
      <trkpt lat="55.72721" lon="37.548654">
        <ele>0</ele>
      </trkpt>
      <trkpt lat="55.727278" lon="37.548588">
        <ele>0</ele>
      </trkpt>
      <trkpt lat="55.727409" lon="37.548464">
        <ele>0</ele>
      </trkpt>
      <trkpt lat="55.72746" lon="37.548415">
        <ele>0</ele>
      </trkpt>
      <trkpt lat="55.727488" lon="37.548385">
        <ele>0</ele>
      </trkpt>
      <trkpt lat="55.728714" lon="37.547206">
        <ele>0</ele>
      </trkpt>
      <trkpt lat="55.728786" lon="37.547138">
        <ele>0</ele>
      </trkpt>
      <trkpt lat="55.728933" lon="37.547011">
        <ele>0</ele>
      </trkpt>
      <trkpt lat="55.729012" lon="37.546932">
        <ele>0</ele>
      </trkpt>
      <trkpt lat="55.729148" lon="37.546799">
        <ele>0</ele>
      </trkpt>
      <trkpt lat="55.729384" lon="37.546819">
        <ele>0</ele>
      </trkpt>
      <trkpt lat="55.729414" lon="37.546896">
        <ele>0</ele>
      </trkpt>
      <trkpt lat="55.729389" lon="37.546926">
        <ele>0</ele>
      </trkpt>
      <trkpt lat="55.729218" lon="37.547127">
        <ele>0</ele>
      </trkpt>
      <trkpt lat="55.729205" lon="37.547142">
        <ele>0</ele>
      </trkpt>
      <trkpt lat="55.729175" lon="37.547153">
        <ele>0</ele>
      </trkpt>
      <trkpt lat="55.729091" lon="37.54717">
        <ele>0</ele>
      </trkpt>
      <trkpt lat="55.729012" lon="37.546932">
        <ele>0</ele>
      </trkpt>
      <trkpt lat="55.728886" lon="37.54653">
        <ele>0</ele>
      </trkpt>
      <trkpt lat="55.728851" lon="37.546414">
        <ele>0</ele>
      </trkpt>
      <trkpt lat="55.728796" lon="37.546177">
        <ele>0</ele>
      </trkpt>
      <trkpt lat="55.728778" lon="37.546088">
        <ele>0</ele>
      </trkpt>
      <trkpt lat="55.728768" lon="37.546031">
        <ele>0</ele>
      </trkpt>
      <trkpt lat="55.72875" lon="37.545916">
        <ele>0</ele>
      </trkpt>
      <trkpt lat="55.728737" lon="37.545756">
        <ele>0</ele>
      </trkpt>
      <trkpt lat="55.728703" lon="37.545787">
        <ele>0</ele>
      </trkpt>
      <trkpt lat="55.728647" lon="37.545805">
        <ele>0</ele>
      </trkpt>
      <trkpt lat="55.728536" lon="37.545839">
        <ele>0</ele>
      </trkpt>
      <trkpt lat="55.728434" lon="37.545876">
        <ele>0</ele>
      </trkpt>
      <trkpt lat="55.728413" lon="37.545742">
        <ele>0</ele>
      </trkpt>
      <trkpt lat="55.728353" lon="37.545648">
        <ele>0</ele>
      </trkpt>
      <trkpt lat="55.728315" lon="37.545576">
        <ele>0</ele>
      </trkpt>
      <trkpt lat="55.728315" lon="37.545576">
        <ele>0</ele>
      </trkpt>
      <trkpt lat="55.728315" lon="37.545576">
        <ele>0</ele>
      </trkpt>
      <trkpt lat="55.728314" lon="37.545575">
        <ele>0</ele>
      </trkpt>
      <trkpt lat="55.728289" lon="37.545519">
        <ele>0</ele>
      </trkpt>
      <trkpt lat="55.728276" lon="37.545477">
        <ele>0</ele>
      </trkpt>
      <trkpt lat="55.728265" lon="37.545441">
        <ele>0</ele>
      </trkpt>
      <trkpt lat="55.728258" lon="37.545399">
        <ele>0</ele>
      </trkpt>
      <trkpt lat="55.728251" lon="37.545328">
        <ele>0</ele>
      </trkpt>
      <trkpt lat="55.728196" lon="37.544651">
        <ele>0</ele>
      </trkpt>
      <trkpt lat="55.728187" lon="37.544498">
        <ele>0</ele>
      </trkpt>
      <trkpt lat="55.728189" lon="37.544425">
        <ele>0</ele>
      </trkpt>
      <trkpt lat="55.728193" lon="37.544357">
        <ele>0</ele>
      </trkpt>
      <trkpt lat="55.728198" lon="37.544312">
        <ele>0</ele>
      </trkpt>
      <trkpt lat="55.728203" lon="37.544274">
        <ele>0</ele>
      </trkpt>
      <trkpt lat="55.728231" lon="37.544124">
        <ele>0</ele>
      </trkpt>
      <trkpt lat="55.728262" lon="37.54393">
        <ele>0</ele>
      </trkpt>
      <trkpt lat="55.72826" lon="37.543892">
        <ele>0</ele>
      </trkpt>
      <trkpt lat="55.728243" lon="37.543698">
        <ele>0</ele>
      </trkpt>
      <trkpt lat="55.728232" lon="37.543549">
        <ele>0</ele>
      </trkpt>
      <trkpt lat="55.728184" lon="37.542969">
        <ele>0</ele>
      </trkpt>
      <trkpt lat="55.72817" lon="37.542798">
        <ele>0</ele>
      </trkpt>
      <trkpt lat="55.728161" lon="37.542702">
        <ele>0</ele>
      </trkpt>
      <trkpt lat="55.728067" lon="37.54151">
        <ele>0</ele>
      </trkpt>
      <trkpt lat="55.728052" lon="37.541235">
        <ele>0</ele>
      </trkpt>
      <trkpt lat="55.728034" lon="37.541246">
        <ele>0</ele>
      </trkpt>
      <trkpt lat="55.728035" lon="37.541271">
        <ele>0</ele>
      </trkpt>
      <trkpt lat="55.728033" lon="37.541292">
        <ele>0</ele>
      </trkpt>
      <trkpt lat="55.728022" lon="37.541312">
        <ele>0</ele>
      </trkpt>
      <trkpt lat="55.727986" lon="37.541341">
        <ele>0</ele>
      </trkpt>
      <trkpt lat="55.727945" lon="37.541392">
        <ele>0</ele>
      </trkpt>
      <trkpt lat="55.727916" lon="37.541441">
        <ele>0</ele>
      </trkpt>
      <trkpt lat="55.72788" lon="37.541517">
        <ele>0</ele>
      </trkpt>
      <trkpt lat="55.727859" lon="37.541569">
        <ele>0</ele>
      </trkpt>
      <trkpt lat="55.72784" lon="37.541617">
        <ele>0</ele>
      </trkpt>
      <trkpt lat="55.727637" lon="37.542088">
        <ele>0</ele>
      </trkpt>
      <trkpt lat="55.727591" lon="37.542185">
        <ele>0</ele>
      </trkpt>
      <trkpt lat="55.72754" lon="37.54228">
        <ele>0</ele>
      </trkpt>
      <trkpt lat="55.727519" lon="37.542309">
        <ele>0</ele>
      </trkpt>
      <trkpt lat="55.72749" lon="37.542339">
        <ele>0</ele>
      </trkpt>
      <trkpt lat="55.727458" lon="37.542366">
        <ele>0</ele>
      </trkpt>
      <trkpt lat="55.727429" lon="37.542383">
        <ele>0</ele>
      </trkpt>
      <trkpt lat="55.727389" lon="37.542394">
        <ele>0</ele>
      </trkpt>
      <trkpt lat="55.727335" lon="37.542403">
        <ele>0</ele>
      </trkpt>
      <trkpt lat="55.727306" lon="37.542398">
        <ele>0</ele>
      </trkpt>
      <trkpt lat="55.727279" lon="37.542389">
        <ele>0</ele>
      </trkpt>
      <trkpt lat="55.72715" lon="37.542315">
        <ele>0</ele>
      </trkpt>
      <trkpt lat="55.72697" lon="37.542198">
        <ele>0</ele>
      </trkpt>
      <trkpt lat="55.726895" lon="37.542147">
        <ele>0</ele>
      </trkpt>
      <trkpt lat="55.726825" lon="37.5421">
        <ele>0</ele>
      </trkpt>
      <trkpt lat="55.726434" lon="37.541816">
        <ele>0</ele>
      </trkpt>
      <trkpt lat="55.72617" lon="37.54161">
        <ele>0</ele>
      </trkpt>
      <trkpt lat="55.725759" lon="37.541288">
        <ele>0</ele>
      </trkpt>
      <trkpt lat="55.725395" lon="37.540998">
        <ele>0</ele>
      </trkpt>
      <trkpt lat="55.725222" lon="37.540861">
        <ele>0</ele>
      </trkpt>
      <trkpt lat="55.725008" lon="37.540708">
        <ele>0</ele>
      </trkpt>
      <trkpt lat="55.724849" lon="37.540599">
        <ele>0</ele>
      </trkpt>
      <trkpt lat="55.724689" lon="37.540501">
        <ele>0</ele>
      </trkpt>
      <trkpt lat="55.724393" lon="37.540319">
        <ele>0</ele>
      </trkpt>
      <trkpt lat="55.724217" lon="37.540222">
        <ele>0</ele>
      </trkpt>
      <trkpt lat="55.724031" lon="37.540128">
        <ele>0</ele>
      </trkpt>
      <trkpt lat="55.723899" lon="37.540066">
        <ele>0</ele>
      </trkpt>
      <trkpt lat="55.723792" lon="37.540016">
        <ele>0</ele>
      </trkpt>
      <trkpt lat="55.723566" lon="37.539915">
        <ele>0</ele>
      </trkpt>
      <trkpt lat="55.723391" lon="37.539847">
        <ele>0</ele>
      </trkpt>
      <trkpt lat="55.7232" lon="37.53978">
        <ele>0</ele>
      </trkpt>
      <trkpt lat="55.722967" lon="37.539703">
        <ele>0</ele>
      </trkpt>
      <trkpt lat="55.722722" lon="37.539632">
        <ele>0</ele>
      </trkpt>
      <trkpt lat="55.722221" lon="37.539514">
        <ele>0</ele>
      </trkpt>
      <trkpt lat="55.721826" lon="37.539436">
        <ele>0</ele>
      </trkpt>
      <trkpt lat="55.721534" lon="37.539397">
        <ele>0</ele>
      </trkpt>
      <trkpt lat="55.721384" lon="37.539379">
        <ele>0</ele>
      </trkpt>
      <trkpt lat="55.720856" lon="37.539317">
        <ele>0</ele>
      </trkpt>
      <trkpt lat="55.720642" lon="37.539301">
        <ele>0</ele>
      </trkpt>
      <trkpt lat="55.720574" lon="37.539295">
        <ele>0</ele>
      </trkpt>
      <trkpt lat="55.720389" lon="37.53929">
        <ele>0</ele>
      </trkpt>
      <trkpt lat="55.720035" lon="37.539283">
        <ele>0</ele>
      </trkpt>
      <trkpt lat="55.719557" lon="37.539318">
        <ele>0</ele>
      </trkpt>
      <trkpt lat="55.719393" lon="37.539344">
        <ele>0</ele>
      </trkpt>
      <trkpt lat="55.719254" lon="37.539359">
        <ele>0</ele>
      </trkpt>
      <trkpt lat="55.718932" lon="37.539414">
        <ele>0</ele>
      </trkpt>
      <trkpt lat="55.718693" lon="37.539444">
        <ele>0</ele>
      </trkpt>
      <trkpt lat="55.718519" lon="37.53947">
        <ele>0</ele>
      </trkpt>
      <trkpt lat="55.718438" lon="37.539488">
        <ele>0</ele>
      </trkpt>
      <trkpt lat="55.718103" lon="37.539575">
        <ele>0</ele>
      </trkpt>
      <trkpt lat="55.717841" lon="37.539653">
        <ele>0</ele>
      </trkpt>
      <trkpt lat="55.717544" lon="37.539751">
        <ele>0</ele>
      </trkpt>
      <trkpt lat="55.717224" lon="37.539867">
        <ele>0</ele>
      </trkpt>
      <trkpt lat="55.716849" lon="37.54003">
        <ele>0</ele>
      </trkpt>
      <trkpt lat="55.716181" lon="37.54033">
        <ele>0</ele>
      </trkpt>
      <trkpt lat="55.715991" lon="37.540411">
        <ele>0</ele>
      </trkpt>
      <trkpt lat="55.715809" lon="37.5405">
        <ele>0</ele>
      </trkpt>
      <trkpt lat="55.715457" lon="37.540684">
        <ele>0</ele>
      </trkpt>
      <trkpt lat="55.715345" lon="37.540753">
        <ele>0</ele>
      </trkpt>
      <trkpt lat="55.715164" lon="37.540871">
        <ele>0</ele>
      </trkpt>
      <trkpt lat="55.714957" lon="37.541033">
        <ele>0</ele>
      </trkpt>
      <trkpt lat="55.714794" lon="37.541187">
        <ele>0</ele>
      </trkpt>
      <trkpt lat="55.714622" lon="37.541372">
        <ele>0</ele>
      </trkpt>
      <trkpt lat="55.71449" lon="37.541504">
        <ele>0</ele>
      </trkpt>
      <trkpt lat="55.714409" lon="37.541599">
        <ele>0</ele>
      </trkpt>
      <trkpt lat="55.714338" lon="37.541684">
        <ele>0</ele>
      </trkpt>
      <trkpt lat="55.714117" lon="37.541966">
        <ele>0</ele>
      </trkpt>
      <trkpt lat="55.713923" lon="37.542236">
        <ele>0</ele>
      </trkpt>
      <trkpt lat="55.713796" lon="37.542407">
        <ele>0</ele>
      </trkpt>
      <trkpt lat="55.713458" lon="37.542913">
        <ele>0</ele>
      </trkpt>
      <trkpt lat="55.713093" lon="37.543493">
        <ele>0</ele>
      </trkpt>
      <trkpt lat="55.712909" lon="37.543814">
        <ele>0</ele>
      </trkpt>
      <trkpt lat="55.712565" lon="37.544433">
        <ele>0</ele>
      </trkpt>
      <trkpt lat="55.712534" lon="37.544489">
        <ele>0</ele>
      </trkpt>
      <trkpt lat="55.712409" lon="37.544714">
        <ele>0</ele>
      </trkpt>
      <trkpt lat="55.712031" lon="37.545444">
        <ele>0</ele>
      </trkpt>
      <trkpt lat="55.711868" lon="37.545782">
        <ele>0</ele>
      </trkpt>
      <trkpt lat="55.711735" lon="37.546059">
        <ele>0</ele>
      </trkpt>
      <trkpt lat="55.711625" lon="37.546284">
        <ele>0</ele>
      </trkpt>
      <trkpt lat="55.711369" lon="37.546804">
        <ele>0</ele>
      </trkpt>
      <trkpt lat="55.711166" lon="37.547242">
        <ele>0</ele>
      </trkpt>
      <trkpt lat="55.710998" lon="37.5477">
        <ele>0</ele>
      </trkpt>
      <trkpt lat="55.710925" lon="37.547889">
        <ele>0</ele>
      </trkpt>
      <trkpt lat="55.710562" lon="37.548781">
        <ele>0</ele>
      </trkpt>
      <trkpt lat="55.710316" lon="37.549452">
        <ele>0</ele>
      </trkpt>
      <trkpt lat="55.710252" lon="37.549669">
        <ele>0</ele>
      </trkpt>
      <trkpt lat="55.710103" lon="37.550353">
        <ele>0</ele>
      </trkpt>
      <trkpt lat="55.709906" lon="37.551574">
        <ele>0</ele>
      </trkpt>
      <trkpt lat="55.709802" lon="37.552369">
        <ele>0</ele>
      </trkpt>
      <trkpt lat="55.70974" lon="37.553057">
        <ele>0</ele>
      </trkpt>
      <trkpt lat="55.709703" lon="37.553623">
        <ele>0</ele>
      </trkpt>
      <trkpt lat="55.709663" lon="37.554302">
        <ele>0</ele>
      </trkpt>
      <trkpt lat="55.709609" lon="37.555441">
        <ele>0</ele>
      </trkpt>
      <trkpt lat="55.709577" lon="37.556041">
        <ele>0</ele>
      </trkpt>
      <trkpt lat="55.709545" lon="37.557134">
        <ele>0</ele>
      </trkpt>
      <trkpt lat="55.70954" lon="37.557414">
        <ele>0</ele>
      </trkpt>
      <trkpt lat="55.709538" lon="37.557714">
        <ele>0</ele>
      </trkpt>
      <trkpt lat="55.709539" lon="37.557843">
        <ele>0</ele>
      </trkpt>
      <trkpt lat="55.709538" lon="37.55809">
        <ele>0</ele>
      </trkpt>
      <trkpt lat="55.709538" lon="37.558289">
        <ele>0</ele>
      </trkpt>
      <trkpt lat="55.709538" lon="37.558503">
        <ele>0</ele>
      </trkpt>
      <trkpt lat="55.709538" lon="37.559533">
        <ele>0</ele>
      </trkpt>
      <trkpt lat="55.709556" lon="37.560818">
        <ele>0</ele>
      </trkpt>
      <trkpt lat="55.709564" lon="37.561156">
        <ele>0</ele>
      </trkpt>
      <trkpt lat="55.709566" lon="37.561361">
        <ele>0</ele>
      </trkpt>
      <trkpt lat="55.709581" lon="37.562833">
        <ele>0</ele>
      </trkpt>
      <trkpt lat="55.709599" lon="37.563232">
        <ele>0</ele>
      </trkpt>
      <trkpt lat="55.709623" lon="37.563458">
        <ele>0</ele>
      </trkpt>
      <trkpt lat="55.709668" lon="37.563885">
        <ele>0</ele>
      </trkpt>
      <trkpt lat="55.709731" lon="37.564366">
        <ele>0</ele>
      </trkpt>
      <trkpt lat="55.709783" lon="37.564806">
        <ele>0</ele>
      </trkpt>
      <trkpt lat="55.709835" lon="37.565186">
        <ele>0</ele>
      </trkpt>
      <trkpt lat="55.709876" lon="37.565456">
        <ele>0</ele>
      </trkpt>
      <trkpt lat="55.70989" lon="37.565542">
        <ele>0</ele>
      </trkpt>
      <trkpt lat="55.709954" lon="37.565932">
        <ele>0</ele>
      </trkpt>
      <trkpt lat="55.710141" lon="37.566876">
        <ele>0</ele>
      </trkpt>
      <trkpt lat="55.710242" lon="37.567316">
        <ele>0</ele>
      </trkpt>
      <trkpt lat="55.710285" lon="37.567285">
        <ele>0</ele>
      </trkpt>
      <trkpt lat="55.710242" lon="37.567316">
        <ele>0</ele>
      </trkpt>
      <trkpt lat="55.710279" lon="37.567478">
        <ele>0</ele>
      </trkpt>
      <trkpt lat="55.710342" lon="37.567718">
        <ele>0</ele>
      </trkpt>
      <trkpt lat="55.710536" lon="37.568509">
        <ele>0</ele>
      </trkpt>
      <trkpt lat="55.710733" lon="37.569273">
        <ele>0</ele>
      </trkpt>
      <trkpt lat="55.711285" lon="37.571454">
        <ele>0</ele>
      </trkpt>
      <trkpt lat="55.711478" lon="37.572211">
        <ele>0</ele>
      </trkpt>
      <trkpt lat="55.711557" lon="37.572533">
        <ele>0</ele>
      </trkpt>
      <trkpt lat="55.711701" lon="37.573086">
        <ele>0</ele>
      </trkpt>
      <trkpt lat="55.711906" lon="37.573866">
        <ele>0</ele>
      </trkpt>
      <trkpt lat="55.711978" lon="37.574119">
        <ele>0</ele>
      </trkpt>
      <trkpt lat="55.712098" lon="37.57452">
        <ele>0</ele>
      </trkpt>
      <trkpt lat="55.712448" lon="37.57566">
        <ele>0</ele>
      </trkpt>
      <trkpt lat="55.712474" lon="37.575725">
        <ele>0</ele>
      </trkpt>
      <trkpt lat="55.712507" lon="37.575805">
        <ele>0</ele>
      </trkpt>
      <trkpt lat="55.712569" lon="37.575931">
        <ele>0</ele>
      </trkpt>
      <trkpt lat="55.713192" lon="37.577317">
        <ele>0</ele>
      </trkpt>
      <trkpt lat="55.71324" lon="37.577434">
        <ele>0</ele>
      </trkpt>
      <trkpt lat="55.713317" lon="37.577633">
        <ele>0</ele>
      </trkpt>
      <trkpt lat="55.713337" lon="37.577697">
        <ele>0</ele>
      </trkpt>
      <trkpt lat="55.713355" lon="37.577742">
        <ele>0</ele>
      </trkpt>
      <trkpt lat="55.713403" lon="37.577864">
        <ele>0</ele>
      </trkpt>
      <trkpt lat="55.7135" lon="37.578089">
        <ele>0</ele>
      </trkpt>
      <trkpt lat="55.713554" lon="37.578227">
        <ele>0</ele>
      </trkpt>
      <trkpt lat="55.713623" lon="37.578412">
        <ele>0</ele>
      </trkpt>
      <trkpt lat="55.713643" lon="37.578471">
        <ele>0</ele>
      </trkpt>
      <trkpt lat="55.713765" lon="37.578841">
        <ele>0</ele>
      </trkpt>
      <trkpt lat="55.713803" lon="37.578933">
        <ele>0</ele>
      </trkpt>
      <trkpt lat="55.714629" lon="37.580535">
        <ele>0</ele>
      </trkpt>
      <trkpt lat="55.714839" lon="37.58095">
        <ele>0</ele>
      </trkpt>
      <trkpt lat="55.714898" lon="37.581088">
        <ele>0</ele>
      </trkpt>
      <trkpt lat="55.714952" lon="37.581229">
        <ele>0</ele>
      </trkpt>
      <trkpt lat="55.714972" lon="37.5813">
        <ele>0</ele>
      </trkpt>
      <trkpt lat="55.715024" lon="37.581516">
        <ele>0</ele>
      </trkpt>
      <trkpt lat="55.715059" lon="37.581648">
        <ele>0</ele>
      </trkpt>
      <trkpt lat="55.715097" lon="37.581756">
        <ele>0</ele>
      </trkpt>
      <trkpt lat="55.715133" lon="37.581837">
        <ele>0</ele>
      </trkpt>
      <trkpt lat="55.715224" lon="37.582002">
        <ele>0</ele>
      </trkpt>
      <trkpt lat="55.715278" lon="37.582078">
        <ele>0</ele>
      </trkpt>
      <trkpt lat="55.715865" lon="37.582849">
        <ele>0</ele>
      </trkpt>
      <trkpt lat="55.716173" lon="37.583262">
        <ele>0</ele>
      </trkpt>
      <trkpt lat="55.717221" lon="37.584667">
        <ele>0</ele>
      </trkpt>
      <trkpt lat="55.71827" lon="37.586073">
        <ele>0</ele>
      </trkpt>
      <trkpt lat="55.718277" lon="37.586083">
        <ele>0</ele>
      </trkpt>
      <trkpt lat="55.718347" lon="37.586177">
        <ele>0</ele>
      </trkpt>
      <trkpt lat="55.718514" lon="37.586401">
        <ele>0</ele>
      </trkpt>
      <trkpt lat="55.718766" lon="37.586822">
        <ele>0</ele>
      </trkpt>
      <trkpt lat="55.71882" lon="37.586921">
        <ele>0</ele>
      </trkpt>
      <trkpt lat="55.718847" lon="37.586968">
        <ele>0</ele>
      </trkpt>
      <trkpt lat="55.718891" lon="37.587039">
        <ele>0</ele>
      </trkpt>
      <trkpt lat="55.71891" lon="37.587066">
        <ele>0</ele>
      </trkpt>
      <trkpt lat="55.718957" lon="37.587122">
        <ele>0</ele>
      </trkpt>
      <trkpt lat="55.718973" lon="37.587136">
        <ele>0</ele>
      </trkpt>
      <trkpt lat="55.719017" lon="37.587167">
        <ele>0</ele>
      </trkpt>
      <trkpt lat="55.719053" lon="37.587184">
        <ele>0</ele>
      </trkpt>
      <trkpt lat="55.719242" lon="37.58726">
        <ele>0</ele>
      </trkpt>
      <trkpt lat="55.719298" lon="37.587284">
        <ele>0</ele>
      </trkpt>
      <trkpt lat="55.719352" lon="37.587311">
        <ele>0</ele>
      </trkpt>
      <trkpt lat="55.7194" lon="37.587344">
        <ele>0</ele>
      </trkpt>
      <trkpt lat="55.719599" lon="37.587536">
        <ele>0</ele>
      </trkpt>
      <trkpt lat="55.719629" lon="37.587575">
        <ele>0</ele>
      </trkpt>
      <trkpt lat="55.71988" lon="37.587946">
        <ele>0</ele>
      </trkpt>
      <trkpt lat="55.720007" lon="37.588134">
        <ele>0</ele>
      </trkpt>
      <trkpt lat="55.720089" lon="37.588245">
        <ele>0</ele>
      </trkpt>
      <trkpt lat="55.720651" lon="37.588992">
        <ele>0</ele>
      </trkpt>
      <trkpt lat="55.72073" lon="37.589097">
        <ele>0</ele>
      </trkpt>
      <trkpt lat="55.721087" lon="37.589563">
        <ele>0</ele>
      </trkpt>
      <trkpt lat="55.721295" lon="37.589833">
        <ele>0</ele>
      </trkpt>
      <trkpt lat="55.72133" lon="37.589878">
        <ele>0</ele>
      </trkpt>
      <trkpt lat="55.72136" lon="37.589908">
        <ele>0</ele>
      </trkpt>
      <trkpt lat="55.72139" lon="37.589933">
        <ele>0</ele>
      </trkpt>
      <trkpt lat="55.721427" lon="37.589955">
        <ele>0</ele>
      </trkpt>
      <trkpt lat="55.721531" lon="37.59003">
        <ele>0</ele>
      </trkpt>
      <trkpt lat="55.721561" lon="37.590054">
        <ele>0</ele>
      </trkpt>
      <trkpt lat="55.721592" lon="37.590081">
        <ele>0</ele>
      </trkpt>
      <trkpt lat="55.721683" lon="37.590172">
        <ele>0</ele>
      </trkpt>
      <trkpt lat="55.721787" lon="37.590294">
        <ele>0</ele>
      </trkpt>
      <trkpt lat="55.721959" lon="37.590535">
        <ele>0</ele>
      </trkpt>
      <trkpt lat="55.722611" lon="37.591438">
        <ele>0</ele>
      </trkpt>
      <trkpt lat="55.72266" lon="37.591516">
        <ele>0</ele>
      </trkpt>
      <trkpt lat="55.722896" lon="37.591929">
        <ele>0</ele>
      </trkpt>
      <trkpt lat="55.723114" lon="37.592281">
        <ele>0</ele>
      </trkpt>
      <trkpt lat="55.723142" lon="37.59232">
        <ele>0</ele>
      </trkpt>
      <trkpt lat="55.723187" lon="37.592378">
        <ele>0</ele>
      </trkpt>
      <trkpt lat="55.723688" lon="37.592894">
        <ele>0</ele>
      </trkpt>
      <trkpt lat="55.724065" lon="37.593257">
        <ele>0</ele>
      </trkpt>
      <trkpt lat="55.724134" lon="37.593329">
        <ele>0</ele>
      </trkpt>
      <trkpt lat="55.724344" lon="37.593525">
        <ele>0</ele>
      </trkpt>
      <trkpt lat="55.724361" lon="37.593541">
        <ele>0</ele>
      </trkpt>
      <trkpt lat="55.724405" lon="37.593576">
        <ele>0</ele>
      </trkpt>
      <trkpt lat="55.724616" lon="37.593742">
        <ele>0</ele>
      </trkpt>
      <trkpt lat="55.724659" lon="37.593775">
        <ele>0</ele>
      </trkpt>
      <trkpt lat="55.724718" lon="37.593822">
        <ele>0</ele>
      </trkpt>
      <trkpt lat="55.724828" lon="37.593909">
        <ele>0</ele>
      </trkpt>
      <trkpt lat="55.725236" lon="37.59423">
        <ele>0</ele>
      </trkpt>
      <trkpt lat="55.725841" lon="37.594707">
        <ele>0</ele>
      </trkpt>
      <trkpt lat="55.725959" lon="37.594799">
        <ele>0</ele>
      </trkpt>
      <trkpt lat="55.726545" lon="37.595276">
        <ele>0</ele>
      </trkpt>
      <trkpt lat="55.727014" lon="37.595658">
        <ele>0</ele>
      </trkpt>
      <trkpt lat="55.727749" lon="37.596255">
        <ele>0</ele>
      </trkpt>
      <trkpt lat="55.727849" lon="37.596337">
        <ele>0</ele>
      </trkpt>
      <trkpt lat="55.727949" lon="37.596386">
        <ele>0</ele>
      </trkpt>
      <trkpt lat="55.728084" lon="37.596446">
        <ele>0</ele>
      </trkpt>
      <trkpt lat="55.728223" lon="37.596498">
        <ele>0</ele>
      </trkpt>
      <trkpt lat="55.728858" lon="37.596724">
        <ele>0</ele>
      </trkpt>
      <trkpt lat="55.729144" lon="37.596826">
        <ele>0</ele>
      </trkpt>
      <trkpt lat="55.729164" lon="37.596843">
        <ele>0</ele>
      </trkpt>
      <trkpt lat="55.729221" lon="37.59694">
        <ele>0</ele>
      </trkpt>
      <trkpt lat="55.729338" lon="37.597024">
        <ele>0</ele>
      </trkpt>
      <trkpt lat="55.729454" lon="37.597084">
        <ele>0</ele>
      </trkpt>
      <trkpt lat="55.729752" lon="37.597239">
        <ele>0</ele>
      </trkpt>
      <trkpt lat="55.730049" lon="37.597403">
        <ele>0</ele>
      </trkpt>
      <trkpt lat="55.730412" lon="37.597609">
        <ele>0</ele>
      </trkpt>
      <trkpt lat="55.730424" lon="37.597542">
        <ele>0</ele>
      </trkpt>
      <trkpt lat="55.730412" lon="37.597609">
        <ele>0</ele>
      </trkpt>
      <trkpt lat="55.730794" lon="37.597827">
        <ele>0</ele>
      </trkpt>
      <trkpt lat="55.730915" lon="37.597885">
        <ele>0</ele>
      </trkpt>
      <trkpt lat="55.731056" lon="37.59793">
        <ele>0</ele>
      </trkpt>
      <trkpt lat="55.731084" lon="37.597941">
        <ele>0</ele>
      </trkpt>
      <trkpt lat="55.731249" lon="37.598065">
        <ele>0</ele>
      </trkpt>
      <trkpt lat="55.731478" lon="37.598259">
        <ele>0</ele>
      </trkpt>
      <trkpt lat="55.731592" lon="37.598361">
        <ele>0</ele>
      </trkpt>
      <trkpt lat="55.73158" lon="37.598394">
        <ele>0</ele>
      </trkpt>
      <trkpt lat="55.732224" lon="37.599002">
        <ele>0</ele>
      </trkpt>
      <trkpt lat="55.732412" lon="37.599366">
        <ele>0</ele>
      </trkpt>
      <trkpt lat="55.732478" lon="37.599441">
        <ele>0</ele>
      </trkpt>
      <trkpt lat="55.732771" lon="37.599756">
        <ele>0</ele>
      </trkpt>
      <trkpt lat="55.733092" lon="37.600225">
        <ele>0</ele>
      </trkpt>
      <trkpt lat="55.733293" lon="37.600421">
        <ele>0</ele>
      </trkpt>
      <trkpt lat="55.733259" lon="37.600528">
        <ele>0</ele>
      </trkpt>
      <trkpt lat="55.733302" lon="37.60057">
        <ele>0</ele>
      </trkpt>
      <trkpt lat="55.733398" lon="37.600672">
        <ele>0</ele>
      </trkpt>
      <trkpt lat="55.733484" lon="37.60076">
        <ele>0</ele>
      </trkpt>
      <trkpt lat="55.733555" lon="37.600829">
        <ele>0</ele>
      </trkpt>
      <trkpt lat="55.733642" lon="37.600917">
        <ele>0</ele>
      </trkpt>
      <trkpt lat="55.733668" lon="37.600951">
        <ele>0</ele>
      </trkpt>
      <trkpt lat="55.733686" lon="37.600988">
        <ele>0</ele>
      </trkpt>
      <trkpt lat="55.733697" lon="37.60103">
        <ele>0</ele>
      </trkpt>
      <trkpt lat="55.733704" lon="37.601078">
        <ele>0</ele>
      </trkpt>
      <trkpt lat="55.733704" lon="37.60117">
        <ele>0</ele>
      </trkpt>
      <trkpt lat="55.733707" lon="37.601219">
        <ele>0</ele>
      </trkpt>
      <trkpt lat="55.733631" lon="37.601604">
        <ele>0</ele>
      </trkpt>
      <trkpt lat="55.733405" lon="37.602317">
        <ele>0</ele>
      </trkpt>
      <trkpt lat="55.733024" lon="37.603555">
        <ele>0</ele>
      </trkpt>
      <trkpt lat="55.732937" lon="37.603834">
        <ele>0</ele>
      </trkpt>
      <trkpt lat="55.732767" lon="37.60437">
        <ele>0</ele>
      </trkpt>
      <trkpt lat="55.732674" lon="37.604672">
        <ele>0</ele>
      </trkpt>
      <trkpt lat="55.732619" lon="37.604847">
        <ele>0</ele>
      </trkpt>
      <trkpt lat="55.732576" lon="37.604994">
        <ele>0</ele>
      </trkpt>
      <trkpt lat="55.732479" lon="37.605309">
        <ele>0</ele>
      </trkpt>
      <trkpt lat="55.732395" lon="37.605588">
        <ele>0</ele>
      </trkpt>
      <trkpt lat="55.732326" lon="37.605784">
        <ele>0</ele>
      </trkpt>
      <trkpt lat="55.732231" lon="37.606053">
        <ele>0</ele>
      </trkpt>
      <trkpt lat="55.732046" lon="37.606511">
        <ele>0</ele>
      </trkpt>
      <trkpt lat="55.73191" lon="37.606776">
        <ele>0</ele>
      </trkpt>
      <trkpt lat="55.731722" lon="37.60728">
        <ele>0</ele>
      </trkpt>
      <trkpt lat="55.731325" lon="37.608421">
        <ele>0</ele>
      </trkpt>
      <trkpt lat="55.731317" lon="37.608457">
        <ele>0</ele>
      </trkpt>
      <trkpt lat="55.73131" lon="37.60849">
        <ele>0</ele>
      </trkpt>
      <trkpt lat="55.7313" lon="37.608531">
        <ele>0</ele>
      </trkpt>
      <trkpt lat="55.731296" lon="37.608548">
        <ele>0</ele>
      </trkpt>
      <trkpt lat="55.731092" lon="37.609176">
        <ele>0</ele>
      </trkpt>
      <trkpt lat="55.730871" lon="37.609859">
        <ele>0</ele>
      </trkpt>
      <trkpt lat="55.730651" lon="37.610552">
        <ele>0</ele>
      </trkpt>
      <trkpt lat="55.730412" lon="37.611309">
        <ele>0</ele>
      </trkpt>
      <trkpt lat="55.730355" lon="37.611558">
        <ele>0</ele>
      </trkpt>
      <trkpt lat="55.730351" lon="37.611597">
        <ele>0</ele>
      </trkpt>
      <trkpt lat="55.730355" lon="37.611632">
        <ele>0</ele>
      </trkpt>
      <trkpt lat="55.730401" lon="37.611764">
        <ele>0</ele>
      </trkpt>
      <trkpt lat="55.730412" lon="37.611775">
        <ele>0</ele>
      </trkpt>
      <trkpt lat="55.730422" lon="37.611778">
        <ele>0</ele>
      </trkpt>
      <trkpt lat="55.730617" lon="37.611779">
        <ele>0</ele>
      </trkpt>
      <trkpt lat="55.730624" lon="37.611803">
        <ele>0</ele>
      </trkpt>
      <trkpt lat="55.730634" lon="37.611821">
        <ele>0</ele>
      </trkpt>
      <trkpt lat="55.730653" lon="37.61183">
        <ele>0</ele>
      </trkpt>
      <trkpt lat="55.730842" lon="37.61183">
        <ele>0</ele>
      </trkpt>
      <trkpt lat="55.730842" lon="37.611857">
        <ele>0</ele>
      </trkpt>
      <trkpt lat="55.730623" lon="37.611853">
        <ele>0</ele>
      </trkpt>
      <trkpt lat="55.730625" lon="37.612064">
        <ele>0</ele>
      </trkpt>
      <trkpt lat="55.730624" lon="37.612243">
        <ele>0</ele>
      </trkpt>
      <trkpt lat="55.730623" lon="37.612422">
        <ele>0</ele>
      </trkpt>
      <trkpt lat="55.730847" lon="37.612412">
        <ele>0</ele>
      </trkpt>
      <trkpt lat="55.730848" lon="37.612437">
        <ele>0</ele>
      </trkpt>
      <trkpt lat="55.730658" lon="37.612439">
        <ele>0</ele>
      </trkpt>
      <trkpt lat="55.730641" lon="37.612444">
        <ele>0</ele>
      </trkpt>
      <trkpt lat="55.73063" lon="37.612461">
        <ele>0</ele>
      </trkpt>
      <trkpt lat="55.730625" lon="37.612487">
        <ele>0</ele>
      </trkpt>
      <trkpt lat="55.730625" lon="37.612515">
        <ele>0</ele>
      </trkpt>
      <trkpt lat="55.73054" lon="37.612517">
        <ele>0</ele>
      </trkpt>
      <trkpt lat="55.730387" lon="37.612527">
        <ele>0</ele>
      </trkpt>
      <trkpt lat="55.730385" lon="37.612587">
        <ele>0</ele>
      </trkpt>
      <trkpt lat="55.730383" lon="37.612704">
        <ele>0</ele>
      </trkpt>
      <trkpt lat="55.730358" lon="37.613908">
        <ele>0</ele>
      </trkpt>
      <trkpt lat="55.730343" lon="37.614522">
        <ele>0</ele>
      </trkpt>
      <trkpt lat="55.73034" lon="37.61459">
        <ele>0</ele>
      </trkpt>
      <trkpt lat="55.730336" lon="37.614723">
        <ele>0</ele>
      </trkpt>
      <trkpt lat="55.730333" lon="37.614801">
        <ele>0</ele>
      </trkpt>
      <trkpt lat="55.730292" lon="37.616065">
        <ele>0</ele>
      </trkpt>
      <trkpt lat="55.730287" lon="37.616182">
        <ele>0</ele>
      </trkpt>
      <trkpt lat="55.730231" lon="37.617847">
        <ele>0</ele>
      </trkpt>
      <trkpt lat="55.730222" lon="37.618263">
        <ele>0</ele>
      </trkpt>
      <trkpt lat="55.730213" lon="37.618676">
        <ele>0</ele>
      </trkpt>
      <trkpt lat="55.730185" lon="37.619977">
        <ele>0</ele>
      </trkpt>
      <trkpt lat="55.730151" lon="37.620884">
        <ele>0</ele>
      </trkpt>
      <trkpt lat="55.730147" lon="37.62097">
        <ele>0</ele>
      </trkpt>
      <trkpt lat="55.730142" lon="37.621132">
        <ele>0</ele>
      </trkpt>
      <trkpt lat="55.730137" lon="37.621257">
        <ele>0</ele>
      </trkpt>
      <trkpt lat="55.730133" lon="37.621365">
        <ele>0</ele>
      </trkpt>
      <trkpt lat="55.73013" lon="37.621441">
        <ele>0</ele>
      </trkpt>
      <trkpt lat="55.730114" lon="37.621912">
        <ele>0</ele>
      </trkpt>
      <trkpt lat="55.73011" lon="37.622013">
        <ele>0</ele>
      </trkpt>
      <trkpt lat="55.7301" lon="37.622294">
        <ele>0</ele>
      </trkpt>
      <trkpt lat="55.73009" lon="37.622579">
        <ele>0</ele>
      </trkpt>
      <trkpt lat="55.730057" lon="37.622795">
        <ele>0</ele>
      </trkpt>
      <trkpt lat="55.730052" lon="37.622967">
        <ele>0</ele>
      </trkpt>
      <trkpt lat="55.729994" lon="37.623112">
        <ele>0</ele>
      </trkpt>
      <trkpt lat="55.729989" lon="37.62314">
        <ele>0</ele>
      </trkpt>
      <trkpt lat="55.729985" lon="37.623178">
        <ele>0</ele>
      </trkpt>
      <trkpt lat="55.729952" lon="37.623765">
        <ele>0</ele>
      </trkpt>
      <trkpt lat="55.729952" lon="37.623832">
        <ele>0</ele>
      </trkpt>
      <trkpt lat="55.729952" lon="37.623866">
        <ele>0</ele>
      </trkpt>
      <trkpt lat="55.729946" lon="37.624111">
        <ele>0</ele>
      </trkpt>
      <trkpt lat="55.72994" lon="37.624418">
        <ele>0</ele>
      </trkpt>
      <trkpt lat="55.729941" lon="37.624702">
        <ele>0</ele>
      </trkpt>
      <trkpt lat="55.729965" lon="37.625022">
        <ele>0</ele>
      </trkpt>
      <trkpt lat="55.729985" lon="37.625252">
        <ele>0</ele>
      </trkpt>
      <trkpt lat="55.730005" lon="37.625491">
        <ele>0</ele>
      </trkpt>
      <trkpt lat="55.730024" lon="37.625673">
        <ele>0</ele>
      </trkpt>
      <trkpt lat="55.730052" lon="37.625977">
        <ele>0</ele>
      </trkpt>
      <trkpt lat="55.730106" lon="37.625959">
        <ele>0</ele>
      </trkpt>
      <trkpt lat="55.73011" lon="37.625995">
        <ele>0</ele>
      </trkpt>
      <trkpt lat="55.730124" lon="37.626139">
        <ele>0</ele>
      </trkpt>
      <trkpt lat="55.730129" lon="37.626179">
        <ele>0</ele>
      </trkpt>
      <trkpt lat="55.730132" lon="37.626187">
        <ele>0</ele>
      </trkpt>
      <trkpt lat="55.730138" lon="37.626189">
        <ele>0</ele>
      </trkpt>
      <trkpt lat="55.730153" lon="37.626184">
        <ele>0</ele>
      </trkpt>
      <trkpt lat="55.730202" lon="37.626741">
        <ele>0</ele>
      </trkpt>
      <trkpt lat="55.730267" lon="37.627398">
        <ele>0</ele>
      </trkpt>
      <trkpt lat="55.730295" lon="37.62768">
        <ele>0</ele>
      </trkpt>
      <trkpt lat="55.73035" lon="37.628209">
        <ele>0</ele>
      </trkpt>
      <trkpt lat="55.730381" lon="37.628507">
        <ele>0</ele>
      </trkpt>
      <trkpt lat="55.730406" lon="37.628749">
        <ele>0</ele>
      </trkpt>
      <trkpt lat="55.730431" lon="37.628987">
        <ele>0</ele>
      </trkpt>
      <trkpt lat="55.73045" lon="37.629045">
        <ele>0</ele>
      </trkpt>
      <trkpt lat="55.730496" lon="37.629466">
        <ele>0</ele>
      </trkpt>
      <trkpt lat="55.730514" lon="37.62958">
        <ele>0</ele>
      </trkpt>
      <trkpt lat="55.730518" lon="37.629597">
        <ele>0</ele>
      </trkpt>
      <trkpt lat="55.730524" lon="37.629659">
        <ele>0</ele>
      </trkpt>
      <trkpt lat="55.730529" lon="37.629709">
        <ele>0</ele>
      </trkpt>
      <trkpt lat="55.730533" lon="37.629758">
        <ele>0</ele>
      </trkpt>
      <trkpt lat="55.730691" lon="37.63147">
        <ele>0</ele>
      </trkpt>
      <trkpt lat="55.730694" lon="37.631497">
        <ele>0</ele>
      </trkpt>
      <trkpt lat="55.730848" lon="37.632945">
        <ele>0</ele>
      </trkpt>
      <trkpt lat="55.730863" lon="37.63308">
        <ele>0</ele>
      </trkpt>
      <trkpt lat="55.730894" lon="37.633363">
        <ele>0</ele>
      </trkpt>
      <trkpt lat="55.730907" lon="37.633434">
        <ele>0</ele>
      </trkpt>
      <trkpt lat="55.730916" lon="37.633479">
        <ele>0</ele>
      </trkpt>
      <trkpt lat="55.730922" lon="37.633516">
        <ele>0</ele>
      </trkpt>
      <trkpt lat="55.730929" lon="37.633553">
        <ele>0</ele>
      </trkpt>
      <trkpt lat="55.731016" lon="37.634431">
        <ele>0</ele>
      </trkpt>
      <trkpt lat="55.731125" lon="37.635392">
        <ele>0</ele>
      </trkpt>
      <trkpt lat="55.731131" lon="37.635415">
        <ele>0</ele>
      </trkpt>
      <trkpt lat="55.731137" lon="37.635437">
        <ele>0</ele>
      </trkpt>
      <trkpt lat="55.731179" lon="37.635544">
        <ele>0</ele>
      </trkpt>
      <trkpt lat="55.731188" lon="37.635567">
        <ele>0</ele>
      </trkpt>
      <trkpt lat="55.731205" lon="37.635626">
        <ele>0</ele>
      </trkpt>
      <trkpt lat="55.731242" lon="37.635752">
        <ele>0</ele>
      </trkpt>
      <trkpt lat="55.731258" lon="37.635814">
        <ele>0</ele>
      </trkpt>
      <trkpt lat="55.731239" lon="37.635907">
        <ele>0</ele>
      </trkpt>
      <trkpt lat="55.731244" lon="37.635995">
        <ele>0</ele>
      </trkpt>
      <trkpt lat="55.73125" lon="37.636088">
        <ele>0</ele>
      </trkpt>
      <trkpt lat="55.731267" lon="37.636179">
        <ele>0</ele>
      </trkpt>
      <trkpt lat="55.731294" lon="37.636331">
        <ele>0</ele>
      </trkpt>
      <trkpt lat="55.731353" lon="37.636665">
        <ele>0</ele>
      </trkpt>
      <trkpt lat="55.731358" lon="37.636695">
        <ele>0</ele>
      </trkpt>
      <trkpt lat="55.731374" lon="37.636788">
        <ele>0</ele>
      </trkpt>
      <trkpt lat="55.731384" lon="37.63695">
        <ele>0</ele>
      </trkpt>
      <trkpt lat="55.731471" lon="37.637388">
        <ele>0</ele>
      </trkpt>
      <trkpt lat="55.731521" lon="37.637598">
        <ele>0</ele>
      </trkpt>
      <trkpt lat="55.731543" lon="37.637706">
        <ele>0</ele>
      </trkpt>
      <trkpt lat="55.731556" lon="37.637759">
        <ele>0</ele>
      </trkpt>
      <trkpt lat="55.73157" lon="37.637815">
        <ele>0</ele>
      </trkpt>
      <trkpt lat="55.731583" lon="37.637863">
        <ele>0</ele>
      </trkpt>
      <trkpt lat="55.731606" lon="37.637941">
        <ele>0</ele>
      </trkpt>
      <trkpt lat="55.731675" lon="37.638174">
        <ele>0</ele>
      </trkpt>
      <trkpt lat="55.731727" lon="37.638322">
        <ele>0</ele>
      </trkpt>
      <trkpt lat="55.731801" lon="37.638535">
        <ele>0</ele>
      </trkpt>
      <trkpt lat="55.731821" lon="37.63857">
        <ele>0</ele>
      </trkpt>
      <trkpt lat="55.731897" lon="37.638688">
        <ele>0</ele>
      </trkpt>
      <trkpt lat="55.732234" lon="37.639229">
        <ele>0</ele>
      </trkpt>
      <trkpt lat="55.732318" lon="37.639351">
        <ele>0</ele>
      </trkpt>
      <trkpt lat="55.732392" lon="37.639483">
        <ele>0</ele>
      </trkpt>
      <trkpt lat="55.732407" lon="37.639508">
        <ele>0</ele>
      </trkpt>
      <trkpt lat="55.732424" lon="37.639535">
        <ele>0</ele>
      </trkpt>
      <trkpt lat="55.732437" lon="37.639559">
        <ele>0</ele>
      </trkpt>
      <trkpt lat="55.732505" lon="37.639651">
        <ele>0</ele>
      </trkpt>
      <trkpt lat="55.732554" lon="37.639738">
        <ele>0</ele>
      </trkpt>
      <trkpt lat="55.732614" lon="37.639842">
        <ele>0</ele>
      </trkpt>
      <trkpt lat="55.732744" lon="37.640007">
        <ele>0</ele>
      </trkpt>
      <trkpt lat="55.732785" lon="37.640059">
        <ele>0</ele>
      </trkpt>
      <trkpt lat="55.732806" lon="37.640106">
        <ele>0</ele>
      </trkpt>
      <trkpt lat="55.732941" lon="37.640413">
        <ele>0</ele>
      </trkpt>
      <trkpt lat="55.733007" lon="37.640539">
        <ele>0</ele>
      </trkpt>
      <trkpt lat="55.733077" lon="37.640665">
        <ele>0</ele>
      </trkpt>
      <trkpt lat="55.733164" lon="37.640822">
        <ele>0</ele>
      </trkpt>
      <trkpt lat="55.733269" lon="37.641016">
        <ele>0</ele>
      </trkpt>
      <trkpt lat="55.733318" lon="37.641094">
        <ele>0</ele>
      </trkpt>
      <trkpt lat="55.733412" lon="37.641337">
        <ele>0</ele>
      </trkpt>
      <trkpt lat="55.733419" lon="37.641375">
        <ele>0</ele>
      </trkpt>
      <trkpt lat="55.733439" lon="37.641433">
        <ele>0</ele>
      </trkpt>
      <trkpt lat="55.733461" lon="37.64149">
        <ele>0</ele>
      </trkpt>
      <trkpt lat="55.733468" lon="37.641505">
        <ele>0</ele>
      </trkpt>
      <trkpt lat="55.733485" lon="37.641538">
        <ele>0</ele>
      </trkpt>
      <trkpt lat="55.733737" lon="37.64201">
        <ele>0</ele>
      </trkpt>
      <trkpt lat="55.733766" lon="37.642058">
        <ele>0</ele>
      </trkpt>
      <trkpt lat="55.733793" lon="37.642088">
        <ele>0</ele>
      </trkpt>
      <trkpt lat="55.733803" lon="37.642101">
        <ele>0</ele>
      </trkpt>
      <trkpt lat="55.733826" lon="37.642153">
        <ele>0</ele>
      </trkpt>
      <trkpt lat="55.733856" lon="37.64222">
        <ele>0</ele>
      </trkpt>
      <trkpt lat="55.733868" lon="37.642245">
        <ele>0</ele>
      </trkpt>
      <trkpt lat="55.733968" lon="37.642418">
        <ele>0</ele>
      </trkpt>
      <trkpt lat="55.733992" lon="37.642455">
        <ele>0</ele>
      </trkpt>
      <trkpt lat="55.734015" lon="37.642485">
        <ele>0</ele>
      </trkpt>
      <trkpt lat="55.734038" lon="37.642508">
        <ele>0</ele>
      </trkpt>
      <trkpt lat="55.734063" lon="37.642526">
        <ele>0</ele>
      </trkpt>
      <trkpt lat="55.734103" lon="37.642555">
        <ele>0</ele>
      </trkpt>
      <trkpt lat="55.734129" lon="37.642573">
        <ele>0</ele>
      </trkpt>
      <trkpt lat="55.734148" lon="37.642589">
        <ele>0</ele>
      </trkpt>
      <trkpt lat="55.734199" lon="37.642634">
        <ele>0</ele>
      </trkpt>
      <trkpt lat="55.734324" lon="37.642744">
        <ele>0</ele>
      </trkpt>
      <trkpt lat="55.734563" lon="37.643001">
        <ele>0</ele>
      </trkpt>
      <trkpt lat="55.734618" lon="37.643099">
        <ele>0</ele>
      </trkpt>
      <trkpt lat="55.734634" lon="37.643133">
        <ele>0</ele>
      </trkpt>
      <trkpt lat="55.734645" lon="37.643156">
        <ele>0</ele>
      </trkpt>
      <trkpt lat="55.734669" lon="37.643212">
        <ele>0</ele>
      </trkpt>
      <trkpt lat="55.734685" lon="37.643233">
        <ele>0</ele>
      </trkpt>
      <trkpt lat="55.734713" lon="37.643258">
        <ele>0</ele>
      </trkpt>
      <trkpt lat="55.73474" lon="37.643275">
        <ele>0</ele>
      </trkpt>
      <trkpt lat="55.734758" lon="37.643287">
        <ele>0</ele>
      </trkpt>
      <trkpt lat="55.734772" lon="37.643293">
        <ele>0</ele>
      </trkpt>
      <trkpt lat="55.73477" lon="37.643333">
        <ele>0</ele>
      </trkpt>
      <trkpt lat="55.734772" lon="37.643384">
        <ele>0</ele>
      </trkpt>
      <trkpt lat="55.734788" lon="37.643437">
        <ele>0</ele>
      </trkpt>
      <trkpt lat="55.734816" lon="37.643492">
        <ele>0</ele>
      </trkpt>
      <trkpt lat="55.735912" lon="37.64501">
        <ele>0</ele>
      </trkpt>
      <trkpt lat="55.735941" lon="37.645058">
        <ele>0</ele>
      </trkpt>
      <trkpt lat="55.735952" lon="37.645088">
        <ele>0</ele>
      </trkpt>
      <trkpt lat="55.735987" lon="37.645143">
        <ele>0</ele>
      </trkpt>
      <trkpt lat="55.736022" lon="37.645174">
        <ele>0</ele>
      </trkpt>
      <trkpt lat="55.736063" lon="37.645224">
        <ele>0</ele>
      </trkpt>
      <trkpt lat="55.736223" lon="37.645444">
        <ele>0</ele>
      </trkpt>
      <trkpt lat="55.736259" lon="37.645478">
        <ele>0</ele>
      </trkpt>
      <trkpt lat="55.736291" lon="37.645505">
        <ele>0</ele>
      </trkpt>
      <trkpt lat="55.736329" lon="37.645523">
        <ele>0</ele>
      </trkpt>
      <trkpt lat="55.736365" lon="37.645534">
        <ele>0</ele>
      </trkpt>
      <trkpt lat="55.7364" lon="37.645528">
        <ele>0</ele>
      </trkpt>
      <trkpt lat="55.736405" lon="37.645559">
        <ele>0</ele>
      </trkpt>
      <trkpt lat="55.736407" lon="37.645574">
        <ele>0</ele>
      </trkpt>
      <trkpt lat="55.736421" lon="37.645671">
        <ele>0</ele>
      </trkpt>
      <trkpt lat="55.73643" lon="37.645731">
        <ele>0</ele>
      </trkpt>
      <trkpt lat="55.736435" lon="37.645762">
        <ele>0</ele>
      </trkpt>
      <trkpt lat="55.736444" lon="37.64582">
        <ele>0</ele>
      </trkpt>
      <trkpt lat="55.736452" lon="37.645879">
        <ele>0</ele>
      </trkpt>
      <trkpt lat="55.73646" lon="37.645935">
        <ele>0</ele>
      </trkpt>
      <trkpt lat="55.73648" lon="37.645947">
        <ele>0</ele>
      </trkpt>
      <trkpt lat="55.73646" lon="37.645935">
        <ele>0</ele>
      </trkpt>
      <trkpt lat="55.736267" lon="37.646032">
        <ele>0</ele>
      </trkpt>
      <trkpt lat="55.736164" lon="37.646084">
        <ele>0</ele>
      </trkpt>
      <trkpt lat="55.735985" lon="37.646175">
        <ele>0</ele>
      </trkpt>
      <trkpt lat="55.735873" lon="37.64623">
        <ele>0</ele>
      </trkpt>
      <trkpt lat="55.735848" lon="37.64624">
        <ele>0</ele>
      </trkpt>
      <trkpt lat="55.735818" lon="37.646251">
        <ele>0</ele>
      </trkpt>
      <trkpt lat="55.735775" lon="37.64626">
        <ele>0</ele>
      </trkpt>
      <trkpt lat="55.735754" lon="37.646268">
        <ele>0</ele>
      </trkpt>
      <trkpt lat="55.735607" lon="37.646358">
        <ele>0</ele>
      </trkpt>
      <trkpt lat="55.735584" lon="37.646378">
        <ele>0</ele>
      </trkpt>
      <trkpt lat="55.73557" lon="37.646403">
        <ele>0</ele>
      </trkpt>
      <trkpt lat="55.735555" lon="37.646422">
        <ele>0</ele>
      </trkpt>
      <trkpt lat="55.735513" lon="37.646446">
        <ele>0</ele>
      </trkpt>
      <trkpt lat="55.735475" lon="37.646469">
        <ele>0</ele>
      </trkpt>
      <trkpt lat="55.735428" lon="37.646482">
        <ele>0</ele>
      </trkpt>
      <trkpt lat="55.735402" lon="37.646491">
        <ele>0</ele>
      </trkpt>
      <trkpt lat="55.735374" lon="37.646506">
        <ele>0</ele>
      </trkpt>
      <trkpt lat="55.735157" lon="37.646649">
        <ele>0</ele>
      </trkpt>
      <trkpt lat="55.735126" lon="37.646663">
        <ele>0</ele>
      </trkpt>
      <trkpt lat="55.734837" lon="37.646827">
        <ele>0</ele>
      </trkpt>
      <trkpt lat="55.733222" lon="37.647826">
        <ele>0</ele>
      </trkpt>
      <trkpt lat="55.733167" lon="37.647883">
        <ele>0</ele>
      </trkpt>
      <trkpt lat="55.733144" lon="37.647906">
        <ele>0</ele>
      </trkpt>
      <trkpt lat="55.733109" lon="37.647938">
        <ele>0</ele>
      </trkpt>
      <trkpt lat="55.733064" lon="37.647957">
        <ele>0</ele>
      </trkpt>
      <trkpt lat="55.733037" lon="37.647966">
        <ele>0</ele>
      </trkpt>
      <trkpt lat="55.732956" lon="37.647985">
        <ele>0</ele>
      </trkpt>
      <trkpt lat="55.732718" lon="37.648143">
        <ele>0</ele>
      </trkpt>
      <trkpt lat="55.731626" lon="37.648842">
        <ele>0</ele>
      </trkpt>
      <trkpt lat="55.731533" lon="37.648898">
        <ele>0</ele>
      </trkpt>
      <trkpt lat="55.731497" lon="37.648921">
        <ele>0</ele>
      </trkpt>
      <trkpt lat="55.731146" lon="37.649143">
        <ele>0</ele>
      </trkpt>
      <trkpt lat="55.731126" lon="37.649156">
        <ele>0</ele>
      </trkpt>
      <trkpt lat="55.731058" lon="37.649204">
        <ele>0</ele>
      </trkpt>
      <trkpt lat="55.730999" lon="37.649247">
        <ele>0</ele>
      </trkpt>
      <trkpt lat="55.730968" lon="37.64927">
        <ele>0</ele>
      </trkpt>
      <trkpt lat="55.730879" lon="37.649335">
        <ele>0</ele>
      </trkpt>
      <trkpt lat="55.730697" lon="37.649528">
        <ele>0</ele>
      </trkpt>
      <trkpt lat="55.730578" lon="37.649674">
        <ele>0</ele>
      </trkpt>
      <trkpt lat="55.730493" lon="37.649799">
        <ele>0</ele>
      </trkpt>
      <trkpt lat="55.730433" lon="37.649898">
        <ele>0</ele>
      </trkpt>
      <trkpt lat="55.730391" lon="37.649965">
        <ele>0</ele>
      </trkpt>
      <trkpt lat="55.730135" lon="37.650419">
        <ele>0</ele>
      </trkpt>
      <trkpt lat="55.729984" lon="37.650697">
        <ele>0</ele>
      </trkpt>
      <trkpt lat="55.729628" lon="37.651328">
        <ele>0</ele>
      </trkpt>
      <trkpt lat="55.72907" lon="37.652251">
        <ele>0</ele>
      </trkpt>
      <trkpt lat="55.7287" lon="37.65286">
        <ele>0</ele>
      </trkpt>
      <trkpt lat="55.728677" lon="37.652862">
        <ele>0</ele>
      </trkpt>
      <trkpt lat="55.7287" lon="37.652914">
        <ele>0</ele>
      </trkpt>
      <trkpt lat="55.728606" lon="37.653027">
        <ele>0</ele>
      </trkpt>
      <trkpt lat="55.728508" lon="37.653173">
        <ele>0</ele>
      </trkpt>
      <trkpt lat="55.728425" lon="37.653299">
        <ele>0</ele>
      </trkpt>
      <trkpt lat="55.728323" lon="37.653438">
        <ele>0</ele>
      </trkpt>
      <trkpt lat="55.728254" lon="37.653539">
        <ele>0</ele>
      </trkpt>
      <trkpt lat="55.728232" lon="37.653572">
        <ele>0</ele>
      </trkpt>
      <trkpt lat="55.728248" lon="37.653609">
        <ele>0</ele>
      </trkpt>
      <trkpt lat="55.728253" lon="37.653625">
        <ele>0</ele>
      </trkpt>
      <trkpt lat="55.728172" lon="37.65374">
        <ele>0</ele>
      </trkpt>
      <trkpt lat="55.727949" lon="37.654032">
        <ele>0</ele>
      </trkpt>
      <trkpt lat="55.727639" lon="37.654387">
        <ele>0</ele>
      </trkpt>
      <trkpt lat="55.727573" lon="37.654457">
        <ele>0</ele>
      </trkpt>
      <trkpt lat="55.727224" lon="37.654779">
        <ele>0</ele>
      </trkpt>
      <trkpt lat="55.727026" lon="37.654952">
        <ele>0</ele>
      </trkpt>
      <trkpt lat="55.726989" lon="37.654983">
        <ele>0</ele>
      </trkpt>
      <trkpt lat="55.72633" lon="37.655484">
        <ele>0</ele>
      </trkpt>
      <trkpt lat="55.726001" lon="37.655718">
        <ele>0</ele>
      </trkpt>
      <trkpt lat="55.725663" lon="37.65594">
        <ele>0</ele>
      </trkpt>
      <trkpt lat="55.725606" lon="37.655972">
        <ele>0</ele>
      </trkpt>
      <trkpt lat="55.725391" lon="37.656086">
        <ele>0</ele>
      </trkpt>
      <trkpt lat="55.72537" lon="37.656096">
        <ele>0</ele>
      </trkpt>
      <trkpt lat="55.725159" lon="37.656196">
        <ele>0</ele>
      </trkpt>
      <trkpt lat="55.725132" lon="37.656204">
        <ele>0</ele>
      </trkpt>
      <trkpt lat="55.725092" lon="37.656209">
        <ele>0</ele>
      </trkpt>
      <trkpt lat="55.724834" lon="37.656317">
        <ele>0</ele>
      </trkpt>
      <trkpt lat="55.724738" lon="37.656345">
        <ele>0</ele>
      </trkpt>
      <trkpt lat="55.724552" lon="37.6564">
        <ele>0</ele>
      </trkpt>
      <trkpt lat="55.724411" lon="37.656435">
        <ele>0</ele>
      </trkpt>
      <trkpt lat="55.72418" lon="37.65648">
        <ele>0</ele>
      </trkpt>
      <trkpt lat="55.724009" lon="37.656501">
        <ele>0</ele>
      </trkpt>
      <trkpt lat="55.723998" lon="37.656502">
        <ele>0</ele>
      </trkpt>
      <trkpt lat="55.723825" lon="37.656518">
        <ele>0</ele>
      </trkpt>
      <trkpt lat="55.723656" lon="37.656512">
        <ele>0</ele>
      </trkpt>
      <trkpt lat="55.723534" lon="37.656501">
        <ele>0</ele>
      </trkpt>
      <trkpt lat="55.723421" lon="37.656482">
        <ele>0</ele>
      </trkpt>
      <trkpt lat="55.723294" lon="37.656455">
        <ele>0</ele>
      </trkpt>
      <trkpt lat="55.723124" lon="37.656411">
        <ele>0</ele>
      </trkpt>
      <trkpt lat="55.723003" lon="37.656372">
        <ele>0</ele>
      </trkpt>
      <trkpt lat="55.722861" lon="37.656317">
        <ele>0</ele>
      </trkpt>
      <trkpt lat="55.722772" lon="37.656277">
        <ele>0</ele>
      </trkpt>
      <trkpt lat="55.722674" lon="37.656225">
        <ele>0</ele>
      </trkpt>
      <trkpt lat="55.722428" lon="37.656073">
        <ele>0</ele>
      </trkpt>
      <trkpt lat="55.722334" lon="37.656007">
        <ele>0</ele>
      </trkpt>
      <trkpt lat="55.722241" lon="37.655938">
        <ele>0</ele>
      </trkpt>
      <trkpt lat="55.722153" lon="37.655864">
        <ele>0</ele>
      </trkpt>
      <trkpt lat="55.722074" lon="37.655789">
        <ele>0</ele>
      </trkpt>
      <trkpt lat="55.721972" lon="37.655689">
        <ele>0</ele>
      </trkpt>
      <trkpt lat="55.721872" lon="37.655588">
        <ele>0</ele>
      </trkpt>
      <trkpt lat="55.721713" lon="37.655417">
        <ele>0</ele>
      </trkpt>
      <trkpt lat="55.721618" lon="37.655303">
        <ele>0</ele>
      </trkpt>
      <trkpt lat="55.721531" lon="37.655194">
        <ele>0</ele>
      </trkpt>
      <trkpt lat="55.721432" lon="37.655067">
        <ele>0</ele>
      </trkpt>
      <trkpt lat="55.721368" lon="37.65498">
        <ele>0</ele>
      </trkpt>
      <trkpt lat="55.721243" lon="37.654792">
        <ele>0</ele>
      </trkpt>
      <trkpt lat="55.721187" lon="37.654702">
        <ele>0</ele>
      </trkpt>
      <trkpt lat="55.721192" lon="37.654693">
        <ele>0</ele>
      </trkpt>
      <trkpt lat="55.721187" lon="37.654702">
        <ele>0</ele>
      </trkpt>
      <trkpt lat="55.721157" lon="37.654653">
        <ele>0</ele>
      </trkpt>
      <trkpt lat="55.721031" lon="37.654431">
        <ele>0</ele>
      </trkpt>
      <trkpt lat="55.720915" lon="37.654207">
        <ele>0</ele>
      </trkpt>
      <trkpt lat="55.720822" lon="37.654008">
        <ele>0</ele>
      </trkpt>
      <trkpt lat="55.720646" lon="37.6536">
        <ele>0</ele>
      </trkpt>
      <trkpt lat="55.720489" lon="37.653215">
        <ele>0</ele>
      </trkpt>
      <trkpt lat="55.720274" lon="37.652676">
        <ele>0</ele>
      </trkpt>
      <trkpt lat="55.720064" lon="37.652165">
        <ele>0</ele>
      </trkpt>
      <trkpt lat="55.71986" lon="37.651654">
        <ele>0</ele>
      </trkpt>
      <trkpt lat="55.719779" lon="37.651445">
        <ele>0</ele>
      </trkpt>
      <trkpt lat="55.71972" lon="37.651286">
        <ele>0</ele>
      </trkpt>
      <trkpt lat="55.719666" lon="37.651162">
        <ele>0</ele>
      </trkpt>
      <trkpt lat="55.719547" lon="37.650871">
        <ele>0</ele>
      </trkpt>
      <trkpt lat="55.719402" lon="37.65051">
        <ele>0</ele>
      </trkpt>
      <trkpt lat="55.719315" lon="37.650303">
        <ele>0</ele>
      </trkpt>
      <trkpt lat="55.719161" lon="37.64992">
        <ele>0</ele>
      </trkpt>
      <trkpt lat="55.719103" lon="37.649791">
        <ele>0</ele>
      </trkpt>
      <trkpt lat="55.719016" lon="37.649606">
        <ele>0</ele>
      </trkpt>
      <trkpt lat="55.718968" lon="37.649511">
        <ele>0</ele>
      </trkpt>
      <trkpt lat="55.718782" lon="37.649175">
        <ele>0</ele>
      </trkpt>
      <trkpt lat="55.718683" lon="37.649008">
        <ele>0</ele>
      </trkpt>
      <trkpt lat="55.718621" lon="37.648907">
        <ele>0</ele>
      </trkpt>
      <trkpt lat="55.718517" lon="37.648758">
        <ele>0</ele>
      </trkpt>
      <trkpt lat="55.718326" lon="37.648495">
        <ele>0</ele>
      </trkpt>
      <trkpt lat="55.718226" lon="37.648372">
        <ele>0</ele>
      </trkpt>
      <trkpt lat="55.718129" lon="37.64826">
        <ele>0</ele>
      </trkpt>
      <trkpt lat="55.718036" lon="37.648162">
        <ele>0</ele>
      </trkpt>
      <trkpt lat="55.717968" lon="37.648097">
        <ele>0</ele>
      </trkpt>
      <trkpt lat="55.717844" lon="37.64798">
        <ele>0</ele>
      </trkpt>
      <trkpt lat="55.717703" lon="37.647857">
        <ele>0</ele>
      </trkpt>
      <trkpt lat="55.717537" lon="37.647725">
        <ele>0</ele>
      </trkpt>
      <trkpt lat="55.717262" lon="37.647543">
        <ele>0</ele>
      </trkpt>
      <trkpt lat="55.71715" lon="37.647483">
        <ele>0</ele>
      </trkpt>
      <trkpt lat="55.717108" lon="37.647465">
        <ele>0</ele>
      </trkpt>
      <trkpt lat="55.717075" lon="37.647458">
        <ele>0</ele>
      </trkpt>
      <trkpt lat="55.717022" lon="37.647451">
        <ele>0</ele>
      </trkpt>
      <trkpt lat="55.716894" lon="37.647394">
        <ele>0</ele>
      </trkpt>
      <trkpt lat="55.716759" lon="37.647338">
        <ele>0</ele>
      </trkpt>
      <trkpt lat="55.716709" lon="37.647289">
        <ele>0</ele>
      </trkpt>
      <trkpt lat="55.71665" lon="37.647238">
        <ele>0</ele>
      </trkpt>
      <trkpt lat="55.716438" lon="37.647168">
        <ele>0</ele>
      </trkpt>
      <trkpt lat="55.716275" lon="37.647125">
        <ele>0</ele>
      </trkpt>
      <trkpt lat="55.71598" lon="37.64707">
        <ele>0</ele>
      </trkpt>
      <trkpt lat="55.715763" lon="37.647045">
        <ele>0</ele>
      </trkpt>
      <trkpt lat="55.715483" lon="37.647044">
        <ele>0</ele>
      </trkpt>
      <trkpt lat="55.715175" lon="37.647059">
        <ele>0</ele>
      </trkpt>
      <trkpt lat="55.714962" lon="37.647086">
        <ele>0</ele>
      </trkpt>
      <trkpt lat="55.714158" lon="37.647262">
        <ele>0</ele>
      </trkpt>
      <trkpt lat="55.714147" lon="37.647256">
        <ele>0</ele>
      </trkpt>
      <trkpt lat="55.714127" lon="37.64726">
        <ele>0</ele>
      </trkpt>
      <trkpt lat="55.714111" lon="37.647263">
        <ele>0</ele>
      </trkpt>
      <trkpt lat="55.713598" lon="37.647454">
        <ele>0</ele>
      </trkpt>
      <trkpt lat="55.713257" lon="37.647662">
        <ele>0</ele>
      </trkpt>
      <trkpt lat="55.713242" lon="37.647673">
        <ele>0</ele>
      </trkpt>
      <trkpt lat="55.713229" lon="37.647699">
        <ele>0</ele>
      </trkpt>
      <trkpt lat="55.712947" lon="37.647893">
        <ele>0</ele>
      </trkpt>
      <trkpt lat="55.712822" lon="37.647975">
        <ele>0</ele>
      </trkpt>
      <trkpt lat="55.712812" lon="37.647982">
        <ele>0</ele>
      </trkpt>
      <trkpt lat="55.712647" lon="37.648088">
        <ele>0</ele>
      </trkpt>
      <trkpt lat="55.712626" lon="37.648102">
        <ele>0</ele>
      </trkpt>
      <trkpt lat="55.712416" lon="37.648231">
        <ele>0</ele>
      </trkpt>
      <trkpt lat="55.712287" lon="37.648325">
        <ele>0</ele>
      </trkpt>
      <trkpt lat="55.712056" lon="37.648453">
        <ele>0</ele>
      </trkpt>
      <trkpt lat="55.711731" lon="37.648627">
        <ele>0</ele>
      </trkpt>
      <trkpt lat="55.711705" lon="37.64863">
        <ele>0</ele>
      </trkpt>
      <trkpt lat="55.711669" lon="37.648637">
        <ele>0</ele>
      </trkpt>
      <trkpt lat="55.711427" lon="37.648744">
        <ele>0</ele>
      </trkpt>
      <trkpt lat="55.711266" lon="37.648796">
        <ele>0</ele>
      </trkpt>
      <trkpt lat="55.711122" lon="37.648829">
        <ele>0</ele>
      </trkpt>
      <trkpt lat="55.710982" lon="37.648853">
        <ele>0</ele>
      </trkpt>
      <trkpt lat="55.710824" lon="37.648866">
        <ele>0</ele>
      </trkpt>
      <trkpt lat="55.710682" lon="37.648857">
        <ele>0</ele>
      </trkpt>
      <trkpt lat="55.710531" lon="37.648826">
        <ele>0</ele>
      </trkpt>
      <trkpt lat="55.710307" lon="37.648757">
        <ele>0</ele>
      </trkpt>
      <trkpt lat="55.710213" lon="37.648711">
        <ele>0</ele>
      </trkpt>
      <trkpt lat="55.709997" lon="37.64859">
        <ele>0</ele>
      </trkpt>
      <trkpt lat="55.709714" lon="37.648347">
        <ele>0</ele>
      </trkpt>
      <trkpt lat="55.709537" lon="37.648173">
        <ele>0</ele>
      </trkpt>
      <trkpt lat="55.709461" lon="37.648082">
        <ele>0</ele>
      </trkpt>
      <trkpt lat="55.70923" lon="37.647772">
        <ele>0</ele>
      </trkpt>
      <trkpt lat="55.709207" lon="37.647751">
        <ele>0</ele>
      </trkpt>
      <trkpt lat="55.709152" lon="37.647723">
        <ele>0</ele>
      </trkpt>
      <trkpt lat="55.709126" lon="37.647687">
        <ele>0</ele>
      </trkpt>
      <trkpt lat="55.709032" lon="37.647542">
        <ele>0</ele>
      </trkpt>
      <trkpt lat="55.709006" lon="37.647502">
        <ele>0</ele>
      </trkpt>
      <trkpt lat="55.708996" lon="37.647455">
        <ele>0</ele>
      </trkpt>
      <trkpt lat="55.70898" lon="37.647414">
        <ele>0</ele>
      </trkpt>
      <trkpt lat="55.708802" lon="37.647104">
        <ele>0</ele>
      </trkpt>
      <trkpt lat="55.708644" lon="37.64678">
        <ele>0</ele>
      </trkpt>
      <trkpt lat="55.708466" lon="37.646349">
        <ele>0</ele>
      </trkpt>
      <trkpt lat="55.708378" lon="37.646115">
        <ele>0</ele>
      </trkpt>
      <trkpt lat="55.70828" lon="37.645818">
        <ele>0</ele>
      </trkpt>
      <trkpt lat="55.708202" lon="37.645506">
        <ele>0</ele>
      </trkpt>
      <trkpt lat="55.708188" lon="37.645456">
        <ele>0</ele>
      </trkpt>
      <trkpt lat="55.708117" lon="37.645193">
        <ele>0</ele>
      </trkpt>
      <trkpt lat="55.708066" lon="37.644967">
        <ele>0</ele>
      </trkpt>
      <trkpt lat="55.70799" lon="37.644597">
        <ele>0</ele>
      </trkpt>
      <trkpt lat="55.707898" lon="37.644071">
        <ele>0</ele>
      </trkpt>
      <trkpt lat="55.707868" lon="37.643882">
        <ele>0</ele>
      </trkpt>
      <trkpt lat="55.707879" lon="37.643876">
        <ele>0</ele>
      </trkpt>
      <trkpt lat="55.707868" lon="37.643882">
        <ele>0</ele>
      </trkpt>
      <trkpt lat="55.707852" lon="37.64378">
        <ele>0</ele>
      </trkpt>
      <trkpt lat="55.707772" lon="37.643103">
        <ele>0</ele>
      </trkpt>
      <trkpt lat="55.707752" lon="37.642873">
        <ele>0</ele>
      </trkpt>
      <trkpt lat="55.707738" lon="37.64267">
        <ele>0</ele>
      </trkpt>
      <trkpt lat="55.707721" lon="37.642556">
        <ele>0</ele>
      </trkpt>
      <trkpt lat="55.7077" lon="37.642495">
        <ele>0</ele>
      </trkpt>
      <trkpt lat="55.707695" lon="37.642428">
        <ele>0</ele>
      </trkpt>
      <trkpt lat="55.707686" lon="37.641925">
        <ele>0</ele>
      </trkpt>
      <trkpt lat="55.707706" lon="37.641872">
        <ele>0</ele>
      </trkpt>
      <trkpt lat="55.707712" lon="37.641819">
        <ele>0</ele>
      </trkpt>
      <trkpt lat="55.707721" lon="37.641414">
        <ele>0</ele>
      </trkpt>
      <trkpt lat="55.707732" lon="37.641178">
        <ele>0</ele>
      </trkpt>
      <trkpt lat="55.707753" lon="37.640898">
        <ele>0</ele>
      </trkpt>
      <trkpt lat="55.707775" lon="37.640659">
        <ele>0</ele>
      </trkpt>
      <trkpt lat="55.707802" lon="37.640405">
        <ele>0</ele>
      </trkpt>
      <trkpt lat="55.707834" lon="37.64019">
        <ele>0</ele>
      </trkpt>
      <trkpt lat="55.707906" lon="37.639828">
        <ele>0</ele>
      </trkpt>
      <trkpt lat="55.707983" lon="37.639403">
        <ele>0</ele>
      </trkpt>
      <trkpt lat="55.7083" lon="37.637744">
        <ele>0</ele>
      </trkpt>
      <trkpt lat="55.708311" lon="37.637684">
        <ele>0</ele>
      </trkpt>
      <trkpt lat="55.708442" lon="37.636943">
        <ele>0</ele>
      </trkpt>
      <trkpt lat="55.708484" lon="37.636679">
        <ele>0</ele>
      </trkpt>
      <trkpt lat="55.708545" lon="37.636275">
        <ele>0</ele>
      </trkpt>
      <trkpt lat="55.708559" lon="37.636169">
        <ele>0</ele>
      </trkpt>
      <trkpt lat="55.708556" lon="37.636099">
        <ele>0</ele>
      </trkpt>
      <trkpt lat="55.708548" lon="37.636029">
        <ele>0</ele>
      </trkpt>
      <trkpt lat="55.708605" lon="37.63551">
        <ele>0</ele>
      </trkpt>
      <trkpt lat="55.708627" lon="37.635442">
        <ele>0</ele>
      </trkpt>
      <trkpt lat="55.70864" lon="37.635388">
        <ele>0</ele>
      </trkpt>
      <trkpt lat="55.708651" lon="37.635254">
        <ele>0</ele>
      </trkpt>
      <trkpt lat="55.708676" lon="37.634927">
        <ele>0</ele>
      </trkpt>
      <trkpt lat="55.708689" lon="37.634709">
        <ele>0</ele>
      </trkpt>
      <trkpt lat="55.708701" lon="37.63435">
        <ele>0</ele>
      </trkpt>
      <trkpt lat="55.708703" lon="37.634111">
        <ele>0</ele>
      </trkpt>
      <trkpt lat="55.708704" lon="37.633743">
        <ele>0</ele>
      </trkpt>
      <trkpt lat="55.708695" lon="37.633537">
        <ele>0</ele>
      </trkpt>
      <trkpt lat="55.708692" lon="37.633487">
        <ele>0</ele>
      </trkpt>
      <trkpt lat="55.708656" lon="37.632822">
        <ele>0</ele>
      </trkpt>
      <trkpt lat="55.708621" lon="37.6325">
        <ele>0</ele>
      </trkpt>
      <trkpt lat="55.708576" lon="37.632168">
        <ele>0</ele>
      </trkpt>
      <trkpt lat="55.708528" lon="37.631856">
        <ele>0</ele>
      </trkpt>
      <trkpt lat="55.708472" lon="37.631542">
        <ele>0</ele>
      </trkpt>
      <trkpt lat="55.708393" lon="37.631174">
        <ele>0</ele>
      </trkpt>
      <trkpt lat="55.708326" lon="37.630878">
        <ele>0</ele>
      </trkpt>
      <trkpt lat="55.708246" lon="37.630554">
        <ele>0</ele>
      </trkpt>
      <trkpt lat="55.70809" lon="37.63003">
        <ele>0</ele>
      </trkpt>
      <trkpt lat="55.707984" lon="37.62971">
        <ele>0</ele>
      </trkpt>
      <trkpt lat="55.707827" lon="37.629297">
        <ele>0</ele>
      </trkpt>
      <trkpt lat="55.707808" lon="37.629261">
        <ele>0</ele>
      </trkpt>
      <trkpt lat="55.707788" lon="37.629224">
        <ele>0</ele>
      </trkpt>
      <trkpt lat="55.707773" lon="37.629205">
        <ele>0</ele>
      </trkpt>
      <trkpt lat="55.707755" lon="37.629186">
        <ele>0</ele>
      </trkpt>
      <trkpt lat="55.707611" lon="37.628883">
        <ele>0</ele>
      </trkpt>
      <trkpt lat="55.707531" lon="37.628721">
        <ele>0</ele>
      </trkpt>
      <trkpt lat="55.707441" lon="37.628567">
        <ele>0</ele>
      </trkpt>
      <trkpt lat="55.707323" lon="37.628387">
        <ele>0</ele>
      </trkpt>
      <trkpt lat="55.707197" lon="37.628212">
        <ele>0</ele>
      </trkpt>
      <trkpt lat="55.706958" lon="37.627931">
        <ele>0</ele>
      </trkpt>
      <trkpt lat="55.70673" lon="37.627739">
        <ele>0</ele>
      </trkpt>
      <trkpt lat="55.706495" lon="37.627564">
        <ele>0</ele>
      </trkpt>
      <trkpt lat="55.706333" lon="37.627469">
        <ele>0</ele>
      </trkpt>
      <trkpt lat="55.706188" lon="37.627391">
        <ele>0</ele>
      </trkpt>
      <trkpt lat="55.705878" lon="37.627286">
        <ele>0</ele>
      </trkpt>
      <trkpt lat="55.705611" lon="37.627197">
        <ele>0</ele>
      </trkpt>
      <trkpt lat="55.70552" lon="37.62717">
        <ele>0</ele>
      </trkpt>
      <trkpt lat="55.705357" lon="37.62712">
        <ele>0</ele>
      </trkpt>
      <trkpt lat="55.705262" lon="37.627091">
        <ele>0</ele>
      </trkpt>
      <trkpt lat="55.705233" lon="37.627081">
        <ele>0</ele>
      </trkpt>
      <trkpt lat="55.705208" lon="37.627076">
        <ele>0</ele>
      </trkpt>
      <trkpt lat="55.704287" lon="37.626862">
        <ele>0</ele>
      </trkpt>
      <trkpt lat="55.703368" lon="37.626647">
        <ele>0</ele>
      </trkpt>
      <trkpt lat="55.703001" lon="37.626598">
        <ele>0</ele>
      </trkpt>
      <trkpt lat="55.702686" lon="37.626555">
        <ele>0</ele>
      </trkpt>
      <trkpt lat="55.702662" lon="37.626552">
        <ele>0</ele>
      </trkpt>
      <trkpt lat="55.702314" lon="37.626504">
        <ele>0</ele>
      </trkpt>
      <trkpt lat="55.702292" lon="37.62651">
        <ele>0</ele>
      </trkpt>
      <trkpt lat="55.702246" lon="37.626546">
        <ele>0</ele>
      </trkpt>
      <trkpt lat="55.702225" lon="37.626552">
        <ele>0</ele>
      </trkpt>
      <trkpt lat="55.701665" lon="37.626479">
        <ele>0</ele>
      </trkpt>
      <trkpt lat="55.701637" lon="37.626475">
        <ele>0</ele>
      </trkpt>
      <trkpt lat="55.701597" lon="37.62647">
        <ele>0</ele>
      </trkpt>
      <trkpt lat="55.701276" lon="37.626427">
        <ele>0</ele>
      </trkpt>
      <trkpt lat="55.700734" lon="37.62637">
        <ele>0</ele>
      </trkpt>
      <trkpt lat="55.700513" lon="37.626356">
        <ele>0</ele>
      </trkpt>
      <trkpt lat="55.699953" lon="37.626289">
        <ele>0</ele>
      </trkpt>
      <trkpt lat="55.699376" lon="37.626215">
        <ele>0</ele>
      </trkpt>
      <trkpt lat="55.698769" lon="37.62619">
        <ele>0</ele>
      </trkpt>
      <trkpt lat="55.698566" lon="37.626183">
        <ele>0</ele>
      </trkpt>
      <trkpt lat="55.698539" lon="37.626182">
        <ele>0</ele>
      </trkpt>
      <trkpt lat="55.697876" lon="37.626202">
        <ele>0</ele>
      </trkpt>
      <trkpt lat="55.697231" lon="37.626277">
        <ele>0</ele>
      </trkpt>
      <trkpt lat="55.696731" lon="37.626345">
        <ele>0</ele>
      </trkpt>
      <trkpt lat="55.696701" lon="37.626349">
        <ele>0</ele>
      </trkpt>
      <trkpt lat="55.696183" lon="37.626421">
        <ele>0</ele>
      </trkpt>
      <trkpt lat="55.695361" lon="37.626538">
        <ele>0</ele>
      </trkpt>
      <trkpt lat="55.694513" lon="37.626665">
        <ele>0</ele>
      </trkpt>
      <trkpt lat="55.694116" lon="37.626726">
        <ele>0</ele>
      </trkpt>
      <trkpt lat="55.693839" lon="37.626777">
        <ele>0</ele>
      </trkpt>
      <trkpt lat="55.693809" lon="37.626784">
        <ele>0</ele>
      </trkpt>
      <trkpt lat="55.693807" lon="37.626745">
        <ele>0</ele>
      </trkpt>
      <trkpt lat="55.69375" lon="37.626754">
        <ele>0</ele>
      </trkpt>
      <trkpt lat="55.69337" lon="37.626824">
        <ele>0</ele>
      </trkpt>
      <trkpt lat="55.69312" lon="37.626879">
        <ele>0</ele>
      </trkpt>
      <trkpt lat="55.692852" lon="37.626943">
        <ele>0</ele>
      </trkpt>
      <trkpt lat="55.692589" lon="37.627013">
        <ele>0</ele>
      </trkpt>
      <trkpt lat="55.692087" lon="37.627167">
        <ele>0</ele>
      </trkpt>
      <trkpt lat="55.692088" lon="37.62718">
        <ele>0</ele>
      </trkpt>
      <trkpt lat="55.692087" lon="37.627167">
        <ele>0</ele>
      </trkpt>
      <trkpt lat="55.69194" lon="37.627212">
        <ele>0</ele>
      </trkpt>
      <trkpt lat="55.691937" lon="37.627178">
        <ele>0</ele>
      </trkpt>
      <trkpt lat="55.691932" lon="37.627127">
        <ele>0</ele>
      </trkpt>
      <trkpt lat="55.691919" lon="37.626988">
        <ele>0</ele>
      </trkpt>
      <trkpt lat="55.691908" lon="37.626879">
        <ele>0</ele>
      </trkpt>
      <trkpt lat="55.691885" lon="37.626882">
        <ele>0</ele>
      </trkpt>
      <trkpt lat="55.691819" lon="37.62689">
        <ele>0</ele>
      </trkpt>
      <trkpt lat="55.691809" lon="37.626885">
        <ele>0</ele>
      </trkpt>
      <trkpt lat="55.691804" lon="37.626877">
        <ele>0</ele>
      </trkpt>
      <trkpt lat="55.691788" lon="37.626812">
        <ele>0</ele>
      </trkpt>
      <trkpt lat="55.691571" lon="37.625353">
        <ele>0</ele>
      </trkpt>
      <trkpt lat="55.69149" lon="37.624751">
        <ele>0</ele>
      </trkpt>
      <trkpt lat="55.691425" lon="37.62431">
        <ele>0</ele>
      </trkpt>
      <trkpt lat="55.691269" lon="37.62315">
        <ele>0</ele>
      </trkpt>
      <trkpt lat="55.691255" lon="37.622887">
        <ele>0</ele>
      </trkpt>
      <trkpt lat="55.691272" lon="37.622839">
        <ele>0</ele>
      </trkpt>
      <trkpt lat="55.691279" lon="37.622808">
        <ele>0</ele>
      </trkpt>
      <trkpt lat="55.691281" lon="37.622775">
        <ele>0</ele>
      </trkpt>
      <trkpt lat="55.691278" lon="37.622693">
        <ele>0</ele>
      </trkpt>
      <trkpt lat="55.691256" lon="37.62224">
        <ele>0</ele>
      </trkpt>
      <trkpt lat="55.691191" lon="37.622251">
        <ele>0</ele>
      </trkpt>
      <trkpt lat="55.691157" lon="37.62225">
        <ele>0</ele>
      </trkpt>
      <trkpt lat="55.691146" lon="37.62225">
        <ele>0</ele>
      </trkpt>
      <trkpt lat="55.690744" lon="37.622281">
        <ele>0</ele>
      </trkpt>
      <trkpt lat="55.690459" lon="37.622328">
        <ele>0</ele>
      </trkpt>
      <trkpt lat="55.690446" lon="37.622332">
        <ele>0</ele>
      </trkpt>
      <trkpt lat="55.690437" lon="37.622336">
        <ele>0</ele>
      </trkpt>
      <trkpt lat="55.690428" lon="37.622343">
        <ele>0</ele>
      </trkpt>
      <trkpt lat="55.69042" lon="37.622363">
        <ele>0</ele>
      </trkpt>
      <trkpt lat="55.690417" lon="37.622379">
        <ele>0</ele>
      </trkpt>
      <trkpt lat="55.690365" lon="37.622389">
        <ele>0</ele>
      </trkpt>
      <trkpt lat="55.690258" lon="37.622406">
        <ele>0</ele>
      </trkpt>
      <trkpt lat="55.690255" lon="37.622347">
        <ele>0</ele>
      </trkpt>
      <trkpt lat="55.690248" lon="37.622236">
        <ele>0</ele>
      </trkpt>
      <trkpt lat="55.690246" lon="37.622212">
        <ele>0</ele>
      </trkpt>
      <trkpt lat="55.690243" lon="37.622177">
        <ele>0</ele>
      </trkpt>
      <trkpt lat="55.690231" lon="37.622037">
        <ele>0</ele>
      </trkpt>
      <trkpt lat="55.690209" lon="37.621806">
        <ele>0</ele>
      </trkpt>
      <trkpt lat="55.690189" lon="37.621591">
        <ele>0</ele>
      </trkpt>
      <trkpt lat="55.690187" lon="37.621562">
        <ele>0</ele>
      </trkpt>
      <trkpt lat="55.690202" lon="37.621433">
        <ele>0</ele>
      </trkpt>
      <trkpt lat="55.690178" lon="37.621211">
        <ele>0</ele>
      </trkpt>
      <trkpt lat="55.690147" lon="37.620942">
        <ele>0</ele>
      </trkpt>
      <trkpt lat="55.690139" lon="37.620888">
        <ele>0</ele>
      </trkpt>
      <trkpt lat="55.690126" lon="37.62083">
        <ele>0</ele>
      </trkpt>
      <trkpt lat="55.690103" lon="37.620749">
        <ele>0</ele>
      </trkpt>
      <trkpt lat="55.690095" lon="37.620722">
        <ele>0</ele>
      </trkpt>
      <trkpt lat="55.69007" lon="37.620658">
        <ele>0</ele>
      </trkpt>
      <trkpt lat="55.690038" lon="37.620593">
        <ele>0</ele>
      </trkpt>
      <trkpt lat="55.690007" lon="37.620537">
        <ele>0</ele>
      </trkpt>
      <trkpt lat="55.689659" lon="37.619959">
        <ele>0</ele>
      </trkpt>
      <trkpt lat="55.689668" lon="37.619942">
        <ele>0</ele>
      </trkpt>
      <trkpt lat="55.689692" lon="37.619895">
        <ele>0</ele>
      </trkpt>
      <trkpt lat="55.689719" lon="37.619841">
        <ele>0</ele>
      </trkpt>
      <trkpt lat="55.689728" lon="37.619823">
        <ele>0</ele>
      </trkpt>
      <trkpt lat="55.689764" lon="37.619842">
        <ele>0</ele>
      </trkpt>
      <trkpt lat="55.689836" lon="37.619846">
        <ele>0</ele>
      </trkpt>
      <trkpt lat="55.689667" lon="37.619502">
        <ele>0</ele>
      </trkpt>
      <trkpt lat="55.689641" lon="37.619439">
        <ele>0</ele>
      </trkpt>
      <trkpt lat="55.68961" lon="37.619349">
        <ele>0</ele>
      </trkpt>
      <trkpt lat="55.689653" lon="37.619285">
        <ele>0</ele>
      </trkpt>
      <trkpt lat="55.689677" lon="37.619253">
        <ele>0</ele>
      </trkpt>
      <trkpt lat="55.689691" lon="37.619241">
        <ele>0</ele>
      </trkpt>
      <trkpt lat="55.689749" lon="37.619207">
        <ele>0</ele>
      </trkpt>
      <trkpt lat="55.689766" lon="37.619214">
        <ele>0</ele>
      </trkpt>
      <trkpt lat="55.689784" lon="37.619207">
        <ele>0</ele>
      </trkpt>
      <trkpt lat="55.689798" lon="37.619188">
        <ele>0</ele>
      </trkpt>
      <trkpt lat="55.689808" lon="37.619161">
        <ele>0</ele>
      </trkpt>
      <trkpt lat="55.68981" lon="37.619129">
        <ele>0</ele>
      </trkpt>
      <trkpt lat="55.689804" lon="37.619099">
        <ele>0</ele>
      </trkpt>
      <trkpt lat="55.689821" lon="37.619081">
        <ele>0</ele>
      </trkpt>
      <trkpt lat="55.689831" lon="37.619059">
        <ele>0</ele>
      </trkpt>
      <trkpt lat="55.689834" lon="37.619028">
        <ele>0</ele>
      </trkpt>
      <trkpt lat="55.689833" lon="37.618999">
        <ele>0</ele>
      </trkpt>
      <trkpt lat="55.689827" lon="37.618961">
        <ele>0</ele>
      </trkpt>
      <trkpt lat="55.689924" lon="37.618721">
        <ele>0</ele>
      </trkpt>
      <trkpt lat="55.689864" lon="37.618395">
        <ele>0</ele>
      </trkpt>
      <trkpt lat="55.689834" lon="37.618397">
        <ele>0</ele>
      </trkpt>
    </trkseg>
    <trkseg>
      <trkpt lat="55.815594" lon="37.323256">
        <ele>0</ele>
      </trkpt>
      <trkpt lat="55.815624" lon="37.323176">
        <ele>0</ele>
      </trkpt>
      <trkpt lat="55.815512" lon="37.323041">
        <ele>0</ele>
      </trkpt>
      <trkpt lat="55.815187" lon="37.322632">
        <ele>0</ele>
      </trkpt>
      <trkpt lat="55.814884" lon="37.322239">
        <ele>0</ele>
      </trkpt>
      <trkpt lat="55.814846" lon="37.322172">
        <ele>0</ele>
      </trkpt>
      <trkpt lat="55.814749" lon="37.322038">
        <ele>0</ele>
      </trkpt>
      <trkpt lat="55.814573" lon="37.321847">
        <ele>0</ele>
      </trkpt>
      <trkpt lat="55.814423" lon="37.321683">
        <ele>0</ele>
      </trkpt>
      <trkpt lat="55.814162" lon="37.321374">
        <ele>0</ele>
      </trkpt>
      <trkpt lat="55.814062" lon="37.321256">
        <ele>0</ele>
      </trkpt>
      <trkpt lat="55.814015" lon="37.321188">
        <ele>0</ele>
      </trkpt>
      <trkpt lat="55.813931" lon="37.321067">
        <ele>0</ele>
      </trkpt>
      <trkpt lat="55.813909" lon="37.321012">
        <ele>0</ele>
      </trkpt>
      <trkpt lat="55.813892" lon="37.320797">
        <ele>0</ele>
      </trkpt>
      <trkpt lat="55.813876" lon="37.320736">
        <ele>0</ele>
      </trkpt>
      <trkpt lat="55.813849" lon="37.320706">
        <ele>0</ele>
      </trkpt>
      <trkpt lat="55.813816" lon="37.320696">
        <ele>0</ele>
      </trkpt>
      <trkpt lat="55.813729" lon="37.320697">
        <ele>0</ele>
      </trkpt>
      <trkpt lat="55.81369" lon="37.320697">
        <ele>0</ele>
      </trkpt>
      <trkpt lat="55.81367" lon="37.320689">
        <ele>0</ele>
      </trkpt>
      <trkpt lat="55.813636" lon="37.32066">
        <ele>0</ele>
      </trkpt>
      <trkpt lat="55.813595" lon="37.320619">
        <ele>0</ele>
      </trkpt>
      <trkpt lat="55.813548" lon="37.320545">
        <ele>0</ele>
      </trkpt>
      <trkpt lat="55.813396" lon="37.320364">
        <ele>0</ele>
      </trkpt>
      <trkpt lat="55.813351" lon="37.320423">
        <ele>0</ele>
      </trkpt>
      <trkpt lat="55.8132" lon="37.320232">
        <ele>0</ele>
      </trkpt>
      <trkpt lat="55.813235" lon="37.3202">
        <ele>0</ele>
      </trkpt>
      <trkpt lat="55.813212" lon="37.320149">
        <ele>0</ele>
      </trkpt>
      <trkpt lat="55.813156" lon="37.320069">
        <ele>0</ele>
      </trkpt>
      <trkpt lat="55.812736" lon="37.319551">
        <ele>0</ele>
      </trkpt>
      <trkpt lat="55.81248" lon="37.319231">
        <ele>0</ele>
      </trkpt>
      <trkpt lat="55.812471" lon="37.319189">
        <ele>0</ele>
      </trkpt>
      <trkpt lat="55.81248" lon="37.319231">
        <ele>0</ele>
      </trkpt>
      <trkpt lat="55.812321" lon="37.319035">
        <ele>0</ele>
      </trkpt>
      <trkpt lat="55.812296" lon="37.318993">
        <ele>0</ele>
      </trkpt>
      <trkpt lat="55.81227" lon="37.318939">
        <ele>0</ele>
      </trkpt>
      <trkpt lat="55.812248" lon="37.318879">
        <ele>0</ele>
      </trkpt>
      <trkpt lat="55.812228" lon="37.318818">
        <ele>0</ele>
      </trkpt>
      <trkpt lat="55.812205" lon="37.318717">
        <ele>0</ele>
      </trkpt>
      <trkpt lat="55.812178" lon="37.318543">
        <ele>0</ele>
      </trkpt>
      <trkpt lat="55.811991" lon="37.317178">
        <ele>0</ele>
      </trkpt>
      <trkpt lat="55.811951" lon="37.316924">
        <ele>0</ele>
      </trkpt>
      <trkpt lat="55.811917" lon="37.316787">
        <ele>0</ele>
      </trkpt>
      <trkpt lat="55.811896" lon="37.316632">
        <ele>0</ele>
      </trkpt>
      <trkpt lat="55.811893" lon="37.31653">
        <ele>0</ele>
      </trkpt>
      <trkpt lat="55.811733" lon="37.315318">
        <ele>0</ele>
      </trkpt>
      <trkpt lat="55.811726" lon="37.315241">
        <ele>0</ele>
      </trkpt>
      <trkpt lat="55.81172" lon="37.315107">
        <ele>0</ele>
      </trkpt>
      <trkpt lat="55.811725" lon="37.31492">
        <ele>0</ele>
      </trkpt>
      <trkpt lat="55.811738" lon="37.314724">
        <ele>0</ele>
      </trkpt>
      <trkpt lat="55.811771" lon="37.314333">
        <ele>0</ele>
      </trkpt>
      <trkpt lat="55.811797" lon="37.314035">
        <ele>0</ele>
      </trkpt>
      <trkpt lat="55.811824" lon="37.313741">
        <ele>0</ele>
      </trkpt>
      <trkpt lat="55.811848" lon="37.313484">
        <ele>0</ele>
      </trkpt>
      <trkpt lat="55.811853" lon="37.313415">
        <ele>0</ele>
      </trkpt>
      <trkpt lat="55.81191" lon="37.313431">
        <ele>0</ele>
      </trkpt>
      <trkpt lat="55.811959" lon="37.313442">
        <ele>0</ele>
      </trkpt>
      <trkpt lat="55.811965" lon="37.313343">
        <ele>0</ele>
      </trkpt>
      <trkpt lat="55.811993" lon="37.312461">
        <ele>0</ele>
      </trkpt>
      <trkpt lat="55.812013" lon="37.312025">
        <ele>0</ele>
      </trkpt>
      <trkpt lat="55.812021" lon="37.311998">
        <ele>0</ele>
      </trkpt>
      <trkpt lat="55.812038" lon="37.311969">
        <ele>0</ele>
      </trkpt>
      <trkpt lat="55.812048" lon="37.311871">
        <ele>0</ele>
      </trkpt>
      <trkpt lat="55.812101" lon="37.311195">
        <ele>0</ele>
      </trkpt>
      <trkpt lat="55.812113" lon="37.31108">
        <ele>0</ele>
      </trkpt>
      <trkpt lat="55.812141" lon="37.310864">
        <ele>0</ele>
      </trkpt>
      <trkpt lat="55.812166" lon="37.310652">
        <ele>0</ele>
      </trkpt>
      <trkpt lat="55.812199" lon="37.310402">
        <ele>0</ele>
      </trkpt>
      <trkpt lat="55.812205" lon="37.310361">
        <ele>0</ele>
      </trkpt>
      <trkpt lat="55.812212" lon="37.310326">
        <ele>0</ele>
      </trkpt>
      <trkpt lat="55.812366" lon="37.309697">
        <ele>0</ele>
      </trkpt>
      <trkpt lat="55.81241" lon="37.309516">
        <ele>0</ele>
      </trkpt>
      <trkpt lat="55.812768" lon="37.308484">
        <ele>0</ele>
      </trkpt>
      <trkpt lat="55.812867" lon="37.308255">
        <ele>0</ele>
      </trkpt>
      <trkpt lat="55.812921" lon="37.308145">
        <ele>0</ele>
      </trkpt>
      <trkpt lat="55.81294" lon="37.308106">
        <ele>0</ele>
      </trkpt>
      <trkpt lat="55.812958" lon="37.308105">
        <ele>0</ele>
      </trkpt>
      <trkpt lat="55.812966" lon="37.308001">
        <ele>0</ele>
      </trkpt>
      <trkpt lat="55.812988" lon="37.307952">
        <ele>0</ele>
      </trkpt>
      <trkpt lat="55.812999" lon="37.307929">
        <ele>0</ele>
      </trkpt>
      <trkpt lat="55.812971" lon="37.307888">
        <ele>0</ele>
      </trkpt>
      <trkpt lat="55.812931" lon="37.307825">
        <ele>0</ele>
      </trkpt>
      <trkpt lat="55.813285" lon="37.307103">
        <ele>0</ele>
      </trkpt>
      <trkpt lat="55.813383" lon="37.306905">
        <ele>0</ele>
      </trkpt>
      <trkpt lat="55.813435" lon="37.3068">
        <ele>0</ele>
      </trkpt>
      <trkpt lat="55.813472" lon="37.306726">
        <ele>0</ele>
      </trkpt>
      <trkpt lat="55.813544" lon="37.306583">
        <ele>0</ele>
      </trkpt>
      <trkpt lat="55.813562" lon="37.306548">
        <ele>0</ele>
      </trkpt>
      <trkpt lat="55.813709" lon="37.30625">
        <ele>0</ele>
      </trkpt>
      <trkpt lat="55.813917" lon="37.305824">
        <ele>0</ele>
      </trkpt>
      <trkpt lat="55.814006" lon="37.305642">
        <ele>0</ele>
      </trkpt>
      <trkpt lat="55.814045" lon="37.305562">
        <ele>0</ele>
      </trkpt>
      <trkpt lat="55.8141" lon="37.30545">
        <ele>0</ele>
      </trkpt>
      <trkpt lat="55.814222" lon="37.305199">
        <ele>0</ele>
      </trkpt>
      <trkpt lat="55.814228" lon="37.305183">
        <ele>0</ele>
      </trkpt>
      <trkpt lat="55.814228" lon="37.305175">
        <ele>0</ele>
      </trkpt>
      <trkpt lat="55.814228" lon="37.305167">
        <ele>0</ele>
      </trkpt>
      <trkpt lat="55.814221" lon="37.305154">
        <ele>0</ele>
      </trkpt>
      <trkpt lat="55.814015" lon="37.304826">
        <ele>0</ele>
      </trkpt>
      <trkpt lat="55.81405" lon="37.304758">
        <ele>0</ele>
      </trkpt>
      <trkpt lat="55.814043" lon="37.304748">
        <ele>0</ele>
      </trkpt>
      <trkpt lat="55.814029" lon="37.304725">
        <ele>0</ele>
      </trkpt>
      <trkpt lat="55.813984" lon="37.304812">
        <ele>0</ele>
      </trkpt>
      <trkpt lat="55.813908" lon="37.304677">
        <ele>0</ele>
      </trkpt>
      <trkpt lat="55.813895" lon="37.304655">
        <ele>0</ele>
      </trkpt>
      <trkpt lat="55.813841" lon="37.304758">
        <ele>0</ele>
      </trkpt>
      <trkpt lat="55.813827" lon="37.304735">
        <ele>0</ele>
      </trkpt>
      <trkpt lat="55.8139" lon="37.304594">
        <ele>0</ele>
      </trkpt>
      <trkpt lat="55.813914" lon="37.304527">
        <ele>0</ele>
      </trkpt>
      <trkpt lat="55.813934" lon="37.304486">
        <ele>0</ele>
      </trkpt>
      <trkpt lat="55.813964" lon="37.304429">
        <ele>0</ele>
      </trkpt>
      <trkpt lat="55.814" lon="37.304362">
        <ele>0</ele>
      </trkpt>
      <trkpt lat="55.814005" lon="37.304355">
        <ele>0</ele>
      </trkpt>
      <trkpt lat="55.814012" lon="37.304351">
        <ele>0</ele>
      </trkpt>
      <trkpt lat="55.81402" lon="37.304353">
        <ele>0</ele>
      </trkpt>
      <trkpt lat="55.814024" lon="37.304359">
        <ele>0</ele>
      </trkpt>
      <trkpt lat="55.81404" lon="37.304384">
        <ele>0</ele>
      </trkpt>
      <trkpt lat="55.814147" lon="37.304175">
        <ele>0</ele>
      </trkpt>
      <trkpt lat="55.814144" lon="37.30417">
        <ele>0</ele>
      </trkpt>
    </trkseg>
    <trkseg>
      <trkpt lat="55.81443" lon="37.30418">
        <ele>0</ele>
      </trkpt>
      <trkpt lat="55.814442" lon="37.304198">
        <ele>0</ele>
      </trkpt>
      <trkpt lat="55.814347" lon="37.304391">
        <ele>0</ele>
      </trkpt>
      <trkpt lat="55.814207" lon="37.304675">
        <ele>0</ele>
      </trkpt>
      <trkpt lat="55.814136" lon="37.304816">
        <ele>0</ele>
      </trkpt>
      <trkpt lat="55.814126" lon="37.304855">
        <ele>0</ele>
      </trkpt>
      <trkpt lat="55.814128" lon="37.304896">
        <ele>0</ele>
      </trkpt>
      <trkpt lat="55.814142" lon="37.304931">
        <ele>0</ele>
      </trkpt>
      <trkpt lat="55.814313" lon="37.305177">
        <ele>0</ele>
      </trkpt>
      <trkpt lat="55.814266" lon="37.305273">
        <ele>0</ele>
      </trkpt>
      <trkpt lat="55.814197" lon="37.305415">
        <ele>0</ele>
      </trkpt>
      <trkpt lat="55.814143" lon="37.305521">
        <ele>0</ele>
      </trkpt>
      <trkpt lat="55.814087" lon="37.305632">
        <ele>0</ele>
      </trkpt>
      <trkpt lat="55.813823" lon="37.306149">
        <ele>0</ele>
      </trkpt>
      <trkpt lat="55.813746" lon="37.306307">
        <ele>0</ele>
      </trkpt>
      <trkpt lat="55.813597" lon="37.306603">
        <ele>0</ele>
      </trkpt>
      <trkpt lat="55.81357" lon="37.306657">
        <ele>0</ele>
      </trkpt>
      <trkpt lat="55.813566" lon="37.306651">
        <ele>0</ele>
      </trkpt>
      <trkpt lat="55.81357" lon="37.306657">
        <ele>0</ele>
      </trkpt>
      <trkpt lat="55.813545" lon="37.306705">
        <ele>0</ele>
      </trkpt>
      <trkpt lat="55.813491" lon="37.306817">
        <ele>0</ele>
      </trkpt>
      <trkpt lat="55.813418" lon="37.306967">
        <ele>0</ele>
      </trkpt>
      <trkpt lat="55.813448" lon="37.307015">
        <ele>0</ele>
      </trkpt>
      <trkpt lat="55.813478" lon="37.307062">
        <ele>0</ele>
      </trkpt>
      <trkpt lat="55.813314" lon="37.307411">
        <ele>0</ele>
      </trkpt>
      <trkpt lat="55.81327" lon="37.307457">
        <ele>0</ele>
      </trkpt>
      <trkpt lat="55.813205" lon="37.307523">
        <ele>0</ele>
      </trkpt>
      <trkpt lat="55.812999" lon="37.307929">
        <ele>0</ele>
      </trkpt>
      <trkpt lat="55.812988" lon="37.307952">
        <ele>0</ele>
      </trkpt>
      <trkpt lat="55.812966" lon="37.308001">
        <ele>0</ele>
      </trkpt>
      <trkpt lat="55.812958" lon="37.308105">
        <ele>0</ele>
      </trkpt>
      <trkpt lat="55.81294" lon="37.308106">
        <ele>0</ele>
      </trkpt>
      <trkpt lat="55.812921" lon="37.308145">
        <ele>0</ele>
      </trkpt>
      <trkpt lat="55.812867" lon="37.308255">
        <ele>0</ele>
      </trkpt>
      <trkpt lat="55.812768" lon="37.308484">
        <ele>0</ele>
      </trkpt>
      <trkpt lat="55.81241" lon="37.309516">
        <ele>0</ele>
      </trkpt>
      <trkpt lat="55.812366" lon="37.309697">
        <ele>0</ele>
      </trkpt>
      <trkpt lat="55.812212" lon="37.310326">
        <ele>0</ele>
      </trkpt>
      <trkpt lat="55.812205" lon="37.310361">
        <ele>0</ele>
      </trkpt>
      <trkpt lat="55.812199" lon="37.310402">
        <ele>0</ele>
      </trkpt>
      <trkpt lat="55.812166" lon="37.310652">
        <ele>0</ele>
      </trkpt>
      <trkpt lat="55.812141" lon="37.310864">
        <ele>0</ele>
      </trkpt>
      <trkpt lat="55.812113" lon="37.31108">
        <ele>0</ele>
      </trkpt>
      <trkpt lat="55.812101" lon="37.311195">
        <ele>0</ele>
      </trkpt>
      <trkpt lat="55.812048" lon="37.311871">
        <ele>0</ele>
      </trkpt>
      <trkpt lat="55.812038" lon="37.311969">
        <ele>0</ele>
      </trkpt>
      <trkpt lat="55.812021" lon="37.311998">
        <ele>0</ele>
      </trkpt>
      <trkpt lat="55.812013" lon="37.312025">
        <ele>0</ele>
      </trkpt>
      <trkpt lat="55.811993" lon="37.312461">
        <ele>0</ele>
      </trkpt>
      <trkpt lat="55.811965" lon="37.313343">
        <ele>0</ele>
      </trkpt>
      <trkpt lat="55.811959" lon="37.313442">
        <ele>0</ele>
      </trkpt>
      <trkpt lat="55.81191" lon="37.313431">
        <ele>0</ele>
      </trkpt>
      <trkpt lat="55.811853" lon="37.313415">
        <ele>0</ele>
      </trkpt>
      <trkpt lat="55.811848" lon="37.313484">
        <ele>0</ele>
      </trkpt>
      <trkpt lat="55.811824" lon="37.313741">
        <ele>0</ele>
      </trkpt>
      <trkpt lat="55.811797" lon="37.314035">
        <ele>0</ele>
      </trkpt>
      <trkpt lat="55.811771" lon="37.314333">
        <ele>0</ele>
      </trkpt>
      <trkpt lat="55.811738" lon="37.314724">
        <ele>0</ele>
      </trkpt>
      <trkpt lat="55.811725" lon="37.31492">
        <ele>0</ele>
      </trkpt>
      <trkpt lat="55.81172" lon="37.315107">
        <ele>0</ele>
      </trkpt>
      <trkpt lat="55.811726" lon="37.315241">
        <ele>0</ele>
      </trkpt>
      <trkpt lat="55.811733" lon="37.315318">
        <ele>0</ele>
      </trkpt>
      <trkpt lat="55.811893" lon="37.31653">
        <ele>0</ele>
      </trkpt>
      <trkpt lat="55.811896" lon="37.316632">
        <ele>0</ele>
      </trkpt>
      <trkpt lat="55.811917" lon="37.316787">
        <ele>0</ele>
      </trkpt>
      <trkpt lat="55.811951" lon="37.316924">
        <ele>0</ele>
      </trkpt>
      <trkpt lat="55.811991" lon="37.317178">
        <ele>0</ele>
      </trkpt>
      <trkpt lat="55.812178" lon="37.318543">
        <ele>0</ele>
      </trkpt>
      <trkpt lat="55.812205" lon="37.318717">
        <ele>0</ele>
      </trkpt>
      <trkpt lat="55.812228" lon="37.318818">
        <ele>0</ele>
      </trkpt>
      <trkpt lat="55.812248" lon="37.318879">
        <ele>0</ele>
      </trkpt>
      <trkpt lat="55.81227" lon="37.318939">
        <ele>0</ele>
      </trkpt>
      <trkpt lat="55.812296" lon="37.318993">
        <ele>0</ele>
      </trkpt>
      <trkpt lat="55.812321" lon="37.319035">
        <ele>0</ele>
      </trkpt>
      <trkpt lat="55.812463" lon="37.31921">
        <ele>0</ele>
      </trkpt>
      <trkpt lat="55.812471" lon="37.319189">
        <ele>0</ele>
      </trkpt>
      <trkpt lat="55.812463" lon="37.31921">
        <ele>0</ele>
      </trkpt>
      <trkpt lat="55.81248" lon="37.319231">
        <ele>0</ele>
      </trkpt>
      <trkpt lat="55.812736" lon="37.319551">
        <ele>0</ele>
      </trkpt>
      <trkpt lat="55.813156" lon="37.320069">
        <ele>0</ele>
      </trkpt>
      <trkpt lat="55.813212" lon="37.320149">
        <ele>0</ele>
      </trkpt>
      <trkpt lat="55.813235" lon="37.3202">
        <ele>0</ele>
      </trkpt>
      <trkpt lat="55.8132" lon="37.320232">
        <ele>0</ele>
      </trkpt>
      <trkpt lat="55.813351" lon="37.320423">
        <ele>0</ele>
      </trkpt>
      <trkpt lat="55.813396" lon="37.320364">
        <ele>0</ele>
      </trkpt>
      <trkpt lat="55.813548" lon="37.320545">
        <ele>0</ele>
      </trkpt>
      <trkpt lat="55.813595" lon="37.320619">
        <ele>0</ele>
      </trkpt>
      <trkpt lat="55.813636" lon="37.32066">
        <ele>0</ele>
      </trkpt>
      <trkpt lat="55.81367" lon="37.320689">
        <ele>0</ele>
      </trkpt>
      <trkpt lat="55.81369" lon="37.320697">
        <ele>0</ele>
      </trkpt>
      <trkpt lat="55.813729" lon="37.320697">
        <ele>0</ele>
      </trkpt>
      <trkpt lat="55.813816" lon="37.320696">
        <ele>0</ele>
      </trkpt>
      <trkpt lat="55.813849" lon="37.320706">
        <ele>0</ele>
      </trkpt>
      <trkpt lat="55.813876" lon="37.320736">
        <ele>0</ele>
      </trkpt>
      <trkpt lat="55.813892" lon="37.320797">
        <ele>0</ele>
      </trkpt>
      <trkpt lat="55.813909" lon="37.321012">
        <ele>0</ele>
      </trkpt>
      <trkpt lat="55.813931" lon="37.321067">
        <ele>0</ele>
      </trkpt>
      <trkpt lat="55.814015" lon="37.321188">
        <ele>0</ele>
      </trkpt>
      <trkpt lat="55.814062" lon="37.321256">
        <ele>0</ele>
      </trkpt>
      <trkpt lat="55.814162" lon="37.321374">
        <ele>0</ele>
      </trkpt>
      <trkpt lat="55.814423" lon="37.321683">
        <ele>0</ele>
      </trkpt>
      <trkpt lat="55.814573" lon="37.321847">
        <ele>0</ele>
      </trkpt>
      <trkpt lat="55.814749" lon="37.322038">
        <ele>0</ele>
      </trkpt>
      <trkpt lat="55.814846" lon="37.322172">
        <ele>0</ele>
      </trkpt>
      <trkpt lat="55.814884" lon="37.322239">
        <ele>0</ele>
      </trkpt>
      <trkpt lat="55.815187" lon="37.322632">
        <ele>0</ele>
      </trkpt>
      <trkpt lat="55.815512" lon="37.323041">
        <ele>0</ele>
      </trkpt>
      <trkpt lat="55.815616" lon="37.323166">
        <ele>0</ele>
      </trkpt>
      <trkpt lat="55.815612" lon="37.323175">
        <ele>0</ele>
      </trkpt>
    </trkseg>
  </trk>
</gpx>
