<?xml version="1.0" encoding="UTF-8"?>
<gpx version="1.1" creator="Route Map" xmlns="http://www.topografix.com/GPX/1/1">
  <trk>
    <name>Садовое кольцо</name>
    <trkseg>
      <trkpt lat="55.793812" lon="37.633055">
        <ele>0</ele>
      </trkpt>
      <trkpt lat="55.793839" lon="37.633053">
        <ele>0</ele>
      </trkpt>
      <trkpt lat="55.793843" lon="37.633189">
        <ele>0</ele>
      </trkpt>
      <trkpt lat="55.79385" lon="37.633403">
        <ele>0</ele>
      </trkpt>
      <trkpt lat="55.793785" lon="37.633342">
        <ele>0</ele>
      </trkpt>
      <trkpt lat="55.793291" lon="37.632946">
        <ele>0</ele>
      </trkpt>
      <trkpt lat="55.793087" lon="37.632805">
        <ele>0</ele>
      </trkpt>
      <trkpt lat="55.792573" lon="37.63288">
        <ele>0</ele>
      </trkpt>
      <trkpt lat="55.792481" lon="37.632893">
        <ele>0</ele>
      </trkpt>
      <trkpt lat="55.792475" lon="37.632935">
        <ele>0</ele>
      </trkpt>
      <trkpt lat="55.792464" lon="37.632969">
        <ele>0</ele>
      </trkpt>
      <trkpt lat="55.792447" lon="37.63299">
        <ele>0</ele>
      </trkpt>
      <trkpt lat="55.792424" lon="37.633006">
        <ele>0</ele>
      </trkpt>
      <trkpt lat="55.79208" lon="37.633048">
        <ele>0</ele>
      </trkpt>
      <trkpt lat="55.792046" lon="37.633049">
        <ele>0</ele>
      </trkpt>
      <trkpt lat="55.791943" lon="37.633052">
        <ele>0</ele>
      </trkpt>
      <trkpt lat="55.791897" lon="37.633052">
        <ele>0</ele>
      </trkpt>
      <trkpt lat="55.791751" lon="37.633054">
        <ele>0</ele>
      </trkpt>
      <trkpt lat="55.79163" lon="37.633052">
        <ele>0</ele>
      </trkpt>
      <trkpt lat="55.791557" lon="37.633054">
        <ele>0</ele>
      </trkpt>
      <trkpt lat="55.791571" lon="37.632381">
        <ele>0</ele>
      </trkpt>
      <trkpt lat="55.791573" lon="37.6323">
        <ele>0</ele>
      </trkpt>
      <trkpt lat="55.791574" lon="37.632261">
        <ele>0</ele>
      </trkpt>
      <trkpt lat="55.79158" lon="37.632142">
        <ele>0</ele>
      </trkpt>
      <trkpt lat="55.791553" lon="37.632144">
        <ele>0</ele>
      </trkpt>
      <trkpt lat="55.79152" lon="37.632148">
        <ele>0</ele>
      </trkpt>
      <trkpt lat="55.791521" lon="37.632265">
        <ele>0</ele>
      </trkpt>
      <trkpt lat="55.791524" lon="37.632628">
        <ele>0</ele>
      </trkpt>
      <trkpt lat="55.791526" lon="37.632878">
        <ele>0</ele>
      </trkpt>
      <trkpt lat="55.791514" lon="37.632932">
        <ele>0</ele>
      </trkpt>
      <trkpt lat="55.791483" lon="37.632956">
        <ele>0</ele>
      </trkpt>
      <trkpt lat="55.791095" lon="37.632995">
        <ele>0</ele>
      </trkpt>
      <trkpt lat="55.79032" lon="37.633142">
        <ele>0</ele>
      </trkpt>
      <trkpt lat="55.790324" lon="37.633213">
        <ele>0</ele>
      </trkpt>
      <trkpt lat="55.79032" lon="37.633142">
        <ele>0</ele>
      </trkpt>
      <trkpt lat="55.790286" lon="37.633148">
        <ele>0</ele>
      </trkpt>
      <trkpt lat="55.790201" lon="37.632863">
        <ele>0</ele>
      </trkpt>
      <trkpt lat="55.790177" lon="37.632783">
        <ele>0</ele>
      </trkpt>
      <trkpt lat="55.789993" lon="37.632137">
        <ele>0</ele>
      </trkpt>
      <trkpt lat="55.789909" lon="37.632204">
        <ele>0</ele>
      </trkpt>
      <trkpt lat="55.789832" lon="37.632266">
        <ele>0</ele>
      </trkpt>
      <trkpt lat="55.78975" lon="37.632332">
        <ele>0</ele>
      </trkpt>
      <trkpt lat="55.789706" lon="37.632179">
        <ele>0</ele>
      </trkpt>
      <trkpt lat="55.78908" lon="37.630099">
        <ele>0</ele>
      </trkpt>
      <trkpt lat="55.788904" lon="37.629536">
        <ele>0</ele>
      </trkpt>
      <trkpt lat="55.788865" lon="37.629425">
        <ele>0</ele>
      </trkpt>
      <trkpt lat="55.788797" lon="37.629403">
        <ele>0</ele>
      </trkpt>
      <trkpt lat="55.788311" lon="37.62941">
        <ele>0</ele>
      </trkpt>
      <trkpt lat="55.78821" lon="37.629397">
        <ele>0</ele>
      </trkpt>
      <trkpt lat="55.788163" lon="37.629377">
        <ele>0</ele>
      </trkpt>
      <trkpt lat="55.788122" lon="37.62937">
        <ele>0</ele>
      </trkpt>
      <trkpt lat="55.787931" lon="37.629382">
        <ele>0</ele>
      </trkpt>
      <trkpt lat="55.787854" lon="37.629383">
        <ele>0</ele>
      </trkpt>
      <trkpt lat="55.787796" lon="37.629386">
        <ele>0</ele>
      </trkpt>
      <trkpt lat="55.787746" lon="37.629385">
        <ele>0</ele>
      </trkpt>
      <trkpt lat="55.787556" lon="37.629385">
        <ele>0</ele>
      </trkpt>
      <trkpt lat="55.787229" lon="37.629384">
        <ele>0</ele>
      </trkpt>
      <trkpt lat="55.787108" lon="37.62939">
        <ele>0</ele>
      </trkpt>
      <trkpt lat="55.787052" lon="37.629395">
        <ele>0</ele>
      </trkpt>
      <trkpt lat="55.786978" lon="37.629407">
        <ele>0</ele>
      </trkpt>
      <trkpt lat="55.786836" lon="37.629467">
        <ele>0</ele>
      </trkpt>
      <trkpt lat="55.786258" lon="37.629729">
        <ele>0</ele>
      </trkpt>
      <trkpt lat="55.786223" lon="37.629738">
        <ele>0</ele>
      </trkpt>
      <trkpt lat="55.786187" lon="37.629724">
        <ele>0</ele>
      </trkpt>
      <trkpt lat="55.786091" lon="37.629712">
        <ele>0</ele>
      </trkpt>
      <trkpt lat="55.785955" lon="37.629699">
        <ele>0</ele>
      </trkpt>
      <trkpt lat="55.785943" lon="37.629708">
        <ele>0</ele>
      </trkpt>
      <trkpt lat="55.785937" lon="37.629718">
        <ele>0</ele>
      </trkpt>
      <trkpt lat="55.785933" lon="37.629733">
        <ele>0</ele>
      </trkpt>
      <trkpt lat="55.785869" lon="37.629733">
        <ele>0</ele>
      </trkpt>
      <trkpt lat="55.785846" lon="37.629733">
        <ele>0</ele>
      </trkpt>
      <trkpt lat="55.785797" lon="37.629672">
        <ele>0</ele>
      </trkpt>
      <trkpt lat="55.785799" lon="37.629575">
        <ele>0</ele>
      </trkpt>
      <trkpt lat="55.785804" lon="37.629448">
        <ele>0</ele>
      </trkpt>
      <trkpt lat="55.785547" lon="37.629408">
        <ele>0</ele>
      </trkpt>
      <trkpt lat="55.785519" lon="37.629403">
        <ele>0</ele>
      </trkpt>
      <trkpt lat="55.785458" lon="37.629397">
        <ele>0</ele>
      </trkpt>
      <trkpt lat="55.784811" lon="37.629283">
        <ele>0</ele>
      </trkpt>
      <trkpt lat="55.784428" lon="37.629229">
        <ele>0</ele>
      </trkpt>
      <trkpt lat="55.784411" lon="37.629228">
        <ele>0</ele>
      </trkpt>
      <trkpt lat="55.784401" lon="37.629222">
        <ele>0</ele>
      </trkpt>
      <trkpt lat="55.784396" lon="37.629217">
        <ele>0</ele>
      </trkpt>
      <trkpt lat="55.784394" lon="37.629205">
        <ele>0</ele>
      </trkpt>
      <trkpt lat="55.784392" lon="37.629067">
        <ele>0</ele>
      </trkpt>
      <trkpt lat="55.784393" lon="37.628611">
        <ele>0</ele>
      </trkpt>
      <trkpt lat="55.784333" lon="37.62861">
        <ele>0</ele>
      </trkpt>
      <trkpt lat="55.784332" lon="37.629063">
        <ele>0</ele>
      </trkpt>
      <trkpt lat="55.784262" lon="37.629059">
        <ele>0</ele>
      </trkpt>
      <trkpt lat="55.784231" lon="37.629058">
        <ele>0</ele>
      </trkpt>
      <trkpt lat="55.784164" lon="37.629063">
        <ele>0</ele>
      </trkpt>
      <trkpt lat="55.783669" lon="37.629128">
        <ele>0</ele>
      </trkpt>
      <trkpt lat="55.783553" lon="37.629137">
        <ele>0</ele>
      </trkpt>
      <trkpt lat="55.783558" lon="37.629274">
        <ele>0</ele>
      </trkpt>
      <trkpt lat="55.783218" lon="37.629302">
        <ele>0</ele>
      </trkpt>
      <trkpt lat="55.782909" lon="37.629324">
        <ele>0</ele>
      </trkpt>
      <trkpt lat="55.782909" lon="37.629309">
        <ele>0</ele>
      </trkpt>
      <trkpt lat="55.782909" lon="37.629324">
        <ele>0</ele>
      </trkpt>
      <trkpt lat="55.782861" lon="37.629328">
        <ele>0</ele>
      </trkpt>
      <trkpt lat="55.782795" lon="37.629331">
        <ele>0</ele>
      </trkpt>
      <trkpt lat="55.78266" lon="37.629343">
        <ele>0</ele>
      </trkpt>
      <trkpt lat="55.782656" lon="37.629196">
        <ele>0</ele>
      </trkpt>
      <trkpt lat="55.782568" lon="37.629207">
        <ele>0</ele>
      </trkpt>
      <trkpt lat="55.782228" lon="37.629235">
        <ele>0</ele>
      </trkpt>
      <trkpt lat="55.782177" lon="37.629239">
        <ele>0</ele>
      </trkpt>
      <trkpt lat="55.7817" lon="37.629262">
        <ele>0</ele>
      </trkpt>
      <trkpt lat="55.781559" lon="37.62926">
        <ele>0</ele>
      </trkpt>
      <trkpt lat="55.781452" lon="37.629257">
        <ele>0</ele>
      </trkpt>
      <trkpt lat="55.78124" lon="37.629237">
        <ele>0</ele>
      </trkpt>
      <trkpt lat="55.781207" lon="37.629234">
        <ele>0</ele>
      </trkpt>
      <trkpt lat="55.781101" lon="37.62922">
        <ele>0</ele>
      </trkpt>
      <trkpt lat="55.78097" lon="37.629203">
        <ele>0</ele>
      </trkpt>
      <trkpt lat="55.780958" lon="37.629201">
        <ele>0</ele>
      </trkpt>
      <trkpt lat="55.780804" lon="37.629178">
        <ele>0</ele>
      </trkpt>
      <trkpt lat="55.780736" lon="37.629166">
        <ele>0</ele>
      </trkpt>
      <trkpt lat="55.780663" lon="37.629154">
        <ele>0</ele>
      </trkpt>
      <trkpt lat="55.7806" lon="37.62914">
        <ele>0</ele>
      </trkpt>
      <trkpt lat="55.780409" lon="37.629097">
        <ele>0</ele>
      </trkpt>
      <trkpt lat="55.780057" lon="37.629019">
        <ele>0</ele>
      </trkpt>
      <trkpt lat="55.779158" lon="37.628871">
        <ele>0</ele>
      </trkpt>
      <trkpt lat="55.778769" lon="37.628795">
        <ele>0</ele>
      </trkpt>
      <trkpt lat="55.778772" lon="37.628739">
        <ele>0</ele>
      </trkpt>
      <trkpt lat="55.778534" lon="37.628694">
        <ele>0</ele>
      </trkpt>
      <trkpt lat="55.778491" lon="37.62869">
        <ele>0</ele>
      </trkpt>
      <trkpt lat="55.778421" lon="37.628683">
        <ele>0</ele>
      </trkpt>
      <trkpt lat="55.778398" lon="37.628678">
        <ele>0</ele>
      </trkpt>
      <trkpt lat="55.778383" lon="37.628181">
        <ele>0</ele>
      </trkpt>
      <trkpt lat="55.778381" lon="37.628141">
        <ele>0</ele>
      </trkpt>
      <trkpt lat="55.778335" lon="37.628137">
        <ele>0</ele>
      </trkpt>
      <trkpt lat="55.778288" lon="37.628132">
        <ele>0</ele>
      </trkpt>
      <trkpt lat="55.778288" lon="37.628164">
        <ele>0</ele>
      </trkpt>
      <trkpt lat="55.778289" lon="37.628203">
        <ele>0</ele>
      </trkpt>
      <trkpt lat="55.77829" lon="37.628632">
        <ele>0</ele>
      </trkpt>
      <trkpt lat="55.77829" lon="37.628822">
        <ele>0</ele>
      </trkpt>
      <trkpt lat="55.778288" lon="37.62889">
        <ele>0</ele>
      </trkpt>
      <trkpt lat="55.778287" lon="37.628911">
        <ele>0</ele>
      </trkpt>
      <trkpt lat="55.778283" lon="37.628919">
        <ele>0</ele>
      </trkpt>
      <trkpt lat="55.778279" lon="37.628925">
        <ele>0</ele>
      </trkpt>
      <trkpt lat="55.778267" lon="37.628927">
        <ele>0</ele>
      </trkpt>
      <trkpt lat="55.777531" lon="37.628822">
        <ele>0</ele>
      </trkpt>
      <trkpt lat="55.777454" lon="37.628808">
        <ele>0</ele>
      </trkpt>
      <trkpt lat="55.777235" lon="37.628773">
        <ele>0</ele>
      </trkpt>
      <trkpt lat="55.777091" lon="37.628756">
        <ele>0</ele>
      </trkpt>
      <trkpt lat="55.776975" lon="37.628747">
        <ele>0</ele>
      </trkpt>
      <trkpt lat="55.776449" lon="37.628715">
        <ele>0</ele>
      </trkpt>
      <trkpt lat="55.776287" lon="37.628712">
        <ele>0</ele>
      </trkpt>
      <trkpt lat="55.775823" lon="37.628691">
        <ele>0</ele>
      </trkpt>
      <trkpt lat="55.775446" lon="37.628701">
        <ele>0</ele>
      </trkpt>
      <trkpt lat="55.775415" lon="37.628673">
        <ele>0</ele>
      </trkpt>
      <trkpt lat="55.775377" lon="37.628682">
        <ele>0</ele>
      </trkpt>
      <trkpt lat="55.775329" lon="37.628687">
        <ele>0</ele>
      </trkpt>
      <trkpt lat="55.775185" lon="37.628695">
        <ele>0</ele>
      </trkpt>
      <trkpt lat="55.775125" lon="37.628699">
        <ele>0</ele>
      </trkpt>
      <trkpt lat="55.774858" lon="37.628737">
        <ele>0</ele>
      </trkpt>
      <trkpt lat="55.774393" lon="37.628791">
        <ele>0</ele>
      </trkpt>
      <trkpt lat="55.77423" lon="37.628772">
        <ele>0</ele>
      </trkpt>
      <trkpt lat="55.774051" lon="37.628752">
        <ele>0</ele>
      </trkpt>
      <trkpt lat="55.773986" lon="37.628735">
        <ele>0</ele>
      </trkpt>
      <trkpt lat="55.773898" lon="37.628717">
        <ele>0</ele>
      </trkpt>
      <trkpt lat="55.773692" lon="37.628676">
        <ele>0</ele>
      </trkpt>
      <trkpt lat="55.77369" lon="37.628705">
        <ele>0</ele>
      </trkpt>
      <trkpt lat="55.773692" lon="37.628676">
        <ele>0</ele>
      </trkpt>
      <trkpt lat="55.77365" lon="37.628668">
        <ele>0</ele>
      </trkpt>
      <trkpt lat="55.773598" lon="37.628657">
        <ele>0</ele>
      </trkpt>
      <trkpt lat="55.773571" lon="37.628796">
        <ele>0</ele>
      </trkpt>
      <trkpt lat="55.773563" lon="37.628854">
        <ele>0</ele>
      </trkpt>
      <trkpt lat="55.773558" lon="37.628911">
        <ele>0</ele>
      </trkpt>
      <trkpt lat="55.773556" lon="37.628933">
        <ele>0</ele>
      </trkpt>
      <trkpt lat="55.773405" lon="37.630008">
        <ele>0</ele>
      </trkpt>
      <trkpt lat="55.773288" lon="37.630209">
        <ele>0</ele>
      </trkpt>
      <trkpt lat="55.773275" lon="37.630246">
        <ele>0</ele>
      </trkpt>
      <trkpt lat="55.773255" lon="37.63038">
        <ele>0</ele>
      </trkpt>
      <trkpt lat="55.773235" lon="37.630496">
        <ele>0</ele>
      </trkpt>
      <trkpt lat="55.773222" lon="37.630589">
        <ele>0</ele>
      </trkpt>
      <trkpt lat="55.773218" lon="37.630619">
        <ele>0</ele>
      </trkpt>
      <trkpt lat="55.773123" lon="37.631196">
        <ele>0</ele>
      </trkpt>
      <trkpt lat="55.773048" lon="37.631741">
        <ele>0</ele>
      </trkpt>
      <trkpt lat="55.773038" lon="37.631739">
        <ele>0</ele>
      </trkpt>
      <trkpt lat="55.773033" lon="37.631741">
        <ele>0</ele>
      </trkpt>
      <trkpt lat="55.773027" lon="37.631751">
        <ele>0</ele>
      </trkpt>
      <trkpt lat="55.773025" lon="37.631764">
        <ele>0</ele>
      </trkpt>
      <trkpt lat="55.773022" lon="37.631821">
        <ele>0</ele>
      </trkpt>
      <trkpt lat="55.773001" lon="37.632021">
        <ele>0</ele>
      </trkpt>
      <trkpt lat="55.772996" lon="37.632169">
        <ele>0</ele>
      </trkpt>
      <trkpt lat="55.772993" lon="37.632292">
        <ele>0</ele>
      </trkpt>
      <trkpt lat="55.772857" lon="37.632292">
        <ele>0</ele>
      </trkpt>
      <trkpt lat="55.772696" lon="37.632291">
        <ele>0</ele>
      </trkpt>
      <trkpt lat="55.77263" lon="37.632294">
        <ele>0</ele>
      </trkpt>
      <trkpt lat="55.772613" lon="37.632297">
        <ele>0</ele>
      </trkpt>
      <trkpt lat="55.772597" lon="37.632303">
        <ele>0</ele>
      </trkpt>
      <trkpt lat="55.772593" lon="37.632458">
        <ele>0</ele>
      </trkpt>
      <trkpt lat="55.77259" lon="37.632473">
        <ele>0</ele>
      </trkpt>
      <trkpt lat="55.772582" lon="37.632481">
        <ele>0</ele>
      </trkpt>
      <trkpt lat="55.77257" lon="37.632485">
        <ele>0</ele>
      </trkpt>
      <trkpt lat="55.772525" lon="37.632487">
        <ele>0</ele>
      </trkpt>
      <trkpt lat="55.77232" lon="37.632487">
        <ele>0</ele>
      </trkpt>
      <trkpt lat="55.772319" lon="37.63256">
        <ele>0</ele>
      </trkpt>
      <trkpt lat="55.772319" lon="37.63257">
        <ele>0</ele>
      </trkpt>
      <trkpt lat="55.772319" lon="37.632699">
        <ele>0</ele>
      </trkpt>
      <trkpt lat="55.772317" lon="37.63282">
        <ele>0</ele>
      </trkpt>
      <trkpt lat="55.772316" lon="37.633074">
        <ele>0</ele>
      </trkpt>
      <trkpt lat="55.772316" lon="37.633122">
        <ele>0</ele>
      </trkpt>
      <trkpt lat="55.77232" lon="37.633124">
        <ele>0</ele>
      </trkpt>
      <trkpt lat="55.772331" lon="37.633132">
        <ele>0</ele>
      </trkpt>
      <trkpt lat="55.772354" lon="37.633158">
        <ele>0</ele>
      </trkpt>
      <trkpt lat="55.772363" lon="37.633192">
        <ele>0</ele>
      </trkpt>
      <trkpt lat="55.772362" lon="37.633233">
        <ele>0</ele>
      </trkpt>
      <trkpt lat="55.772357" lon="37.633324">
        <ele>0</ele>
      </trkpt>
      <trkpt lat="55.772313" lon="37.633772">
        <ele>0</ele>
      </trkpt>
      <trkpt lat="55.772272" lon="37.634254">
        <ele>0</ele>
      </trkpt>
      <trkpt lat="55.772264" lon="37.634329">
        <ele>0</ele>
      </trkpt>
      <trkpt lat="55.772241" lon="37.634544">
        <ele>0</ele>
      </trkpt>
      <trkpt lat="55.772206" lon="37.634785">
        <ele>0</ele>
      </trkpt>
      <trkpt lat="55.77215" lon="37.635225">
        <ele>0</ele>
      </trkpt>
      <trkpt lat="55.772099" lon="37.635639">
        <ele>0</ele>
      </trkpt>
      <trkpt lat="55.772097" lon="37.635703">
        <ele>0</ele>
      </trkpt>
      <trkpt lat="55.772089" lon="37.635755">
        <ele>0</ele>
      </trkpt>
      <trkpt lat="55.772079" lon="37.635815">
        <ele>0</ele>
      </trkpt>
      <trkpt lat="55.771863" lon="37.637061">
        <ele>0</ele>
      </trkpt>
      <trkpt lat="55.771856" lon="37.63712">
        <ele>0</ele>
      </trkpt>
      <trkpt lat="55.771847" lon="37.637179">
        <ele>0</ele>
      </trkpt>
      <trkpt lat="55.77184" lon="37.637228">
        <ele>0</ele>
      </trkpt>
      <trkpt lat="55.771831" lon="37.63728">
        <ele>0</ele>
      </trkpt>
      <trkpt lat="55.771588" lon="37.638579">
        <ele>0</ele>
      </trkpt>
      <trkpt lat="55.771446" lon="37.639048">
        <ele>0</ele>
      </trkpt>
      <trkpt lat="55.771424" lon="37.639125">
        <ele>0</ele>
      </trkpt>
      <trkpt lat="55.771365" lon="37.639325">
        <ele>0</ele>
      </trkpt>
      <trkpt lat="55.771178" lon="37.639986">
        <ele>0</ele>
      </trkpt>
      <trkpt lat="55.770733" lon="37.641471">
        <ele>0</ele>
      </trkpt>
      <trkpt lat="55.770541" lon="37.642122">
        <ele>0</ele>
      </trkpt>
      <trkpt lat="55.770524" lon="37.642192">
        <ele>0</ele>
      </trkpt>
      <trkpt lat="55.770513" lon="37.642223">
        <ele>0</ele>
      </trkpt>
      <trkpt lat="55.7705" lon="37.642252">
        <ele>0</ele>
      </trkpt>
      <trkpt lat="55.770483" lon="37.642301">
        <ele>0</ele>
      </trkpt>
      <trkpt lat="55.770457" lon="37.642385">
        <ele>0</ele>
      </trkpt>
      <trkpt lat="55.770252" lon="37.642938">
        <ele>0</ele>
      </trkpt>
      <trkpt lat="55.77024" lon="37.642924">
        <ele>0</ele>
      </trkpt>
      <trkpt lat="55.770252" lon="37.642938">
        <ele>0</ele>
      </trkpt>
      <trkpt lat="55.770251" lon="37.642941">
        <ele>0</ele>
      </trkpt>
      <trkpt lat="55.770127" lon="37.64293">
        <ele>0</ele>
      </trkpt>
      <trkpt lat="55.76997" lon="37.642707">
        <ele>0</ele>
      </trkpt>
      <trkpt lat="55.769954" lon="37.642686">
        <ele>0</ele>
      </trkpt>
      <trkpt lat="55.769936" lon="37.642672">
        <ele>0</ele>
      </trkpt>
      <trkpt lat="55.769915" lon="37.642663">
        <ele>0</ele>
      </trkpt>
      <trkpt lat="55.76987" lon="37.642655">
        <ele>0</ele>
      </trkpt>
      <trkpt lat="55.769755" lon="37.642505">
        <ele>0</ele>
      </trkpt>
      <trkpt lat="55.769733" lon="37.642476">
        <ele>0</ele>
      </trkpt>
      <trkpt lat="55.769582" lon="37.64224">
        <ele>0</ele>
      </trkpt>
      <trkpt lat="55.769205" lon="37.641625">
        <ele>0</ele>
      </trkpt>
      <trkpt lat="55.769159" lon="37.641717">
        <ele>0</ele>
      </trkpt>
      <trkpt lat="55.769021" lon="37.641988">
        <ele>0</ele>
      </trkpt>
      <trkpt lat="55.768987" lon="37.642055">
        <ele>0</ele>
      </trkpt>
      <trkpt lat="55.769068" lon="37.642194">
        <ele>0</ele>
      </trkpt>
      <trkpt lat="55.769034" lon="37.642266">
        <ele>0</ele>
      </trkpt>
      <trkpt lat="55.769075" lon="37.642337">
        <ele>0</ele>
      </trkpt>
      <trkpt lat="55.769623" lon="37.643258">
        <ele>0</ele>
      </trkpt>
      <trkpt lat="55.769735" lon="37.643433">
        <ele>0</ele>
      </trkpt>
      <trkpt lat="55.769941" lon="37.643703">
        <ele>0</ele>
      </trkpt>
      <trkpt lat="55.769996" lon="37.643779">
        <ele>0</ele>
      </trkpt>
      <trkpt lat="55.770013" lon="37.643824">
        <ele>0</ele>
      </trkpt>
      <trkpt lat="55.770008" lon="37.643879">
        <ele>0</ele>
      </trkpt>
      <trkpt lat="55.769977" lon="37.643986">
        <ele>0</ele>
      </trkpt>
      <trkpt lat="55.769991" lon="37.643999">
        <ele>0</ele>
      </trkpt>
      <trkpt lat="55.769977" lon="37.643986">
        <ele>0</ele>
      </trkpt>
      <trkpt lat="55.769881" lon="37.644321">
        <ele>0</ele>
      </trkpt>
      <trkpt lat="55.769577" lon="37.645366">
        <ele>0</ele>
      </trkpt>
      <trkpt lat="55.769511" lon="37.645565">
        <ele>0</ele>
      </trkpt>
      <trkpt lat="55.769449" lon="37.645767">
        <ele>0</ele>
      </trkpt>
      <trkpt lat="55.769401" lon="37.645927">
        <ele>0</ele>
      </trkpt>
      <trkpt lat="55.769392" lon="37.645971">
        <ele>0</ele>
      </trkpt>
      <trkpt lat="55.769367" lon="37.646039">
        <ele>0</ele>
      </trkpt>
      <trkpt lat="55.769351" lon="37.646079">
        <ele>0</ele>
      </trkpt>
      <trkpt lat="55.769346" lon="37.646092">
        <ele>0</ele>
      </trkpt>
      <trkpt lat="55.769327" lon="37.646137">
        <ele>0</ele>
      </trkpt>
      <trkpt lat="55.769084" lon="37.647064">
        <ele>0</ele>
      </trkpt>
      <trkpt lat="55.769012" lon="37.647304">
        <ele>0</ele>
      </trkpt>
      <trkpt lat="55.768986" lon="37.647427">
        <ele>0</ele>
      </trkpt>
      <trkpt lat="55.768953" lon="37.647542">
        <ele>0</ele>
      </trkpt>
      <trkpt lat="55.768895" lon="37.647799">
        <ele>0</ele>
      </trkpt>
      <trkpt lat="55.768837" lon="37.648038">
        <ele>0</ele>
      </trkpt>
      <trkpt lat="55.768797" lon="37.648308">
        <ele>0</ele>
      </trkpt>
      <trkpt lat="55.768702" lon="37.648635">
        <ele>0</ele>
      </trkpt>
      <trkpt lat="55.768691" lon="37.648674">
        <ele>0</ele>
      </trkpt>
      <trkpt lat="55.76858" lon="37.649054">
        <ele>0</ele>
      </trkpt>
      <trkpt lat="55.768525" lon="37.649239">
        <ele>0</ele>
      </trkpt>
      <trkpt lat="55.76844" lon="37.64949">
        <ele>0</ele>
      </trkpt>
      <trkpt lat="55.76839" lon="37.649621">
        <ele>0</ele>
      </trkpt>
      <trkpt lat="55.76834" lon="37.649723">
        <ele>0</ele>
      </trkpt>
      <trkpt lat="55.768287" lon="37.649824">
        <ele>0</ele>
      </trkpt>
      <trkpt lat="55.768187" lon="37.649973">
        <ele>0</ele>
      </trkpt>
      <trkpt lat="55.768049" lon="37.650166">
        <ele>0</ele>
      </trkpt>
      <trkpt lat="55.767832" lon="37.650449">
        <ele>0</ele>
      </trkpt>
      <trkpt lat="55.767194" lon="37.651386">
        <ele>0</ele>
      </trkpt>
      <trkpt lat="55.766888" lon="37.651826">
        <ele>0</ele>
      </trkpt>
      <trkpt lat="55.766507" lon="37.652329">
        <ele>0</ele>
      </trkpt>
      <trkpt lat="55.766469" lon="37.652382">
        <ele>0</ele>
      </trkpt>
      <trkpt lat="55.766455" lon="37.652405">
        <ele>0</ele>
      </trkpt>
      <trkpt lat="55.766438" lon="37.652456">
        <ele>0</ele>
      </trkpt>
      <trkpt lat="55.766421" lon="37.65249">
        <ele>0</ele>
      </trkpt>
      <trkpt lat="55.76588" lon="37.653291">
        <ele>0</ele>
      </trkpt>
      <trkpt lat="55.765863" lon="37.653317">
        <ele>0</ele>
      </trkpt>
      <trkpt lat="55.76564" lon="37.653629">
        <ele>0</ele>
      </trkpt>
      <trkpt lat="55.7656" lon="37.653664">
        <ele>0</ele>
      </trkpt>
      <trkpt lat="55.76556" lon="37.653701">
        <ele>0</ele>
      </trkpt>
      <trkpt lat="55.76556" lon="37.653718">
        <ele>0</ele>
      </trkpt>
      <trkpt lat="55.765558" lon="37.653733">
        <ele>0</ele>
      </trkpt>
      <trkpt lat="55.76555" lon="37.653751">
        <ele>0</ele>
      </trkpt>
      <trkpt lat="55.76491" lon="37.654661">
        <ele>0</ele>
      </trkpt>
      <trkpt lat="55.764882" lon="37.654693">
        <ele>0</ele>
      </trkpt>
      <trkpt lat="55.764864" lon="37.654713">
        <ele>0</ele>
      </trkpt>
      <trkpt lat="55.764845" lon="37.654732">
        <ele>0</ele>
      </trkpt>
      <trkpt lat="55.76482" lon="37.65476">
        <ele>0</ele>
      </trkpt>
      <trkpt lat="55.764375" lon="37.655391">
        <ele>0</ele>
      </trkpt>
      <trkpt lat="55.764353" lon="37.65538">
        <ele>0</ele>
      </trkpt>
      <trkpt lat="55.764332" lon="37.655385">
        <ele>0</ele>
      </trkpt>
      <trkpt lat="55.764315" lon="37.655401">
        <ele>0</ele>
      </trkpt>
      <trkpt lat="55.764244" lon="37.655507">
        <ele>0</ele>
      </trkpt>
      <trkpt lat="55.764193" lon="37.655585">
        <ele>0</ele>
      </trkpt>
      <trkpt lat="55.764106" lon="37.655667">
        <ele>0</ele>
      </trkpt>
      <trkpt lat="55.764097" lon="37.655687">
        <ele>0</ele>
      </trkpt>
      <trkpt lat="55.764031" lon="37.655877">
        <ele>0</ele>
      </trkpt>
      <trkpt lat="55.763999" lon="37.655909">
        <ele>0</ele>
      </trkpt>
      <trkpt lat="55.763941" lon="37.655966">
        <ele>0</ele>
      </trkpt>
      <trkpt lat="55.763872" lon="37.656025">
        <ele>0</ele>
      </trkpt>
      <trkpt lat="55.763806" lon="37.656065">
        <ele>0</ele>
      </trkpt>
      <trkpt lat="55.76381" lon="37.656085">
        <ele>0</ele>
      </trkpt>
      <trkpt lat="55.763806" lon="37.656065">
        <ele>0</ele>
      </trkpt>
      <trkpt lat="55.763799" lon="37.65607">
        <ele>0</ele>
      </trkpt>
      <trkpt lat="55.763651" lon="37.656156">
        <ele>0</ele>
      </trkpt>
      <trkpt lat="55.763164" lon="37.656411">
        <ele>0</ele>
      </trkpt>
      <trkpt lat="55.762634" lon="37.656675">
        <ele>0</ele>
      </trkpt>
      <trkpt lat="55.762424" lon="37.65678">
        <ele>0</ele>
      </trkpt>
      <trkpt lat="55.761755" lon="37.657027">
        <ele>0</ele>
      </trkpt>
      <trkpt lat="55.761729" lon="37.657035">
        <ele>0</ele>
      </trkpt>
      <trkpt lat="55.761707" lon="37.657042">
        <ele>0</ele>
      </trkpt>
      <trkpt lat="55.76166" lon="37.657011">
        <ele>0</ele>
      </trkpt>
      <trkpt lat="55.761511" lon="37.657055">
        <ele>0</ele>
      </trkpt>
      <trkpt lat="55.761302" lon="37.657103">
        <ele>0</ele>
      </trkpt>
      <trkpt lat="55.760653" lon="37.657196">
        <ele>0</ele>
      </trkpt>
      <trkpt lat="55.760527" lon="37.657214">
        <ele>0</ele>
      </trkpt>
      <trkpt lat="55.760401" lon="37.657232">
        <ele>0</ele>
      </trkpt>
      <trkpt lat="55.76037" lon="37.657239">
        <ele>0</ele>
      </trkpt>
      <trkpt lat="55.760348" lon="37.657244">
        <ele>0</ele>
      </trkpt>
      <trkpt lat="55.760317" lon="37.657229">
        <ele>0</ele>
      </trkpt>
      <trkpt lat="55.760305" lon="37.657223">
        <ele>0</ele>
      </trkpt>
      <trkpt lat="55.760286" lon="37.657218">
        <ele>0</ele>
      </trkpt>
      <trkpt lat="55.760234" lon="37.657222">
        <ele>0</ele>
      </trkpt>
      <trkpt lat="55.760129" lon="37.65723">
        <ele>0</ele>
      </trkpt>
      <trkpt lat="55.759829" lon="37.657251">
        <ele>0</ele>
      </trkpt>
      <trkpt lat="55.759321" lon="37.657315">
        <ele>0</ele>
      </trkpt>
      <trkpt lat="55.759289" lon="37.657315">
        <ele>0</ele>
      </trkpt>
      <trkpt lat="55.759255" lon="37.657316">
        <ele>0</ele>
      </trkpt>
      <trkpt lat="55.75865" lon="37.6573">
        <ele>0</ele>
      </trkpt>
      <trkpt lat="55.758525" lon="37.657299">
        <ele>0</ele>
      </trkpt>
      <trkpt lat="55.758371" lon="37.657297">
        <ele>0</ele>
      </trkpt>
      <trkpt lat="55.758346" lon="37.657298">
        <ele>0</ele>
      </trkpt>
      <trkpt lat="55.758337" lon="37.657304">
        <ele>0</ele>
      </trkpt>
      <trkpt lat="55.758326" lon="37.657319">
        <ele>0</ele>
      </trkpt>
      <trkpt lat="55.758307" lon="37.657362">
        <ele>0</ele>
      </trkpt>
      <trkpt lat="55.757931" lon="37.657365">
        <ele>0</ele>
      </trkpt>
      <trkpt lat="55.757791" lon="37.657369">
        <ele>0</ele>
      </trkpt>
      <trkpt lat="55.757686" lon="37.657367">
        <ele>0</ele>
      </trkpt>
      <trkpt lat="55.757268" lon="37.657305">
        <ele>0</ele>
      </trkpt>
      <trkpt lat="55.757123" lon="37.657277">
        <ele>0</ele>
      </trkpt>
      <trkpt lat="55.75684" lon="37.65722">
        <ele>0</ele>
      </trkpt>
      <trkpt lat="55.756666" lon="37.657182">
        <ele>0</ele>
      </trkpt>
      <trkpt lat="55.756601" lon="37.657169">
        <ele>0</ele>
      </trkpt>
      <trkpt lat="55.75653" lon="37.65715">
        <ele>0</ele>
      </trkpt>
      <trkpt lat="55.756192" lon="37.657061">
        <ele>0</ele>
      </trkpt>
      <trkpt lat="55.755602" lon="37.656869">
        <ele>0</ele>
      </trkpt>
      <trkpt lat="55.75554" lon="37.656848">
        <ele>0</ele>
      </trkpt>
      <trkpt lat="55.755158" lon="37.656734">
        <ele>0</ele>
      </trkpt>
      <trkpt lat="55.755136" lon="37.6567">
        <ele>0</ele>
      </trkpt>
      <trkpt lat="55.755124" lon="37.656684">
        <ele>0</ele>
      </trkpt>
      <trkpt lat="55.755107" lon="37.656675">
        <ele>0</ele>
      </trkpt>
      <trkpt lat="55.754929" lon="37.65661">
        <ele>0</ele>
      </trkpt>
      <trkpt lat="55.754862" lon="37.656606">
        <ele>0</ele>
      </trkpt>
      <trkpt lat="55.754836" lon="37.656646">
        <ele>0</ele>
      </trkpt>
      <trkpt lat="55.754827" lon="37.656661">
        <ele>0</ele>
      </trkpt>
      <trkpt lat="55.75479" lon="37.65665">
        <ele>0</ele>
      </trkpt>
      <trkpt lat="55.754736" lon="37.656627">
        <ele>0</ele>
      </trkpt>
      <trkpt lat="55.754712" lon="37.656617">
        <ele>0</ele>
      </trkpt>
      <trkpt lat="55.754704" lon="37.6566">
        <ele>0</ele>
      </trkpt>
      <trkpt lat="55.754656" lon="37.656497">
        <ele>0</ele>
      </trkpt>
      <trkpt lat="55.754426" lon="37.65645">
        <ele>0</ele>
      </trkpt>
      <trkpt lat="55.754157" lon="37.656341">
        <ele>0</ele>
      </trkpt>
      <trkpt lat="55.753704" lon="37.656158">
        <ele>0</ele>
      </trkpt>
      <trkpt lat="55.753076" lon="37.65591">
        <ele>0</ele>
      </trkpt>
      <trkpt lat="55.752595" lon="37.65573">
        <ele>0</ele>
      </trkpt>
      <trkpt lat="55.752512" lon="37.655702">
        <ele>0</ele>
      </trkpt>
      <trkpt lat="55.752497" lon="37.655698">
        <ele>0</ele>
      </trkpt>
      <trkpt lat="55.752481" lon="37.655694">
        <ele>0</ele>
      </trkpt>
      <trkpt lat="55.752459" lon="37.655687">
        <ele>0</ele>
      </trkpt>
      <trkpt lat="55.752452" lon="37.655684">
        <ele>0</ele>
      </trkpt>
      <trkpt lat="55.752379" lon="37.655651">
        <ele>0</ele>
      </trkpt>
      <trkpt lat="55.752106" lon="37.655616">
        <ele>0</ele>
      </trkpt>
      <trkpt lat="55.751753" lon="37.655601">
        <ele>0</ele>
      </trkpt>
      <trkpt lat="55.751583" lon="37.655593">
        <ele>0</ele>
      </trkpt>
      <trkpt lat="55.75154" lon="37.65559">
        <ele>0</ele>
      </trkpt>
      <trkpt lat="55.750898" lon="37.655537">
        <ele>0</ele>
      </trkpt>
      <trkpt lat="55.750847" lon="37.655529">
        <ele>0</ele>
      </trkpt>
      <trkpt lat="55.750821" lon="37.655484">
        <ele>0</ele>
      </trkpt>
      <trkpt lat="55.750806" lon="37.655429">
        <ele>0</ele>
      </trkpt>
      <trkpt lat="55.75079" lon="37.655322">
        <ele>0</ele>
      </trkpt>
      <trkpt lat="55.750763" lon="37.655333">
        <ele>0</ele>
      </trkpt>
      <trkpt lat="55.750776" lon="37.655416">
        <ele>0</ele>
      </trkpt>
      <trkpt lat="55.750723" lon="37.655428">
        <ele>0</ele>
      </trkpt>
      <trkpt lat="55.750644" lon="37.655449">
        <ele>0</ele>
      </trkpt>
      <trkpt lat="55.750545" lon="37.655477">
        <ele>0</ele>
      </trkpt>
      <trkpt lat="55.75049" lon="37.655488">
        <ele>0</ele>
      </trkpt>
      <trkpt lat="55.750438" lon="37.655492">
        <ele>0</ele>
      </trkpt>
      <trkpt lat="55.75044" lon="37.65555">
        <ele>0</ele>
      </trkpt>
      <trkpt lat="55.750441" lon="37.655585">
        <ele>0</ele>
      </trkpt>
      <trkpt lat="55.750436" lon="37.655605">
        <ele>0</ele>
      </trkpt>
      <trkpt lat="55.75043" lon="37.655612">
        <ele>0</ele>
      </trkpt>
      <trkpt lat="55.750419" lon="37.655617">
        <ele>0</ele>
      </trkpt>
      <trkpt lat="55.750405" lon="37.655617">
        <ele>0</ele>
      </trkpt>
      <trkpt lat="55.750332" lon="37.65561">
        <ele>0</ele>
      </trkpt>
      <trkpt lat="55.750221" lon="37.655604">
        <ele>0</ele>
      </trkpt>
      <trkpt lat="55.749935" lon="37.655567">
        <ele>0</ele>
      </trkpt>
      <trkpt lat="55.749816" lon="37.655555">
        <ele>0</ele>
      </trkpt>
      <trkpt lat="55.749748" lon="37.65555">
        <ele>0</ele>
      </trkpt>
      <trkpt lat="55.749731" lon="37.655552">
        <ele>0</ele>
      </trkpt>
      <trkpt lat="55.749688" lon="37.655533">
        <ele>0</ele>
      </trkpt>
      <trkpt lat="55.749659" lon="37.65552">
        <ele>0</ele>
      </trkpt>
      <trkpt lat="55.74963" lon="37.655522">
        <ele>0</ele>
      </trkpt>
      <trkpt lat="55.749603" lon="37.655517">
        <ele>0</ele>
      </trkpt>
      <trkpt lat="55.749555" lon="37.655509">
        <ele>0</ele>
      </trkpt>
      <trkpt lat="55.749506" lon="37.655501">
        <ele>0</ele>
      </trkpt>
      <trkpt lat="55.749497" lon="37.655491">
        <ele>0</ele>
      </trkpt>
      <trkpt lat="55.749067" lon="37.655443">
        <ele>0</ele>
      </trkpt>
      <trkpt lat="55.749067" lon="37.655398">
        <ele>0</ele>
      </trkpt>
      <trkpt lat="55.749067" lon="37.655342">
        <ele>0</ele>
      </trkpt>
      <trkpt lat="55.748887" lon="37.655334">
        <ele>0</ele>
      </trkpt>
      <trkpt lat="55.748659" lon="37.655312">
        <ele>0</ele>
      </trkpt>
      <trkpt lat="55.74832" lon="37.655267">
        <ele>0</ele>
      </trkpt>
      <trkpt lat="55.748145" lon="37.65524">
        <ele>0</ele>
      </trkpt>
      <trkpt lat="55.747529" lon="37.655149">
        <ele>0</ele>
      </trkpt>
      <trkpt lat="55.747291" lon="37.655105">
        <ele>0</ele>
      </trkpt>
      <trkpt lat="55.747129" lon="37.655086">
        <ele>0</ele>
      </trkpt>
      <trkpt lat="55.74712" lon="37.655085">
        <ele>0</ele>
      </trkpt>
      <trkpt lat="55.747079" lon="37.65508">
        <ele>0</ele>
      </trkpt>
      <trkpt lat="55.747036" lon="37.655076">
        <ele>0</ele>
      </trkpt>
      <trkpt lat="55.746994" lon="37.655075">
        <ele>0</ele>
      </trkpt>
      <trkpt lat="55.746974" lon="37.655069">
        <ele>0</ele>
      </trkpt>
      <trkpt lat="55.746957" lon="37.655064">
        <ele>0</ele>
      </trkpt>
      <trkpt lat="55.746737" lon="37.655013">
        <ele>0</ele>
      </trkpt>
      <trkpt lat="55.746532" lon="37.654989">
        <ele>0</ele>
      </trkpt>
      <trkpt lat="55.746188" lon="37.654949">
        <ele>0</ele>
      </trkpt>
      <trkpt lat="55.746049" lon="37.654922">
        <ele>0</ele>
      </trkpt>
      <trkpt lat="55.74591" lon="37.65489">
        <ele>0</ele>
      </trkpt>
      <trkpt lat="55.745852" lon="37.654875">
        <ele>0</ele>
      </trkpt>
      <trkpt lat="55.745581" lon="37.654853">
        <ele>0</ele>
      </trkpt>
      <trkpt lat="55.745566" lon="37.654849">
        <ele>0</ele>
      </trkpt>
      <trkpt lat="55.745557" lon="37.654837">
        <ele>0</ele>
      </trkpt>
      <trkpt lat="55.745548" lon="37.654814">
        <ele>0</ele>
      </trkpt>
      <trkpt lat="55.745523" lon="37.654817">
        <ele>0</ele>
      </trkpt>
      <trkpt lat="55.745503" lon="37.654818">
        <ele>0</ele>
      </trkpt>
      <trkpt lat="55.745486" lon="37.654819">
        <ele>0</ele>
      </trkpt>
      <trkpt lat="55.745444" lon="37.654808">
        <ele>0</ele>
      </trkpt>
      <trkpt lat="55.745442" lon="37.654866">
        <ele>0</ele>
      </trkpt>
      <trkpt lat="55.745435" lon="37.654905">
        <ele>0</ele>
      </trkpt>
      <trkpt lat="55.745417" lon="37.654933">
        <ele>0</ele>
      </trkpt>
      <trkpt lat="55.745394" lon="37.654941">
        <ele>0</ele>
      </trkpt>
      <trkpt lat="55.744576" lon="37.654824">
        <ele>0</ele>
      </trkpt>
      <trkpt lat="55.744562" lon="37.654818">
        <ele>0</ele>
      </trkpt>
      <trkpt lat="55.744548" lon="37.654801">
        <ele>0</ele>
      </trkpt>
      <trkpt lat="55.744514" lon="37.65474">
        <ele>0</ele>
      </trkpt>
      <trkpt lat="55.744503" lon="37.654748">
        <ele>0</ele>
      </trkpt>
      <trkpt lat="55.744471" lon="37.654711">
        <ele>0</ele>
      </trkpt>
      <trkpt lat="55.744434" lon="37.654689">
        <ele>0</ele>
      </trkpt>
      <trkpt lat="55.744223" lon="37.654656">
        <ele>0</ele>
      </trkpt>
      <trkpt lat="55.744204" lon="37.654689">
        <ele>0</ele>
      </trkpt>
      <trkpt lat="55.744185" lon="37.654661">
        <ele>0</ele>
      </trkpt>
      <trkpt lat="55.744109" lon="37.654635">
        <ele>0</ele>
      </trkpt>
      <trkpt lat="55.744021" lon="37.65462">
        <ele>0</ele>
      </trkpt>
      <trkpt lat="55.743911" lon="37.654599">
        <ele>0</ele>
      </trkpt>
      <trkpt lat="55.743909" lon="37.654653">
        <ele>0</ele>
      </trkpt>
      <trkpt lat="55.743738" lon="37.654631">
        <ele>0</ele>
      </trkpt>
      <trkpt lat="55.743741" lon="37.654567">
        <ele>0</ele>
      </trkpt>
      <trkpt lat="55.743614" lon="37.654544">
        <ele>0</ele>
      </trkpt>
      <trkpt lat="55.743502" lon="37.654515">
        <ele>0</ele>
      </trkpt>
      <trkpt lat="55.7433" lon="37.654424">
        <ele>0</ele>
      </trkpt>
      <trkpt lat="55.743298" lon="37.654437">
        <ele>0</ele>
      </trkpt>
      <trkpt lat="55.7433" lon="37.654424">
        <ele>0</ele>
      </trkpt>
      <trkpt lat="55.743297" lon="37.654423">
        <ele>0</ele>
      </trkpt>
      <trkpt lat="55.743133" lon="37.654329">
        <ele>0</ele>
      </trkpt>
      <trkpt lat="55.742986" lon="37.654255">
        <ele>0</ele>
      </trkpt>
      <trkpt lat="55.742681" lon="37.654059">
        <ele>0</ele>
      </trkpt>
      <trkpt lat="55.742656" lon="37.654028">
        <ele>0</ele>
      </trkpt>
      <trkpt lat="55.742647" lon="37.654002">
        <ele>0</ele>
      </trkpt>
      <trkpt lat="55.742641" lon="37.653971">
        <ele>0</ele>
      </trkpt>
      <trkpt lat="55.74264" lon="37.653946">
        <ele>0</ele>
      </trkpt>
      <trkpt lat="55.742615" lon="37.653915">
        <ele>0</ele>
      </trkpt>
      <trkpt lat="55.742591" lon="37.653884">
        <ele>0</ele>
      </trkpt>
      <trkpt lat="55.742559" lon="37.653843">
        <ele>0</ele>
      </trkpt>
      <trkpt lat="55.742526" lon="37.653799">
        <ele>0</ele>
      </trkpt>
      <trkpt lat="55.742492" lon="37.653826">
        <ele>0</ele>
      </trkpt>
      <trkpt lat="55.742463" lon="37.653835">
        <ele>0</ele>
      </trkpt>
      <trkpt lat="55.742431" lon="37.653823">
        <ele>0</ele>
      </trkpt>
      <trkpt lat="55.742327" lon="37.653747">
        <ele>0</ele>
      </trkpt>
      <trkpt lat="55.742124" lon="37.653592">
        <ele>0</ele>
      </trkpt>
      <trkpt lat="55.742051" lon="37.65358">
        <ele>0</ele>
      </trkpt>
      <trkpt lat="55.741994" lon="37.653561">
        <ele>0</ele>
      </trkpt>
      <trkpt lat="55.741967" lon="37.653542">
        <ele>0</ele>
      </trkpt>
      <trkpt lat="55.741899" lon="37.653463">
        <ele>0</ele>
      </trkpt>
      <trkpt lat="55.741871" lon="37.653428">
        <ele>0</ele>
      </trkpt>
      <trkpt lat="55.74185" lon="37.653396">
        <ele>0</ele>
      </trkpt>
      <trkpt lat="55.741786" lon="37.653287">
        <ele>0</ele>
      </trkpt>
      <trkpt lat="55.741708" lon="37.653196">
        <ele>0</ele>
      </trkpt>
      <trkpt lat="55.741669" lon="37.653153">
        <ele>0</ele>
      </trkpt>
      <trkpt lat="55.741613" lon="37.653085">
        <ele>0</ele>
      </trkpt>
      <trkpt lat="55.741584" lon="37.653048">
        <ele>0</ele>
      </trkpt>
      <trkpt lat="55.741569" lon="37.653056">
        <ele>0</ele>
      </trkpt>
      <trkpt lat="55.741547" lon="37.653054">
        <ele>0</ele>
      </trkpt>
      <trkpt lat="55.741441" lon="37.652971">
        <ele>0</ele>
      </trkpt>
      <trkpt lat="55.741426" lon="37.652925">
        <ele>0</ele>
      </trkpt>
      <trkpt lat="55.741372" lon="37.652885">
        <ele>0</ele>
      </trkpt>
      <trkpt lat="55.741336" lon="37.65289">
        <ele>0</ele>
      </trkpt>
      <trkpt lat="55.741134" lon="37.652732">
        <ele>0</ele>
      </trkpt>
      <trkpt lat="55.741108" lon="37.652692">
        <ele>0</ele>
      </trkpt>
      <trkpt lat="55.741058" lon="37.65265">
        <ele>0</ele>
      </trkpt>
      <trkpt lat="55.741011" lon="37.652637">
        <ele>0</ele>
      </trkpt>
      <trkpt lat="55.740718" lon="37.652394">
        <ele>0</ele>
      </trkpt>
      <trkpt lat="55.740697" lon="37.652371">
        <ele>0</ele>
      </trkpt>
      <trkpt lat="55.740676" lon="37.65232">
        <ele>0</ele>
      </trkpt>
      <trkpt lat="55.740659" lon="37.652264">
        <ele>0</ele>
      </trkpt>
      <trkpt lat="55.740647" lon="37.652191">
        <ele>0</ele>
      </trkpt>
      <trkpt lat="55.740638" lon="37.652111">
        <ele>0</ele>
      </trkpt>
      <trkpt lat="55.740634" lon="37.652028">
        <ele>0</ele>
      </trkpt>
      <trkpt lat="55.740632" lon="37.651962">
        <ele>0</ele>
      </trkpt>
      <trkpt lat="55.740635" lon="37.651891">
        <ele>0</ele>
      </trkpt>
      <trkpt lat="55.740648" lon="37.651794">
        <ele>0</ele>
      </trkpt>
      <trkpt lat="55.740638" lon="37.651777">
        <ele>0</ele>
      </trkpt>
      <trkpt lat="55.74058" lon="37.65166">
        <ele>0</ele>
      </trkpt>
      <trkpt lat="55.740501" lon="37.651494">
        <ele>0</ele>
      </trkpt>
      <trkpt lat="55.740467" lon="37.651427">
        <ele>0</ele>
      </trkpt>
      <trkpt lat="55.740456" lon="37.651401">
        <ele>0</ele>
      </trkpt>
      <trkpt lat="55.740441" lon="37.651414">
        <ele>0</ele>
      </trkpt>
      <trkpt lat="55.740405" lon="37.651338">
        <ele>0</ele>
      </trkpt>
      <trkpt lat="55.740299" lon="37.651186">
        <ele>0</ele>
      </trkpt>
      <trkpt lat="55.740103" lon="37.650906">
        <ele>0</ele>
      </trkpt>
      <trkpt lat="55.739612" lon="37.650201">
        <ele>0</ele>
      </trkpt>
      <trkpt lat="55.739527" lon="37.650078">
        <ele>0</ele>
      </trkpt>
      <trkpt lat="55.739336" lon="37.649794">
        <ele>0</ele>
      </trkpt>
      <trkpt lat="55.739293" lon="37.649892">
        <ele>0</ele>
      </trkpt>
      <trkpt lat="55.739273" lon="37.649939">
        <ele>0</ele>
      </trkpt>
      <trkpt lat="55.739254" lon="37.649981">
        <ele>0</ele>
      </trkpt>
      <trkpt lat="55.739238" lon="37.650019">
        <ele>0</ele>
      </trkpt>
      <trkpt lat="55.739197" lon="37.650095">
        <ele>0</ele>
      </trkpt>
      <trkpt lat="55.739179" lon="37.650134">
        <ele>0</ele>
      </trkpt>
      <trkpt lat="55.739169" lon="37.650154">
        <ele>0</ele>
      </trkpt>
      <trkpt lat="55.739157" lon="37.650161">
        <ele>0</ele>
      </trkpt>
      <trkpt lat="55.739143" lon="37.65016">
        <ele>0</ele>
      </trkpt>
      <trkpt lat="55.739128" lon="37.650148">
        <ele>0</ele>
      </trkpt>
      <trkpt lat="55.739112" lon="37.650125">
        <ele>0</ele>
      </trkpt>
      <trkpt lat="55.738928" lon="37.649856">
        <ele>0</ele>
      </trkpt>
      <trkpt lat="55.738679" lon="37.649487">
        <ele>0</ele>
      </trkpt>
      <trkpt lat="55.73823" lon="37.648855">
        <ele>0</ele>
      </trkpt>
      <trkpt lat="55.738012" lon="37.648544">
        <ele>0</ele>
      </trkpt>
      <trkpt lat="55.737982" lon="37.648503">
        <ele>0</ele>
      </trkpt>
      <trkpt lat="55.73798" lon="37.648499">
        <ele>0</ele>
      </trkpt>
      <trkpt lat="55.737945" lon="37.64845">
        <ele>0</ele>
      </trkpt>
      <trkpt lat="55.737916" lon="37.648409">
        <ele>0</ele>
      </trkpt>
      <trkpt lat="55.737792" lon="37.64823">
        <ele>0</ele>
      </trkpt>
      <trkpt lat="55.737751" lon="37.64817">
        <ele>0</ele>
      </trkpt>
      <trkpt lat="55.737687" lon="37.648078">
        <ele>0</ele>
      </trkpt>
      <trkpt lat="55.737612" lon="37.647969">
        <ele>0</ele>
      </trkpt>
      <trkpt lat="55.737549" lon="37.647877">
        <ele>0</ele>
      </trkpt>
      <trkpt lat="55.736336" lon="37.646129">
        <ele>0</ele>
      </trkpt>
      <trkpt lat="55.736267" lon="37.646032">
        <ele>0</ele>
      </trkpt>
      <trkpt lat="55.736202" lon="37.645933">
        <ele>0</ele>
      </trkpt>
      <trkpt lat="55.736145" lon="37.645853">
        <ele>0</ele>
      </trkpt>
      <trkpt lat="55.736077" lon="37.645758">
        <ele>0</ele>
      </trkpt>
      <trkpt lat="55.735966" lon="37.645599">
        <ele>0</ele>
      </trkpt>
      <trkpt lat="55.735922" lon="37.645535">
        <ele>0</ele>
      </trkpt>
      <trkpt lat="55.735909" lon="37.645518">
        <ele>0</ele>
      </trkpt>
      <trkpt lat="55.735791" lon="37.645353">
        <ele>0</ele>
      </trkpt>
      <trkpt lat="55.734495" lon="37.643483">
        <ele>0</ele>
      </trkpt>
      <trkpt lat="55.734482" lon="37.643455">
        <ele>0</ele>
      </trkpt>
      <trkpt lat="55.734481" lon="37.643444">
        <ele>0</ele>
      </trkpt>
      <trkpt lat="55.734482" lon="37.643431">
        <ele>0</ele>
      </trkpt>
      <trkpt lat="55.734485" lon="37.643421">
        <ele>0</ele>
      </trkpt>
      <trkpt lat="55.73449" lon="37.643412">
        <ele>0</ele>
      </trkpt>
      <trkpt lat="55.734496" lon="37.643408">
        <ele>0</ele>
      </trkpt>
      <trkpt lat="55.734509" lon="37.643414">
        <ele>0</ele>
      </trkpt>
      <trkpt lat="55.734558" lon="37.643483">
        <ele>0</ele>
      </trkpt>
      <trkpt lat="55.734571" lon="37.643458">
        <ele>0</ele>
      </trkpt>
      <trkpt lat="55.734592" lon="37.643417">
        <ele>0</ele>
      </trkpt>
      <trkpt lat="55.734629" lon="37.643348">
        <ele>0</ele>
      </trkpt>
      <trkpt lat="55.734661" lon="37.64328">
        <ele>0</ele>
      </trkpt>
      <trkpt lat="55.734685" lon="37.643233">
        <ele>0</ele>
      </trkpt>
      <trkpt lat="55.734669" lon="37.643212">
        <ele>0</ele>
      </trkpt>
      <trkpt lat="55.734645" lon="37.643156">
        <ele>0</ele>
      </trkpt>
      <trkpt lat="55.734634" lon="37.643133">
        <ele>0</ele>
      </trkpt>
      <trkpt lat="55.734618" lon="37.643099">
        <ele>0</ele>
      </trkpt>
      <trkpt lat="55.734563" lon="37.643001">
        <ele>0</ele>
      </trkpt>
      <trkpt lat="55.734324" lon="37.642744">
        <ele>0</ele>
      </trkpt>
      <trkpt lat="55.734199" lon="37.642634">
        <ele>0</ele>
      </trkpt>
      <trkpt lat="55.734148" lon="37.642589">
        <ele>0</ele>
      </trkpt>
      <trkpt lat="55.734129" lon="37.642573">
        <ele>0</ele>
      </trkpt>
      <trkpt lat="55.734103" lon="37.642555">
        <ele>0</ele>
      </trkpt>
      <trkpt lat="55.734063" lon="37.642526">
        <ele>0</ele>
      </trkpt>
      <trkpt lat="55.734038" lon="37.642508">
        <ele>0</ele>
      </trkpt>
      <trkpt lat="55.734015" lon="37.642485">
        <ele>0</ele>
      </trkpt>
      <trkpt lat="55.733992" lon="37.642455">
        <ele>0</ele>
      </trkpt>
      <trkpt lat="55.733968" lon="37.642418">
        <ele>0</ele>
      </trkpt>
      <trkpt lat="55.733868" lon="37.642245">
        <ele>0</ele>
      </trkpt>
      <trkpt lat="55.733856" lon="37.64222">
        <ele>0</ele>
      </trkpt>
      <trkpt lat="55.733826" lon="37.642153">
        <ele>0</ele>
      </trkpt>
      <trkpt lat="55.733803" lon="37.642101">
        <ele>0</ele>
      </trkpt>
      <trkpt lat="55.733793" lon="37.642088">
        <ele>0</ele>
      </trkpt>
      <trkpt lat="55.733766" lon="37.642058">
        <ele>0</ele>
      </trkpt>
      <trkpt lat="55.733737" lon="37.64201">
        <ele>0</ele>
      </trkpt>
      <trkpt lat="55.733485" lon="37.641538">
        <ele>0</ele>
      </trkpt>
      <trkpt lat="55.733468" lon="37.641505">
        <ele>0</ele>
      </trkpt>
      <trkpt lat="55.733461" lon="37.64149">
        <ele>0</ele>
      </trkpt>
      <trkpt lat="55.733439" lon="37.641433">
        <ele>0</ele>
      </trkpt>
      <trkpt lat="55.733419" lon="37.641375">
        <ele>0</ele>
      </trkpt>
      <trkpt lat="55.733412" lon="37.641337">
        <ele>0</ele>
      </trkpt>
      <trkpt lat="55.733318" lon="37.641094">
        <ele>0</ele>
      </trkpt>
      <trkpt lat="55.733269" lon="37.641016">
        <ele>0</ele>
      </trkpt>
      <trkpt lat="55.733164" lon="37.640822">
        <ele>0</ele>
      </trkpt>
      <trkpt lat="55.733077" lon="37.640665">
        <ele>0</ele>
      </trkpt>
      <trkpt lat="55.733007" lon="37.640539">
        <ele>0</ele>
      </trkpt>
      <trkpt lat="55.732941" lon="37.640413">
        <ele>0</ele>
      </trkpt>
      <trkpt lat="55.732806" lon="37.640106">
        <ele>0</ele>
      </trkpt>
      <trkpt lat="55.732785" lon="37.640059">
        <ele>0</ele>
      </trkpt>
      <trkpt lat="55.732744" lon="37.640007">
        <ele>0</ele>
      </trkpt>
      <trkpt lat="55.732614" lon="37.639842">
        <ele>0</ele>
      </trkpt>
      <trkpt lat="55.732554" lon="37.639738">
        <ele>0</ele>
      </trkpt>
      <trkpt lat="55.732505" lon="37.639651">
        <ele>0</ele>
      </trkpt>
      <trkpt lat="55.732437" lon="37.639559">
        <ele>0</ele>
      </trkpt>
      <trkpt lat="55.732424" lon="37.639535">
        <ele>0</ele>
      </trkpt>
      <trkpt lat="55.732407" lon="37.639508">
        <ele>0</ele>
      </trkpt>
      <trkpt lat="55.732392" lon="37.639483">
        <ele>0</ele>
      </trkpt>
      <trkpt lat="55.732318" lon="37.639351">
        <ele>0</ele>
      </trkpt>
      <trkpt lat="55.732234" lon="37.639229">
        <ele>0</ele>
      </trkpt>
      <trkpt lat="55.731897" lon="37.638688">
        <ele>0</ele>
      </trkpt>
      <trkpt lat="55.731821" lon="37.63857">
        <ele>0</ele>
      </trkpt>
      <trkpt lat="55.731801" lon="37.638535">
        <ele>0</ele>
      </trkpt>
      <trkpt lat="55.731727" lon="37.638322">
        <ele>0</ele>
      </trkpt>
      <trkpt lat="55.731675" lon="37.638174">
        <ele>0</ele>
      </trkpt>
      <trkpt lat="55.731606" lon="37.637941">
        <ele>0</ele>
      </trkpt>
      <trkpt lat="55.731583" lon="37.637863">
        <ele>0</ele>
      </trkpt>
      <trkpt lat="55.73157" lon="37.637815">
        <ele>0</ele>
      </trkpt>
      <trkpt lat="55.731556" lon="37.637759">
        <ele>0</ele>
      </trkpt>
      <trkpt lat="55.731543" lon="37.637706">
        <ele>0</ele>
      </trkpt>
      <trkpt lat="55.731521" lon="37.637598">
        <ele>0</ele>
      </trkpt>
      <trkpt lat="55.731471" lon="37.637388">
        <ele>0</ele>
      </trkpt>
      <trkpt lat="55.731469" lon="37.637375">
        <ele>0</ele>
      </trkpt>
      <trkpt lat="55.731475" lon="37.637371">
        <ele>0</ele>
      </trkpt>
      <trkpt lat="55.731469" lon="37.637375">
        <ele>0</ele>
      </trkpt>
      <trkpt lat="55.731384" lon="37.63695">
        <ele>0</ele>
      </trkpt>
      <trkpt lat="55.731374" lon="37.636788">
        <ele>0</ele>
      </trkpt>
      <trkpt lat="55.731358" lon="37.636695">
        <ele>0</ele>
      </trkpt>
      <trkpt lat="55.731353" lon="37.636665">
        <ele>0</ele>
      </trkpt>
      <trkpt lat="55.731267" lon="37.636179">
        <ele>0</ele>
      </trkpt>
      <trkpt lat="55.73125" lon="37.636088">
        <ele>0</ele>
      </trkpt>
      <trkpt lat="55.731244" lon="37.635995">
        <ele>0</ele>
      </trkpt>
      <trkpt lat="55.731239" lon="37.635907">
        <ele>0</ele>
      </trkpt>
      <trkpt lat="55.731258" lon="37.635814">
        <ele>0</ele>
      </trkpt>
      <trkpt lat="55.731242" lon="37.635752">
        <ele>0</ele>
      </trkpt>
      <trkpt lat="55.731205" lon="37.635626">
        <ele>0</ele>
      </trkpt>
      <trkpt lat="55.731188" lon="37.635567">
        <ele>0</ele>
      </trkpt>
      <trkpt lat="55.731179" lon="37.635544">
        <ele>0</ele>
      </trkpt>
      <trkpt lat="55.731137" lon="37.635437">
        <ele>0</ele>
      </trkpt>
      <trkpt lat="55.731131" lon="37.635415">
        <ele>0</ele>
      </trkpt>
      <trkpt lat="55.731125" lon="37.635392">
        <ele>0</ele>
      </trkpt>
      <trkpt lat="55.731016" lon="37.634431">
        <ele>0</ele>
      </trkpt>
      <trkpt lat="55.730929" lon="37.633553">
        <ele>0</ele>
      </trkpt>
      <trkpt lat="55.730922" lon="37.633516">
        <ele>0</ele>
      </trkpt>
      <trkpt lat="55.730916" lon="37.633479">
        <ele>0</ele>
      </trkpt>
      <trkpt lat="55.730907" lon="37.633434">
        <ele>0</ele>
      </trkpt>
      <trkpt lat="55.730894" lon="37.633363">
        <ele>0</ele>
      </trkpt>
      <trkpt lat="55.730863" lon="37.63308">
        <ele>0</ele>
      </trkpt>
      <trkpt lat="55.730848" lon="37.632945">
        <ele>0</ele>
      </trkpt>
      <trkpt lat="55.730694" lon="37.631497">
        <ele>0</ele>
      </trkpt>
      <trkpt lat="55.730691" lon="37.63147">
        <ele>0</ele>
      </trkpt>
      <trkpt lat="55.730533" lon="37.629758">
        <ele>0</ele>
      </trkpt>
      <trkpt lat="55.730529" lon="37.629709">
        <ele>0</ele>
      </trkpt>
      <trkpt lat="55.730524" lon="37.629659">
        <ele>0</ele>
      </trkpt>
      <trkpt lat="55.730518" lon="37.629597">
        <ele>0</ele>
      </trkpt>
      <trkpt lat="55.730514" lon="37.62958">
        <ele>0</ele>
      </trkpt>
      <trkpt lat="55.730496" lon="37.629466">
        <ele>0</ele>
      </trkpt>
      <trkpt lat="55.73045" lon="37.629045">
        <ele>0</ele>
      </trkpt>
      <trkpt lat="55.730431" lon="37.628987">
        <ele>0</ele>
      </trkpt>
      <trkpt lat="55.730406" lon="37.628749">
        <ele>0</ele>
      </trkpt>
      <trkpt lat="55.730381" lon="37.628507">
        <ele>0</ele>
      </trkpt>
      <trkpt lat="55.73035" lon="37.628209">
        <ele>0</ele>
      </trkpt>
      <trkpt lat="55.730295" lon="37.62768">
        <ele>0</ele>
      </trkpt>
      <trkpt lat="55.730267" lon="37.627398">
        <ele>0</ele>
      </trkpt>
      <trkpt lat="55.730202" lon="37.626741">
        <ele>0</ele>
      </trkpt>
      <trkpt lat="55.730153" lon="37.626184">
        <ele>0</ele>
      </trkpt>
      <trkpt lat="55.730138" lon="37.626189">
        <ele>0</ele>
      </trkpt>
      <trkpt lat="55.730132" lon="37.626187">
        <ele>0</ele>
      </trkpt>
      <trkpt lat="55.730129" lon="37.626179">
        <ele>0</ele>
      </trkpt>
      <trkpt lat="55.730124" lon="37.626139">
        <ele>0</ele>
      </trkpt>
      <trkpt lat="55.73011" lon="37.625995">
        <ele>0</ele>
      </trkpt>
      <trkpt lat="55.730106" lon="37.625959">
        <ele>0</ele>
      </trkpt>
      <trkpt lat="55.730052" lon="37.625977">
        <ele>0</ele>
      </trkpt>
      <trkpt lat="55.730024" lon="37.625673">
        <ele>0</ele>
      </trkpt>
      <trkpt lat="55.730005" lon="37.625491">
        <ele>0</ele>
      </trkpt>
      <trkpt lat="55.729985" lon="37.625252">
        <ele>0</ele>
      </trkpt>
      <trkpt lat="55.729965" lon="37.625022">
        <ele>0</ele>
      </trkpt>
      <trkpt lat="55.729941" lon="37.624702">
        <ele>0</ele>
      </trkpt>
      <trkpt lat="55.72994" lon="37.624418">
        <ele>0</ele>
      </trkpt>
      <trkpt lat="55.729946" lon="37.624111">
        <ele>0</ele>
      </trkpt>
      <trkpt lat="55.729952" lon="37.623866">
        <ele>0</ele>
      </trkpt>
      <trkpt lat="55.729952" lon="37.623832">
        <ele>0</ele>
      </trkpt>
      <trkpt lat="55.729952" lon="37.623765">
        <ele>0</ele>
      </trkpt>
      <trkpt lat="55.729985" lon="37.623178">
        <ele>0</ele>
      </trkpt>
      <trkpt lat="55.729989" lon="37.62314">
        <ele>0</ele>
      </trkpt>
      <trkpt lat="55.729994" lon="37.623112">
        <ele>0</ele>
      </trkpt>
      <trkpt lat="55.730052" lon="37.622967">
        <ele>0</ele>
      </trkpt>
      <trkpt lat="55.730057" lon="37.622795">
        <ele>0</ele>
      </trkpt>
      <trkpt lat="55.73009" lon="37.622579">
        <ele>0</ele>
      </trkpt>
      <trkpt lat="55.7301" lon="37.622294">
        <ele>0</ele>
      </trkpt>
      <trkpt lat="55.73011" lon="37.622013">
        <ele>0</ele>
      </trkpt>
      <trkpt lat="55.730114" lon="37.621912">
        <ele>0</ele>
      </trkpt>
      <trkpt lat="55.73013" lon="37.621441">
        <ele>0</ele>
      </trkpt>
      <trkpt lat="55.730133" lon="37.621365">
        <ele>0</ele>
      </trkpt>
      <trkpt lat="55.730137" lon="37.621257">
        <ele>0</ele>
      </trkpt>
      <trkpt lat="55.730142" lon="37.621132">
        <ele>0</ele>
      </trkpt>
      <trkpt lat="55.730147" lon="37.62097">
        <ele>0</ele>
      </trkpt>
      <trkpt lat="55.730151" lon="37.620884">
        <ele>0</ele>
      </trkpt>
      <trkpt lat="55.730185" lon="37.619977">
        <ele>0</ele>
      </trkpt>
      <trkpt lat="55.730213" lon="37.618676">
        <ele>0</ele>
      </trkpt>
      <trkpt lat="55.730222" lon="37.618263">
        <ele>0</ele>
      </trkpt>
      <trkpt lat="55.730231" lon="37.617847">
        <ele>0</ele>
      </trkpt>
      <trkpt lat="55.730287" lon="37.616182">
        <ele>0</ele>
      </trkpt>
      <trkpt lat="55.730292" lon="37.616065">
        <ele>0</ele>
      </trkpt>
      <trkpt lat="55.730333" lon="37.614801">
        <ele>0</ele>
      </trkpt>
      <trkpt lat="55.730336" lon="37.614723">
        <ele>0</ele>
      </trkpt>
      <trkpt lat="55.73034" lon="37.61459">
        <ele>0</ele>
      </trkpt>
      <trkpt lat="55.730343" lon="37.614522">
        <ele>0</ele>
      </trkpt>
      <trkpt lat="55.730358" lon="37.613908">
        <ele>0</ele>
      </trkpt>
      <trkpt lat="55.730383" lon="37.612704">
        <ele>0</ele>
      </trkpt>
      <trkpt lat="55.730385" lon="37.612587">
        <ele>0</ele>
      </trkpt>
      <trkpt lat="55.730387" lon="37.612527">
        <ele>0</ele>
      </trkpt>
      <trkpt lat="55.73054" lon="37.612517">
        <ele>0</ele>
      </trkpt>
      <trkpt lat="55.730625" lon="37.612515">
        <ele>0</ele>
      </trkpt>
      <trkpt lat="55.730625" lon="37.612487">
        <ele>0</ele>
      </trkpt>
      <trkpt lat="55.73063" lon="37.612461">
        <ele>0</ele>
      </trkpt>
      <trkpt lat="55.730641" lon="37.612444">
        <ele>0</ele>
      </trkpt>
      <trkpt lat="55.730658" lon="37.612439">
        <ele>0</ele>
      </trkpt>
      <trkpt lat="55.730848" lon="37.612437">
        <ele>0</ele>
      </trkpt>
      <trkpt lat="55.730847" lon="37.612412">
        <ele>0</ele>
      </trkpt>
      <trkpt lat="55.730623" lon="37.612422">
        <ele>0</ele>
      </trkpt>
      <trkpt lat="55.730624" lon="37.612243">
        <ele>0</ele>
      </trkpt>
      <trkpt lat="55.730625" lon="37.612064">
        <ele>0</ele>
      </trkpt>
      <trkpt lat="55.730623" lon="37.611853">
        <ele>0</ele>
      </trkpt>
      <trkpt lat="55.730842" lon="37.611857">
        <ele>0</ele>
      </trkpt>
      <trkpt lat="55.730842" lon="37.61183">
        <ele>0</ele>
      </trkpt>
      <trkpt lat="55.730653" lon="37.61183">
        <ele>0</ele>
      </trkpt>
      <trkpt lat="55.730634" lon="37.611821">
        <ele>0</ele>
      </trkpt>
      <trkpt lat="55.730624" lon="37.611803">
        <ele>0</ele>
      </trkpt>
      <trkpt lat="55.730617" lon="37.611779">
        <ele>0</ele>
      </trkpt>
      <trkpt lat="55.730422" lon="37.611778">
        <ele>0</ele>
      </trkpt>
      <trkpt lat="55.730412" lon="37.611775">
        <ele>0</ele>
      </trkpt>
      <trkpt lat="55.730401" lon="37.611764">
        <ele>0</ele>
      </trkpt>
      <trkpt lat="55.730355" lon="37.611632">
        <ele>0</ele>
      </trkpt>
      <trkpt lat="55.730351" lon="37.611597">
        <ele>0</ele>
      </trkpt>
      <trkpt lat="55.730355" lon="37.611558">
        <ele>0</ele>
      </trkpt>
      <trkpt lat="55.730412" lon="37.611309">
        <ele>0</ele>
      </trkpt>
      <trkpt lat="55.73065" lon="37.610557">
        <ele>0</ele>
      </trkpt>
      <trkpt lat="55.730655" lon="37.610562">
        <ele>0</ele>
      </trkpt>
      <trkpt lat="55.73065" lon="37.610557">
        <ele>0</ele>
      </trkpt>
      <trkpt lat="55.730651" lon="37.610552">
        <ele>0</ele>
      </trkpt>
      <trkpt lat="55.730871" lon="37.609859">
        <ele>0</ele>
      </trkpt>
      <trkpt lat="55.731092" lon="37.609176">
        <ele>0</ele>
      </trkpt>
      <trkpt lat="55.731296" lon="37.608548">
        <ele>0</ele>
      </trkpt>
      <trkpt lat="55.7313" lon="37.608531">
        <ele>0</ele>
      </trkpt>
      <trkpt lat="55.73131" lon="37.60849">
        <ele>0</ele>
      </trkpt>
      <trkpt lat="55.731317" lon="37.608457">
        <ele>0</ele>
      </trkpt>
      <trkpt lat="55.731325" lon="37.608421">
        <ele>0</ele>
      </trkpt>
      <trkpt lat="55.731722" lon="37.60728">
        <ele>0</ele>
      </trkpt>
      <trkpt lat="55.73191" lon="37.606776">
        <ele>0</ele>
      </trkpt>
      <trkpt lat="55.732046" lon="37.606511">
        <ele>0</ele>
      </trkpt>
      <trkpt lat="55.732231" lon="37.606053">
        <ele>0</ele>
      </trkpt>
      <trkpt lat="55.732326" lon="37.605784">
        <ele>0</ele>
      </trkpt>
      <trkpt lat="55.732395" lon="37.605588">
        <ele>0</ele>
      </trkpt>
      <trkpt lat="55.732479" lon="37.605309">
        <ele>0</ele>
      </trkpt>
      <trkpt lat="55.732576" lon="37.604994">
        <ele>0</ele>
      </trkpt>
      <trkpt lat="55.732619" lon="37.604847">
        <ele>0</ele>
      </trkpt>
      <trkpt lat="55.732674" lon="37.604672">
        <ele>0</ele>
      </trkpt>
      <trkpt lat="55.732767" lon="37.60437">
        <ele>0</ele>
      </trkpt>
      <trkpt lat="55.732706" lon="37.604313">
        <ele>0</ele>
      </trkpt>
      <trkpt lat="55.732698" lon="37.60431">
        <ele>0</ele>
      </trkpt>
      <trkpt lat="55.732691" lon="37.604316">
        <ele>0</ele>
      </trkpt>
      <trkpt lat="55.73262" lon="37.604238">
        <ele>0</ele>
      </trkpt>
      <trkpt lat="55.732544" lon="37.604163">
        <ele>0</ele>
      </trkpt>
      <trkpt lat="55.732503" lon="37.604121">
        <ele>0</ele>
      </trkpt>
      <trkpt lat="55.733107" lon="37.602228">
        <ele>0</ele>
      </trkpt>
      <trkpt lat="55.733483" lon="37.601056">
        <ele>0</ele>
      </trkpt>
      <trkpt lat="55.733508" lon="37.600979">
        <ele>0</ele>
      </trkpt>
      <trkpt lat="55.733555" lon="37.600829">
        <ele>0</ele>
      </trkpt>
      <trkpt lat="55.733592" lon="37.600716">
        <ele>0</ele>
      </trkpt>
      <trkpt lat="55.733684" lon="37.600429">
        <ele>0</ele>
      </trkpt>
      <trkpt lat="55.733696" lon="37.600392">
        <ele>0</ele>
      </trkpt>
      <trkpt lat="55.734489" lon="37.597913">
        <ele>0</ele>
      </trkpt>
      <trkpt lat="55.734533" lon="37.597777">
        <ele>0</ele>
      </trkpt>
      <trkpt lat="55.734589" lon="37.597606">
        <ele>0</ele>
      </trkpt>
      <trkpt lat="55.734641" lon="37.597453">
        <ele>0</ele>
      </trkpt>
      <trkpt lat="55.734665" lon="37.597381">
        <ele>0</ele>
      </trkpt>
      <trkpt lat="55.734677" lon="37.597344">
        <ele>0</ele>
      </trkpt>
      <trkpt lat="55.735086" lon="37.595958">
        <ele>0</ele>
      </trkpt>
      <trkpt lat="55.735497" lon="37.594681">
        <ele>0</ele>
      </trkpt>
      <trkpt lat="55.735505" lon="37.594665">
        <ele>0</ele>
      </trkpt>
      <trkpt lat="55.735515" lon="37.594657">
        <ele>0</ele>
      </trkpt>
      <trkpt lat="55.735524" lon="37.594659">
        <ele>0</ele>
      </trkpt>
      <trkpt lat="55.735535" lon="37.594666">
        <ele>0</ele>
      </trkpt>
      <trkpt lat="55.735564" lon="37.594694">
        <ele>0</ele>
      </trkpt>
      <trkpt lat="55.735627" lon="37.59455">
        <ele>0</ele>
      </trkpt>
      <trkpt lat="55.73563" lon="37.594545">
        <ele>0</ele>
      </trkpt>
      <trkpt lat="55.735635" lon="37.594543">
        <ele>0</ele>
      </trkpt>
      <trkpt lat="55.735707" lon="37.594565">
        <ele>0</ele>
      </trkpt>
      <trkpt lat="55.735733" lon="37.594553">
        <ele>0</ele>
      </trkpt>
      <trkpt lat="55.735756" lon="37.594543">
        <ele>0</ele>
      </trkpt>
      <trkpt lat="55.735759" lon="37.59454">
        <ele>0</ele>
      </trkpt>
      <trkpt lat="55.735762" lon="37.594523">
        <ele>0</ele>
      </trkpt>
      <trkpt lat="55.735771" lon="37.594413">
        <ele>0</ele>
      </trkpt>
      <trkpt lat="55.73578" lon="37.594352">
        <ele>0</ele>
      </trkpt>
      <trkpt lat="55.735785" lon="37.594308">
        <ele>0</ele>
      </trkpt>
      <trkpt lat="55.735789" lon="37.594273">
        <ele>0</ele>
      </trkpt>
      <trkpt lat="55.735801" lon="37.594203">
        <ele>0</ele>
      </trkpt>
      <trkpt lat="55.735786" lon="37.594189">
        <ele>0</ele>
      </trkpt>
      <trkpt lat="55.735779" lon="37.594164">
        <ele>0</ele>
      </trkpt>
      <trkpt lat="55.735782" lon="37.594138">
        <ele>0</ele>
      </trkpt>
      <trkpt lat="55.73588" lon="37.593903">
        <ele>0</ele>
      </trkpt>
      <trkpt lat="55.73601" lon="37.5936">
        <ele>0</ele>
      </trkpt>
      <trkpt lat="55.736122" lon="37.593323">
        <ele>0</ele>
      </trkpt>
      <trkpt lat="55.736287" lon="37.5929">
        <ele>0</ele>
      </trkpt>
      <trkpt lat="55.736444" lon="37.592502">
        <ele>0</ele>
      </trkpt>
      <trkpt lat="55.736541" lon="37.592253">
        <ele>0</ele>
      </trkpt>
      <trkpt lat="55.73677" lon="37.591662">
        <ele>0</ele>
      </trkpt>
      <trkpt lat="55.73683" lon="37.591551">
        <ele>0</ele>
      </trkpt>
      <trkpt lat="55.736895" lon="37.591402">
        <ele>0</ele>
      </trkpt>
      <trkpt lat="55.736985" lon="37.591167">
        <ele>0</ele>
      </trkpt>
      <trkpt lat="55.73716" lon="37.590711">
        <ele>0</ele>
      </trkpt>
      <trkpt lat="55.737193" lon="37.590626">
        <ele>0</ele>
      </trkpt>
      <trkpt lat="55.737289" lon="37.590376">
        <ele>0</ele>
      </trkpt>
      <trkpt lat="55.737314" lon="37.59031">
        <ele>0</ele>
      </trkpt>
      <trkpt lat="55.737355" lon="37.590203">
        <ele>0</ele>
      </trkpt>
      <trkpt lat="55.737433" lon="37.590001">
        <ele>0</ele>
      </trkpt>
      <trkpt lat="55.737554" lon="37.589678">
        <ele>0</ele>
      </trkpt>
      <trkpt lat="55.737575" lon="37.589625">
        <ele>0</ele>
      </trkpt>
      <trkpt lat="55.737644" lon="37.589446">
        <ele>0</ele>
      </trkpt>
      <trkpt lat="55.737707" lon="37.589282">
        <ele>0</ele>
      </trkpt>
      <trkpt lat="55.737733" lon="37.589214">
        <ele>0</ele>
      </trkpt>
      <trkpt lat="55.737819" lon="37.588932">
        <ele>0</ele>
      </trkpt>
      <trkpt lat="55.737898" lon="37.588689">
        <ele>0</ele>
      </trkpt>
      <trkpt lat="55.738127" lon="37.588104">
        <ele>0</ele>
      </trkpt>
      <trkpt lat="55.738215" lon="37.587877">
        <ele>0</ele>
      </trkpt>
      <trkpt lat="55.738276" lon="37.58772">
        <ele>0</ele>
      </trkpt>
      <trkpt lat="55.738349" lon="37.587532">
        <ele>0</ele>
      </trkpt>
      <trkpt lat="55.738574" lon="37.586955">
        <ele>0</ele>
      </trkpt>
      <trkpt lat="55.738642" lon="37.586789">
        <ele>0</ele>
      </trkpt>
      <trkpt lat="55.738715" lon="37.58667">
        <ele>0</ele>
      </trkpt>
      <trkpt lat="55.738743" lon="37.586636">
        <ele>0</ele>
      </trkpt>
      <trkpt lat="55.738782" lon="37.586585">
        <ele>0</ele>
      </trkpt>
      <trkpt lat="55.738845" lon="37.58651">
        <ele>0</ele>
      </trkpt>
      <trkpt lat="55.738841" lon="37.586458">
        <ele>0</ele>
      </trkpt>
      <trkpt lat="55.73884" lon="37.586421">
        <ele>0</ele>
      </trkpt>
      <trkpt lat="55.738852" lon="37.586365">
        <ele>0</ele>
      </trkpt>
      <trkpt lat="55.738872" lon="37.586311">
        <ele>0</ele>
      </trkpt>
      <trkpt lat="55.739003" lon="37.58624">
        <ele>0</ele>
      </trkpt>
      <trkpt lat="55.739208" lon="37.586127">
        <ele>0</ele>
      </trkpt>
      <trkpt lat="55.739415" lon="37.586014">
        <ele>0</ele>
      </trkpt>
      <trkpt lat="55.739511" lon="37.585957">
        <ele>0</ele>
      </trkpt>
      <trkpt lat="55.739727" lon="37.585828">
        <ele>0</ele>
      </trkpt>
      <trkpt lat="55.739858" lon="37.585752">
        <ele>0</ele>
      </trkpt>
      <trkpt lat="55.739946" lon="37.585704">
        <ele>0</ele>
      </trkpt>
      <trkpt lat="55.739985" lon="37.5857">
        <ele>0</ele>
      </trkpt>
      <trkpt lat="55.740157" lon="37.585684">
        <ele>0</ele>
      </trkpt>
      <trkpt lat="55.740202" lon="37.585668">
        <ele>0</ele>
      </trkpt>
      <trkpt lat="55.740464" lon="37.585531">
        <ele>0</ele>
      </trkpt>
      <trkpt lat="55.74064" lon="37.585449">
        <ele>0</ele>
      </trkpt>
      <trkpt lat="55.740795" lon="37.58537">
        <ele>0</ele>
      </trkpt>
      <trkpt lat="55.740892" lon="37.585322">
        <ele>0</ele>
      </trkpt>
      <trkpt lat="55.741106" lon="37.585203">
        <ele>0</ele>
      </trkpt>
      <trkpt lat="55.741153" lon="37.585188">
        <ele>0</ele>
      </trkpt>
      <trkpt lat="55.741227" lon="37.585189">
        <ele>0</ele>
      </trkpt>
      <trkpt lat="55.741261" lon="37.585202">
        <ele>0</ele>
      </trkpt>
      <trkpt lat="55.741291" lon="37.585191">
        <ele>0</ele>
      </trkpt>
      <trkpt lat="55.741329" lon="37.585173">
        <ele>0</ele>
      </trkpt>
      <trkpt lat="55.741364" lon="37.585202">
        <ele>0</ele>
      </trkpt>
      <trkpt lat="55.741821" lon="37.585012">
        <ele>0</ele>
      </trkpt>
      <trkpt lat="55.74243" lon="37.584749">
        <ele>0</ele>
      </trkpt>
      <trkpt lat="55.74308" lon="37.584511">
        <ele>0</ele>
      </trkpt>
      <trkpt lat="55.743234" lon="37.584454">
        <ele>0</ele>
      </trkpt>
      <trkpt lat="55.74351" lon="37.584346">
        <ele>0</ele>
      </trkpt>
      <trkpt lat="55.743749" lon="37.584252">
        <ele>0</ele>
      </trkpt>
      <trkpt lat="55.74381" lon="37.584237">
        <ele>0</ele>
      </trkpt>
      <trkpt lat="55.743842" lon="37.584228">
        <ele>0</ele>
      </trkpt>
      <trkpt lat="55.744361" lon="37.583965">
        <ele>0</ele>
      </trkpt>
      <trkpt lat="55.744463" lon="37.583918">
        <ele>0</ele>
      </trkpt>
      <trkpt lat="55.744485" lon="37.583879">
        <ele>0</ele>
      </trkpt>
      <trkpt lat="55.744463" lon="37.583918">
        <ele>0</ele>
      </trkpt>
      <trkpt lat="55.744455" lon="37.583856">
        <ele>0</ele>
      </trkpt>
      <trkpt lat="55.744716" lon="37.583739">
        <ele>0</ele>
      </trkpt>
      <trkpt lat="55.74501" lon="37.583596">
        <ele>0</ele>
      </trkpt>
      <trkpt lat="55.74565" lon="37.583286">
        <ele>0</ele>
      </trkpt>
      <trkpt lat="55.745758" lon="37.583258">
        <ele>0</ele>
      </trkpt>
      <trkpt lat="55.745934" lon="37.58318">
        <ele>0</ele>
      </trkpt>
      <trkpt lat="55.746092" lon="37.583115">
        <ele>0</ele>
      </trkpt>
      <trkpt lat="55.7462" lon="37.583068">
        <ele>0</ele>
      </trkpt>
      <trkpt lat="55.746431" lon="37.582968">
        <ele>0</ele>
      </trkpt>
      <trkpt lat="55.746668" lon="37.58286">
        <ele>0</ele>
      </trkpt>
      <trkpt lat="55.746691" lon="37.582858">
        <ele>0</ele>
      </trkpt>
      <trkpt lat="55.746706" lon="37.582868">
        <ele>0</ele>
      </trkpt>
      <trkpt lat="55.746725" lon="37.582902">
        <ele>0</ele>
      </trkpt>
      <trkpt lat="55.746747" lon="37.582957">
        <ele>0</ele>
      </trkpt>
      <trkpt lat="55.746795" lon="37.583079">
        <ele>0</ele>
      </trkpt>
      <trkpt lat="55.746847" lon="37.583058">
        <ele>0</ele>
      </trkpt>
      <trkpt lat="55.746866" lon="37.58305">
        <ele>0</ele>
      </trkpt>
      <trkpt lat="55.746905" lon="37.583035">
        <ele>0</ele>
      </trkpt>
      <trkpt lat="55.746966" lon="37.58301">
        <ele>0</ele>
      </trkpt>
      <trkpt lat="55.747004" lon="37.582904">
        <ele>0</ele>
      </trkpt>
      <trkpt lat="55.747022" lon="37.582876">
        <ele>0</ele>
      </trkpt>
      <trkpt lat="55.747045" lon="37.582869">
        <ele>0</ele>
      </trkpt>
      <trkpt lat="55.748022" lon="37.582991">
        <ele>0</ele>
      </trkpt>
      <trkpt lat="55.748285" lon="37.583006">
        <ele>0</ele>
      </trkpt>
      <trkpt lat="55.748301" lon="37.583011">
        <ele>0</ele>
      </trkpt>
      <trkpt lat="55.748313" lon="37.583022">
        <ele>0</ele>
      </trkpt>
      <trkpt lat="55.748323" lon="37.583043">
        <ele>0</ele>
      </trkpt>
      <trkpt lat="55.748341" lon="37.583156">
        <ele>0</ele>
      </trkpt>
      <trkpt lat="55.748359" lon="37.583145">
        <ele>0</ele>
      </trkpt>
      <trkpt lat="55.748377" lon="37.583134">
        <ele>0</ele>
      </trkpt>
      <trkpt lat="55.748392" lon="37.583125">
        <ele>0</ele>
      </trkpt>
      <trkpt lat="55.748433" lon="37.5831">
        <ele>0</ele>
      </trkpt>
      <trkpt lat="55.748427" lon="37.583063">
        <ele>0</ele>
      </trkpt>
      <trkpt lat="55.748426" lon="37.583046">
        <ele>0</ele>
      </trkpt>
      <trkpt lat="55.748429" lon="37.583035">
        <ele>0</ele>
      </trkpt>
      <trkpt lat="55.748437" lon="37.583032">
        <ele>0</ele>
      </trkpt>
      <trkpt lat="55.748694" lon="37.583067">
        <ele>0</ele>
      </trkpt>
      <trkpt lat="55.748744" lon="37.583075">
        <ele>0</ele>
      </trkpt>
      <trkpt lat="55.749445" lon="37.583181">
        <ele>0</ele>
      </trkpt>
      <trkpt lat="55.749452" lon="37.583184">
        <ele>0</ele>
      </trkpt>
      <trkpt lat="55.749458" lon="37.583188">
        <ele>0</ele>
      </trkpt>
      <trkpt lat="55.749462" lon="37.583197">
        <ele>0</ele>
      </trkpt>
      <trkpt lat="55.749472" lon="37.583236">
        <ele>0</ele>
      </trkpt>
      <trkpt lat="55.74951" lon="37.583206">
        <ele>0</ele>
      </trkpt>
      <trkpt lat="55.749523" lon="37.583197">
        <ele>0</ele>
      </trkpt>
      <trkpt lat="55.749541" lon="37.583183">
        <ele>0</ele>
      </trkpt>
      <trkpt lat="55.749581" lon="37.583191">
        <ele>0</ele>
      </trkpt>
      <trkpt lat="55.749905" lon="37.583262">
        <ele>0</ele>
      </trkpt>
      <trkpt lat="55.750095" lon="37.583366">
        <ele>0</ele>
      </trkpt>
      <trkpt lat="55.750476" lon="37.583434">
        <ele>0</ele>
      </trkpt>
      <trkpt lat="55.750727" lon="37.58349">
        <ele>0</ele>
      </trkpt>
      <trkpt lat="55.750743" lon="37.583492">
        <ele>0</ele>
      </trkpt>
      <trkpt lat="55.750772" lon="37.583494">
        <ele>0</ele>
      </trkpt>
      <trkpt lat="55.750806" lon="37.583496">
        <ele>0</ele>
      </trkpt>
      <trkpt lat="55.750824" lon="37.583497">
        <ele>0</ele>
      </trkpt>
      <trkpt lat="55.751741" lon="37.583634">
        <ele>0</ele>
      </trkpt>
      <trkpt lat="55.751947" lon="37.583676">
        <ele>0</ele>
      </trkpt>
      <trkpt lat="55.752027" lon="37.583692">
        <ele>0</ele>
      </trkpt>
      <trkpt lat="55.752186" lon="37.583725">
        <ele>0</ele>
      </trkpt>
      <trkpt lat="55.752296" lon="37.583747">
        <ele>0</ele>
      </trkpt>
      <trkpt lat="55.7523" lon="37.58363">
        <ele>0</ele>
      </trkpt>
      <trkpt lat="55.752301" lon="37.583609">
        <ele>0</ele>
      </trkpt>
      <trkpt lat="55.752306" lon="37.583518">
        <ele>0</ele>
      </trkpt>
      <trkpt lat="55.75231" lon="37.583401">
        <ele>0</ele>
      </trkpt>
      <trkpt lat="55.752313" lon="37.583217">
        <ele>0</ele>
      </trkpt>
      <trkpt lat="55.752316" lon="37.583096">
        <ele>0</ele>
      </trkpt>
      <trkpt lat="55.752319" lon="37.582994">
        <ele>0</ele>
      </trkpt>
      <trkpt lat="55.752321" lon="37.582961">
        <ele>0</ele>
      </trkpt>
      <trkpt lat="55.752328" lon="37.582791">
        <ele>0</ele>
      </trkpt>
      <trkpt lat="55.752352" lon="37.582796">
        <ele>0</ele>
      </trkpt>
      <trkpt lat="55.752383" lon="37.582797">
        <ele>0</ele>
      </trkpt>
      <trkpt lat="55.752448" lon="37.582798">
        <ele>0</ele>
      </trkpt>
      <trkpt lat="55.752501" lon="37.5828">
        <ele>0</ele>
      </trkpt>
      <trkpt lat="55.75255" lon="37.582803">
        <ele>0</ele>
      </trkpt>
      <trkpt lat="55.752643" lon="37.582807">
        <ele>0</ele>
      </trkpt>
      <trkpt lat="55.752677" lon="37.582807">
        <ele>0</ele>
      </trkpt>
      <trkpt lat="55.752779" lon="37.582811">
        <ele>0</ele>
      </trkpt>
      <trkpt lat="55.752779" lon="37.58283">
        <ele>0</ele>
      </trkpt>
      <trkpt lat="55.752825" lon="37.582914">
        <ele>0</ele>
      </trkpt>
      <trkpt lat="55.752858" lon="37.582965">
        <ele>0</ele>
      </trkpt>
      <trkpt lat="55.752882" lon="37.582966">
        <ele>0</ele>
      </trkpt>
      <trkpt lat="55.752952" lon="37.582969">
        <ele>0</ele>
      </trkpt>
      <trkpt lat="55.752995" lon="37.582959">
        <ele>0</ele>
      </trkpt>
      <trkpt lat="55.753067" lon="37.582969">
        <ele>0</ele>
      </trkpt>
      <trkpt lat="55.753077" lon="37.582968">
        <ele>0</ele>
      </trkpt>
      <trkpt lat="55.753087" lon="37.582963">
        <ele>0</ele>
      </trkpt>
      <trkpt lat="55.753133" lon="37.582932">
        <ele>0</ele>
      </trkpt>
      <trkpt lat="55.753143" lon="37.582928">
        <ele>0</ele>
      </trkpt>
      <trkpt lat="55.753152" lon="37.582926">
        <ele>0</ele>
      </trkpt>
      <trkpt lat="55.753409" lon="37.582959">
        <ele>0</ele>
      </trkpt>
      <trkpt lat="55.754035" lon="37.583026">
        <ele>0</ele>
      </trkpt>
      <trkpt lat="55.754162" lon="37.583039">
        <ele>0</ele>
      </trkpt>
      <trkpt lat="55.754295" lon="37.583058">
        <ele>0</ele>
      </trkpt>
      <trkpt lat="55.754575" lon="37.583096">
        <ele>0</ele>
      </trkpt>
      <trkpt lat="55.754647" lon="37.583106">
        <ele>0</ele>
      </trkpt>
      <trkpt lat="55.754718" lon="37.583116">
        <ele>0</ele>
      </trkpt>
      <trkpt lat="55.754777" lon="37.583124">
        <ele>0</ele>
      </trkpt>
      <trkpt lat="55.754932" lon="37.583146">
        <ele>0</ele>
      </trkpt>
      <trkpt lat="55.755028" lon="37.583159">
        <ele>0</ele>
      </trkpt>
      <trkpt lat="55.755101" lon="37.583173">
        <ele>0</ele>
      </trkpt>
      <trkpt lat="55.755136" lon="37.58319">
        <ele>0</ele>
      </trkpt>
      <trkpt lat="55.755179" lon="37.583231">
        <ele>0</ele>
      </trkpt>
      <trkpt lat="55.755229" lon="37.583282">
        <ele>0</ele>
      </trkpt>
      <trkpt lat="55.755268" lon="37.583288">
        <ele>0</ele>
      </trkpt>
      <trkpt lat="55.755302" lon="37.583292">
        <ele>0</ele>
      </trkpt>
      <trkpt lat="55.755318" lon="37.583294">
        <ele>0</ele>
      </trkpt>
      <trkpt lat="55.755342" lon="37.583298">
        <ele>0</ele>
      </trkpt>
      <trkpt lat="55.75593" lon="37.583404">
        <ele>0</ele>
      </trkpt>
      <trkpt lat="55.756207" lon="37.58347">
        <ele>0</ele>
      </trkpt>
      <trkpt lat="55.756293" lon="37.58349">
        <ele>0</ele>
      </trkpt>
      <trkpt lat="55.756578" lon="37.583548">
        <ele>0</ele>
      </trkpt>
      <trkpt lat="55.75683" lon="37.583599">
        <ele>0</ele>
      </trkpt>
      <trkpt lat="55.757057" lon="37.583644">
        <ele>0</ele>
      </trkpt>
      <trkpt lat="55.757171" lon="37.583677">
        <ele>0</ele>
      </trkpt>
      <trkpt lat="55.757252" lon="37.5837">
        <ele>0</ele>
      </trkpt>
      <trkpt lat="55.757279" lon="37.583708">
        <ele>0</ele>
      </trkpt>
      <trkpt lat="55.757307" lon="37.583717">
        <ele>0</ele>
      </trkpt>
      <trkpt lat="55.757334" lon="37.583723">
        <ele>0</ele>
      </trkpt>
      <trkpt lat="55.757375" lon="37.583727">
        <ele>0</ele>
      </trkpt>
      <trkpt lat="55.757364" lon="37.58389">
        <ele>0</ele>
      </trkpt>
      <trkpt lat="55.75737" lon="37.583911">
        <ele>0</ele>
      </trkpt>
      <trkpt lat="55.757376" lon="37.583916">
        <ele>0</ele>
      </trkpt>
      <trkpt lat="55.757903" lon="37.584007">
        <ele>0</ele>
      </trkpt>
      <trkpt lat="55.757913" lon="37.584007">
        <ele>0</ele>
      </trkpt>
      <trkpt lat="55.757924" lon="37.584004">
        <ele>0</ele>
      </trkpt>
      <trkpt lat="55.757939" lon="37.583993">
        <ele>0</ele>
      </trkpt>
      <trkpt lat="55.757953" lon="37.583973">
        <ele>0</ele>
      </trkpt>
      <trkpt lat="55.757961" lon="37.583944">
        <ele>0</ele>
      </trkpt>
      <trkpt lat="55.757964" lon="37.583904">
        <ele>0</ele>
      </trkpt>
      <trkpt lat="55.757993" lon="37.583915">
        <ele>0</ele>
      </trkpt>
      <trkpt lat="55.758019" lon="37.583928">
        <ele>0</ele>
      </trkpt>
      <trkpt lat="55.758045" lon="37.583937">
        <ele>0</ele>
      </trkpt>
      <trkpt lat="55.758112" lon="37.58396">
        <ele>0</ele>
      </trkpt>
      <trkpt lat="55.758538" lon="37.584138">
        <ele>0</ele>
      </trkpt>
      <trkpt lat="55.758927" lon="37.584282">
        <ele>0</ele>
      </trkpt>
      <trkpt lat="55.758962" lon="37.584295">
        <ele>0</ele>
      </trkpt>
      <trkpt lat="55.759018" lon="37.584327">
        <ele>0</ele>
      </trkpt>
      <trkpt lat="55.75906" lon="37.584353">
        <ele>0</ele>
      </trkpt>
      <trkpt lat="55.759099" lon="37.584376">
        <ele>0</ele>
      </trkpt>
      <trkpt lat="55.759137" lon="37.584403">
        <ele>0</ele>
      </trkpt>
      <trkpt lat="55.759193" lon="37.584441">
        <ele>0</ele>
      </trkpt>
      <trkpt lat="55.759213" lon="37.584457">
        <ele>0</ele>
      </trkpt>
      <trkpt lat="55.759579" lon="37.584648">
        <ele>0</ele>
      </trkpt>
      <trkpt lat="55.759788" lon="37.584762">
        <ele>0</ele>
      </trkpt>
      <trkpt lat="55.759842" lon="37.584796">
        <ele>0</ele>
      </trkpt>
      <trkpt lat="55.759893" lon="37.584827">
        <ele>0</ele>
      </trkpt>
      <trkpt lat="55.759979" lon="37.584879">
        <ele>0</ele>
      </trkpt>
      <trkpt lat="55.760118" lon="37.584963">
        <ele>0</ele>
      </trkpt>
      <trkpt lat="55.76032" lon="37.585072">
        <ele>0</ele>
      </trkpt>
      <trkpt lat="55.760473" lon="37.585161">
        <ele>0</ele>
      </trkpt>
      <trkpt lat="55.760917" lon="37.585478">
        <ele>0</ele>
      </trkpt>
      <trkpt lat="55.76092" lon="37.585466">
        <ele>0</ele>
      </trkpt>
      <trkpt lat="55.760917" lon="37.585478">
        <ele>0</ele>
      </trkpt>
      <trkpt lat="55.760932" lon="37.585489">
        <ele>0</ele>
      </trkpt>
      <trkpt lat="55.760965" lon="37.585513">
        <ele>0</ele>
      </trkpt>
      <trkpt lat="55.760993" lon="37.585535">
        <ele>0</ele>
      </trkpt>
      <trkpt lat="55.761034" lon="37.585567">
        <ele>0</ele>
      </trkpt>
      <trkpt lat="55.761626" lon="37.586025">
        <ele>0</ele>
      </trkpt>
      <trkpt lat="55.76233" lon="37.586556">
        <ele>0</ele>
      </trkpt>
      <trkpt lat="55.762547" lon="37.586719">
        <ele>0</ele>
      </trkpt>
      <trkpt lat="55.76316" lon="37.587175">
        <ele>0</ele>
      </trkpt>
      <trkpt lat="55.763335" lon="37.587305">
        <ele>0</ele>
      </trkpt>
      <trkpt lat="55.763583" lon="37.587498">
        <ele>0</ele>
      </trkpt>
      <trkpt lat="55.763625" lon="37.587535">
        <ele>0</ele>
      </trkpt>
      <trkpt lat="55.763862" lon="37.587744">
        <ele>0</ele>
      </trkpt>
      <trkpt lat="55.763904" lon="37.587811">
        <ele>0</ele>
      </trkpt>
      <trkpt lat="55.764208" lon="37.588103">
        <ele>0</ele>
      </trkpt>
      <trkpt lat="55.764399" lon="37.588287">
        <ele>0</ele>
      </trkpt>
      <trkpt lat="55.76449" lon="37.588387">
        <ele>0</ele>
      </trkpt>
      <trkpt lat="55.764689" lon="37.588597">
        <ele>0</ele>
      </trkpt>
      <trkpt lat="55.764859" lon="37.588801">
        <ele>0</ele>
      </trkpt>
      <trkpt lat="55.765156" lon="37.589163">
        <ele>0</ele>
      </trkpt>
      <trkpt lat="55.765267" lon="37.589321">
        <ele>0</ele>
      </trkpt>
      <trkpt lat="55.765336" lon="37.589425">
        <ele>0</ele>
      </trkpt>
      <trkpt lat="55.765508" lon="37.589658">
        <ele>0</ele>
      </trkpt>
      <trkpt lat="55.76564" lon="37.589857">
        <ele>0</ele>
      </trkpt>
      <trkpt lat="55.765893" lon="37.59023">
        <ele>0</ele>
      </trkpt>
      <trkpt lat="55.765978" lon="37.590356">
        <ele>0</ele>
      </trkpt>
      <trkpt lat="55.766022" lon="37.590414">
        <ele>0</ele>
      </trkpt>
      <trkpt lat="55.76605" lon="37.590444">
        <ele>0</ele>
      </trkpt>
      <trkpt lat="55.766098" lon="37.59051">
        <ele>0</ele>
      </trkpt>
      <trkpt lat="55.766197" lon="37.59064">
        <ele>0</ele>
      </trkpt>
      <trkpt lat="55.766291" lon="37.590777">
        <ele>0</ele>
      </trkpt>
      <trkpt lat="55.766747" lon="37.591426">
        <ele>0</ele>
      </trkpt>
      <trkpt lat="55.767228" lon="37.592115">
        <ele>0</ele>
      </trkpt>
      <trkpt lat="55.767467" lon="37.592456">
        <ele>0</ele>
      </trkpt>
      <trkpt lat="55.767932" lon="37.593131">
        <ele>0</ele>
      </trkpt>
      <trkpt lat="55.768123" lon="37.593386">
        <ele>0</ele>
      </trkpt>
      <trkpt lat="55.768352" lon="37.593733">
        <ele>0</ele>
      </trkpt>
      <trkpt lat="55.768451" lon="37.593873">
        <ele>0</ele>
      </trkpt>
      <trkpt lat="55.768661" lon="37.594169">
        <ele>0</ele>
      </trkpt>
      <trkpt lat="55.768676" lon="37.594182">
        <ele>0</ele>
      </trkpt>
      <trkpt lat="55.768692" lon="37.594187">
        <ele>0</ele>
      </trkpt>
      <trkpt lat="55.768709" lon="37.594175">
        <ele>0</ele>
      </trkpt>
      <trkpt lat="55.768729" lon="37.594149">
        <ele>0</ele>
      </trkpt>
      <trkpt lat="55.769049" lon="37.593502">
        <ele>0</ele>
      </trkpt>
      <trkpt lat="55.769138" lon="37.593663">
        <ele>0</ele>
      </trkpt>
      <trkpt lat="55.769142" lon="37.59367">
        <ele>0</ele>
      </trkpt>
      <trkpt lat="55.769163" lon="37.593707">
        <ele>0</ele>
      </trkpt>
      <trkpt lat="55.769187" lon="37.593751">
        <ele>0</ele>
      </trkpt>
      <trkpt lat="55.76921" lon="37.593793">
        <ele>0</ele>
      </trkpt>
      <trkpt lat="55.769298" lon="37.593955">
        <ele>0</ele>
      </trkpt>
      <trkpt lat="55.769588" lon="37.594486">
        <ele>0</ele>
      </trkpt>
      <trkpt lat="55.769616" lon="37.594532">
        <ele>0</ele>
      </trkpt>
      <trkpt lat="55.769646" lon="37.594583">
        <ele>0</ele>
      </trkpt>
      <trkpt lat="55.769667" lon="37.59462">
        <ele>0</ele>
      </trkpt>
      <trkpt lat="55.769673" lon="37.594631">
        <ele>0</ele>
      </trkpt>
      <trkpt lat="55.769691" lon="37.59466">
        <ele>0</ele>
      </trkpt>
      <trkpt lat="55.769776" lon="37.594799">
        <ele>0</ele>
      </trkpt>
      <trkpt lat="55.769892" lon="37.595016">
        <ele>0</ele>
      </trkpt>
      <trkpt lat="55.769995" lon="37.595204">
        <ele>0</ele>
      </trkpt>
      <trkpt lat="55.770054" lon="37.595359">
        <ele>0</ele>
      </trkpt>
      <trkpt lat="55.770034" lon="37.595393">
        <ele>0</ele>
      </trkpt>
      <trkpt lat="55.770091" lon="37.5955">
        <ele>0</ele>
      </trkpt>
      <trkpt lat="55.770108" lon="37.595532">
        <ele>0</ele>
      </trkpt>
      <trkpt lat="55.770173" lon="37.59565">
        <ele>0</ele>
      </trkpt>
      <trkpt lat="55.770252" lon="37.595788">
        <ele>0</ele>
      </trkpt>
      <trkpt lat="55.770312" lon="37.595896">
        <ele>0</ele>
      </trkpt>
      <trkpt lat="55.770345" lon="37.595954">
        <ele>0</ele>
      </trkpt>
      <trkpt lat="55.770402" lon="37.596049">
        <ele>0</ele>
      </trkpt>
      <trkpt lat="55.770431" lon="37.596098">
        <ele>0</ele>
      </trkpt>
      <trkpt lat="55.770382" lon="37.596168">
        <ele>0</ele>
      </trkpt>
      <trkpt lat="55.770532" lon="37.596587">
        <ele>0</ele>
      </trkpt>
      <trkpt lat="55.77055" lon="37.596632">
        <ele>0</ele>
      </trkpt>
      <trkpt lat="55.770671" lon="37.596923">
        <ele>0</ele>
      </trkpt>
      <trkpt lat="55.770758" lon="37.597137">
        <ele>0</ele>
      </trkpt>
      <trkpt lat="55.770922" lon="37.597525">
        <ele>0</ele>
      </trkpt>
      <trkpt lat="55.770944" lon="37.597557">
        <ele>0</ele>
      </trkpt>
      <trkpt lat="55.770961" lon="37.59758">
        <ele>0</ele>
      </trkpt>
      <trkpt lat="55.770977" lon="37.597615">
        <ele>0</ele>
      </trkpt>
      <trkpt lat="55.770984" lon="37.59763">
        <ele>0</ele>
      </trkpt>
      <trkpt lat="55.770993" lon="37.59765">
        <ele>0</ele>
      </trkpt>
      <trkpt lat="55.771022" lon="37.597674">
        <ele>0</ele>
      </trkpt>
      <trkpt lat="55.771082" lon="37.597816">
        <ele>0</ele>
      </trkpt>
      <trkpt lat="55.771205" lon="37.598103">
        <ele>0</ele>
      </trkpt>
      <trkpt lat="55.771351" lon="37.598448">
        <ele>0</ele>
      </trkpt>
      <trkpt lat="55.771429" lon="37.598678">
        <ele>0</ele>
      </trkpt>
      <trkpt lat="55.771449" lon="37.598733">
        <ele>0</ele>
      </trkpt>
      <trkpt lat="55.771453" lon="37.598745">
        <ele>0</ele>
      </trkpt>
      <trkpt lat="55.771488" lon="37.598829">
        <ele>0</ele>
      </trkpt>
      <trkpt lat="55.771496" lon="37.598903">
        <ele>0</ele>
      </trkpt>
      <trkpt lat="55.771654" lon="37.599392">
        <ele>0</ele>
      </trkpt>
      <trkpt lat="55.771753" lon="37.59971">
        <ele>0</ele>
      </trkpt>
      <trkpt lat="55.771922" lon="37.600226">
        <ele>0</ele>
      </trkpt>
      <trkpt lat="55.77216" lon="37.601061">
        <ele>0</ele>
      </trkpt>
      <trkpt lat="55.772183" lon="37.601137">
        <ele>0</ele>
      </trkpt>
      <trkpt lat="55.772483" lon="37.602108">
        <ele>0</ele>
      </trkpt>
      <trkpt lat="55.772447" lon="37.602143">
        <ele>0</ele>
      </trkpt>
      <trkpt lat="55.772483" lon="37.602108">
        <ele>0</ele>
      </trkpt>
      <trkpt lat="55.772492" lon="37.602137">
        <ele>0</ele>
      </trkpt>
      <trkpt lat="55.772497" lon="37.602153">
        <ele>0</ele>
      </trkpt>
      <trkpt lat="55.772593" lon="37.60241">
        <ele>0</ele>
      </trkpt>
      <trkpt lat="55.772637" lon="37.602561">
        <ele>0</ele>
      </trkpt>
      <trkpt lat="55.772643" lon="37.602573">
        <ele>0</ele>
      </trkpt>
      <trkpt lat="55.772661" lon="37.602605">
        <ele>0</ele>
      </trkpt>
      <trkpt lat="55.772685" lon="37.602647">
        <ele>0</ele>
      </trkpt>
      <trkpt lat="55.772706" lon="37.602683">
        <ele>0</ele>
      </trkpt>
      <trkpt lat="55.772735" lon="37.602838">
        <ele>0</ele>
      </trkpt>
      <trkpt lat="55.772855" lon="37.603462">
        <ele>0</ele>
      </trkpt>
      <trkpt lat="55.772933" lon="37.603868">
        <ele>0</ele>
      </trkpt>
      <trkpt lat="55.773027" lon="37.603995">
        <ele>0</ele>
      </trkpt>
      <trkpt lat="55.77304" lon="37.604124">
        <ele>0</ele>
      </trkpt>
      <trkpt lat="55.773045" lon="37.604163">
        <ele>0</ele>
      </trkpt>
      <trkpt lat="55.773053" lon="37.604235">
        <ele>0</ele>
      </trkpt>
      <trkpt lat="55.773063" lon="37.604315">
        <ele>0</ele>
      </trkpt>
      <trkpt lat="55.773064" lon="37.604321">
        <ele>0</ele>
      </trkpt>
      <trkpt lat="55.773076" lon="37.60442">
        <ele>0</ele>
      </trkpt>
      <trkpt lat="55.773079" lon="37.604442">
        <ele>0</ele>
      </trkpt>
      <trkpt lat="55.773087" lon="37.604498">
        <ele>0</ele>
      </trkpt>
      <trkpt lat="55.773101" lon="37.604651">
        <ele>0</ele>
      </trkpt>
      <trkpt lat="55.773108" lon="37.604723">
        <ele>0</ele>
      </trkpt>
      <trkpt lat="55.773156" lon="37.605211">
        <ele>0</ele>
      </trkpt>
      <trkpt lat="55.77326" lon="37.606164">
        <ele>0</ele>
      </trkpt>
      <trkpt lat="55.773306" lon="37.606574">
        <ele>0</ele>
      </trkpt>
      <trkpt lat="55.773308" lon="37.606634">
        <ele>0</ele>
      </trkpt>
      <trkpt lat="55.77331" lon="37.606695">
        <ele>0</ele>
      </trkpt>
      <trkpt lat="55.773316" lon="37.606834">
        <ele>0</ele>
      </trkpt>
      <trkpt lat="55.773319" lon="37.606892">
        <ele>0</ele>
      </trkpt>
      <trkpt lat="55.773389" lon="37.607506">
        <ele>0</ele>
      </trkpt>
      <trkpt lat="55.773455" lon="37.60803">
        <ele>0</ele>
      </trkpt>
      <trkpt lat="55.773508" lon="37.608459">
        <ele>0</ele>
      </trkpt>
      <trkpt lat="55.773527" lon="37.608625">
        <ele>0</ele>
      </trkpt>
      <trkpt lat="55.773468" lon="37.608661">
        <ele>0</ele>
      </trkpt>
      <trkpt lat="55.773483" lon="37.608758">
        <ele>0</ele>
      </trkpt>
      <trkpt lat="55.773504" lon="37.60887">
        <ele>0</ele>
      </trkpt>
      <trkpt lat="55.773514" lon="37.608929">
        <ele>0</ele>
      </trkpt>
      <trkpt lat="55.77352" lon="37.608985">
        <ele>0</ele>
      </trkpt>
      <trkpt lat="55.773552" lon="37.609295">
        <ele>0</ele>
      </trkpt>
      <trkpt lat="55.773579" lon="37.60959">
        <ele>0</ele>
      </trkpt>
      <trkpt lat="55.773688" lon="37.610701">
        <ele>0</ele>
      </trkpt>
      <trkpt lat="55.773694" lon="37.610746">
        <ele>0</ele>
      </trkpt>
      <trkpt lat="55.773686" lon="37.610821">
        <ele>0</ele>
      </trkpt>
      <trkpt lat="55.773675" lon="37.610894">
        <ele>0</ele>
      </trkpt>
      <trkpt lat="55.773596" lon="37.610917">
        <ele>0</ele>
      </trkpt>
      <trkpt lat="55.77366" lon="37.612023">
        <ele>0</ele>
      </trkpt>
      <trkpt lat="55.773718" lon="37.613401">
        <ele>0</ele>
      </trkpt>
      <trkpt lat="55.77377" lon="37.613393">
        <ele>0</ele>
      </trkpt>
      <trkpt lat="55.773776" lon="37.613471">
        <ele>0</ele>
      </trkpt>
      <trkpt lat="55.773777" lon="37.61349">
        <ele>0</ele>
      </trkpt>
      <trkpt lat="55.773798" lon="37.613989">
        <ele>0</ele>
      </trkpt>
      <trkpt lat="55.773795" lon="37.614015">
        <ele>0</ele>
      </trkpt>
      <trkpt lat="55.77379" lon="37.614031">
        <ele>0</ele>
      </trkpt>
      <trkpt lat="55.77378" lon="37.614045">
        <ele>0</ele>
      </trkpt>
      <trkpt lat="55.77377" lon="37.614052">
        <ele>0</ele>
      </trkpt>
      <trkpt lat="55.773737" lon="37.614059">
        <ele>0</ele>
      </trkpt>
      <trkpt lat="55.773761" lon="37.614932">
        <ele>0</ele>
      </trkpt>
      <trkpt lat="55.773767" lon="37.615176">
        <ele>0</ele>
      </trkpt>
      <trkpt lat="55.773785" lon="37.61559">
        <ele>0</ele>
      </trkpt>
      <trkpt lat="55.773802" lon="37.615998">
        <ele>0</ele>
      </trkpt>
      <trkpt lat="55.773855" lon="37.617299">
        <ele>0</ele>
      </trkpt>
      <trkpt lat="55.77386" lon="37.617459">
        <ele>0</ele>
      </trkpt>
      <trkpt lat="55.773869" lon="37.617692">
        <ele>0</ele>
      </trkpt>
      <trkpt lat="55.773849" lon="37.617997">
        <ele>0</ele>
      </trkpt>
      <trkpt lat="55.773867" lon="37.618474">
        <ele>0</ele>
      </trkpt>
      <trkpt lat="55.773872" lon="37.618597">
        <ele>0</ele>
      </trkpt>
      <trkpt lat="55.773875" lon="37.618639">
        <ele>0</ele>
      </trkpt>
      <trkpt lat="55.773885" lon="37.618681">
        <ele>0</ele>
      </trkpt>
      <trkpt lat="55.773921" lon="37.618788">
        <ele>0</ele>
      </trkpt>
      <trkpt lat="55.773921" lon="37.618808">
        <ele>0</ele>
      </trkpt>
      <trkpt lat="55.773922" lon="37.618844">
        <ele>0</ele>
      </trkpt>
      <trkpt lat="55.773927" lon="37.618965">
        <ele>0</ele>
      </trkpt>
      <trkpt lat="55.773928" lon="37.619007">
        <ele>0</ele>
      </trkpt>
      <trkpt lat="55.77393" lon="37.619047">
        <ele>0</ele>
      </trkpt>
      <trkpt lat="55.773919" lon="37.619048">
        <ele>0</ele>
      </trkpt>
      <trkpt lat="55.773911" lon="37.619057">
        <ele>0</ele>
      </trkpt>
      <trkpt lat="55.773906" lon="37.619072">
        <ele>0</ele>
      </trkpt>
      <trkpt lat="55.773913" lon="37.619325">
        <ele>0</ele>
      </trkpt>
      <trkpt lat="55.773918" lon="37.619433">
        <ele>0</ele>
      </trkpt>
      <trkpt lat="55.773934" lon="37.619537">
        <ele>0</ele>
      </trkpt>
      <trkpt lat="55.773937" lon="37.619585">
        <ele>0</ele>
      </trkpt>
      <trkpt lat="55.773942" lon="37.620155">
        <ele>0</ele>
      </trkpt>
      <trkpt lat="55.773944" lon="37.620214">
        <ele>0</ele>
      </trkpt>
      <trkpt lat="55.773944" lon="37.62028">
        <ele>0</ele>
      </trkpt>
      <trkpt lat="55.773944" lon="37.620331">
        <ele>0</ele>
      </trkpt>
      <trkpt lat="55.773946" lon="37.620406">
        <ele>0</ele>
      </trkpt>
      <trkpt lat="55.773954" lon="37.620453">
        <ele>0</ele>
      </trkpt>
      <trkpt lat="55.773962" lon="37.620497">
        <ele>0</ele>
      </trkpt>
      <trkpt lat="55.773965" lon="37.62056">
        <ele>0</ele>
      </trkpt>
      <trkpt lat="55.773983" lon="37.621305">
        <ele>0</ele>
      </trkpt>
      <trkpt lat="55.773995" lon="37.621384">
        <ele>0</ele>
      </trkpt>
      <trkpt lat="55.774009" lon="37.621467">
        <ele>0</ele>
      </trkpt>
      <trkpt lat="55.774013" lon="37.621526">
        <ele>0</ele>
      </trkpt>
      <trkpt lat="55.774031" lon="37.621695">
        <ele>0</ele>
      </trkpt>
      <trkpt lat="55.774042" lon="37.621812">
        <ele>0</ele>
      </trkpt>
      <trkpt lat="55.774032" lon="37.622431">
        <ele>0</ele>
      </trkpt>
      <trkpt lat="55.774028" lon="37.62267">
        <ele>0</ele>
      </trkpt>
      <trkpt lat="55.774021" lon="37.62298">
        <ele>0</ele>
      </trkpt>
      <trkpt lat="55.774019" lon="37.623119">
        <ele>0</ele>
      </trkpt>
      <trkpt lat="55.774016" lon="37.623237">
        <ele>0</ele>
      </trkpt>
      <trkpt lat="55.77401" lon="37.623429">
        <ele>0</ele>
      </trkpt>
      <trkpt lat="55.774005" lon="37.623626">
        <ele>0</ele>
      </trkpt>
      <trkpt lat="55.774004" lon="37.623664">
        <ele>0</ele>
      </trkpt>
      <trkpt lat="55.773992" lon="37.624144">
        <ele>0</ele>
      </trkpt>
      <trkpt lat="55.773983" lon="37.62434">
        <ele>0</ele>
      </trkpt>
      <trkpt lat="55.773965" lon="37.624642">
        <ele>0</ele>
      </trkpt>
      <trkpt lat="55.773884" lon="37.625812">
        <ele>0</ele>
      </trkpt>
      <trkpt lat="55.773862" lon="37.626083">
        <ele>0</ele>
      </trkpt>
      <trkpt lat="55.773828" lon="37.626447">
        <ele>0</ele>
      </trkpt>
      <trkpt lat="55.773796" lon="37.626826">
        <ele>0</ele>
      </trkpt>
      <trkpt lat="55.7738" lon="37.62705">
        <ele>0</ele>
      </trkpt>
      <trkpt lat="55.773795" lon="37.627087">
        <ele>0</ele>
      </trkpt>
      <trkpt lat="55.773788" lon="37.627136">
        <ele>0</ele>
      </trkpt>
      <trkpt lat="55.773782" lon="37.627179">
        <ele>0</ele>
      </trkpt>
      <trkpt lat="55.773773" lon="37.627223">
        <ele>0</ele>
      </trkpt>
      <trkpt lat="55.773739" lon="37.627279">
        <ele>0</ele>
      </trkpt>
      <trkpt lat="55.773718" lon="37.627274">
        <ele>0</ele>
      </trkpt>
      <trkpt lat="55.773689" lon="37.627524">
        <ele>0</ele>
      </trkpt>
      <trkpt lat="55.773686" lon="37.62755">
        <ele>0</ele>
      </trkpt>
      <trkpt lat="55.773655" lon="37.627812">
        <ele>0</ele>
      </trkpt>
      <trkpt lat="55.773644" lon="37.627906">
        <ele>0</ele>
      </trkpt>
      <trkpt lat="55.773619" lon="37.628127">
        <ele>0</ele>
      </trkpt>
      <trkpt lat="55.773559" lon="37.62861">
        <ele>0</ele>
      </trkpt>
      <trkpt lat="55.773563" lon="37.628632">
        <ele>0</ele>
      </trkpt>
      <trkpt lat="55.773576" lon="37.628645">
        <ele>0</ele>
      </trkpt>
      <trkpt lat="55.773598" lon="37.628657">
        <ele>0</ele>
      </trkpt>
      <trkpt lat="55.773571" lon="37.628796">
        <ele>0</ele>
      </trkpt>
      <trkpt lat="55.773563" lon="37.628854">
        <ele>0</ele>
      </trkpt>
      <trkpt lat="55.773558" lon="37.628911">
        <ele>0</ele>
      </trkpt>
      <trkpt lat="55.773556" lon="37.628933">
        <ele>0</ele>
      </trkpt>
      <trkpt lat="55.773405" lon="37.630008">
        <ele>0</ele>
      </trkpt>
      <trkpt lat="55.773288" lon="37.630209">
        <ele>0</ele>
      </trkpt>
      <trkpt lat="55.773275" lon="37.630246">
        <ele>0</ele>
      </trkpt>
      <trkpt lat="55.773255" lon="37.63038">
        <ele>0</ele>
      </trkpt>
      <trkpt lat="55.773235" lon="37.630496">
        <ele>0</ele>
      </trkpt>
      <trkpt lat="55.773281" lon="37.630545">
        <ele>0</ele>
      </trkpt>
      <trkpt lat="55.773235" lon="37.630496">
        <ele>0</ele>
      </trkpt>
      <trkpt lat="55.773255" lon="37.63038">
        <ele>0</ele>
      </trkpt>
      <trkpt lat="55.773349" lon="37.630387">
        <ele>0</ele>
      </trkpt>
      <trkpt lat="55.773532" lon="37.630398">
        <ele>0</ele>
      </trkpt>
      <trkpt lat="55.774018" lon="37.630388">
        <ele>0</ele>
      </trkpt>
      <trkpt lat="55.774316" lon="37.630378">
        <ele>0</ele>
      </trkpt>
      <trkpt lat="55.774492" lon="37.630371">
        <ele>0</ele>
      </trkpt>
      <trkpt lat="55.774605" lon="37.630369">
        <ele>0</ele>
      </trkpt>
      <trkpt lat="55.774784" lon="37.630366">
        <ele>0</ele>
      </trkpt>
      <trkpt lat="55.775003" lon="37.630361">
        <ele>0</ele>
      </trkpt>
      <trkpt lat="55.775464" lon="37.630296">
        <ele>0</ele>
      </trkpt>
      <trkpt lat="55.775488" lon="37.630293">
        <ele>0</ele>
      </trkpt>
      <trkpt lat="55.775533" lon="37.630286">
        <ele>0</ele>
      </trkpt>
      <trkpt lat="55.775752" lon="37.630279">
        <ele>0</ele>
      </trkpt>
      <trkpt lat="55.775819" lon="37.630282">
        <ele>0</ele>
      </trkpt>
      <trkpt lat="55.776028" lon="37.630297">
        <ele>0</ele>
      </trkpt>
      <trkpt lat="55.776273" lon="37.630315">
        <ele>0</ele>
      </trkpt>
      <trkpt lat="55.776835" lon="37.63038">
        <ele>0</ele>
      </trkpt>
      <trkpt lat="55.777039" lon="37.630404">
        <ele>0</ele>
      </trkpt>
      <trkpt lat="55.777139" lon="37.630423">
        <ele>0</ele>
      </trkpt>
      <trkpt lat="55.777253" lon="37.630437">
        <ele>0</ele>
      </trkpt>
      <trkpt lat="55.777319" lon="37.630445">
        <ele>0</ele>
      </trkpt>
      <trkpt lat="55.778064" lon="37.630523">
        <ele>0</ele>
      </trkpt>
      <trkpt lat="55.778204" lon="37.630538">
        <ele>0</ele>
      </trkpt>
      <trkpt lat="55.778242" lon="37.630538">
        <ele>0</ele>
      </trkpt>
      <trkpt lat="55.778253" lon="37.630535">
        <ele>0</ele>
      </trkpt>
      <trkpt lat="55.778262" lon="37.630531">
        <ele>0</ele>
      </trkpt>
      <trkpt lat="55.77827" lon="37.630523">
        <ele>0</ele>
      </trkpt>
      <trkpt lat="55.778274" lon="37.630511">
        <ele>0</ele>
      </trkpt>
      <trkpt lat="55.778276" lon="37.630497">
        <ele>0</ele>
      </trkpt>
      <trkpt lat="55.778296" lon="37.630498">
        <ele>0</ele>
      </trkpt>
      <trkpt lat="55.778361" lon="37.630498">
        <ele>0</ele>
      </trkpt>
      <trkpt lat="55.778393" lon="37.630497">
        <ele>0</ele>
      </trkpt>
      <trkpt lat="55.778396" lon="37.630525">
        <ele>0</ele>
      </trkpt>
      <trkpt lat="55.778403" lon="37.630545">
        <ele>0</ele>
      </trkpt>
      <trkpt lat="55.77841" lon="37.630559">
        <ele>0</ele>
      </trkpt>
      <trkpt lat="55.778428" lon="37.63058">
        <ele>0</ele>
      </trkpt>
      <trkpt lat="55.77844" lon="37.630586">
        <ele>0</ele>
      </trkpt>
      <trkpt lat="55.778461" lon="37.630589">
        <ele>0</ele>
      </trkpt>
      <trkpt lat="55.77857" lon="37.63061">
        <ele>0</ele>
      </trkpt>
      <trkpt lat="55.778657" lon="37.630623">
        <ele>0</ele>
      </trkpt>
      <trkpt lat="55.778814" lon="37.630648">
        <ele>0</ele>
      </trkpt>
      <trkpt lat="55.778968" lon="37.630672">
        <ele>0</ele>
      </trkpt>
      <trkpt lat="55.779108" lon="37.630705">
        <ele>0</ele>
      </trkpt>
      <trkpt lat="55.779383" lon="37.630769">
        <ele>0</ele>
      </trkpt>
      <trkpt lat="55.779434" lon="37.630781">
        <ele>0</ele>
      </trkpt>
      <trkpt lat="55.779516" lon="37.6308">
        <ele>0</ele>
      </trkpt>
      <trkpt lat="55.779756" lon="37.630855">
        <ele>0</ele>
      </trkpt>
      <trkpt lat="55.779845" lon="37.630887">
        <ele>0</ele>
      </trkpt>
      <trkpt lat="55.78025" lon="37.631033">
        <ele>0</ele>
      </trkpt>
      <trkpt lat="55.78036" lon="37.631072">
        <ele>0</ele>
      </trkpt>
      <trkpt lat="55.780601" lon="37.631177">
        <ele>0</ele>
      </trkpt>
      <trkpt lat="55.780685" lon="37.631231">
        <ele>0</ele>
      </trkpt>
      <trkpt lat="55.780843" lon="37.631417">
        <ele>0</ele>
      </trkpt>
      <trkpt lat="55.78087" lon="37.631437">
        <ele>0</ele>
      </trkpt>
      <trkpt lat="55.780893" lon="37.631446">
        <ele>0</ele>
      </trkpt>
      <trkpt lat="55.780917" lon="37.631444">
        <ele>0</ele>
      </trkpt>
      <trkpt lat="55.781066" lon="37.631361">
        <ele>0</ele>
      </trkpt>
      <trkpt lat="55.781123" lon="37.631354">
        <ele>0</ele>
      </trkpt>
      <trkpt lat="55.781172" lon="37.631367">
        <ele>0</ele>
      </trkpt>
      <trkpt lat="55.781167" lon="37.631481">
        <ele>0</ele>
      </trkpt>
      <trkpt lat="55.781159" lon="37.631595">
        <ele>0</ele>
      </trkpt>
      <trkpt lat="55.781107" lon="37.631615">
        <ele>0</ele>
      </trkpt>
      <trkpt lat="55.781061" lon="37.631654">
        <ele>0</ele>
      </trkpt>
      <trkpt lat="55.781028" lon="37.6317">
        <ele>0</ele>
      </trkpt>
      <trkpt lat="55.781" lon="37.631745">
        <ele>0</ele>
      </trkpt>
      <trkpt lat="55.780984" lon="37.631791">
        <ele>0</ele>
      </trkpt>
      <trkpt lat="55.78098" lon="37.631866">
        <ele>0</ele>
      </trkpt>
      <trkpt lat="55.780987" lon="37.631949">
        <ele>0</ele>
      </trkpt>
      <trkpt lat="55.781028" lon="37.632021">
        <ele>0</ele>
      </trkpt>
      <trkpt lat="55.780913" lon="37.632164">
        <ele>0</ele>
      </trkpt>
      <trkpt lat="55.7809" lon="37.632186">
        <ele>0</ele>
      </trkpt>
      <trkpt lat="55.780894" lon="37.632215">
        <ele>0</ele>
      </trkpt>
      <trkpt lat="55.780882" lon="37.632337">
        <ele>0</ele>
      </trkpt>
      <trkpt lat="55.780898" lon="37.632342">
        <ele>0</ele>
      </trkpt>
      <trkpt lat="55.780882" lon="37.632337">
        <ele>0</ele>
      </trkpt>
      <trkpt lat="55.780859" lon="37.632576">
        <ele>0</ele>
      </trkpt>
      <trkpt lat="55.780863" lon="37.63289">
        <ele>0</ele>
      </trkpt>
      <trkpt lat="55.780846" lon="37.633029">
        <ele>0</ele>
      </trkpt>
      <trkpt lat="55.781386" lon="37.633276">
        <ele>0</ele>
      </trkpt>
      <trkpt lat="55.781591" lon="37.633375">
        <ele>0</ele>
      </trkpt>
      <trkpt lat="55.781682" lon="37.633437">
        <ele>0</ele>
      </trkpt>
      <trkpt lat="55.781648" lon="37.633643">
        <ele>0</ele>
      </trkpt>
      <trkpt lat="55.78162" lon="37.633823">
        <ele>0</ele>
      </trkpt>
      <trkpt lat="55.78159" lon="37.634021">
        <ele>0</ele>
      </trkpt>
      <trkpt lat="55.781483" lon="37.633971">
        <ele>0</ele>
      </trkpt>
      <trkpt lat="55.781481" lon="37.633987">
        <ele>0</ele>
      </trkpt>
      <trkpt lat="55.781483" lon="37.633971">
        <ele>0</ele>
      </trkpt>
      <trkpt lat="55.780853" lon="37.633676">
        <ele>0</ele>
      </trkpt>
      <trkpt lat="55.780562" lon="37.633566">
        <ele>0</ele>
      </trkpt>
      <trkpt lat="55.780511" lon="37.633568">
        <ele>0</ele>
      </trkpt>
      <trkpt lat="55.780469" lon="37.633564">
        <ele>0</ele>
      </trkpt>
      <trkpt lat="55.780458" lon="37.633562">
        <ele>0</ele>
      </trkpt>
      <trkpt lat="55.780448" lon="37.63354">
        <ele>0</ele>
      </trkpt>
      <trkpt lat="55.78043" lon="37.633525">
        <ele>0</ele>
      </trkpt>
      <trkpt lat="55.780385" lon="37.633512">
        <ele>0</ele>
      </trkpt>
      <trkpt lat="55.78035" lon="37.633502">
        <ele>0</ele>
      </trkpt>
      <trkpt lat="55.779825" lon="37.633353">
        <ele>0</ele>
      </trkpt>
      <trkpt lat="55.779804" lon="37.633357">
        <ele>0</ele>
      </trkpt>
      <trkpt lat="55.779785" lon="37.633378">
        <ele>0</ele>
      </trkpt>
      <trkpt lat="55.779779" lon="37.633391">
        <ele>0</ele>
      </trkpt>
      <trkpt lat="55.779772" lon="37.633404">
        <ele>0</ele>
      </trkpt>
      <trkpt lat="55.779754" lon="37.633425">
        <ele>0</ele>
      </trkpt>
      <trkpt lat="55.779732" lon="37.633427">
        <ele>0</ele>
      </trkpt>
      <trkpt lat="55.779605" lon="37.633388">
        <ele>0</ele>
      </trkpt>
      <trkpt lat="55.779576" lon="37.633356">
        <ele>0</ele>
      </trkpt>
      <trkpt lat="55.779568" lon="37.633298">
        <ele>0</ele>
      </trkpt>
      <trkpt lat="55.779572" lon="37.633247">
        <ele>0</ele>
      </trkpt>
      <trkpt lat="55.779124" lon="37.633122">
        <ele>0</ele>
      </trkpt>
      <trkpt lat="55.779071" lon="37.633108">
        <ele>0</ele>
      </trkpt>
      <trkpt lat="55.77897" lon="37.633079">
        <ele>0</ele>
      </trkpt>
      <trkpt lat="55.77821" lon="37.632878">
        <ele>0</ele>
      </trkpt>
      <trkpt lat="55.778162" lon="37.632868">
        <ele>0</ele>
      </trkpt>
      <trkpt lat="55.778103" lon="37.632855">
        <ele>0</ele>
      </trkpt>
      <trkpt lat="55.778042" lon="37.632843">
        <ele>0</ele>
      </trkpt>
      <trkpt lat="55.777921" lon="37.632818">
        <ele>0</ele>
      </trkpt>
      <trkpt lat="55.777819" lon="37.632804">
        <ele>0</ele>
      </trkpt>
      <trkpt lat="55.777557" lon="37.632769">
        <ele>0</ele>
      </trkpt>
      <trkpt lat="55.777442" lon="37.632761">
        <ele>0</ele>
      </trkpt>
      <trkpt lat="55.777404" lon="37.632795">
        <ele>0</ele>
      </trkpt>
      <trkpt lat="55.777336" lon="37.632778">
        <ele>0</ele>
      </trkpt>
      <trkpt lat="55.777302" lon="37.63277">
        <ele>0</ele>
      </trkpt>
      <trkpt lat="55.777223" lon="37.633584">
        <ele>0</ele>
      </trkpt>
      <trkpt lat="55.777197" lon="37.633852">
        <ele>0</ele>
      </trkpt>
      <trkpt lat="55.777185" lon="37.633848">
        <ele>0</ele>
      </trkpt>
      <trkpt lat="55.777197" lon="37.633852">
        <ele>0</ele>
      </trkpt>
      <trkpt lat="55.777178" lon="37.634055">
        <ele>0</ele>
      </trkpt>
      <trkpt lat="55.77715" lon="37.63435">
        <ele>0</ele>
      </trkpt>
      <trkpt lat="55.7771" lon="37.634845">
        <ele>0</ele>
      </trkpt>
      <trkpt lat="55.777082" lon="37.635038">
        <ele>0</ele>
      </trkpt>
      <trkpt lat="55.777068" lon="37.635318">
        <ele>0</ele>
      </trkpt>
      <trkpt lat="55.777072" lon="37.635835">
        <ele>0</ele>
      </trkpt>
      <trkpt lat="55.777076" lon="37.636519">
        <ele>0</ele>
      </trkpt>
      <trkpt lat="55.777097" lon="37.637968">
        <ele>0</ele>
      </trkpt>
      <trkpt lat="55.777096" lon="37.638023">
        <ele>0</ele>
      </trkpt>
      <trkpt lat="55.777107" lon="37.638996">
        <ele>0</ele>
      </trkpt>
      <trkpt lat="55.777089" lon="37.639176">
        <ele>0</ele>
      </trkpt>
      <trkpt lat="55.777091" lon="37.639356">
        <ele>0</ele>
      </trkpt>
      <trkpt lat="55.777093" lon="37.639495">
        <ele>0</ele>
      </trkpt>
      <trkpt lat="55.777097" lon="37.639531">
        <ele>0</ele>
      </trkpt>
      <trkpt lat="55.77713" lon="37.640248">
        <ele>0</ele>
      </trkpt>
      <trkpt lat="55.777155" lon="37.640579">
        <ele>0</ele>
      </trkpt>
      <trkpt lat="55.777176" lon="37.640771">
        <ele>0</ele>
      </trkpt>
      <trkpt lat="55.777241" lon="37.641602">
        <ele>0</ele>
      </trkpt>
      <trkpt lat="55.777268" lon="37.642012">
        <ele>0</ele>
      </trkpt>
      <trkpt lat="55.777436" lon="37.64416">
        <ele>0</ele>
      </trkpt>
      <trkpt lat="55.777437" lon="37.644231">
        <ele>0</ele>
      </trkpt>
      <trkpt lat="55.777436" lon="37.644265">
        <ele>0</ele>
      </trkpt>
      <trkpt lat="55.777423" lon="37.644439">
        <ele>0</ele>
      </trkpt>
      <trkpt lat="55.777349" lon="37.645247">
        <ele>0</ele>
      </trkpt>
      <trkpt lat="55.777316" lon="37.645618">
        <ele>0</ele>
      </trkpt>
      <trkpt lat="55.777254" lon="37.646226">
        <ele>0</ele>
      </trkpt>
      <trkpt lat="55.777252" lon="37.646239">
        <ele>0</ele>
      </trkpt>
      <trkpt lat="55.77723" lon="37.646305">
        <ele>0</ele>
      </trkpt>
      <trkpt lat="55.777219" lon="37.646382">
        <ele>0</ele>
      </trkpt>
      <trkpt lat="55.777207" lon="37.646483">
        <ele>0</ele>
      </trkpt>
      <trkpt lat="55.777166" lon="37.646913">
        <ele>0</ele>
      </trkpt>
      <trkpt lat="55.777167" lon="37.647029">
        <ele>0</ele>
      </trkpt>
      <trkpt lat="55.777171" lon="37.647197">
        <ele>0</ele>
      </trkpt>
      <trkpt lat="55.777188" lon="37.647888">
        <ele>0</ele>
      </trkpt>
      <trkpt lat="55.777196" lon="37.6483">
        <ele>0</ele>
      </trkpt>
      <trkpt lat="55.777194" lon="37.648363">
        <ele>0</ele>
      </trkpt>
      <trkpt lat="55.777178" lon="37.648415">
        <ele>0</ele>
      </trkpt>
      <trkpt lat="55.777151" lon="37.648458">
        <ele>0</ele>
      </trkpt>
      <trkpt lat="55.776918" lon="37.648632">
        <ele>0</ele>
      </trkpt>
      <trkpt lat="55.776825" lon="37.648706">
        <ele>0</ele>
      </trkpt>
      <trkpt lat="55.776838" lon="37.648759">
        <ele>0</ele>
      </trkpt>
      <trkpt lat="55.776825" lon="37.648706">
        <ele>0</ele>
      </trkpt>
      <trkpt lat="55.776769" lon="37.648751">
        <ele>0</ele>
      </trkpt>
      <trkpt lat="55.776561" lon="37.648884">
        <ele>0</ele>
      </trkpt>
      <trkpt lat="55.776498" lon="37.648927">
        <ele>0</ele>
      </trkpt>
      <trkpt lat="55.776438" lon="37.648968">
        <ele>0</ele>
      </trkpt>
      <trkpt lat="55.776276" lon="37.649213">
        <ele>0</ele>
      </trkpt>
      <trkpt lat="55.776229" lon="37.649291">
        <ele>0</ele>
      </trkpt>
      <trkpt lat="55.776015" lon="37.649644">
        <ele>0</ele>
      </trkpt>
      <trkpt lat="55.775916" lon="37.649809">
        <ele>0</ele>
      </trkpt>
      <trkpt lat="55.775732" lon="37.650111">
        <ele>0</ele>
      </trkpt>
      <trkpt lat="55.77569" lon="37.650178">
        <ele>0</ele>
      </trkpt>
      <trkpt lat="55.77511" lon="37.651094">
        <ele>0</ele>
      </trkpt>
      <trkpt lat="55.774908" lon="37.651336">
        <ele>0</ele>
      </trkpt>
      <trkpt lat="55.774916" lon="37.651356">
        <ele>0</ele>
      </trkpt>
      <trkpt lat="55.774908" lon="37.651336">
        <ele>0</ele>
      </trkpt>
      <trkpt lat="55.774905" lon="37.65134">
        <ele>0</ele>
      </trkpt>
      <trkpt lat="55.774943" lon="37.651451">
        <ele>0</ele>
      </trkpt>
      <trkpt lat="55.77497" lon="37.651504">
        <ele>0</ele>
      </trkpt>
      <trkpt lat="55.775053" lon="37.651681">
        <ele>0</ele>
      </trkpt>
      <trkpt lat="55.775088" lon="37.65174">
        <ele>0</ele>
      </trkpt>
      <trkpt lat="55.775104" lon="37.651774">
        <ele>0</ele>
      </trkpt>
      <trkpt lat="55.77494" lon="37.652049">
        <ele>0</ele>
      </trkpt>
      <trkpt lat="55.77493" lon="37.652073">
        <ele>0</ele>
      </trkpt>
      <trkpt lat="55.774925" lon="37.652101">
        <ele>0</ele>
      </trkpt>
      <trkpt lat="55.774919" lon="37.65218">
        <ele>0</ele>
      </trkpt>
      <trkpt lat="55.774917" lon="37.652209">
        <ele>0</ele>
      </trkpt>
      <trkpt lat="55.774915" lon="37.652209">
        <ele>0</ele>
      </trkpt>
    </trkseg>
    <trkseg>
      <trkpt lat="55.815594" lon="37.323256">
        <ele>0</ele>
      </trkpt>
      <trkpt lat="55.815624" lon="37.323176">
        <ele>0</ele>
      </trkpt>
      <trkpt lat="55.815512" lon="37.323041">
        <ele>0</ele>
      </trkpt>
      <trkpt lat="55.815187" lon="37.322632">
        <ele>0</ele>
      </trkpt>
      <trkpt lat="55.814884" lon="37.322239">
        <ele>0</ele>
      </trkpt>
      <trkpt lat="55.814846" lon="37.322172">
        <ele>0</ele>
      </trkpt>
      <trkpt lat="55.814749" lon="37.322038">
        <ele>0</ele>
      </trkpt>
      <trkpt lat="55.814573" lon="37.321847">
        <ele>0</ele>
      </trkpt>
      <trkpt lat="55.814423" lon="37.321683">
        <ele>0</ele>
      </trkpt>
      <trkpt lat="55.814162" lon="37.321374">
        <ele>0</ele>
      </trkpt>
      <trkpt lat="55.814062" lon="37.321256">
        <ele>0</ele>
      </trkpt>
      <trkpt lat="55.814015" lon="37.321188">
        <ele>0</ele>
      </trkpt>
      <trkpt lat="55.813931" lon="37.321067">
        <ele>0</ele>
      </trkpt>
      <trkpt lat="55.813909" lon="37.321012">
        <ele>0</ele>
      </trkpt>
      <trkpt lat="55.813892" lon="37.320797">
        <ele>0</ele>
      </trkpt>
      <trkpt lat="55.813876" lon="37.320736">
        <ele>0</ele>
      </trkpt>
      <trkpt lat="55.813849" lon="37.320706">
        <ele>0</ele>
      </trkpt>
      <trkpt lat="55.813816" lon="37.320696">
        <ele>0</ele>
      </trkpt>
      <trkpt lat="55.813729" lon="37.320697">
        <ele>0</ele>
      </trkpt>
      <trkpt lat="55.81369" lon="37.320697">
        <ele>0</ele>
      </trkpt>
      <trkpt lat="55.81367" lon="37.320689">
        <ele>0</ele>
      </trkpt>
      <trkpt lat="55.813636" lon="37.32066">
        <ele>0</ele>
      </trkpt>
      <trkpt lat="55.813595" lon="37.320619">
        <ele>0</ele>
      </trkpt>
      <trkpt lat="55.813548" lon="37.320545">
        <ele>0</ele>
      </trkpt>
      <trkpt lat="55.813396" lon="37.320364">
        <ele>0</ele>
      </trkpt>
      <trkpt lat="55.813351" lon="37.320423">
        <ele>0</ele>
      </trkpt>
      <trkpt lat="55.8132" lon="37.320232">
        <ele>0</ele>
      </trkpt>
      <trkpt lat="55.813235" lon="37.3202">
        <ele>0</ele>
      </trkpt>
      <trkpt lat="55.813212" lon="37.320149">
        <ele>0</ele>
      </trkpt>
      <trkpt lat="55.813156" lon="37.320069">
        <ele>0</ele>
      </trkpt>
      <trkpt lat="55.812736" lon="37.319551">
        <ele>0</ele>
      </trkpt>
      <trkpt lat="55.81248" lon="37.319231">
        <ele>0</ele>
      </trkpt>
      <trkpt lat="55.812471" lon="37.319189">
        <ele>0</ele>
      </trkpt>
      <trkpt lat="55.81248" lon="37.319231">
        <ele>0</ele>
      </trkpt>
      <trkpt lat="55.812321" lon="37.319035">
        <ele>0</ele>
      </trkpt>
      <trkpt lat="55.812296" lon="37.318993">
        <ele>0</ele>
      </trkpt>
      <trkpt lat="55.81227" lon="37.318939">
        <ele>0</ele>
      </trkpt>
      <trkpt lat="55.812248" lon="37.318879">
        <ele>0</ele>
      </trkpt>
      <trkpt lat="55.812228" lon="37.318818">
        <ele>0</ele>
      </trkpt>
      <trkpt lat="55.812205" lon="37.318717">
        <ele>0</ele>
      </trkpt>
      <trkpt lat="55.812178" lon="37.318543">
        <ele>0</ele>
      </trkpt>
      <trkpt lat="55.811991" lon="37.317178">
        <ele>0</ele>
      </trkpt>
      <trkpt lat="55.811951" lon="37.316924">
        <ele>0</ele>
      </trkpt>
      <trkpt lat="55.811917" lon="37.316787">
        <ele>0</ele>
      </trkpt>
      <trkpt lat="55.811896" lon="37.316632">
        <ele>0</ele>
      </trkpt>
      <trkpt lat="55.811893" lon="37.31653">
        <ele>0</ele>
      </trkpt>
      <trkpt lat="55.811733" lon="37.315318">
        <ele>0</ele>
      </trkpt>
      <trkpt lat="55.811726" lon="37.315241">
        <ele>0</ele>
      </trkpt>
      <trkpt lat="55.81172" lon="37.315107">
        <ele>0</ele>
      </trkpt>
      <trkpt lat="55.811725" lon="37.31492">
        <ele>0</ele>
      </trkpt>
      <trkpt lat="55.811738" lon="37.314724">
        <ele>0</ele>
      </trkpt>
      <trkpt lat="55.811771" lon="37.314333">
        <ele>0</ele>
      </trkpt>
      <trkpt lat="55.811797" lon="37.314035">
        <ele>0</ele>
      </trkpt>
      <trkpt lat="55.811824" lon="37.313741">
        <ele>0</ele>
      </trkpt>
      <trkpt lat="55.811848" lon="37.313484">
        <ele>0</ele>
      </trkpt>
      <trkpt lat="55.811853" lon="37.313415">
        <ele>0</ele>
      </trkpt>
      <trkpt lat="55.81191" lon="37.313431">
        <ele>0</ele>
      </trkpt>
      <trkpt lat="55.811959" lon="37.313442">
        <ele>0</ele>
      </trkpt>
      <trkpt lat="55.811965" lon="37.313343">
        <ele>0</ele>
      </trkpt>
      <trkpt lat="55.811993" lon="37.312461">
        <ele>0</ele>
      </trkpt>
      <trkpt lat="55.812013" lon="37.312025">
        <ele>0</ele>
      </trkpt>
      <trkpt lat="55.812021" lon="37.311998">
        <ele>0</ele>
      </trkpt>
      <trkpt lat="55.812038" lon="37.311969">
        <ele>0</ele>
      </trkpt>
      <trkpt lat="55.812048" lon="37.311871">
        <ele>0</ele>
      </trkpt>
      <trkpt lat="55.812101" lon="37.311195">
        <ele>0</ele>
      </trkpt>
      <trkpt lat="55.812113" lon="37.31108">
        <ele>0</ele>
      </trkpt>
      <trkpt lat="55.812141" lon="37.310864">
        <ele>0</ele>
      </trkpt>
      <trkpt lat="55.812166" lon="37.310652">
        <ele>0</ele>
      </trkpt>
      <trkpt lat="55.812199" lon="37.310402">
        <ele>0</ele>
      </trkpt>
      <trkpt lat="55.812205" lon="37.310361">
        <ele>0</ele>
      </trkpt>
      <trkpt lat="55.812212" lon="37.310326">
        <ele>0</ele>
      </trkpt>
      <trkpt lat="55.812366" lon="37.309697">
        <ele>0</ele>
      </trkpt>
      <trkpt lat="55.81241" lon="37.309516">
        <ele>0</ele>
      </trkpt>
      <trkpt lat="55.812768" lon="37.308484">
        <ele>0</ele>
      </trkpt>
      <trkpt lat="55.812867" lon="37.308255">
        <ele>0</ele>
      </trkpt>
      <trkpt lat="55.812921" lon="37.308145">
        <ele>0</ele>
      </trkpt>
      <trkpt lat="55.81294" lon="37.308106">
        <ele>0</ele>
      </trkpt>
      <trkpt lat="55.812958" lon="37.308105">
        <ele>0</ele>
      </trkpt>
      <trkpt lat="55.812966" lon="37.308001">
        <ele>0</ele>
      </trkpt>
      <trkpt lat="55.812988" lon="37.307952">
        <ele>0</ele>
      </trkpt>
      <trkpt lat="55.812999" lon="37.307929">
        <ele>0</ele>
      </trkpt>
      <trkpt lat="55.812971" lon="37.307888">
        <ele>0</ele>
      </trkpt>
      <trkpt lat="55.812931" lon="37.307825">
        <ele>0</ele>
      </trkpt>
      <trkpt lat="55.813285" lon="37.307103">
        <ele>0</ele>
      </trkpt>
      <trkpt lat="55.813383" lon="37.306905">
        <ele>0</ele>
      </trkpt>
      <trkpt lat="55.813435" lon="37.3068">
        <ele>0</ele>
      </trkpt>
      <trkpt lat="55.813472" lon="37.306726">
        <ele>0</ele>
      </trkpt>
      <trkpt lat="55.813544" lon="37.306583">
        <ele>0</ele>
      </trkpt>
      <trkpt lat="55.813562" lon="37.306548">
        <ele>0</ele>
      </trkpt>
      <trkpt lat="55.813709" lon="37.30625">
        <ele>0</ele>
      </trkpt>
      <trkpt lat="55.813917" lon="37.305824">
        <ele>0</ele>
      </trkpt>
      <trkpt lat="55.814006" lon="37.305642">
        <ele>0</ele>
      </trkpt>
      <trkpt lat="55.814045" lon="37.305562">
        <ele>0</ele>
      </trkpt>
      <trkpt lat="55.8141" lon="37.30545">
        <ele>0</ele>
      </trkpt>
      <trkpt lat="55.814222" lon="37.305199">
        <ele>0</ele>
      </trkpt>
      <trkpt lat="55.814228" lon="37.305183">
        <ele>0</ele>
      </trkpt>
      <trkpt lat="55.814228" lon="37.305175">
        <ele>0</ele>
      </trkpt>
      <trkpt lat="55.814228" lon="37.305167">
        <ele>0</ele>
      </trkpt>
      <trkpt lat="55.814221" lon="37.305154">
        <ele>0</ele>
      </trkpt>
      <trkpt lat="55.814015" lon="37.304826">
        <ele>0</ele>
      </trkpt>
      <trkpt lat="55.81405" lon="37.304758">
        <ele>0</ele>
      </trkpt>
      <trkpt lat="55.814043" lon="37.304748">
        <ele>0</ele>
      </trkpt>
      <trkpt lat="55.814029" lon="37.304725">
        <ele>0</ele>
      </trkpt>
      <trkpt lat="55.813984" lon="37.304812">
        <ele>0</ele>
      </trkpt>
      <trkpt lat="55.813908" lon="37.304677">
        <ele>0</ele>
      </trkpt>
      <trkpt lat="55.813895" lon="37.304655">
        <ele>0</ele>
      </trkpt>
      <trkpt lat="55.813841" lon="37.304758">
        <ele>0</ele>
      </trkpt>
      <trkpt lat="55.813827" lon="37.304735">
        <ele>0</ele>
      </trkpt>
      <trkpt lat="55.8139" lon="37.304594">
        <ele>0</ele>
      </trkpt>
      <trkpt lat="55.813914" lon="37.304527">
        <ele>0</ele>
      </trkpt>
      <trkpt lat="55.813934" lon="37.304486">
        <ele>0</ele>
      </trkpt>
      <trkpt lat="55.813964" lon="37.304429">
        <ele>0</ele>
      </trkpt>
      <trkpt lat="55.814" lon="37.304362">
        <ele>0</ele>
      </trkpt>
      <trkpt lat="55.814005" lon="37.304355">
        <ele>0</ele>
      </trkpt>
      <trkpt lat="55.814012" lon="37.304351">
        <ele>0</ele>
      </trkpt>
      <trkpt lat="55.81402" lon="37.304353">
        <ele>0</ele>
      </trkpt>
      <trkpt lat="55.814024" lon="37.304359">
        <ele>0</ele>
      </trkpt>
      <trkpt lat="55.81404" lon="37.304384">
        <ele>0</ele>
      </trkpt>
      <trkpt lat="55.814147" lon="37.304175">
        <ele>0</ele>
      </trkpt>
      <trkpt lat="55.814144" lon="37.30417">
        <ele>0</ele>
      </trkpt>
    </trkseg>
    <trkseg>
      <trkpt lat="55.81443" lon="37.30418">
        <ele>0</ele>
      </trkpt>
      <trkpt lat="55.814442" lon="37.304198">
        <ele>0</ele>
      </trkpt>
      <trkpt lat="55.814347" lon="37.304391">
        <ele>0</ele>
      </trkpt>
      <trkpt lat="55.814207" lon="37.304675">
        <ele>0</ele>
      </trkpt>
      <trkpt lat="55.814136" lon="37.304816">
        <ele>0</ele>
      </trkpt>
      <trkpt lat="55.814126" lon="37.304855">
        <ele>0</ele>
      </trkpt>
      <trkpt lat="55.814128" lon="37.304896">
        <ele>0</ele>
      </trkpt>
      <trkpt lat="55.814142" lon="37.304931">
        <ele>0</ele>
      </trkpt>
      <trkpt lat="55.814313" lon="37.305177">
        <ele>0</ele>
      </trkpt>
      <trkpt lat="55.814266" lon="37.305273">
        <ele>0</ele>
      </trkpt>
      <trkpt lat="55.814197" lon="37.305415">
        <ele>0</ele>
      </trkpt>
      <trkpt lat="55.814143" lon="37.305521">
        <ele>0</ele>
      </trkpt>
      <trkpt lat="55.814087" lon="37.305632">
        <ele>0</ele>
      </trkpt>
      <trkpt lat="55.813823" lon="37.306149">
        <ele>0</ele>
      </trkpt>
      <trkpt lat="55.813746" lon="37.306307">
        <ele>0</ele>
      </trkpt>
      <trkpt lat="55.813597" lon="37.306603">
        <ele>0</ele>
      </trkpt>
      <trkpt lat="55.81357" lon="37.306657">
        <ele>0</ele>
      </trkpt>
      <trkpt lat="55.813566" lon="37.306651">
        <ele>0</ele>
      </trkpt>
      <trkpt lat="55.81357" lon="37.306657">
        <ele>0</ele>
      </trkpt>
      <trkpt lat="55.813545" lon="37.306705">
        <ele>0</ele>
      </trkpt>
      <trkpt lat="55.813491" lon="37.306817">
        <ele>0</ele>
      </trkpt>
      <trkpt lat="55.813418" lon="37.306967">
        <ele>0</ele>
      </trkpt>
      <trkpt lat="55.813448" lon="37.307015">
        <ele>0</ele>
      </trkpt>
      <trkpt lat="55.813478" lon="37.307062">
        <ele>0</ele>
      </trkpt>
      <trkpt lat="55.813314" lon="37.307411">
        <ele>0</ele>
      </trkpt>
      <trkpt lat="55.81327" lon="37.307457">
        <ele>0</ele>
      </trkpt>
      <trkpt lat="55.813205" lon="37.307523">
        <ele>0</ele>
      </trkpt>
      <trkpt lat="55.812999" lon="37.307929">
        <ele>0</ele>
      </trkpt>
      <trkpt lat="55.812988" lon="37.307952">
        <ele>0</ele>
      </trkpt>
      <trkpt lat="55.812966" lon="37.308001">
        <ele>0</ele>
      </trkpt>
      <trkpt lat="55.812958" lon="37.308105">
        <ele>0</ele>
      </trkpt>
      <trkpt lat="55.81294" lon="37.308106">
        <ele>0</ele>
      </trkpt>
      <trkpt lat="55.812921" lon="37.308145">
        <ele>0</ele>
      </trkpt>
      <trkpt lat="55.812867" lon="37.308255">
        <ele>0</ele>
      </trkpt>
      <trkpt lat="55.812768" lon="37.308484">
        <ele>0</ele>
      </trkpt>
      <trkpt lat="55.81241" lon="37.309516">
        <ele>0</ele>
      </trkpt>
      <trkpt lat="55.812366" lon="37.309697">
        <ele>0</ele>
      </trkpt>
      <trkpt lat="55.812212" lon="37.310326">
        <ele>0</ele>
      </trkpt>
      <trkpt lat="55.812205" lon="37.310361">
        <ele>0</ele>
      </trkpt>
      <trkpt lat="55.812199" lon="37.310402">
        <ele>0</ele>
      </trkpt>
      <trkpt lat="55.812166" lon="37.310652">
        <ele>0</ele>
      </trkpt>
      <trkpt lat="55.812141" lon="37.310864">
        <ele>0</ele>
      </trkpt>
      <trkpt lat="55.812113" lon="37.31108">
        <ele>0</ele>
      </trkpt>
      <trkpt lat="55.812101" lon="37.311195">
        <ele>0</ele>
      </trkpt>
      <trkpt lat="55.812048" lon="37.311871">
        <ele>0</ele>
      </trkpt>
      <trkpt lat="55.812038" lon="37.311969">
        <ele>0</ele>
      </trkpt>
      <trkpt lat="55.812021" lon="37.311998">
        <ele>0</ele>
      </trkpt>
      <trkpt lat="55.812013" lon="37.312025">
        <ele>0</ele>
      </trkpt>
      <trkpt lat="55.811993" lon="37.312461">
        <ele>0</ele>
      </trkpt>
      <trkpt lat="55.811965" lon="37.313343">
        <ele>0</ele>
      </trkpt>
      <trkpt lat="55.811959" lon="37.313442">
        <ele>0</ele>
      </trkpt>
      <trkpt lat="55.81191" lon="37.313431">
        <ele>0</ele>
      </trkpt>
      <trkpt lat="55.811853" lon="37.313415">
        <ele>0</ele>
      </trkpt>
      <trkpt lat="55.811848" lon="37.313484">
        <ele>0</ele>
      </trkpt>
      <trkpt lat="55.811824" lon="37.313741">
        <ele>0</ele>
      </trkpt>
      <trkpt lat="55.811797" lon="37.314035">
        <ele>0</ele>
      </trkpt>
      <trkpt lat="55.811771" lon="37.314333">
        <ele>0</ele>
      </trkpt>
      <trkpt lat="55.811738" lon="37.314724">
        <ele>0</ele>
      </trkpt>
      <trkpt lat="55.811725" lon="37.31492">
        <ele>0</ele>
      </trkpt>
      <trkpt lat="55.81172" lon="37.315107">
        <ele>0</ele>
      </trkpt>
      <trkpt lat="55.811726" lon="37.315241">
        <ele>0</ele>
      </trkpt>
      <trkpt lat="55.811733" lon="37.315318">
        <ele>0</ele>
      </trkpt>
      <trkpt lat="55.811893" lon="37.31653">
        <ele>0</ele>
      </trkpt>
      <trkpt lat="55.811896" lon="37.316632">
        <ele>0</ele>
      </trkpt>
      <trkpt lat="55.811917" lon="37.316787">
        <ele>0</ele>
      </trkpt>
      <trkpt lat="55.811951" lon="37.316924">
        <ele>0</ele>
      </trkpt>
      <trkpt lat="55.811991" lon="37.317178">
        <ele>0</ele>
      </trkpt>
      <trkpt lat="55.812178" lon="37.318543">
        <ele>0</ele>
      </trkpt>
      <trkpt lat="55.812205" lon="37.318717">
        <ele>0</ele>
      </trkpt>
      <trkpt lat="55.812228" lon="37.318818">
        <ele>0</ele>
      </trkpt>
      <trkpt lat="55.812248" lon="37.318879">
        <ele>0</ele>
      </trkpt>
      <trkpt lat="55.81227" lon="37.318939">
        <ele>0</ele>
      </trkpt>
      <trkpt lat="55.812296" lon="37.318993">
        <ele>0</ele>
      </trkpt>
      <trkpt lat="55.812321" lon="37.319035">
        <ele>0</ele>
      </trkpt>
      <trkpt lat="55.812463" lon="37.31921">
        <ele>0</ele>
      </trkpt>
      <trkpt lat="55.812471" lon="37.319189">
        <ele>0</ele>
      </trkpt>
      <trkpt lat="55.812463" lon="37.31921">
        <ele>0</ele>
      </trkpt>
      <trkpt lat="55.81248" lon="37.319231">
        <ele>0</ele>
      </trkpt>
      <trkpt lat="55.812736" lon="37.319551">
        <ele>0</ele>
      </trkpt>
      <trkpt lat="55.813156" lon="37.320069">
        <ele>0</ele>
      </trkpt>
      <trkpt lat="55.813212" lon="37.320149">
        <ele>0</ele>
      </trkpt>
      <trkpt lat="55.813235" lon="37.3202">
        <ele>0</ele>
      </trkpt>
      <trkpt lat="55.8132" lon="37.320232">
        <ele>0</ele>
      </trkpt>
      <trkpt lat="55.813351" lon="37.320423">
        <ele>0</ele>
      </trkpt>
      <trkpt lat="55.813396" lon="37.320364">
        <ele>0</ele>
      </trkpt>
      <trkpt lat="55.813548" lon="37.320545">
        <ele>0</ele>
      </trkpt>
      <trkpt lat="55.813595" lon="37.320619">
        <ele>0</ele>
      </trkpt>
      <trkpt lat="55.813636" lon="37.32066">
        <ele>0</ele>
      </trkpt>
      <trkpt lat="55.81367" lon="37.320689">
        <ele>0</ele>
      </trkpt>
      <trkpt lat="55.81369" lon="37.320697">
        <ele>0</ele>
      </trkpt>
      <trkpt lat="55.813729" lon="37.320697">
        <ele>0</ele>
      </trkpt>
      <trkpt lat="55.813816" lon="37.320696">
        <ele>0</ele>
      </trkpt>
      <trkpt lat="55.813849" lon="37.320706">
        <ele>0</ele>
      </trkpt>
      <trkpt lat="55.813876" lon="37.320736">
        <ele>0</ele>
      </trkpt>
      <trkpt lat="55.813892" lon="37.320797">
        <ele>0</ele>
      </trkpt>
      <trkpt lat="55.813909" lon="37.321012">
        <ele>0</ele>
      </trkpt>
      <trkpt lat="55.813931" lon="37.321067">
        <ele>0</ele>
      </trkpt>
      <trkpt lat="55.814015" lon="37.321188">
        <ele>0</ele>
      </trkpt>
      <trkpt lat="55.814062" lon="37.321256">
        <ele>0</ele>
      </trkpt>
      <trkpt lat="55.814162" lon="37.321374">
        <ele>0</ele>
      </trkpt>
      <trkpt lat="55.814423" lon="37.321683">
        <ele>0</ele>
      </trkpt>
      <trkpt lat="55.814573" lon="37.321847">
        <ele>0</ele>
      </trkpt>
      <trkpt lat="55.814749" lon="37.322038">
        <ele>0</ele>
      </trkpt>
      <trkpt lat="55.814846" lon="37.322172">
        <ele>0</ele>
      </trkpt>
      <trkpt lat="55.814884" lon="37.322239">
        <ele>0</ele>
      </trkpt>
      <trkpt lat="55.815187" lon="37.322632">
        <ele>0</ele>
      </trkpt>
      <trkpt lat="55.815512" lon="37.323041">
        <ele>0</ele>
      </trkpt>
      <trkpt lat="55.815616" lon="37.323166">
        <ele>0</ele>
      </trkpt>
      <trkpt lat="55.815612" lon="37.323175">
        <ele>0</ele>
      </trkpt>
    </trkseg>
  </trk>
</gpx>
